# DepthWizard 3D Terrain Model
# Quality: low (64 x 64)
v -50.0000 7.5117 -50.0000
v -48.4127 7.6147 -50.0000
v -46.8254 7.6931 -50.0000
v -45.2381 7.7378 -50.0000
v -43.6508 7.6556 -50.0000
v -42.0635 7.5901 -50.0000
v -40.4762 7.4913 -50.0000
v -38.8889 7.4148 -50.0000
v -37.3016 7.3353 -50.0000
v -35.7143 7.2472 -50.0000
v -34.1270 7.1961 -50.0000
v -32.5397 7.1395 -50.0000
v -30.9524 7.0275 -50.0000
v -29.3651 6.8939 -50.0000
v -27.7778 6.7831 -50.0000
v -26.1905 6.6426 -50.0000
v -24.6032 6.5357 -50.0000
v -23.0159 6.4468 -50.0000
v -21.4286 6.3514 -50.0000
v -19.8413 6.2242 -50.0000
v -18.2540 6.1253 -50.0000
v -16.6667 6.0384 -50.0000
v -15.0794 5.9817 -50.0000
v -13.4921 5.9324 -50.0000
v -11.9048 5.8919 -50.0000
v -10.3175 5.8606 -50.0000
v -8.7302 5.8100 -50.0000
v -7.1429 5.7802 -50.0000
v -5.5556 5.7809 -50.0000
v -3.9683 5.7929 -50.0000
v -2.3810 5.7990 -50.0000
v -0.7937 5.7967 -50.0000
v 0.7937 5.8221 -50.0000
v 2.3810 5.8568 -50.0000
v 3.9683 5.9320 -50.0000
v 5.5556 5.9840 -50.0000
v 7.1429 6.0114 -50.0000
v 8.7302 6.0227 -50.0000
v 10.3175 6.0638 -50.0000
v 11.9048 6.1322 -50.0000
v 13.4921 6.2764 -50.0000
v 15.0794 6.4247 -50.0000
v 16.6667 6.5652 -50.0000
v 18.2540 6.7153 -50.0000
v 19.8413 6.8557 -50.0000
v 21.4286 7.0181 -50.0000
v 23.0159 7.2613 -50.0000
v 24.6032 7.5409 -50.0000
v 26.1905 7.7988 -50.0000
v 27.7778 8.0464 -50.0000
v 29.3651 8.2820 -50.0000
v 30.9524 8.5342 -50.0000
v 32.5397 8.8226 -50.0000
v 34.1270 9.1088 -50.0000
v 35.7143 9.3838 -50.0000
v 37.3016 9.6726 -50.0000
v 38.8889 9.9503 -50.0000
v 40.4762 10.2546 -50.0000
v 42.0635 10.4929 -50.0000
v 43.6508 10.7309 -50.0000
v 45.2381 10.9736 -50.0000
v 46.8254 11.1961 -50.0000
v 48.4127 11.4776 -50.0000
v 50.0000 11.8298 -50.0000
v -50.0000 7.3834 -48.4127
v -48.4127 7.5516 -48.4127
v -46.8254 7.5768 -48.4127
v -45.2381 7.5670 -48.4127
v -43.6508 7.4936 -48.4127
v -42.0635 7.4100 -48.4127
v -40.4762 7.3262 -48.4127
v -38.8889 7.2614 -48.4127
v -37.3016 7.1616 -48.4127
v -35.7143 7.0524 -48.4127
v -34.1270 6.9757 -48.4127
v -32.5397 6.8873 -48.4127
v -30.9524 6.7734 -48.4127
v -29.3651 6.6885 -48.4127
v -27.7778 6.5664 -48.4127
v -26.1905 6.4478 -48.4127
v -24.6032 6.3521 -48.4127
v -23.0159 6.2738 -48.4127
v -21.4286 6.1901 -48.4127
v -19.8413 6.0782 -48.4127
v -18.2540 5.9702 -48.4127
v -16.6667 5.8859 -48.4127
v -15.0794 5.8251 -48.4127
v -13.4921 5.7750 -48.4127
v -11.9048 5.7105 -48.4127
v -10.3175 5.6574 -48.4127
v -8.7302 5.6370 -48.4127
v -7.1429 5.6441 -48.4127
v -5.5556 5.6351 -48.4127
v -3.9683 5.6409 -48.4127
v -2.3810 5.6382 -48.4127
v -0.7937 5.6486 -48.4127
v 0.7937 5.6766 -48.4127
v 2.3810 5.6993 -48.4127
v 3.9683 5.7551 -48.4127
v 5.5556 5.8017 -48.4127
v 7.1429 5.8354 -48.4127
v 8.7302 5.8634 -48.4127
v 10.3175 5.9455 -48.4127
v 11.9048 6.0294 -48.4127
v 13.4921 6.1455 -48.4127
v 15.0794 6.2880 -48.4127
v 16.6667 6.4394 -48.4127
v 18.2540 6.5752 -48.4127
v 19.8413 6.7482 -48.4127
v 21.4286 6.9461 -48.4127
v 23.0159 7.1773 -48.4127
v 24.6032 7.4289 -48.4127
v 26.1905 7.6880 -48.4127
v 27.7778 7.9183 -48.4127
v 29.3651 8.1551 -48.4127
v 30.9524 8.4134 -48.4127
v 32.5397 8.6882 -48.4127
v 34.1270 8.9829 -48.4127
v 35.7143 9.2815 -48.4127
v 37.3016 9.5804 -48.4127
v 38.8889 9.8819 -48.4127
v 40.4762 10.1758 -48.4127
v 42.0635 10.4456 -48.4127
v 43.6508 10.7059 -48.4127
v 45.2381 10.9610 -48.4127
v 46.8254 11.2200 -48.4127
v 48.4127 11.4994 -48.4127
v 50.0000 11.7952 -48.4127
v -50.0000 7.3277 -46.8254
v -48.4127 7.4456 -46.8254
v -46.8254 7.4326 -46.8254
v -45.2381 7.4040 -46.8254
v -43.6508 7.3357 -46.8254
v -42.0635 7.2431 -46.8254
v -40.4762 7.1637 -46.8254
v -38.8889 7.0820 -46.8254
v -37.3016 6.9673 -46.8254
v -35.7143 6.8283 -46.8254
v -34.1270 6.7245 -46.8254
v -32.5397 6.6177 -46.8254
v -30.9524 6.5227 -46.8254
v -29.3651 6.4321 -46.8254
v -27.7778 6.3239 -46.8254
v -26.1905 6.2417 -46.8254
v -24.6032 6.1546 -46.8254
v -23.0159 6.0597 -46.8254
v -21.4286 5.9579 -46.8254
v -19.8413 5.8509 -46.8254
v -18.2540 5.7440 -46.8254
v -16.6667 5.6728 -46.8254
v -15.0794 5.6217 -46.8254
v -13.4921 5.5614 -46.8254
v -11.9048 5.4908 -46.8254
v -10.3175 5.4515 -46.8254
v -8.7302 5.4451 -46.8254
v -7.1429 5.4578 -46.8254
v -5.5556 5.4596 -46.8254
v -3.9683 5.4529 -46.8254
v -2.3810 5.4487 -46.8254
v -0.7937 5.4508 -46.8254
v 0.7937 5.4758 -46.8254
v 2.3810 5.5125 -46.8254
v 3.9683 5.5497 -46.8254
v 5.5556 5.5848 -46.8254
v 7.1429 5.6304 -46.8254
v 8.7302 5.6705 -46.8254
v 10.3175 5.7479 -46.8254
v 11.9048 5.8479 -46.8254
v 13.4921 5.9778 -46.8254
v 15.0794 6.1180 -46.8254
v 16.6667 6.2557 -46.8254
v 18.2540 6.4070 -46.8254
v 19.8413 6.5947 -46.8254
v 21.4286 6.8190 -46.8254
v 23.0159 7.0554 -46.8254
v 24.6032 7.2934 -46.8254
v 26.1905 7.5506 -46.8254
v 27.7778 7.7850 -46.8254
v 29.3651 8.0294 -46.8254
v 30.9524 8.2863 -46.8254
v 32.5397 8.5572 -46.8254
v 34.1270 8.8410 -46.8254
v 35.7143 9.1653 -46.8254
v 37.3016 9.4695 -46.8254
v 38.8889 9.7843 -46.8254
v 40.4762 10.0904 -46.8254
v 42.0635 10.3853 -46.8254
v 43.6508 10.6522 -46.8254
v 45.2381 10.9229 -46.8254
v 46.8254 11.2056 -46.8254
v 48.4127 11.4584 -46.8254
v 50.0000 11.7099 -46.8254
v -50.0000 7.2320 -45.2381
v -48.4127 7.2892 -45.2381
v -46.8254 7.2512 -45.2381
v -45.2381 7.1934 -45.2381
v -43.6508 7.1009 -45.2381
v -42.0635 7.0093 -45.2381
v -40.4762 6.9169 -45.2381
v -38.8889 6.8143 -45.2381
v -37.3016 6.6882 -45.2381
v -35.7143 6.5545 -45.2381
v -34.1270 6.4390 -45.2381
v -32.5397 6.3306 -45.2381
v -30.9524 6.2458 -45.2381
v -29.3651 6.1560 -45.2381
v -27.7778 6.0467 -45.2381
v -26.1905 5.9764 -45.2381
v -24.6032 5.8795 -45.2381
v -23.0159 5.7934 -45.2381
v -21.4286 5.6989 -45.2381
v -19.8413 5.5936 -45.2381
v -18.2540 5.4948 -45.2381
v -16.6667 5.4243 -45.2381
v -15.0794 5.3661 -45.2381
v -13.4921 5.3039 -45.2381
v -11.9048 5.2501 -45.2381
v -10.3175 5.2116 -45.2381
v -8.7302 5.1934 -45.2381
v -7.1429 5.2073 -45.2381
v -5.5556 5.2073 -45.2381
v -3.9683 5.1986 -45.2381
v -2.3810 5.1904 -45.2381
v -0.7937 5.2020 -45.2381
v 0.7937 5.2211 -45.2381
v 2.3810 5.2421 -45.2381
v 3.9683 5.2812 -45.2381
v 5.5556 5.3097 -45.2381
v 7.1429 5.3747 -45.2381
v 8.7302 5.4227 -45.2381
v 10.3175 5.5173 -45.2381
v 11.9048 5.6255 -45.2381
v 13.4921 5.7517 -45.2381
v 15.0794 5.9019 -45.2381
v 16.6667 6.0526 -45.2381
v 18.2540 6.2150 -45.2381
v 19.8413 6.3995 -45.2381
v 21.4286 6.6127 -45.2381
v 23.0159 6.8625 -45.2381
v 24.6032 7.1216 -45.2381
v 26.1905 7.3872 -45.2381
v 27.7778 7.6440 -45.2381
v 29.3651 7.8991 -45.2381
v 30.9524 8.1696 -45.2381
v 32.5397 8.4318 -45.2381
v 34.1270 8.7016 -45.2381
v 35.7143 9.0179 -45.2381
v 37.3016 9.3533 -45.2381
v 38.8889 9.6788 -45.2381
v 40.4762 9.9926 -45.2381
v 42.0635 10.3066 -45.2381
v 43.6508 10.6085 -45.2381
v 45.2381 10.9030 -45.2381
v 46.8254 11.1687 -45.2381
v 48.4127 11.4403 -45.2381
v 50.0000 11.7506 -45.2381
v -50.0000 7.0555 -43.6508
v -48.4127 7.0708 -43.6508
v -46.8254 7.0148 -43.6508
v -45.2381 6.9495 -43.6508
v -43.6508 6.8463 -43.6508
v -42.0635 6.7444 -43.6508
v -40.4762 6.6297 -43.6508
v -38.8889 6.5061 -43.6508
v -37.3016 6.3652 -43.6508
v -35.7143 6.2199 -43.6508
v -34.1270 6.1054 -43.6508
v -32.5397 6.0014 -43.6508
v -30.9524 5.9145 -43.6508
v -29.3651 5.8355 -43.6508
v -27.7778 5.7413 -43.6508
v -26.1905 5.6374 -43.6508
v -24.6032 5.5425 -43.6508
v -23.0159 5.4556 -43.6508
v -21.4286 5.3677 -43.6508
v -19.8413 5.2603 -43.6508
v -18.2540 5.1749 -43.6508
v -16.6667 5.1170 -43.6508
v -15.0794 5.0610 -43.6508
v -13.4921 5.0099 -43.6508
v -11.9048 4.9674 -43.6508
v -10.3175 4.9275 -43.6508
v -8.7302 4.9052 -43.6508
v -7.1429 4.8979 -43.6508
v -5.5556 4.9057 -43.6508
v -3.9683 4.9001 -43.6508
v -2.3810 4.8926 -43.6508
v -0.7937 4.9071 -43.6508
v 0.7937 4.9169 -43.6508
v 2.3810 4.9539 -43.6508
v 3.9683 4.9777 -43.6508
v 5.5556 5.0133 -43.6508
v 7.1429 5.0741 -43.6508
v 8.7302 5.1376 -43.6508
v 10.3175 5.2465 -43.6508
v 11.9048 5.3572 -43.6508
v 13.4921 5.4969 -43.6508
v 15.0794 5.6490 -43.6508
v 16.6667 5.8022 -43.6508
v 18.2540 5.9618 -43.6508
v 19.8413 6.1521 -43.6508
v 21.4286 6.3694 -43.6508
v 23.0159 6.6201 -43.6508
v 24.6032 6.8888 -43.6508
v 26.1905 7.1650 -43.6508
v 27.7778 7.4377 -43.6508
v 29.3651 7.7091 -43.6508
v 30.9524 7.9736 -43.6508
v 32.5397 8.2423 -43.6508
v 34.1270 8.5170 -43.6508
v 35.7143 8.8426 -43.6508
v 37.3016 9.1804 -43.6508
v 38.8889 9.5020 -43.6508
v 40.4762 9.8299 -43.6508
v 42.0635 10.1710 -43.6508
v 43.6508 10.4792 -43.6508
v 45.2381 10.7783 -43.6508
v 46.8254 11.0267 -43.6508
v 48.4127 11.2944 -43.6508
v 50.0000 11.5812 -43.6508
v -50.0000 6.8619 -42.0635
v -48.4127 6.8594 -42.0635
v -46.8254 6.7831 -42.0635
v -45.2381 6.6926 -42.0635
v -43.6508 6.5776 -42.0635
v -42.0635 6.4691 -42.0635
v -40.4762 6.3341 -42.0635
v -38.8889 6.1828 -42.0635
v -37.3016 6.0282 -42.0635
v -35.7143 5.8697 -42.0635
v -34.1270 5.7482 -42.0635
v -32.5397 5.6464 -42.0635
v -30.9524 5.5485 -42.0635
v -29.3651 5.4687 -42.0635
v -27.7778 5.3704 -42.0635
v -26.1905 5.2744 -42.0635
v -24.6032 5.1608 -42.0635
v -23.0159 5.0624 -42.0635
v -21.4286 4.9605 -42.0635
v -19.8413 4.8627 -42.0635
v -18.2540 4.7950 -42.0635
v -16.6667 4.7348 -42.0635
v -15.0794 4.6999 -42.0635
v -13.4921 4.6574 -42.0635
v -11.9048 4.6262 -42.0635
v -10.3175 4.5950 -42.0635
v -8.7302 4.5744 -42.0635
v -7.1429 4.5763 -42.0635
v -5.5556 4.5931 -42.0635
v -3.9683 4.5755 -42.0635
v -2.3810 4.5556 -42.0635
v -0.7937 4.5533 -42.0635
v 0.7937 4.5693 -42.0635
v 2.3810 4.5926 -42.0635
v 3.9683 4.6371 -42.0635
v 5.5556 4.6857 -42.0635
v 7.1429 4.7471 -42.0635
v 8.7302 4.8153 -42.0635
v 10.3175 4.9205 -42.0635
v 11.9048 5.0501 -42.0635
v 13.4921 5.2062 -42.0635
v 15.0794 5.3636 -42.0635
v 16.6667 5.4939 -42.0635
v 18.2540 5.6493 -42.0635
v 19.8413 5.8514 -42.0635
v 21.4286 6.0857 -42.0635
v 23.0159 6.3439 -42.0635
v 24.6032 6.6172 -42.0635
v 26.1905 6.9022 -42.0635
v 27.7778 7.1800 -42.0635
v 29.3651 7.4692 -42.0635
v 30.9524 7.7535 -42.0635
v 32.5397 8.0184 -42.0635
v 34.1270 8.2918 -42.0635
v 35.7143 8.6248 -42.0635
v 37.3016 8.9619 -42.0635
v 38.8889 9.2971 -42.0635
v 40.4762 9.6510 -42.0635
v 42.0635 10.0117 -42.0635
v 43.6508 10.3451 -42.0635
v 45.2381 10.6408 -42.0635
v 46.8254 10.9052 -42.0635
v 48.4127 11.1841 -42.0635
v 50.0000 11.4174 -42.0635
v -50.0000 6.7198 -40.4762
v -48.4127 6.6622 -40.4762
v -46.8254 6.5464 -40.4762
v -45.2381 6.4553 -40.4762
v -43.6508 6.3286 -40.4762
v -42.0635 6.2002 -40.4762
v -40.4762 6.0703 -40.4762
v -38.8889 5.9145 -40.4762
v -37.3016 5.7397 -40.4762
v -35.7143 5.5571 -40.4762
v -34.1270 5.4176 -40.4762
v -32.5397 5.3165 -40.4762
v -30.9524 5.2289 -40.4762
v -29.3651 5.1449 -40.4762
v -27.7778 5.0352 -40.4762
v -26.1905 4.9107 -40.4762
v -24.6032 4.7777 -40.4762
v -23.0159 4.6587 -40.4762
v -21.4286 4.5685 -40.4762
v -19.8413 4.5038 -40.4762
v -18.2540 4.4526 -40.4762
v -16.6667 4.3876 -40.4762
v -15.0794 4.3614 -40.4762
v -13.4921 4.3320 -40.4762
v -11.9048 4.3180 -40.4762
v -10.3175 4.2847 -40.4762
v -8.7302 4.2612 -40.4762
v -7.1429 4.2592 -40.4762
v -5.5556 4.2595 -40.4762
v -3.9683 4.2369 -40.4762
v -2.3810 4.2065 -40.4762
v -0.7937 4.2006 -40.4762
v 0.7937 4.2117 -40.4762
v 2.3810 4.2412 -40.4762
v 3.9683 4.2926 -40.4762
v 5.5556 4.3539 -40.4762
v 7.1429 4.4146 -40.4762
v 8.7302 4.4813 -40.4762
v 10.3175 4.5986 -40.4762
v 11.9048 4.7436 -40.4762
v 13.4921 4.9037 -40.4762
v 15.0794 5.0623 -40.4762
v 16.6667 5.1817 -40.4762
v 18.2540 5.3534 -40.4762
v 19.8413 5.5809 -40.4762
v 21.4286 5.8184 -40.4762
v 23.0159 6.0856 -40.4762
v 24.6032 6.3401 -40.4762
v 26.1905 6.6288 -40.4762
v 27.7778 6.9184 -40.4762
v 29.3651 7.2047 -40.4762
v 30.9524 7.4994 -40.4762
v 32.5397 7.7639 -40.4762
v 34.1270 8.0564 -40.4762
v 35.7143 8.3664 -40.4762
v 37.3016 8.7230 -40.4762
v 38.8889 9.0679 -40.4762
v 40.4762 9.4393 -40.4762
v 42.0635 9.8051 -40.4762
v 43.6508 10.1489 -40.4762
v 45.2381 10.4627 -40.4762
v 46.8254 10.7576 -40.4762
v 48.4127 11.0404 -40.4762
v 50.0000 11.3318 -40.4762
v -50.0000 6.5045 -38.8889
v -48.4127 6.4380 -38.8889
v -46.8254 6.3160 -38.8889
v -45.2381 6.2105 -38.8889
v -43.6508 6.0782 -38.8889
v -42.0635 5.9320 -38.8889
v -40.4762 5.7893 -38.8889
v -38.8889 5.6468 -38.8889
v -37.3016 5.4547 -38.8889
v -35.7143 5.2484 -38.8889
v -34.1270 5.0838 -38.8889
v -32.5397 4.9780 -38.8889
v -30.9524 4.8985 -38.8889
v -29.3651 4.8128 -38.8889
v -27.7778 4.6876 -38.8889
v -26.1905 4.5467 -38.8889
v -24.6032 4.3878 -38.8889
v -23.0159 4.2651 -38.8889
v -21.4286 4.2003 -38.8889
v -19.8413 4.1457 -38.8889
v -18.2540 4.1008 -38.8889
v -16.6667 4.0594 -38.8889
v -15.0794 4.0269 -38.8889
v -13.4921 4.0057 -38.8889
v -11.9048 3.9889 -38.8889
v -10.3175 3.9626 -38.8889
v -8.7302 3.9375 -38.8889
v -7.1429 3.9147 -38.8889
v -5.5556 3.9069 -38.8889
v -3.9683 3.8833 -38.8889
v -2.3810 3.8507 -38.8889
v -0.7937 3.8453 -38.8889
v 0.7937 3.8739 -38.8889
v 2.3810 3.8906 -38.8889
v 3.9683 3.9216 -38.8889
v 5.5556 3.9779 -38.8889
v 7.1429 4.0532 -38.8889
v 8.7302 4.1249 -38.8889
v 10.3175 4.2415 -38.8889
v 11.9048 4.3771 -38.8889
v 13.4921 4.5441 -38.8889
v 15.0794 4.7077 -38.8889
v 16.6667 4.8633 -38.8889
v 18.2540 5.0513 -38.8889
v 19.8413 5.2806 -38.8889
v 21.4286 5.5217 -38.8889
v 23.0159 5.7795 -38.8889
v 24.6032 6.0549 -38.8889
v 26.1905 6.3346 -38.8889
v 27.7778 6.6340 -38.8889
v 29.3651 6.9171 -38.8889
v 30.9524 7.1836 -38.8889
v 32.5397 7.4647 -38.8889
v 34.1270 7.7656 -38.8889
v 35.7143 8.0961 -38.8889
v 37.3016 8.4528 -38.8889
v 38.8889 8.8163 -38.8889
v 40.4762 9.1910 -38.8889
v 42.0635 9.5608 -38.8889
v 43.6508 9.9122 -38.8889
v 45.2381 10.2608 -38.8889
v 46.8254 10.5682 -38.8889
v 48.4127 10.8452 -38.8889
v 50.0000 11.1577 -38.8889
v -50.0000 6.2518 -37.3016
v -48.4127 6.1870 -37.3016
v -46.8254 6.0797 -37.3016
v -45.2381 5.9719 -37.3016
v -43.6508 5.8184 -37.3016
v -42.0635 5.6702 -37.3016
v -40.4762 5.5068 -37.3016
v -38.8889 5.3323 -37.3016
v -37.3016 5.1340 -37.3016
v -35.7143 4.9235 -37.3016
v -34.1270 4.7586 -37.3016
v -32.5397 4.6322 -37.3016
v -30.9524 4.5709 -37.3016
v -29.3651 4.4661 -37.3016
v -27.7778 4.3300 -37.3016
v -26.1905 4.1821 -37.3016
v -24.6032 4.0263 -37.3016
v -23.0159 3.9288 -37.3016
v -21.4286 3.8672 -37.3016
v -19.8413 3.8084 -37.3016
v -18.2540 3.7646 -37.3016
v -16.6667 3.7308 -37.3016
v -15.0794 3.6939 -37.3016
v -13.4921 3.6539 -37.3016
v -11.9048 3.6392 -37.3016
v -10.3175 3.6204 -37.3016
v -8.7302 3.5891 -37.3016
v -7.1429 3.5589 -37.3016
v -5.5556 3.5371 -37.3016
v -3.9683 3.5263 -37.3016
v -2.3810 3.5102 -37.3016
v -0.7937 3.5013 -37.3016
v 0.7937 3.5183 -37.3016
v 2.3810 3.5175 -37.3016
v 3.9683 3.5418 -37.3016
v 5.5556 3.5956 -37.3016
v 7.1429 3.6770 -37.3016
v 8.7302 3.7642 -37.3016
v 10.3175 3.8765 -37.3016
v 11.9048 4.0130 -37.3016
v 13.4921 4.1813 -37.3016
v 15.0794 4.3660 -37.3016
v 16.6667 4.5378 -37.3016
v 18.2540 4.7341 -37.3016
v 19.8413 4.9624 -37.3016
v 21.4286 5.2048 -37.3016
v 23.0159 5.4702 -37.3016
v 24.6032 5.7422 -37.3016
v 26.1905 6.0353 -37.3016
v 27.7778 6.3237 -37.3016
v 29.3651 6.6008 -37.3016
v 30.9524 6.8669 -37.3016
v 32.5397 7.1350 -37.3016
v 34.1270 7.4503 -37.3016
v 35.7143 7.7935 -37.3016
v 37.3016 8.1682 -37.3016
v 38.8889 8.5483 -37.3016
v 40.4762 8.9291 -37.3016
v 42.0635 9.3091 -37.3016
v 43.6508 9.6560 -37.3016
v 45.2381 10.0181 -37.3016
v 46.8254 10.3274 -37.3016
v 48.4127 10.6194 -37.3016
v 50.0000 10.9469 -37.3016
v -50.0000 5.9882 -35.7143
v -48.4127 5.9300 -35.7143
v -46.8254 5.8378 -35.7143
v -45.2381 5.7099 -35.7143
v -43.6508 5.5414 -35.7143
v -42.0635 5.3737 -35.7143
v -40.4762 5.1885 -35.7143
v -38.8889 5.0001 -35.7143
v -37.3016 4.8067 -35.7143
v -35.7143 4.5901 -35.7143
v -34.1270 4.4333 -35.7143
v -32.5397 4.3183 -35.7143
v -30.9524 4.2264 -35.7143
v -29.3651 4.1269 -35.7143
v -27.7778 3.9780 -35.7143
v -26.1905 3.8289 -35.7143
v -24.6032 3.6945 -35.7143
v -23.0159 3.6144 -35.7143
v -21.4286 3.5493 -35.7143
v -19.8413 3.4946 -35.7143
v -18.2540 3.4445 -35.7143
v -16.6667 3.4018 -35.7143
v -15.0794 3.3576 -35.7143
v -13.4921 3.3179 -35.7143
v -11.9048 3.2924 -35.7143
v -10.3175 3.2740 -35.7143
v -8.7302 3.2539 -35.7143
v -7.1429 3.2314 -35.7143
v -5.5556 3.2179 -35.7143
v -3.9683 3.1907 -35.7143
v -2.3810 3.1802 -35.7143
v -0.7937 3.1712 -35.7143
v 0.7937 3.1879 -35.7143
v 2.3810 3.1851 -35.7143
v 3.9683 3.1888 -35.7143
v 5.5556 3.2342 -35.7143
v 7.1429 3.2919 -35.7143
v 8.7302 3.3928 -35.7143
v 10.3175 3.5273 -35.7143
v 11.9048 3.6713 -35.7143
v 13.4921 3.8371 -35.7143
v 15.0794 4.0233 -35.7143
v 16.6667 4.2098 -35.7143
v 18.2540 4.4033 -35.7143
v 19.8413 4.6169 -35.7143
v 21.4286 4.8726 -35.7143
v 23.0159 5.1568 -35.7143
v 24.6032 5.4295 -35.7143
v 26.1905 5.6891 -35.7143
v 27.7778 5.9632 -35.7143
v 29.3651 6.2498 -35.7143
v 30.9524 6.5208 -35.7143
v 32.5397 6.8054 -35.7143
v 34.1270 7.1369 -35.7143
v 35.7143 7.5047 -35.7143
v 37.3016 7.8799 -35.7143
v 38.8889 8.2712 -35.7143
v 40.4762 8.6517 -35.7143
v 42.0635 9.0233 -35.7143
v 43.6508 9.3837 -35.7143
v 45.2381 9.7312 -35.7143
v 46.8254 10.0539 -35.7143
v 48.4127 10.3836 -35.7143
v 50.0000 10.6989 -35.7143
v -50.0000 5.7155 -34.1270
v -48.4127 5.6506 -34.1270
v -46.8254 5.5611 -34.1270
v -45.2381 5.4270 -34.1270
v -43.6508 5.2398 -34.1270
v -42.0635 5.0485 -34.1270
v -40.4762 4.8480 -34.1270
v -38.8889 4.6622 -34.1270
v -37.3016 4.4648 -34.1270
v -35.7143 4.2608 -34.1270
v -34.1270 4.1011 -34.1270
v -32.5397 3.9835 -34.1270
v -30.9524 3.8635 -34.1270
v -29.3651 3.7329 -34.1270
v -27.7778 3.5870 -34.1270
v -26.1905 3.4575 -34.1270
v -24.6032 3.3522 -34.1270
v -23.0159 3.2657 -34.1270
v -21.4286 3.2005 -34.1270
v -19.8413 3.1562 -34.1270
v -18.2540 3.1141 -34.1270
v -16.6667 3.0680 -34.1270
v -15.0794 3.0085 -34.1270
v -13.4921 2.9719 -34.1270
v -11.9048 2.9517 -34.1270
v -10.3175 2.9406 -34.1270
v -8.7302 2.9220 -34.1270
v -7.1429 2.9060 -34.1270
v -5.5556 2.8983 -34.1270
v -3.9683 2.8749 -34.1270
v -2.3810 2.8551 -34.1270
v -0.7937 2.8402 -34.1270
v 0.7937 2.8499 -34.1270
v 2.3810 2.8257 -34.1270
v 3.9683 2.8251 -34.1270
v 5.5556 2.8565 -34.1270
v 7.1429 2.9319 -34.1270
v 8.7302 3.0385 -34.1270
v 10.3175 3.1808 -34.1270
v 11.9048 3.3240 -34.1270
v 13.4921 3.4890 -34.1270
v 15.0794 3.6650 -34.1270
v 16.6667 3.8577 -34.1270
v 18.2540 4.0647 -34.1270
v 19.8413 4.2928 -34.1270
v 21.4286 4.5607 -34.1270
v 23.0159 4.8358 -34.1270
v 24.6032 5.1044 -34.1270
v 26.1905 5.3600 -34.1270
v 27.7778 5.6180 -34.1270
v 29.3651 5.8953 -34.1270
v 30.9524 6.1641 -34.1270
v 32.5397 6.4568 -34.1270
v 34.1270 6.8128 -34.1270
v 35.7143 7.2015 -34.1270
v 37.3016 7.5831 -34.1270
v 38.8889 7.9887 -34.1270
v 40.4762 8.3774 -34.1270
v 42.0635 8.7347 -34.1270
v 43.6508 9.1129 -34.1270
v 45.2381 9.4683 -34.1270
v 46.8254 9.7818 -34.1270
v 48.4127 10.0994 -34.1270
v 50.0000 10.4550 -34.1270
v -50.0000 5.5093 -32.5397
v -48.4127 5.4301 -32.5397
v -46.8254 5.3090 -32.5397
v -45.2381 5.1614 -32.5397
v -43.6508 4.9710 -32.5397
v -42.0635 4.7634 -32.5397
v -40.4762 4.5566 -32.5397
v -38.8889 4.3545 -32.5397
v -37.3016 4.1681 -32.5397
v -35.7143 3.9565 -32.5397
v -34.1270 3.7761 -32.5397
v -32.5397 3.6436 -32.5397
v -30.9524 3.5082 -32.5397
v -29.3651 3.3697 -32.5397
v -27.7778 3.2391 -32.5397
v -26.1905 3.1108 -32.5397
v -24.6032 3.0197 -32.5397
v -23.0159 2.9370 -32.5397
v -21.4286 2.8779 -32.5397
v -19.8413 2.8351 -32.5397
v -18.2540 2.7859 -32.5397
v -16.6667 2.7305 -32.5397
v -15.0794 2.6754 -32.5397
v -13.4921 2.6484 -32.5397
v -11.9048 2.6347 -32.5397
v -10.3175 2.6190 -32.5397
v -8.7302 2.5977 -32.5397
v -7.1429 2.5890 -32.5397
v -5.5556 2.5754 -32.5397
v -3.9683 2.5558 -32.5397
v -2.3810 2.5409 -32.5397
v -0.7937 2.5170 -32.5397
v 0.7937 2.5114 -32.5397
v 2.3810 2.4928 -32.5397
v 3.9683 2.4955 -32.5397
v 5.5556 2.5459 -32.5397
v 7.1429 2.6255 -32.5397
v 8.7302 2.7393 -32.5397
v 10.3175 2.8682 -32.5397
v 11.9048 3.0005 -32.5397
v 13.4921 3.1586 -32.5397
v 15.0794 3.3519 -32.5397
v 16.6667 3.5465 -32.5397
v 18.2540 3.7646 -32.5397
v 19.8413 3.9909 -32.5397
v 21.4286 4.2263 -32.5397
v 23.0159 4.4845 -32.5397
v 24.6032 4.7609 -32.5397
v 26.1905 5.0231 -32.5397
v 27.7778 5.3096 -32.5397
v 29.3651 5.5804 -32.5397
v 30.9524 5.8515 -32.5397
v 32.5397 6.1629 -32.5397
v 34.1270 6.5089 -32.5397
v 35.7143 6.8888 -32.5397
v 37.3016 7.3017 -32.5397
v 38.8889 7.7165 -32.5397
v 40.4762 8.1000 -32.5397
v 42.0635 8.4755 -32.5397
v 43.6508 8.8576 -32.5397
v 45.2381 9.2179 -32.5397
v 46.8254 9.5271 -32.5397
v 48.4127 9.8412 -32.5397
v 50.0000 10.1748 -32.5397
v -50.0000 5.3005 -30.9524
v -48.4127 5.2138 -30.9524
v -46.8254 5.0874 -30.9524
v -45.2381 4.9276 -30.9524
v -43.6508 4.7300 -30.9524
v -42.0635 4.5059 -30.9524
v -40.4762 4.2831 -30.9524
v -38.8889 4.0752 -30.9524
v -37.3016 3.8639 -30.9524
v -35.7143 3.6399 -30.9524
v -34.1270 3.4508 -30.9524
v -32.5397 3.3076 -30.9524
v -30.9524 3.1783 -30.9524
v -29.3651 3.0359 -30.9524
v -27.7778 2.9187 -30.9524
v -26.1905 2.8063 -30.9524
v -24.6032 2.7131 -30.9524
v -23.0159 2.6324 -30.9524
v -21.4286 2.5636 -30.9524
v -19.8413 2.5033 -30.9524
v -18.2540 2.4485 -30.9524
v -16.6667 2.3853 -30.9524
v -15.0794 2.3413 -30.9524
v -13.4921 2.3111 -30.9524
v -11.9048 2.2940 -30.9524
v -10.3175 2.2848 -30.9524
v -8.7302 2.2660 -30.9524
v -7.1429 2.2633 -30.9524
v -5.5556 2.2495 -30.9524
v -3.9683 2.2319 -30.9524
v -2.3810 2.2204 -30.9524
v -0.7937 2.1938 -30.9524
v 0.7937 2.1725 -30.9524
v 2.3810 2.1497 -30.9524
v 3.9683 2.1694 -30.9524
v 5.5556 2.2335 -30.9524
v 7.1429 2.3159 -30.9524
v 8.7302 2.4193 -30.9524
v 10.3175 2.5499 -30.9524
v 11.9048 2.6790 -30.9524
v 13.4921 2.8465 -30.9524
v 15.0794 3.0181 -30.9524
v 16.6667 3.2191 -30.9524
v 18.2540 3.4370 -30.9524
v 19.8413 3.6525 -30.9524
v 21.4286 3.8973 -30.9524
v 23.0159 4.1551 -30.9524
v 24.6032 4.4321 -30.9524
v 26.1905 4.7151 -30.9524
v 27.7778 5.0063 -30.9524
v 29.3651 5.2801 -30.9524
v 30.9524 5.5662 -30.9524
v 32.5397 5.8888 -30.9524
v 34.1270 6.2284 -30.9524
v 35.7143 6.6034 -30.9524
v 37.3016 7.0127 -30.9524
v 38.8889 7.4486 -30.9524
v 40.4762 7.8492 -30.9524
v 42.0635 8.2225 -30.9524
v 43.6508 8.5879 -30.9524
v 45.2381 8.9417 -30.9524
v 46.8254 9.2577 -30.9524
v 48.4127 9.5778 -30.9524
v 50.0000 9.9188 -30.9524
v -50.0000 5.0756 -29.3651
v -48.4127 4.9795 -29.3651
v -46.8254 4.8635 -29.3651
v -45.2381 4.6935 -29.3651
v -43.6508 4.4917 -29.3651
v -42.0635 4.2563 -29.3651
v -40.4762 4.0254 -29.3651
v -38.8889 3.7937 -29.3651
v -37.3016 3.5725 -29.3651
v -35.7143 3.3396 -29.3651
v -34.1270 3.1550 -29.3651
v -32.5397 3.0051 -29.3651
v -30.9524 2.8561 -29.3651
v -29.3651 2.7247 -29.3651
v -27.7778 2.6068 -29.3651
v -26.1905 2.4984 -29.3651
v -24.6032 2.4082 -29.3651
v -23.0159 2.3239 -29.3651
v -21.4286 2.2636 -29.3651
v -19.8413 2.1832 -29.3651
v -18.2540 2.1072 -29.3651
v -16.6667 2.0700 -29.3651
v -15.0794 2.0158 -29.3651
v -13.4921 1.9823 -29.3651
v -11.9048 1.9707 -29.3651
v -10.3175 1.9688 -29.3651
v -8.7302 1.9431 -29.3651
v -7.1429 1.9418 -29.3651
v -5.5556 1.9405 -29.3651
v -3.9683 1.9272 -29.3651
v -2.3810 1.9272 -29.3651
v -0.7937 1.8991 -29.3651
v 0.7937 1.8875 -29.3651
v 2.3810 1.8887 -29.3651
v 3.9683 1.9076 -29.3651
v 5.5556 1.9502 -29.3651
v 7.1429 2.0270 -29.3651
v 8.7302 2.1301 -29.3651
v 10.3175 2.2591 -29.3651
v 11.9048 2.3841 -29.3651
v 13.4921 2.5443 -29.3651
v 15.0794 2.7197 -29.3651
v 16.6667 2.9228 -29.3651
v 18.2540 3.1217 -29.3651
v 19.8413 3.3455 -29.3651
v 21.4286 3.5904 -29.3651
v 23.0159 3.8560 -29.3651
v 24.6032 4.1384 -29.3651
v 26.1905 4.4277 -29.3651
v 27.7778 4.7180 -29.3651
v 29.3651 4.9897 -29.3651
v 30.9524 5.2980 -29.3651
v 32.5397 5.6111 -29.3651
v 34.1270 5.9405 -29.3651
v 35.7143 6.3306 -29.3651
v 37.3016 6.7395 -29.3651
v 38.8889 7.1744 -29.3651
v 40.4762 7.5840 -29.3651
v 42.0635 7.9723 -29.3651
v 43.6508 8.3186 -29.3651
v 45.2381 8.6637 -29.3651
v 46.8254 9.0036 -29.3651
v 48.4127 9.3200 -29.3651
v 50.0000 9.6689 -29.3651
v -50.0000 4.8710 -27.7778
v -48.4127 4.7803 -27.7778
v -46.8254 4.6205 -27.7778
v -45.2381 4.4438 -27.7778
v -43.6508 4.2331 -27.7778
v -42.0635 4.0027 -27.7778
v -40.4762 3.7569 -27.7778
v -38.8889 3.5143 -27.7778
v -37.3016 3.2844 -27.7778
v -35.7143 3.0354 -27.7778
v -34.1270 2.8460 -27.7778
v -32.5397 2.6768 -27.7778
v -30.9524 2.5322 -27.7778
v -29.3651 2.4174 -27.7778
v -27.7778 2.3058 -27.7778
v -26.1905 2.1925 -27.7778
v -24.6032 2.0919 -27.7778
v -23.0159 1.9896 -27.7778
v -21.4286 1.9207 -27.7778
v -19.8413 1.8545 -27.7778
v -18.2540 1.7775 -27.7778
v -16.6667 1.7157 -27.7778
v -15.0794 1.6597 -27.7778
v -13.4921 1.6180 -27.7778
v -11.9048 1.6233 -27.7778
v -10.3175 1.6214 -27.7778
v -8.7302 1.6170 -27.7778
v -7.1429 1.6198 -27.7778
v -5.5556 1.6134 -27.7778
v -3.9683 1.6172 -27.7778
v -2.3810 1.6185 -27.7778
v -0.7937 1.6032 -27.7778
v 0.7937 1.6085 -27.7778
v 2.3810 1.6275 -27.7778
v 3.9683 1.6380 -27.7778
v 5.5556 1.6764 -27.7778
v 7.1429 1.7431 -27.7778
v 8.7302 1.8422 -27.7778
v 10.3175 1.9612 -27.7778
v 11.9048 2.1019 -27.7778
v 13.4921 2.2402 -27.7778
v 15.0794 2.4196 -27.7778
v 16.6667 2.6332 -27.7778
v 18.2540 2.8269 -27.7778
v 19.8413 3.0424 -27.7778
v 21.4286 3.2952 -27.7778
v 23.0159 3.5484 -27.7778
v 24.6032 3.8311 -27.7778
v 26.1905 4.1230 -27.7778
v 27.7778 4.4074 -27.7778
v 29.3651 4.6843 -27.7778
v 30.9524 4.9961 -27.7778
v 32.5397 5.3077 -27.7778
v 34.1270 5.6549 -27.7778
v 35.7143 6.0488 -27.7778
v 37.3016 6.4592 -27.7778
v 38.8889 6.8808 -27.7778
v 40.4762 7.3144 -27.7778
v 42.0635 7.7031 -27.7778
v 43.6508 8.0409 -27.7778
v 45.2381 8.4052 -27.7778
v 46.8254 8.7422 -27.7778
v 48.4127 9.0541 -27.7778
v 50.0000 9.4164 -27.7778
v -50.0000 4.6941 -26.1905
v -48.4127 4.5901 -26.1905
v -46.8254 4.4172 -26.1905
v -45.2381 4.2016 -26.1905
v -43.6508 3.9881 -26.1905
v -42.0635 3.7638 -26.1905
v -40.4762 3.5029 -26.1905
v -38.8889 3.2487 -26.1905
v -37.3016 3.0155 -26.1905
v -35.7143 2.7778 -26.1905
v -34.1270 2.5413 -26.1905
v -32.5397 2.3683 -26.1905
v -30.9524 2.2297 -26.1905
v -29.3651 2.1191 -26.1905
v -27.7778 2.0188 -26.1905
v -26.1905 1.9007 -26.1905
v -24.6032 1.7831 -26.1905
v -23.0159 1.6813 -26.1905
v -21.4286 1.6023 -26.1905
v -19.8413 1.5483 -26.1905
v -18.2540 1.4784 -26.1905
v -16.6667 1.4142 -26.1905
v -15.0794 1.3409 -26.1905
v -13.4921 1.3070 -26.1905
v -11.9048 1.2976 -26.1905
v -10.3175 1.2930 -26.1905
v -8.7302 1.2990 -26.1905
v -7.1429 1.3054 -26.1905
v -5.5556 1.3119 -26.1905
v -3.9683 1.3135 -26.1905
v -2.3810 1.3131 -26.1905
v -0.7937 1.3205 -26.1905
v 0.7937 1.3391 -26.1905
v 2.3810 1.3588 -26.1905
v 3.9683 1.3845 -26.1905
v 5.5556 1.4154 -26.1905
v 7.1429 1.4626 -26.1905
v 8.7302 1.5662 -26.1905
v 10.3175 1.6708 -26.1905
v 11.9048 1.8145 -26.1905
v 13.4921 1.9742 -26.1905
v 15.0794 2.1491 -26.1905
v 16.6667 2.3450 -26.1905
v 18.2540 2.5412 -26.1905
v 19.8413 2.7607 -26.1905
v 21.4286 2.9972 -26.1905
v 23.0159 3.2466 -26.1905
v 24.6032 3.5371 -26.1905
v 26.1905 3.8273 -26.1905
v 27.7778 4.1174 -26.1905
v 29.3651 4.4017 -26.1905
v 30.9524 4.7134 -26.1905
v 32.5397 5.0374 -26.1905
v 34.1270 5.3749 -26.1905
v 35.7143 5.7892 -26.1905
v 37.3016 6.1847 -26.1905
v 38.8889 6.6103 -26.1905
v 40.4762 7.0410 -26.1905
v 42.0635 7.4310 -26.1905
v 43.6508 7.7850 -26.1905
v 45.2381 8.1468 -26.1905
v 46.8254 8.4804 -26.1905
v 48.4127 8.8029 -26.1905
v 50.0000 9.1378 -26.1905
v -50.0000 4.5194 -24.6032
v -48.4127 4.4021 -24.6032
v -46.8254 4.2171 -24.6032
v -45.2381 4.0006 -24.6032
v -43.6508 3.7610 -24.6032
v -42.0635 3.5128 -24.6032
v -40.4762 3.2546 -24.6032
v -38.8889 2.9883 -24.6032
v -37.3016 2.7433 -24.6032
v -35.7143 2.5101 -24.6032
v -34.1270 2.2636 -24.6032
v -32.5397 2.0894 -24.6032
v -30.9524 1.9387 -24.6032
v -29.3651 1.8305 -24.6032
v -27.7778 1.7388 -24.6032
v -26.1905 1.6180 -24.6032
v -24.6032 1.5114 -24.6032
v -23.0159 1.4101 -24.6032
v -21.4286 1.3334 -24.6032
v -19.8413 1.2749 -24.6032
v -18.2540 1.2146 -24.6032
v -16.6667 1.1403 -24.6032
v -15.0794 1.0536 -24.6032
v -13.4921 1.0186 -24.6032
v -11.9048 1.0019 -24.6032
v -10.3175 1.0024 -24.6032
v -8.7302 1.0071 -24.6032
v -7.1429 1.0235 -24.6032
v -5.5556 1.0292 -24.6032
v -3.9683 1.0284 -24.6032
v -2.3810 1.0466 -24.6032
v -0.7937 1.0667 -24.6032
v 0.7937 1.0931 -24.6032
v 2.3810 1.1310 -24.6032
v 3.9683 1.1665 -24.6032
v 5.5556 1.1945 -24.6032
v 7.1429 1.2342 -24.6032
v 8.7302 1.3252 -24.6032
v 10.3175 1.4275 -24.6032
v 11.9048 1.5681 -24.6032
v 13.4921 1.7235 -24.6032
v 15.0794 1.8942 -24.6032
v 16.6667 2.0885 -24.6032
v 18.2540 2.2929 -24.6032
v 19.8413 2.5058 -24.6032
v 21.4286 2.7483 -24.6032
v 23.0159 2.9878 -24.6032
v 24.6032 3.2616 -24.6032
v 26.1905 3.5508 -24.6032
v 27.7778 3.8503 -24.6032
v 29.3651 4.1297 -24.6032
v 30.9524 4.4412 -24.6032
v 32.5397 4.7661 -24.6032
v 34.1270 5.1172 -24.6032
v 35.7143 5.5191 -24.6032
v 37.3016 5.9210 -24.6032
v 38.8889 6.3393 -24.6032
v 40.4762 6.7743 -24.6032
v 42.0635 7.1766 -24.6032
v 43.6508 7.5475 -24.6032
v 45.2381 7.9119 -24.6032
v 46.8254 8.2473 -24.6032
v 48.4127 8.5813 -24.6032
v 50.0000 8.9145 -24.6032
v -50.0000 4.3639 -23.0159
v -48.4127 4.2449 -23.0159
v -46.8254 4.0484 -23.0159
v -45.2381 3.8303 -23.0159
v -43.6508 3.5697 -23.0159
v -42.0635 3.2953 -23.0159
v -40.4762 3.0289 -23.0159
v -38.8889 2.7566 -23.0159
v -37.3016 2.5120 -23.0159
v -35.7143 2.2641 -23.0159
v -34.1270 2.0328 -23.0159
v -32.5397 1.8397 -23.0159
v -30.9524 1.6813 -23.0159
v -29.3651 1.5876 -23.0159
v -27.7778 1.4836 -23.0159
v -26.1905 1.3662 -23.0159
v -24.6032 1.2660 -23.0159
v -23.0159 1.1675 -23.0159
v -21.4286 1.0938 -23.0159
v -19.8413 1.0402 -23.0159
v -18.2540 0.9722 -23.0159
v -16.6667 0.8816 -23.0159
v -15.0794 0.7781 -23.0159
v -13.4921 0.7427 -23.0159
v -11.9048 0.7195 -23.0159
v -10.3175 0.7092 -23.0159
v -8.7302 0.7233 -23.0159
v -7.1429 0.7397 -23.0159
v -5.5556 0.7476 -23.0159
v -3.9683 0.7572 -23.0159
v -2.3810 0.7731 -23.0159
v -0.7937 0.8087 -23.0159
v 0.7937 0.8520 -23.0159
v 2.3810 0.8998 -23.0159
v 3.9683 0.9568 -23.0159
v 5.5556 1.0180 -23.0159
v 7.1429 1.0686 -23.0159
v 8.7302 1.1301 -23.0159
v 10.3175 1.2312 -23.0159
v 11.9048 1.3483 -23.0159
v 13.4921 1.4765 -23.0159
v 15.0794 1.6425 -23.0159
v 16.6667 1.8488 -23.0159
v 18.2540 2.0584 -23.0159
v 19.8413 2.2738 -23.0159
v 21.4286 2.5180 -23.0159
v 23.0159 2.7512 -23.0159
v 24.6032 3.0180 -23.0159
v 26.1905 3.3045 -23.0159
v 27.7778 3.6003 -23.0159
v 29.3651 3.8961 -23.0159
v 30.9524 4.2119 -23.0159
v 32.5397 4.5453 -23.0159
v 34.1270 4.8966 -23.0159
v 35.7143 5.2766 -23.0159
v 37.3016 5.6697 -23.0159
v 38.8889 6.0949 -23.0159
v 40.4762 6.5490 -23.0159
v 42.0635 6.9764 -23.0159
v 43.6508 7.3497 -23.0159
v 45.2381 7.7120 -23.0159
v 46.8254 8.0481 -23.0159
v 48.4127 8.3906 -23.0159
v 50.0000 8.7066 -23.0159
v -50.0000 4.2341 -21.4286
v -48.4127 4.1005 -21.4286
v -46.8254 3.8952 -21.4286
v -45.2381 3.6620 -21.4286
v -43.6508 3.3884 -21.4286
v -42.0635 3.1249 -21.4286
v -40.4762 2.8416 -21.4286
v -38.8889 2.5616 -21.4286
v -37.3016 2.3232 -21.4286
v -35.7143 2.0626 -21.4286
v -34.1270 1.8395 -21.4286
v -32.5397 1.6351 -21.4286
v -30.9524 1.4985 -21.4286
v -29.3651 1.3941 -21.4286
v -27.7778 1.2847 -21.4286
v -26.1905 1.1600 -21.4286
v -24.6032 1.0685 -21.4286
v -23.0159 0.9702 -21.4286
v -21.4286 0.8900 -21.4286
v -19.8413 0.8332 -21.4286
v -18.2540 0.7531 -21.4286
v -16.6667 0.6566 -21.4286
v -15.0794 0.5618 -21.4286
v -13.4921 0.5184 -21.4286
v -11.9048 0.4962 -21.4286
v -10.3175 0.4852 -21.4286
v -8.7302 0.5087 -21.4286
v -7.1429 0.5309 -21.4286
v -5.5556 0.5431 -21.4286
v -3.9683 0.5454 -21.4286
v -2.3810 0.5694 -21.4286
v -0.7937 0.5886 -21.4286
v 0.7937 0.6333 -21.4286
v 2.3810 0.7180 -21.4286
v 3.9683 0.7809 -21.4286
v 5.5556 0.8508 -21.4286
v 7.1429 0.9083 -21.4286
v 8.7302 0.9571 -21.4286
v 10.3175 1.0534 -21.4286
v 11.9048 1.1587 -21.4286
v 13.4921 1.2716 -21.4286
v 15.0794 1.4410 -21.4286
v 16.6667 1.6391 -21.4286
v 18.2540 1.8461 -21.4286
v 19.8413 2.0683 -21.4286
v 21.4286 2.3132 -21.4286
v 23.0159 2.5549 -21.4286
v 24.6032 2.8240 -21.4286
v 26.1905 3.1007 -21.4286
v 27.7778 3.4042 -21.4286
v 29.3651 3.7132 -21.4286
v 30.9524 4.0279 -21.4286
v 32.5397 4.3602 -21.4286
v 34.1270 4.7077 -21.4286
v 35.7143 5.0852 -21.4286
v 37.3016 5.4823 -21.4286
v 38.8889 5.9207 -21.4286
v 40.4762 6.3758 -21.4286
v 42.0635 6.8090 -21.4286
v 43.6508 7.2044 -21.4286
v 45.2381 7.5575 -21.4286
v 46.8254 7.8932 -21.4286
v 48.4127 8.2174 -21.4286
v 50.0000 8.5376 -21.4286
v -50.0000 4.0700 -19.8413
v -48.4127 3.9350 -19.8413
v -46.8254 3.7227 -19.8413
v -45.2381 3.4732 -19.8413
v -43.6508 3.1959 -19.8413
v -42.0635 2.9356 -19.8413
v -40.4762 2.6603 -19.8413
v -38.8889 2.3832 -19.8413
v -37.3016 2.1477 -19.8413
v -35.7143 1.8918 -19.8413
v -34.1270 1.6559 -19.8413
v -32.5397 1.4744 -19.8413
v -30.9524 1.3330 -19.8413
v -29.3651 1.2252 -19.8413
v -27.7778 1.0925 -19.8413
v -26.1905 0.9776 -19.8413
v -24.6032 0.8819 -19.8413
v -23.0159 0.7872 -19.8413
v -21.4286 0.7056 -19.8413
v -19.8413 0.6279 -19.8413
v -18.2540 0.5527 -19.8413
v -16.6667 0.4635 -19.8413
v -15.0794 0.3733 -19.8413
v -13.4921 0.3287 -19.8413
v -11.9048 0.2951 -19.8413
v -10.3175 0.2958 -19.8413
v -8.7302 0.3185 -19.8413
v -7.1429 0.3672 -19.8413
v -5.5556 0.3834 -19.8413
v -3.9683 0.3862 -19.8413
v -2.3810 0.3938 -19.8413
v -0.7937 0.4111 -19.8413
v 0.7937 0.4665 -19.8413
v 2.3810 0.5448 -19.8413
v 3.9683 0.6047 -19.8413
v 5.5556 0.6748 -19.8413
v 7.1429 0.7402 -19.8413
v 8.7302 0.7867 -19.8413
v 10.3175 0.8693 -19.8413
v 11.9048 0.9723 -19.8413
v 13.4921 1.0897 -19.8413
v 15.0794 1.2458 -19.8413
v 16.6667 1.4458 -19.8413
v 18.2540 1.6537 -19.8413
v 19.8413 1.8707 -19.8413
v 21.4286 2.1209 -19.8413
v 23.0159 2.3754 -19.8413
v 24.6032 2.6493 -19.8413
v 26.1905 2.9254 -19.8413
v 27.7778 3.2323 -19.8413
v 29.3651 3.5442 -19.8413
v 30.9524 3.8547 -19.8413
v 32.5397 4.1886 -19.8413
v 34.1270 4.5516 -19.8413
v 35.7143 4.9445 -19.8413
v 37.3016 5.3427 -19.8413
v 38.8889 5.7706 -19.8413
v 40.4762 6.1986 -19.8413
v 42.0635 6.6495 -19.8413
v 43.6508 7.0656 -19.8413
v 45.2381 7.4034 -19.8413
v 46.8254 7.7140 -19.8413
v 48.4127 8.0259 -19.8413
v 50.0000 8.3457 -19.8413
v -50.0000 3.9090 -18.2540
v -48.4127 3.7662 -18.2540
v -46.8254 3.5562 -18.2540
v -45.2381 3.3058 -18.2540
v -43.6508 3.0418 -18.2540
v -42.0635 2.7883 -18.2540
v -40.4762 2.5238 -18.2540
v -38.8889 2.2412 -18.2540
v -37.3016 1.9782 -18.2540
v -35.7143 1.7293 -18.2540
v -34.1270 1.5202 -18.2540
v -32.5397 1.3377 -18.2540
v -30.9524 1.1992 -18.2540
v -29.3651 1.0838 -18.2540
v -27.7778 0.9482 -18.2540
v -26.1905 0.8442 -18.2540
v -24.6032 0.7454 -18.2540
v -23.0159 0.6406 -18.2540
v -21.4286 0.5571 -18.2540
v -19.8413 0.4804 -18.2540
v -18.2540 0.3989 -18.2540
v -16.6667 0.3097 -18.2540
v -15.0794 0.2349 -18.2540
v -13.4921 0.1777 -18.2540
v -11.9048 0.1437 -18.2540
v -10.3175 0.1551 -18.2540
v -8.7302 0.1664 -18.2540
v -7.1429 0.1967 -18.2540
v -5.5556 0.2274 -18.2540
v -3.9683 0.2372 -18.2540
v -2.3810 0.2405 -18.2540
v -0.7937 0.2683 -18.2540
v 0.7937 0.3210 -18.2540
v 2.3810 0.3889 -18.2540
v 3.9683 0.4579 -18.2540
v 5.5556 0.5249 -18.2540
v 7.1429 0.5748 -18.2540
v 8.7302 0.6418 -18.2540
v 10.3175 0.7244 -18.2540
v 11.9048 0.8196 -18.2540
v 13.4921 0.9323 -18.2540
v 15.0794 1.0887 -18.2540
v 16.6667 1.2777 -18.2540
v 18.2540 1.4862 -18.2540
v 19.8413 1.7017 -18.2540
v 21.4286 1.9475 -18.2540
v 23.0159 2.2121 -18.2540
v 24.6032 2.4924 -18.2540
v 26.1905 2.7719 -18.2540
v 27.7778 3.0751 -18.2540
v 29.3651 3.3857 -18.2540
v 30.9524 3.7053 -18.2540
v 32.5397 4.0620 -18.2540
v 34.1270 4.4315 -18.2540
v 35.7143 4.8178 -18.2540
v 37.3016 5.2365 -18.2540
v 38.8889 5.6666 -18.2540
v 40.4762 6.0926 -18.2540
v 42.0635 6.5295 -18.2540
v 43.6508 6.9214 -18.2540
v 45.2381 7.2458 -18.2540
v 46.8254 7.5457 -18.2540
v 48.4127 7.8771 -18.2540
v 50.0000 8.1805 -18.2540
v -50.0000 3.7305 -16.6667
v -48.4127 3.5820 -16.6667
v -46.8254 3.3962 -16.6667
v -45.2381 3.1652 -16.6667
v -43.6508 2.9063 -16.6667
v -42.0635 2.6490 -16.6667
v -40.4762 2.3817 -16.6667
v -38.8889 2.0864 -16.6667
v -37.3016 1.8231 -16.6667
v -35.7143 1.5832 -16.6667
v -34.1270 1.3896 -16.6667
v -32.5397 1.2079 -16.6667
v -30.9524 1.0491 -16.6667
v -29.3651 0.9332 -16.6667
v -27.7778 0.8103 -16.6667
v -26.1905 0.7107 -16.6667
v -24.6032 0.6111 -16.6667
v -23.0159 0.5147 -16.6667
v -21.4286 0.4113 -16.6667
v -19.8413 0.3411 -16.6667
v -18.2540 0.2649 -16.6667
v -16.6667 0.1728 -16.6667
v -15.0794 0.1048 -16.6667
v -13.4921 0.0369 -16.6667
v -11.9048 0.0022 -16.6667
v -10.3175 0.0000 -16.6667
v -8.7302 0.0065 -16.6667
v -7.1429 0.0543 -16.6667
v -5.5556 0.0855 -16.6667
v -3.9683 0.0992 -16.6667
v -2.3810 0.1107 -16.6667
v -0.7937 0.1385 -16.6667
v 0.7937 0.1860 -16.6667
v 2.3810 0.2497 -16.6667
v 3.9683 0.3204 -16.6667
v 5.5556 0.3708 -16.6667
v 7.1429 0.4361 -16.6667
v 8.7302 0.5092 -16.6667
v 10.3175 0.5943 -16.6667
v 11.9048 0.6888 -16.6667
v 13.4921 0.7965 -16.6667
v 15.0794 0.9508 -16.6667
v 16.6667 1.1264 -16.6667
v 18.2540 1.3271 -16.6667
v 19.8413 1.5472 -16.6667
v 21.4286 1.8050 -16.6667
v 23.0159 2.0751 -16.6667
v 24.6032 2.3650 -16.6667
v 26.1905 2.6478 -16.6667
v 27.7778 2.9465 -16.6667
v 29.3651 3.2532 -16.6667
v 30.9524 3.5669 -16.6667
v 32.5397 3.9267 -16.6667
v 34.1270 4.3110 -16.6667
v 35.7143 4.6936 -16.6667
v 37.3016 5.1097 -16.6667
v 38.8889 5.5411 -16.6667
v 40.4762 5.9710 -16.6667
v 42.0635 6.3973 -16.6667
v 43.6508 6.7579 -16.6667
v 45.2381 7.0884 -16.6667
v 46.8254 7.3856 -16.6667
v 48.4127 7.7156 -16.6667
v 50.0000 8.0556 -16.6667
v -50.0000 3.6071 -15.0794
v -48.4127 3.4701 -15.0794
v -46.8254 3.2790 -15.0794
v -45.2381 3.0400 -15.0794
v -43.6508 2.7827 -15.0794
v -42.0635 2.5179 -15.0794
v -40.4762 2.2397 -15.0794
v -38.8889 1.9565 -15.0794
v -37.3016 1.6980 -15.0794
v -35.7143 1.4823 -15.0794
v -34.1270 1.2901 -15.0794
v -32.5397 1.1129 -15.0794
v -30.9524 0.9653 -15.0794
v -29.3651 0.8251 -15.0794
v -27.7778 0.6884 -15.0794
v -26.1905 0.5982 -15.0794
v -24.6032 0.5199 -15.0794
v -23.0159 0.4144 -15.0794
v -21.4286 0.3222 -15.0794
v -19.8413 0.2351 -15.0794
v -18.2540 0.1520 -15.0794
v -16.6667 0.0727 -15.0794
v -15.0794 0.0026 -15.0794
v -13.4921 0.0000 -15.0794
v -11.9048 0.0000 -15.0794
v -10.3175 0.0000 -15.0794
v -8.7302 0.0000 -15.0794
v -7.1429 0.0000 -15.0794
v -5.5556 0.0000 -15.0794
v -3.9683 0.0116 -15.0794
v -2.3810 0.0315 -15.0794
v -0.7937 0.0534 -15.0794
v 0.7937 0.0767 -15.0794
v 2.3810 0.1329 -15.0794
v 3.9683 0.1991 -15.0794
v 5.5556 0.2602 -15.0794
v 7.1429 0.3301 -15.0794
v 8.7302 0.4177 -15.0794
v 10.3175 0.5006 -15.0794
v 11.9048 0.5801 -15.0794
v 13.4921 0.6963 -15.0794
v 15.0794 0.8473 -15.0794
v 16.6667 1.0316 -15.0794
v 18.2540 1.2259 -15.0794
v 19.8413 1.4409 -15.0794
v 21.4286 1.6993 -15.0794
v 23.0159 1.9613 -15.0794
v 24.6032 2.2468 -15.0794
v 26.1905 2.5461 -15.0794
v 27.7778 2.8522 -15.0794
v 29.3651 3.1516 -15.0794
v 30.9524 3.4679 -15.0794
v 32.5397 3.8163 -15.0794
v 34.1270 4.1838 -15.0794
v 35.7143 4.5825 -15.0794
v 37.3016 4.9974 -15.0794
v 38.8889 5.4272 -15.0794
v 40.4762 5.8548 -15.0794
v 42.0635 6.2408 -15.0794
v 43.6508 6.6236 -15.0794
v 45.2381 6.9615 -15.0794
v 46.8254 7.2647 -15.0794
v 48.4127 7.5737 -15.0794
v 50.0000 7.9162 -15.0794
v -50.0000 3.5273 -13.4921
v -48.4127 3.3847 -13.4921
v -46.8254 3.1864 -13.4921
v -45.2381 2.9528 -13.4921
v -43.6508 2.6857 -13.4921
v -42.0635 2.4109 -13.4921
v -40.4762 2.1242 -13.4921
v -38.8889 1.8285 -13.4921
v -37.3016 1.5888 -13.4921
v -35.7143 1.3865 -13.4921
v -34.1270 1.2054 -13.4921
v -32.5397 1.0317 -13.4921
v -30.9524 0.8739 -13.4921
v -29.3651 0.7298 -13.4921
v -27.7778 0.5857 -13.4921
v -26.1905 0.5010 -13.4921
v -24.6032 0.4280 -13.4921
v -23.0159 0.3298 -13.4921
v -21.4286 0.2286 -13.4921
v -19.8413 0.1390 -13.4921
v -18.2540 0.0683 -13.4921
v -16.6667 0.0106 -13.4921
v -15.0794 0.0000 -13.4921
v -13.4921 0.0000 -13.4921
v -11.9048 0.0000 -13.4921
v -10.3175 0.0000 -13.4921
v -8.7302 0.0000 -13.4921
v -7.1429 0.0000 -13.4921
v -5.5556 0.0000 -13.4921
v -3.9683 0.0000 -13.4921
v -2.3810 0.0000 -13.4921
v -0.7937 0.0000 -13.4921
v 0.7937 0.0227 -13.4921
v 2.3810 0.0270 -13.4921
v 3.9683 0.1126 -13.4921
v 5.5556 0.1744 -13.4921
v 7.1429 0.2447 -13.4921
v 8.7302 0.3459 -13.4921
v 10.3175 0.4328 -13.4921
v 11.9048 0.5186 -13.4921
v 13.4921 0.6252 -13.4921
v 15.0794 0.7842 -13.4921
v 16.6667 0.9713 -13.4921
v 18.2540 1.1585 -13.4921
v 19.8413 1.3700 -13.4921
v 21.4286 1.6188 -13.4921
v 23.0159 1.8883 -13.4921
v 24.6032 2.1724 -13.4921
v 26.1905 2.4637 -13.4921
v 27.7778 2.7594 -13.4921
v 29.3651 3.0826 -13.4921
v 30.9524 3.3872 -13.4921
v 32.5397 3.7173 -13.4921
v 34.1270 4.1053 -13.4921
v 35.7143 4.5062 -13.4921
v 37.3016 4.9268 -13.4921
v 38.8889 5.3254 -13.4921
v 40.4762 5.7347 -13.4921
v 42.0635 6.1184 -13.4921
v 43.6508 6.4992 -13.4921
v 45.2381 6.8261 -13.4921
v 46.8254 7.1421 -13.4921
v 48.4127 7.4375 -13.4921
v 50.0000 7.7674 -13.4921
v -50.0000 3.4671 -11.9048
v -48.4127 3.3348 -11.9048
v -46.8254 3.1274 -11.9048
v -45.2381 2.8916 -11.9048
v -43.6508 2.6206 -11.9048
v -42.0635 2.3426 -11.9048
v -40.4762 2.0460 -11.9048
v -38.8889 1.7499 -11.9048
v -37.3016 1.5143 -11.9048
v -35.7143 1.3102 -11.9048
v -34.1270 1.1139 -11.9048
v -32.5397 0.9502 -11.9048
v -30.9524 0.7993 -11.9048
v -29.3651 0.6394 -11.9048
v -27.7778 0.5136 -11.9048
v -26.1905 0.4166 -11.9048
v -24.6032 0.3396 -11.9048
v -23.0159 0.2534 -11.9048
v -21.4286 0.1643 -11.9048
v -19.8413 0.0844 -11.9048
v -18.2540 0.0269 -11.9048
v -16.6667 0.0000 -11.9048
v -15.0794 0.0000 -11.9048
v -13.4921 0.0000 -11.9048
v -11.9048 0.0000 -11.9048
v -10.3175 0.0000 -11.9048
v -8.7302 0.0000 -11.9048
v -7.1429 0.0000 -11.9048
v -5.5556 0.0000 -11.9048
v -3.9683 0.0000 -11.9048
v -2.3810 0.0000 -11.9048
v -0.7937 0.0000 -11.9048
v 0.7937 0.0042 -11.9048
v 2.3810 0.0160 -11.9048
v 3.9683 0.0368 -11.9048
v 5.5556 0.1150 -11.9048
v 7.1429 0.2017 -11.9048
v 8.7302 0.2876 -11.9048
v 10.3175 0.3866 -11.9048
v 11.9048 0.4986 -11.9048
v 13.4921 0.6131 -11.9048
v 15.0794 0.7744 -11.9048
v 16.6667 0.9564 -11.9048
v 18.2540 1.1430 -11.9048
v 19.8413 1.3613 -11.9048
v 21.4286 1.5921 -11.9048
v 23.0159 1.8428 -11.9048
v 24.6032 2.1162 -11.9048
v 26.1905 2.4127 -11.9048
v 27.7778 2.7109 -11.9048
v 29.3651 3.0298 -11.9048
v 30.9524 3.3361 -11.9048
v 32.5397 3.6553 -11.9048
v 34.1270 4.0244 -11.9048
v 35.7143 4.4266 -11.9048
v 37.3016 4.8385 -11.9048
v 38.8889 5.2398 -11.9048
v 40.4762 5.6370 -11.9048
v 42.0635 6.0210 -11.9048
v 43.6508 6.3929 -11.9048
v 45.2381 6.7291 -11.9048
v 46.8254 7.0242 -11.9048
v 48.4127 7.3150 -11.9048
v 50.0000 7.6367 -11.9048
v -50.0000 3.4552 -10.3175
v -48.4127 3.3106 -10.3175
v -46.8254 3.1052 -10.3175
v -45.2381 2.8874 -10.3175
v -43.6508 2.6169 -10.3175
v -42.0635 2.3080 -10.3175
v -40.4762 1.9921 -10.3175
v -38.8889 1.7214 -10.3175
v -37.3016 1.5007 -10.3175
v -35.7143 1.2823 -10.3175
v -34.1270 1.0868 -10.3175
v -32.5397 0.9226 -10.3175
v -30.9524 0.7676 -10.3175
v -29.3651 0.6153 -10.3175
v -27.7778 0.4900 -10.3175
v -26.1905 0.3929 -10.3175
v -24.6032 0.3010 -10.3175
v -23.0159 0.2395 -10.3175
v -21.4286 0.1674 -10.3175
v -19.8413 0.1043 -10.3175
v -18.2540 0.0602 -10.3175
v -16.6667 0.0077 -10.3175
v -15.0794 0.0000 -10.3175
v -13.4921 0.0000 -10.3175
v -11.9048 0.0000 -10.3175
v -10.3175 0.0000 -10.3175
v -8.7302 0.0000 -10.3175
v -7.1429 0.0000 -10.3175
v -5.5556 0.0000 -10.3175
v -3.9683 0.0000 -10.3175
v -2.3810 0.0055 -10.3175
v -0.7937 0.0207 -10.3175
v 0.7937 0.0254 -10.3175
v 2.3810 0.0342 -10.3175
v 3.9683 0.0559 -10.3175
v 5.5556 0.1217 -10.3175
v 7.1429 0.1975 -10.3175
v 8.7302 0.2962 -10.3175
v 10.3175 0.3843 -10.3175
v 11.9048 0.5011 -10.3175
v 13.4921 0.6522 -10.3175
v 15.0794 0.8330 -10.3175
v 16.6667 0.9894 -10.3175
v 18.2540 1.1704 -10.3175
v 19.8413 1.3700 -10.3175
v 21.4286 1.5873 -10.3175
v 23.0159 1.8437 -10.3175
v 24.6032 2.1112 -10.3175
v 26.1905 2.4038 -10.3175
v 27.7778 2.6981 -10.3175
v 29.3651 3.0064 -10.3175
v 30.9524 3.3064 -10.3175
v 32.5397 3.6373 -10.3175
v 34.1270 3.9952 -10.3175
v 35.7143 4.3831 -10.3175
v 37.3016 4.7977 -10.3175
v 38.8889 5.2035 -10.3175
v 40.4762 5.5938 -10.3175
v 42.0635 5.9674 -10.3175
v 43.6508 6.3348 -10.3175
v 45.2381 6.6688 -10.3175
v 46.8254 6.9598 -10.3175
v 48.4127 7.2515 -10.3175
v 50.0000 7.5783 -10.3175
v -50.0000 3.4478 -8.7302
v -48.4127 3.3203 -8.7302
v -46.8254 3.1313 -8.7302
v -45.2381 2.9152 -8.7302
v -43.6508 2.6201 -8.7302
v -42.0635 2.2954 -8.7302
v -40.4762 1.9857 -8.7302
v -38.8889 1.7120 -8.7302
v -37.3016 1.4982 -8.7302
v -35.7143 1.2705 -8.7302
v -34.1270 1.0871 -8.7302
v -32.5397 0.9375 -8.7302
v -30.9524 0.7853 -8.7302
v -29.3651 0.6473 -8.7302
v -27.7778 0.5124 -8.7302
v -26.1905 0.4206 -8.7302
v -24.6032 0.3338 -8.7302
v -23.0159 0.2582 -8.7302
v -21.4286 0.2153 -8.7302
v -19.8413 0.1681 -8.7302
v -18.2540 0.1072 -8.7302
v -16.6667 0.0400 -8.7302
v -15.0794 0.0000 -8.7302
v -13.4921 0.0000 -8.7302
v -11.9048 0.0000 -8.7302
v -10.3175 0.0000 -8.7302
v -8.7302 0.0000 -8.7302
v -7.1429 0.0000 -8.7302
v -5.5556 0.0145 -8.7302
v -3.9683 0.0411 -8.7302
v -2.3810 0.0467 -8.7302
v -0.7937 0.0698 -8.7302
v 0.7937 0.0771 -8.7302
v 2.3810 0.0761 -8.7302
v 3.9683 0.1150 -8.7302
v 5.5556 0.1631 -8.7302
v 7.1429 0.2300 -8.7302
v 8.7302 0.3203 -8.7302
v 10.3175 0.4374 -8.7302
v 11.9048 0.5699 -8.7302
v 13.4921 0.7150 -8.7302
v 15.0794 0.8860 -8.7302
v 16.6667 1.0687 -8.7302
v 18.2540 1.2336 -8.7302
v 19.8413 1.4319 -8.7302
v 21.4286 1.6546 -8.7302
v 23.0159 1.9088 -8.7302
v 24.6032 2.1769 -8.7302
v 26.1905 2.4426 -8.7302
v 27.7778 2.7225 -8.7302
v 29.3651 3.0119 -8.7302
v 30.9524 3.3046 -8.7302
v 32.5397 3.6425 -8.7302
v 34.1270 4.0041 -8.7302
v 35.7143 4.3844 -8.7302
v 37.3016 4.7817 -8.7302
v 38.8889 5.1769 -8.7302
v 40.4762 5.5831 -8.7302
v 42.0635 5.9639 -8.7302
v 43.6508 6.3288 -8.7302
v 45.2381 6.6520 -8.7302
v 46.8254 6.9407 -8.7302
v 48.4127 7.2283 -8.7302
v 50.0000 7.5330 -8.7302
v -50.0000 3.4717 -7.1429
v -48.4127 3.3662 -7.1429
v -46.8254 3.1746 -7.1429
v -45.2381 2.9484 -7.1429
v -43.6508 2.6624 -7.1429
v -42.0635 2.3476 -7.1429
v -40.4762 2.0255 -7.1429
v -38.8889 1.7637 -7.1429
v -37.3016 1.5490 -7.1429
v -35.7143 1.3202 -7.1429
v -34.1270 1.1287 -7.1429
v -32.5397 0.9704 -7.1429
v -30.9524 0.8394 -7.1429
v -29.3651 0.7093 -7.1429
v -27.7778 0.5767 -7.1429
v -26.1905 0.4821 -7.1429
v -24.6032 0.4009 -7.1429
v -23.0159 0.3241 -7.1429
v -21.4286 0.2931 -7.1429
v -19.8413 0.2462 -7.1429
v -18.2540 0.1933 -7.1429
v -16.6667 0.1289 -7.1429
v -15.0794 0.0635 -7.1429
v -13.4921 0.0211 -7.1429
v -11.9048 0.0000 -7.1429
v -10.3175 0.0176 -7.1429
v -8.7302 0.0442 -7.1429
v -7.1429 0.0740 -7.1429
v -5.5556 0.0945 -7.1429
v -3.9683 0.1142 -7.1429
v -2.3810 0.1215 -7.1429
v -0.7937 0.1405 -7.1429
v 0.7937 0.1533 -7.1429
v 2.3810 0.1667 -7.1429
v 3.9683 0.2179 -7.1429
v 5.5556 0.2662 -7.1429
v 7.1429 0.3317 -7.1429
v 8.7302 0.4076 -7.1429
v 10.3175 0.5397 -7.1429
v 11.9048 0.6562 -7.1429
v 13.4921 0.8038 -7.1429
v 15.0794 0.9679 -7.1429
v 16.6667 1.1530 -7.1429
v 18.2540 1.3462 -7.1429
v 19.8413 1.5437 -7.1429
v 21.4286 1.7560 -7.1429
v 23.0159 1.9984 -7.1429
v 24.6032 2.2685 -7.1429
v 26.1905 2.5439 -7.1429
v 27.7778 2.7983 -7.1429
v 29.3651 3.0710 -7.1429
v 30.9524 3.3622 -7.1429
v 32.5397 3.7041 -7.1429
v 34.1270 4.0760 -7.1429
v 35.7143 4.4434 -7.1429
v 37.3016 4.7999 -7.1429
v 38.8889 5.2020 -7.1429
v 40.4762 5.6108 -7.1429
v 42.0635 6.0028 -7.1429
v 43.6508 6.3575 -7.1429
v 45.2381 6.6723 -7.1429
v 46.8254 6.9496 -7.1429
v 48.4127 7.2289 -7.1429
v 50.0000 7.5427 -7.1429
v -50.0000 3.5030 -5.5556
v -48.4127 3.3943 -5.5556
v -46.8254 3.2013 -5.5556
v -45.2381 2.9739 -5.5556
v -43.6508 2.7141 -5.5556
v -42.0635 2.4142 -5.5556
v -40.4762 2.1121 -5.5556
v -38.8889 1.8410 -5.5556
v -37.3016 1.6089 -5.5556
v -35.7143 1.3916 -5.5556
v -34.1270 1.2059 -5.5556
v -32.5397 1.0474 -5.5556
v -30.9524 0.9122 -5.5556
v -29.3651 0.7839 -5.5556
v -27.7778 0.6688 -5.5556
v -26.1905 0.5786 -5.5556
v -24.6032 0.4908 -5.5556
v -23.0159 0.4308 -5.5556
v -21.4286 0.3876 -5.5556
v -19.8413 0.3286 -5.5556
v -18.2540 0.2755 -5.5556
v -16.6667 0.2139 -5.5556
v -15.0794 0.1598 -5.5556
v -13.4921 0.1334 -5.5556
v -11.9048 0.1082 -5.5556
v -10.3175 0.1148 -5.5556
v -8.7302 0.1354 -5.5556
v -7.1429 0.1555 -5.5556
v -5.5556 0.1755 -5.5556
v -3.9683 0.1910 -5.5556
v -2.3810 0.2063 -5.5556
v -0.7937 0.2224 -5.5556
v 0.7937 0.2396 -5.5556
v 2.3810 0.2571 -5.5556
v 3.9683 0.2907 -5.5556
v 5.5556 0.3662 -5.5556
v 7.1429 0.4516 -5.5556
v 8.7302 0.5478 -5.5556
v 10.3175 0.6433 -5.5556
v 11.9048 0.7555 -5.5556
v 13.4921 0.8966 -5.5556
v 15.0794 1.0560 -5.5556
v 16.6667 1.2364 -5.5556
v 18.2540 1.4379 -5.5556
v 19.8413 1.6307 -5.5556
v 21.4286 1.8490 -5.5556
v 23.0159 2.0941 -5.5556
v 24.6032 2.3760 -5.5556
v 26.1905 2.6519 -5.5556
v 27.7778 2.9138 -5.5556
v 29.3651 3.1547 -5.5556
v 30.9524 3.4335 -5.5556
v 32.5397 3.7960 -5.5556
v 34.1270 4.1610 -5.5556
v 35.7143 4.5190 -5.5556
v 37.3016 4.8719 -5.5556
v 38.8889 5.2667 -5.5556
v 40.4762 5.6702 -5.5556
v 42.0635 6.0407 -5.5556
v 43.6508 6.3952 -5.5556
v 45.2381 6.7137 -5.5556
v 46.8254 6.9770 -5.5556
v 48.4127 7.2594 -5.5556
v 50.0000 7.5718 -5.5556
v -50.0000 3.5827 -3.9683
v -48.4127 3.4618 -3.9683
v -46.8254 3.2533 -3.9683
v -45.2381 3.0291 -3.9683
v -43.6508 2.7979 -3.9683
v -42.0635 2.5282 -3.9683
v -40.4762 2.2417 -3.9683
v -38.8889 1.9661 -3.9683
v -37.3016 1.7277 -3.9683
v -35.7143 1.5081 -3.9683
v -34.1270 1.3302 -3.9683
v -32.5397 1.1731 -3.9683
v -30.9524 1.0230 -3.9683
v -29.3651 0.8911 -3.9683
v -27.7778 0.7844 -3.9683
v -26.1905 0.7043 -3.9683
v -24.6032 0.6234 -3.9683
v -23.0159 0.5370 -3.9683
v -21.4286 0.4785 -3.9683
v -19.8413 0.4263 -3.9683
v -18.2540 0.3685 -3.9683
v -16.6667 0.3106 -3.9683
v -15.0794 0.2695 -3.9683
v -13.4921 0.2384 -3.9683
v -11.9048 0.2118 -3.9683
v -10.3175 0.2127 -3.9683
v -8.7302 0.2275 -3.9683
v -7.1429 0.2502 -3.9683
v -5.5556 0.2702 -3.9683
v -3.9683 0.2897 -3.9683
v -2.3810 0.3077 -3.9683
v -0.7937 0.3195 -3.9683
v 0.7937 0.3330 -3.9683
v 2.3810 0.3604 -3.9683
v 3.9683 0.4308 -3.9683
v 5.5556 0.4979 -3.9683
v 7.1429 0.5829 -3.9683
v 8.7302 0.6785 -3.9683
v 10.3175 0.7739 -3.9683
v 11.9048 0.8915 -3.9683
v 13.4921 1.0287 -3.9683
v 15.0794 1.1700 -3.9683
v 16.6667 1.3547 -3.9683
v 18.2540 1.5402 -3.9683
v 19.8413 1.7232 -3.9683
v 21.4286 1.9440 -3.9683
v 23.0159 2.2121 -3.9683
v 24.6032 2.4940 -3.9683
v 26.1905 2.7814 -3.9683
v 27.7778 3.0461 -3.9683
v 29.3651 3.2960 -3.9683
v 30.9524 3.5801 -3.9683
v 32.5397 3.9011 -3.9683
v 34.1270 4.2676 -3.9683
v 35.7143 4.6380 -3.9683
v 37.3016 4.9964 -3.9683
v 38.8889 5.3592 -3.9683
v 40.4762 5.7420 -3.9683
v 42.0635 6.1238 -3.9683
v 43.6508 6.4672 -3.9683
v 45.2381 6.7836 -3.9683
v 46.8254 7.0549 -3.9683
v 48.4127 7.3381 -3.9683
v 50.0000 7.6283 -3.9683
v -50.0000 3.7051 -2.3810
v -48.4127 3.5651 -2.3810
v -46.8254 3.3369 -2.3810
v -45.2381 3.1252 -2.3810
v -43.6508 2.9126 -2.3810
v -42.0635 2.6496 -2.3810
v -40.4762 2.3813 -2.3810
v -38.8889 2.1169 -2.3810
v -37.3016 1.8727 -2.3810
v -35.7143 1.6573 -2.3810
v -34.1270 1.4599 -2.3810
v -32.5397 1.2963 -2.3810
v -30.9524 1.1400 -2.3810
v -29.3651 1.0038 -2.3810
v -27.7778 0.9093 -2.3810
v -26.1905 0.8390 -2.3810
v -24.6032 0.7649 -2.3810
v -23.0159 0.6734 -2.3810
v -21.4286 0.5911 -2.3810
v -19.8413 0.5227 -2.3810
v -18.2540 0.4457 -2.3810
v -16.6667 0.4000 -2.3810
v -15.0794 0.3661 -2.3810
v -13.4921 0.3431 -2.3810
v -11.9048 0.3170 -2.3810
v -10.3175 0.3204 -2.3810
v -8.7302 0.3423 -2.3810
v -7.1429 0.3578 -2.3810
v -5.5556 0.3641 -2.3810
v -3.9683 0.3817 -2.3810
v -2.3810 0.4030 -2.3810
v -0.7937 0.4113 -2.3810
v 0.7937 0.4371 -2.3810
v 2.3810 0.4914 -2.3810
v 3.9683 0.5677 -2.3810
v 5.5556 0.6428 -2.3810
v 7.1429 0.7097 -2.3810
v 8.7302 0.8039 -2.3810
v 10.3175 0.9037 -2.3810
v 11.9048 1.0154 -2.3810
v 13.4921 1.1501 -2.3810
v 15.0794 1.3036 -2.3810
v 16.6667 1.4765 -2.3810
v 18.2540 1.6537 -2.3810
v 19.8413 1.8461 -2.3810
v 21.4286 2.0633 -2.3810
v 23.0159 2.3210 -2.3810
v 24.6032 2.6154 -2.3810
v 26.1905 2.8827 -2.3810
v 27.7778 3.1593 -2.3810
v 29.3651 3.4213 -2.3810
v 30.9524 3.7016 -2.3810
v 32.5397 4.0219 -2.3810
v 34.1270 4.3754 -2.3810
v 35.7143 4.7407 -2.3810
v 37.3016 5.0994 -2.3810
v 38.8889 5.4481 -2.3810
v 40.4762 5.8221 -2.3810
v 42.0635 6.2001 -2.3810
v 43.6508 6.5374 -2.3810
v 45.2381 6.8576 -2.3810
v 46.8254 7.1351 -2.3810
v 48.4127 7.4116 -2.3810
v 50.0000 7.7148 -2.3810
v -50.0000 3.7936 -0.7937
v -48.4127 3.6478 -0.7937
v -46.8254 3.4349 -0.7937
v -45.2381 3.2372 -0.7937
v -43.6508 3.0374 -0.7937
v -42.0635 2.7776 -0.7937
v -40.4762 2.5353 -0.7937
v -38.8889 2.2812 -0.7937
v -37.3016 2.0465 -0.7937
v -35.7143 1.8212 -0.7937
v -34.1270 1.6178 -0.7937
v -32.5397 1.4441 -0.7937
v -30.9524 1.2751 -0.7937
v -29.3651 1.1276 -0.7937
v -27.7778 1.0352 -0.7937
v -26.1905 0.9698 -0.7937
v -24.6032 0.9153 -0.7937
v -23.0159 0.8093 -0.7937
v -21.4286 0.7095 -0.7937
v -19.8413 0.6388 -0.7937
v -18.2540 0.5451 -0.7937
v -16.6667 0.4903 -0.7937
v -15.0794 0.4702 -0.7937
v -13.4921 0.4523 -0.7937
v -11.9048 0.4346 -0.7937
v -10.3175 0.4507 -0.7937
v -8.7302 0.4664 -0.7937
v -7.1429 0.4666 -0.7937
v -5.5556 0.4794 -0.7937
v -3.9683 0.4965 -0.7937
v -2.3810 0.5074 -0.7937
v -0.7937 0.5105 -0.7937
v 0.7937 0.5498 -0.7937
v 2.3810 0.6101 -0.7937
v 3.9683 0.6892 -0.7937
v 5.5556 0.7691 -0.7937
v 7.1429 0.8378 -0.7937
v 8.7302 0.9171 -0.7937
v 10.3175 1.0202 -0.7937
v 11.9048 1.1388 -0.7937
v 13.4921 1.2662 -0.7937
v 15.0794 1.4272 -0.7937
v 16.6667 1.6079 -0.7937
v 18.2540 1.7974 -0.7937
v 19.8413 1.9948 -0.7937
v 21.4286 2.1931 -0.7937
v 23.0159 2.4489 -0.7937
v 24.6032 2.7280 -0.7937
v 26.1905 3.0049 -0.7937
v 27.7778 3.2785 -0.7937
v 29.3651 3.5420 -0.7937
v 30.9524 3.8177 -0.7937
v 32.5397 4.1257 -0.7937
v 34.1270 4.4761 -0.7937
v 35.7143 4.8351 -0.7937
v 37.3016 5.1855 -0.7937
v 38.8889 5.5457 -0.7937
v 40.4762 5.9261 -0.7937
v 42.0635 6.2940 -0.7937
v 43.6508 6.6299 -0.7937
v 45.2381 6.9500 -0.7937
v 46.8254 7.2278 -0.7937
v 48.4127 7.5086 -0.7937
v 50.0000 7.8107 -0.7937
v -50.0000 3.9194 0.7937
v -48.4127 3.7632 0.7937
v -46.8254 3.5679 0.7937
v -45.2381 3.3779 0.7937
v -43.6508 3.1817 0.7937
v -42.0635 2.9410 0.7937
v -40.4762 2.7069 0.7937
v -38.8889 2.4565 0.7937
v -37.3016 2.2278 0.7937
v -35.7143 1.9928 0.7937
v -34.1270 1.7828 0.7937
v -32.5397 1.6117 0.7937
v -30.9524 1.4501 0.7937
v -29.3651 1.3041 0.7937
v -27.7778 1.2072 0.7937
v -26.1905 1.1270 0.7937
v -24.6032 1.0569 0.7937
v -23.0159 0.9586 0.7937
v -21.4286 0.8685 0.7937
v -19.8413 0.7868 0.7937
v -18.2540 0.7014 0.7937
v -16.6667 0.6353 0.7937
v -15.0794 0.5984 0.7937
v -13.4921 0.5929 0.7937
v -11.9048 0.5809 0.7937
v -10.3175 0.6025 0.7937
v -8.7302 0.6042 0.7937
v -7.1429 0.6131 0.7937
v -5.5556 0.6317 0.7937
v -3.9683 0.6295 0.7937
v -2.3810 0.6286 0.7937
v -0.7937 0.6342 0.7937
v 0.7937 0.6844 0.7937
v 2.3810 0.7411 0.7937
v 3.9683 0.8036 0.7937
v 5.5556 0.8908 0.7937
v 7.1429 0.9669 0.7937
v 8.7302 1.0487 0.7937
v 10.3175 1.1595 0.7937
v 11.9048 1.2724 0.7937
v 13.4921 1.4102 0.7937
v 15.0794 1.5749 0.7937
v 16.6667 1.7530 0.7937
v 18.2540 1.9581 0.7937
v 19.8413 2.1591 0.7937
v 21.4286 2.3665 0.7937
v 23.0159 2.5935 0.7937
v 24.6032 2.8711 0.7937
v 26.1905 3.1611 0.7937
v 27.7778 3.4295 0.7937
v 29.3651 3.7021 0.7937
v 30.9524 3.9617 0.7937
v 32.5397 4.2535 0.7937
v 34.1270 4.5950 0.7937
v 35.7143 4.9602 0.7937
v 37.3016 5.3095 0.7937
v 38.8889 5.6828 0.7937
v 40.4762 6.0743 0.7937
v 42.0635 6.4436 0.7937
v 43.6508 6.7716 0.7937
v 45.2381 7.0869 0.7937
v 46.8254 7.3739 0.7937
v 48.4127 7.6468 0.7937
v 50.0000 7.9512 0.7937
v -50.0000 4.0795 2.3810
v -48.4127 3.9431 2.3810
v -46.8254 3.7447 2.3810
v -45.2381 3.5687 2.3810
v -43.6508 3.3578 2.3810
v -42.0635 3.1275 2.3810
v -40.4762 2.8934 2.3810
v -38.8889 2.6370 2.3810
v -37.3016 2.4026 2.3810
v -35.7143 2.1615 2.3810
v -34.1270 1.9501 2.3810
v -32.5397 1.7786 2.3810
v -30.9524 1.6122 2.3810
v -29.3651 1.4831 2.3810
v -27.7778 1.3781 2.3810
v -26.1905 1.2948 2.3810
v -24.6032 1.2191 2.3810
v -23.0159 1.1429 2.3810
v -21.4286 1.0635 2.3810
v -19.8413 0.9742 2.3810
v -18.2540 0.8831 2.3810
v -16.6667 0.8219 2.3810
v -15.0794 0.7814 2.3810
v -13.4921 0.7531 2.3810
v -11.9048 0.7480 2.3810
v -10.3175 0.7584 2.3810
v -8.7302 0.7578 2.3810
v -7.1429 0.7761 2.3810
v -5.5556 0.7919 2.3810
v -3.9683 0.7912 2.3810
v -2.3810 0.7843 2.3810
v -0.7937 0.7911 2.3810
v 0.7937 0.8349 2.3810
v 2.3810 0.8901 2.3810
v 3.9683 0.9563 2.3810
v 5.5556 1.0460 2.3810
v 7.1429 1.1325 2.3810
v 8.7302 1.2032 2.3810
v 10.3175 1.3107 2.3810
v 11.9048 1.4269 2.3810
v 13.4921 1.5659 2.3810
v 15.0794 1.7336 2.3810
v 16.6667 1.9203 2.3810
v 18.2540 2.1300 2.3810
v 19.8413 2.3370 2.3810
v 21.4286 2.5452 2.3810
v 23.0159 2.7742 2.3810
v 24.6032 3.0505 2.3810
v 26.1905 3.3231 2.3810
v 27.7778 3.5951 2.3810
v 29.3651 3.8690 2.3810
v 30.9524 4.1500 2.3810
v 32.5397 4.4346 2.3810
v 34.1270 4.7638 2.3810
v 35.7143 5.1384 2.3810
v 37.3016 5.4969 2.3810
v 38.8889 5.8605 2.3810
v 40.4762 6.2479 2.3810
v 42.0635 6.6162 2.3810
v 43.6508 6.9414 2.3810
v 45.2381 7.2585 2.3810
v 46.8254 7.5478 2.3810
v 48.4127 7.8297 2.3810
v 50.0000 8.1356 2.3810
v -50.0000 4.2917 3.9683
v -48.4127 4.1588 3.9683
v -46.8254 3.9864 3.9683
v -45.2381 3.8112 3.9683
v -43.6508 3.5924 3.9683
v -42.0635 3.3525 3.9683
v -40.4762 3.1159 3.9683
v -38.8889 2.8581 3.9683
v -37.3016 2.6399 3.9683
v -35.7143 2.3920 3.9683
v -34.1270 2.1618 3.9683
v -32.5397 1.9838 3.9683
v -30.9524 1.8164 3.9683
v -29.3651 1.6932 3.9683
v -27.7778 1.5785 3.9683
v -26.1905 1.4712 3.9683
v -24.6032 1.3849 3.9683
v -23.0159 1.3135 3.9683
v -21.4286 1.2522 3.9683
v -19.8413 1.1822 3.9683
v -18.2540 1.0984 3.9683
v -16.6667 1.0329 3.9683
v -15.0794 0.9932 3.9683
v -13.4921 0.9793 3.9683
v -11.9048 0.9578 3.9683
v -10.3175 0.9524 3.9683
v -8.7302 0.9587 3.9683
v -7.1429 0.9770 3.9683
v -5.5556 0.9758 3.9683
v -3.9683 0.9736 3.9683
v -2.3810 0.9834 3.9683
v -0.7937 1.0045 3.9683
v 0.7937 1.0490 3.9683
v 2.3810 1.0953 3.9683
v 3.9683 1.1560 3.9683
v 5.5556 1.2318 3.9683
v 7.1429 1.3241 3.9683
v 8.7302 1.4030 3.9683
v 10.3175 1.5003 3.9683
v 11.9048 1.6148 3.9683
v 13.4921 1.7556 3.9683
v 15.0794 1.9283 3.9683
v 16.6667 2.1342 3.9683
v 18.2540 2.3489 3.9683
v 19.8413 2.5650 3.9683
v 21.4286 2.7840 3.9683
v 23.0159 3.0032 3.9683
v 24.6032 3.2669 3.9683
v 26.1905 3.5343 3.9683
v 27.7778 3.7983 3.9683
v 29.3651 4.0858 3.9683
v 30.9524 4.3847 3.9683
v 32.5397 4.6824 3.9683
v 34.1270 4.9995 3.9683
v 35.7143 5.3581 3.9683
v 37.3016 5.7318 3.9683
v 38.8889 6.0921 3.9683
v 40.4762 6.4589 3.9683
v 42.0635 6.8193 3.9683
v 43.6508 7.1525 3.9683
v 45.2381 7.4536 3.9683
v 46.8254 7.7337 3.9683
v 48.4127 8.0190 3.9683
v 50.0000 8.3584 3.9683
v -50.0000 4.4973 5.5556
v -48.4127 4.3939 5.5556
v -46.8254 4.2372 5.5556
v -45.2381 4.0815 5.5556
v -43.6508 3.8608 5.5556
v -42.0635 3.6057 5.5556
v -40.4762 3.3683 5.5556
v -38.8889 3.1109 5.5556
v -37.3016 2.8887 5.5556
v -35.7143 2.6564 5.5556
v -34.1270 2.4208 5.5556
v -32.5397 2.2181 5.5556
v -30.9524 2.0467 5.5556
v -29.3651 1.9266 5.5556
v -27.7778 1.8033 5.5556
v -26.1905 1.6757 5.5556
v -24.6032 1.5638 5.5556
v -23.0159 1.5025 5.5556
v -21.4286 1.4624 5.5556
v -19.8413 1.3989 5.5556
v -18.2540 1.3476 5.5556
v -16.6667 1.2860 5.5556
v -15.0794 1.2378 5.5556
v -13.4921 1.2120 5.5556
v -11.9048 1.1968 5.5556
v -10.3175 1.1793 5.5556
v -8.7302 1.1859 5.5556
v -7.1429 1.1929 5.5556
v -5.5556 1.1985 5.5556
v -3.9683 1.1960 5.5556
v -2.3810 1.2212 5.5556
v -0.7937 1.2659 5.5556
v 0.7937 1.3120 5.5556
v 2.3810 1.3480 5.5556
v 3.9683 1.3890 5.5556
v 5.5556 1.4548 5.5556
v 7.1429 1.5274 5.5556
v 8.7302 1.6182 5.5556
v 10.3175 1.7031 5.5556
v 11.9048 1.8262 5.5556
v 13.4921 1.9820 5.5556
v 15.0794 2.1658 5.5556
v 16.6667 2.3895 5.5556
v 18.2540 2.6061 5.5556
v 19.8413 2.8249 5.5556
v 21.4286 3.0367 5.5556
v 23.0159 3.2468 5.5556
v 24.6032 3.5000 5.5556
v 26.1905 3.7631 5.5556
v 27.7778 4.0272 5.5556
v 29.3651 4.3143 5.5556
v 30.9524 4.6183 5.5556
v 32.5397 4.9151 5.5556
v 34.1270 5.2495 5.5556
v 35.7143 5.6030 5.5556
v 37.3016 5.9697 5.5556
v 38.8889 6.3356 5.5556
v 40.4762 6.7095 5.5556
v 42.0635 7.0582 5.5556
v 43.6508 7.3895 5.5556
v 45.2381 7.6830 5.5556
v 46.8254 7.9504 5.5556
v 48.4127 8.2393 5.5556
v 50.0000 8.5602 5.5556
v -50.0000 4.7798 7.1429
v -48.4127 4.6665 7.1429
v -46.8254 4.5172 7.1429
v -45.2381 4.3528 7.1429
v -43.6508 4.1357 7.1429
v -42.0635 3.8687 7.1429
v -40.4762 3.6263 7.1429
v -38.8889 3.3777 7.1429
v -37.3016 3.1608 7.1429
v -35.7143 2.9344 7.1429
v -34.1270 2.6979 7.1429
v -32.5397 2.4950 7.1429
v -30.9524 2.3267 7.1429
v -29.3651 2.1919 7.1429
v -27.7778 2.0701 7.1429
v -26.1905 1.9255 7.1429
v -24.6032 1.8113 7.1429
v -23.0159 1.7443 7.1429
v -21.4286 1.7127 7.1429
v -19.8413 1.6626 7.1429
v -18.2540 1.6310 7.1429
v -16.6667 1.5779 7.1429
v -15.0794 1.5371 7.1429
v -13.4921 1.5129 7.1429
v -11.9048 1.4992 7.1429
v -10.3175 1.4755 7.1429
v -8.7302 1.4952 7.1429
v -7.1429 1.4966 7.1429
v -5.5556 1.5068 7.1429
v -3.9683 1.5169 7.1429
v -2.3810 1.5404 7.1429
v -0.7937 1.5811 7.1429
v 0.7937 1.6344 7.1429
v 2.3810 1.6776 7.1429
v 3.9683 1.7245 7.1429
v 5.5556 1.7768 7.1429
v 7.1429 1.8359 7.1429
v 8.7302 1.9215 7.1429
v 10.3175 2.0146 7.1429
v 11.9048 2.1235 7.1429
v 13.4921 2.2802 7.1429
v 15.0794 2.4632 7.1429
v 16.6667 2.6926 7.1429
v 18.2540 2.9124 7.1429
v 19.8413 3.1296 7.1429
v 21.4286 3.3314 7.1429
v 23.0159 3.5452 7.1429
v 24.6032 3.7923 7.1429
v 26.1905 4.0442 7.1429
v 27.7778 4.3119 7.1429
v 29.3651 4.5926 7.1429
v 30.9524 4.8887 7.1429
v 32.5397 5.1826 7.1429
v 34.1270 5.5378 7.1429
v 35.7143 5.8944 7.1429
v 37.3016 6.2440 7.1429
v 38.8889 6.6183 7.1429
v 40.4762 6.9930 7.1429
v 42.0635 7.3487 7.1429
v 43.6508 7.6661 7.1429
v 45.2381 7.9510 7.1429
v 46.8254 8.2259 7.1429
v 48.4127 8.5180 7.1429
v 50.0000 8.8661 7.1429
v -50.0000 5.1275 8.7302
v -48.4127 4.9947 8.7302
v -46.8254 4.8299 8.7302
v -45.2381 4.6449 8.7302
v -43.6508 4.4188 8.7302
v -42.0635 4.1537 8.7302
v -40.4762 3.9058 8.7302
v -38.8889 3.6636 8.7302
v -37.3016 3.4428 8.7302
v -35.7143 3.2154 8.7302
v -34.1270 2.9848 8.7302
v -32.5397 2.7845 8.7302
v -30.9524 2.6067 8.7302
v -29.3651 2.4642 8.7302
v -27.7778 2.3346 8.7302
v -26.1905 2.1905 8.7302
v -24.6032 2.0882 8.7302
v -23.0159 2.0214 8.7302
v -21.4286 1.9855 8.7302
v -19.8413 1.9463 8.7302
v -18.2540 1.9259 8.7302
v -16.6667 1.8873 8.7302
v -15.0794 1.8666 8.7302
v -13.4921 1.8465 8.7302
v -11.9048 1.8416 8.7302
v -10.3175 1.8393 8.7302
v -8.7302 1.8377 8.7302
v -7.1429 1.8463 8.7302
v -5.5556 1.8545 8.7302
v -3.9683 1.8604 8.7302
v -2.3810 1.8802 8.7302
v -0.7937 1.9177 8.7302
v 0.7937 1.9849 8.7302
v 2.3810 2.0515 8.7302
v 3.9683 2.1206 8.7302
v 5.5556 2.1623 8.7302
v 7.1429 2.2149 8.7302
v 8.7302 2.2804 8.7302
v 10.3175 2.3754 8.7302
v 11.9048 2.4753 8.7302
v 13.4921 2.6161 8.7302
v 15.0794 2.7981 8.7302
v 16.6667 3.0219 8.7302
v 18.2540 3.2397 8.7302
v 19.8413 3.4423 8.7302
v 21.4286 3.6546 8.7302
v 23.0159 3.8598 8.7302
v 24.6032 4.1081 8.7302
v 26.1905 4.3653 8.7302
v 27.7778 4.6232 8.7302
v 29.3651 4.8936 8.7302
v 30.9524 5.1674 8.7302
v 32.5397 5.4646 8.7302
v 34.1270 5.8267 8.7302
v 35.7143 6.2037 8.7302
v 37.3016 6.5648 8.7302
v 38.8889 6.9232 8.7302
v 40.4762 7.2770 8.7302
v 42.0635 7.6363 8.7302
v 43.6508 7.9543 8.7302
v 45.2381 8.2434 8.7302
v 46.8254 8.5168 8.7302
v 48.4127 8.8320 8.7302
v 50.0000 9.1723 8.7302
v -50.0000 5.4682 10.3175
v -48.4127 5.3461 10.3175
v -46.8254 5.1700 10.3175
v -45.2381 4.9830 10.3175
v -43.6508 4.7434 10.3175
v -42.0635 4.4782 10.3175
v -40.4762 4.2254 10.3175
v -38.8889 3.9776 10.3175
v -37.3016 3.7576 10.3175
v -35.7143 3.5207 10.3175
v -34.1270 3.2952 10.3175
v -32.5397 3.0861 10.3175
v -30.9524 2.9252 10.3175
v -29.3651 2.7779 10.3175
v -27.7778 2.6427 10.3175
v -26.1905 2.5178 10.3175
v -24.6032 2.4171 10.3175
v -23.0159 2.3429 10.3175
v -21.4286 2.3069 10.3175
v -19.8413 2.2675 10.3175
v -18.2540 2.2404 10.3175
v -16.6667 2.2011 10.3175
v -15.0794 2.2091 10.3175
v -13.4921 2.1999 10.3175
v -11.9048 2.1991 10.3175
v -10.3175 2.2124 10.3175
v -8.7302 2.2318 10.3175
v -7.1429 2.2393 10.3175
v -5.5556 2.2388 10.3175
v -3.9683 2.2293 10.3175
v -2.3810 2.2522 10.3175
v -0.7937 2.2885 10.3175
v 0.7937 2.3482 10.3175
v 2.3810 2.4230 10.3175
v 3.9683 2.5034 10.3175
v 5.5556 2.5715 10.3175
v 7.1429 2.6287 10.3175
v 8.7302 2.6917 10.3175
v 10.3175 2.7802 10.3175
v 11.9048 2.8872 10.3175
v 13.4921 3.0164 10.3175
v 15.0794 3.1853 10.3175
v 16.6667 3.3876 10.3175
v 18.2540 3.6016 10.3175
v 19.8413 3.8046 10.3175
v 21.4286 4.0122 10.3175
v 23.0159 4.2205 10.3175
v 24.6032 4.4705 10.3175
v 26.1905 4.7196 10.3175
v 27.7778 4.9601 10.3175
v 29.3651 5.2216 10.3175
v 30.9524 5.4950 10.3175
v 32.5397 5.7939 10.3175
v 34.1270 6.1441 10.3175
v 35.7143 6.5298 10.3175
v 37.3016 6.9094 10.3175
v 38.8889 7.2588 10.3175
v 40.4762 7.6052 10.3175
v 42.0635 7.9453 10.3175
v 43.6508 8.2605 10.3175
v 45.2381 8.5646 10.3175
v 46.8254 8.8301 10.3175
v 48.4127 9.1462 10.3175
v 50.0000 9.5014 10.3175
v -50.0000 5.8342 11.9048
v -48.4127 5.7355 11.9048
v -46.8254 5.5556 11.9048
v -45.2381 5.3425 11.9048
v -43.6508 5.1155 11.9048
v -42.0635 4.8587 11.9048
v -40.4762 4.6046 11.9048
v -38.8889 4.3451 11.9048
v -37.3016 4.1229 11.9048
v -35.7143 3.8941 11.9048
v -34.1270 3.6594 11.9048
v -32.5397 3.4639 11.9048
v -30.9524 3.3052 11.9048
v -29.3651 3.1538 11.9048
v -27.7778 3.0145 11.9048
v -26.1905 2.8851 11.9048
v -24.6032 2.7945 11.9048
v -23.0159 2.7141 11.9048
v -21.4286 2.6621 11.9048
v -19.8413 2.6285 11.9048
v -18.2540 2.6096 11.9048
v -16.6667 2.5918 11.9048
v -15.0794 2.5903 11.9048
v -13.4921 2.6006 11.9048
v -11.9048 2.5938 11.9048
v -10.3175 2.6148 11.9048
v -8.7302 2.6312 11.9048
v -7.1429 2.6443 11.9048
v -5.5556 2.6538 11.9048
v -3.9683 2.6382 11.9048
v -2.3810 2.6453 11.9048
v -0.7937 2.6744 11.9048
v 0.7937 2.7291 11.9048
v 2.3810 2.8021 11.9048
v 3.9683 2.8781 11.9048
v 5.5556 2.9595 11.9048
v 7.1429 3.0368 11.9048
v 8.7302 3.1093 11.9048
v 10.3175 3.2036 11.9048
v 11.9048 3.3143 11.9048
v 13.4921 3.4382 11.9048
v 15.0794 3.6010 11.9048
v 16.6667 3.7883 11.9048
v 18.2540 3.9892 11.9048
v 19.8413 4.1797 11.9048
v 21.4286 4.3862 11.9048
v 23.0159 4.5928 11.9048
v 24.6032 4.8324 11.9048
v 26.1905 5.0746 11.9048
v 27.7778 5.3104 11.9048
v 29.3651 5.5757 11.9048
v 30.9524 5.8622 11.9048
v 32.5397 6.1633 11.9048
v 34.1270 6.4939 11.9048
v 35.7143 6.8768 11.9048
v 37.3016 7.2593 11.9048
v 38.8889 7.6082 11.9048
v 40.4762 7.9510 11.9048
v 42.0635 8.2907 11.9048
v 43.6508 8.6104 11.9048
v 45.2381 8.9182 11.9048
v 46.8254 9.1923 11.9048
v 48.4127 9.4828 11.9048
v 50.0000 9.8113 11.9048
v -50.0000 6.2066 13.4921
v -48.4127 6.1349 13.4921
v -46.8254 5.9526 13.4921
v -45.2381 5.7388 13.4921
v -43.6508 5.5160 13.4921
v -42.0635 5.2609 13.4921
v -40.4762 5.0029 13.4921
v -38.8889 4.7377 13.4921
v -37.3016 4.5176 13.4921
v -35.7143 4.2788 13.4921
v -34.1270 4.0423 13.4921
v -32.5397 3.8604 13.4921
v -30.9524 3.7032 13.4921
v -29.3651 3.5575 13.4921
v -27.7778 3.4349 13.4921
v -26.1905 3.3290 13.4921
v -24.6032 3.2370 13.4921
v -23.0159 3.1370 13.4921
v -21.4286 3.0683 13.4921
v -19.8413 3.0177 13.4921
v -18.2540 2.9852 13.4921
v -16.6667 2.9690 13.4921
v -15.0794 2.9700 13.4921
v -13.4921 2.9885 13.4921
v -11.9048 2.9951 13.4921
v -10.3175 3.0179 13.4921
v -8.7302 3.0247 13.4921
v -7.1429 3.0417 13.4921
v -5.5556 3.0597 13.4921
v -3.9683 3.0486 13.4921
v -2.3810 3.0457 13.4921
v -0.7937 3.0678 13.4921
v 0.7937 3.1098 13.4921
v 2.3810 3.1786 13.4921
v 3.9683 3.2484 13.4921
v 5.5556 3.3128 13.4921
v 7.1429 3.4106 13.4921
v 8.7302 3.4996 13.4921
v 10.3175 3.5998 13.4921
v 11.9048 3.7151 13.4921
v 13.4921 3.8507 13.4921
v 15.0794 4.0158 13.4921
v 16.6667 4.1877 13.4921
v 18.2540 4.3731 13.4921
v 19.8413 4.5474 13.4921
v 21.4286 4.7363 13.4921
v 23.0159 4.9463 13.4921
v 24.6032 5.1972 13.4921
v 26.1905 5.4322 13.4921
v 27.7778 5.6926 13.4921
v 29.3651 5.9384 13.4921
v 30.9524 6.2226 13.4921
v 32.5397 6.5451 13.4921
v 34.1270 6.8917 13.4921
v 35.7143 7.2532 13.4921
v 37.3016 7.6268 13.4921
v 38.8889 7.9686 13.4921
v 40.4762 8.3189 13.4921
v 42.0635 8.6645 13.4921
v 43.6508 8.9943 13.4921
v 45.2381 9.3004 13.4921
v 46.8254 9.5730 13.4921
v 48.4127 9.8607 13.4921
v 50.0000 10.1642 13.4921
v -50.0000 6.6267 15.0794
v -48.4127 6.5401 15.0794
v -46.8254 6.3555 15.0794
v -45.2381 6.1513 15.0794
v -43.6508 5.9450 15.0794
v -42.0635 5.7112 15.0794
v -40.4762 5.4549 15.0794
v -38.8889 5.1816 15.0794
v -37.3016 4.9482 15.0794
v -35.7143 4.7111 15.0794
v -34.1270 4.4861 15.0794
v -32.5397 4.3237 15.0794
v -30.9524 4.1620 15.0794
v -29.3651 4.0160 15.0794
v -27.7778 3.9152 15.0794
v -26.1905 3.8158 15.0794
v -24.6032 3.7295 15.0794
v -23.0159 3.6148 15.0794
v -21.4286 3.5290 15.0794
v -19.8413 3.4656 15.0794
v -18.2540 3.4183 15.0794
v -16.6667 3.3931 15.0794
v -15.0794 3.3933 15.0794
v -13.4921 3.4153 15.0794
v -11.9048 3.4272 15.0794
v -10.3175 3.4413 15.0794
v -8.7302 3.4603 15.0794
v -7.1429 3.4714 15.0794
v -5.5556 3.4808 15.0794
v -3.9683 3.4796 15.0794
v -2.3810 3.4778 15.0794
v -0.7937 3.4890 15.0794
v 0.7937 3.5191 15.0794
v 2.3810 3.5705 15.0794
v 3.9683 3.6338 15.0794
v 5.5556 3.6978 15.0794
v 7.1429 3.7873 15.0794
v 8.7302 3.8821 15.0794
v 10.3175 3.9752 15.0794
v 11.9048 4.1168 15.0794
v 13.4921 4.2582 15.0794
v 15.0794 4.4365 15.0794
v 16.6667 4.5967 15.0794
v 18.2540 4.7613 15.0794
v 19.8413 4.9279 15.0794
v 21.4286 5.1194 15.0794
v 23.0159 5.3455 15.0794
v 24.6032 5.5815 15.0794
v 26.1905 5.8286 15.0794
v 27.7778 6.0756 15.0794
v 29.3651 6.3299 15.0794
v 30.9524 6.6294 15.0794
v 32.5397 6.9535 15.0794
v 34.1270 7.2922 15.0794
v 35.7143 7.6590 15.0794
v 37.3016 8.0217 15.0794
v 38.8889 8.3734 15.0794
v 40.4762 8.7299 15.0794
v 42.0635 9.0799 15.0794
v 43.6508 9.4235 15.0794
v 45.2381 9.7192 15.0794
v 46.8254 9.9951 15.0794
v 48.4127 10.2895 15.0794
v 50.0000 10.6066 15.0794
v -50.0000 7.0169 16.6667
v -48.4127 6.9480 16.6667
v -46.8254 6.7795 16.6667
v -45.2381 6.5712 16.6667
v -43.6508 6.3625 16.6667
v -42.0635 6.1459 16.6667
v -40.4762 5.8943 16.6667
v -38.8889 5.6077 16.6667
v -37.3016 5.3616 16.6667
v -35.7143 5.1393 16.6667
v -34.1270 4.9249 16.6667
v -32.5397 4.7911 16.6667
v -30.9524 4.6388 16.6667
v -29.3651 4.5096 16.6667
v -27.7778 4.4112 16.6667
v -26.1905 4.3115 16.6667
v -24.6032 4.2016 16.6667
v -23.0159 4.0998 16.6667
v -21.4286 3.9775 16.6667
v -19.8413 3.8925 16.6667
v -18.2540 3.8542 16.6667
v -16.6667 3.8234 16.6667
v -15.0794 3.8390 16.6667
v -13.4921 3.8558 16.6667
v -11.9048 3.8575 16.6667
v -10.3175 3.8793 16.6667
v -8.7302 3.9046 16.6667
v -7.1429 3.9132 16.6667
v -5.5556 3.9127 16.6667
v -3.9683 3.8981 16.6667
v -2.3810 3.9013 16.6667
v -0.7937 3.9086 16.6667
v 0.7937 3.9292 16.6667
v 2.3810 3.9668 16.6667
v 3.9683 4.0339 16.6667
v 5.5556 4.1000 16.6667
v 7.1429 4.1830 16.6667
v 8.7302 4.2827 16.6667
v 10.3175 4.3912 16.6667
v 11.9048 4.5173 16.6667
v 13.4921 4.6538 16.6667
v 15.0794 4.8204 16.6667
v 16.6667 4.9906 16.6667
v 18.2540 5.1384 16.6667
v 19.8413 5.2938 16.6667
v 21.4286 5.5122 16.6667
v 23.0159 5.7420 16.6667
v 24.6032 5.9837 16.6667
v 26.1905 6.2146 16.6667
v 27.7778 6.4690 16.6667
v 29.3651 6.7372 16.6667
v 30.9524 7.0471 16.6667
v 32.5397 7.3493 16.6667
v 34.1270 7.6832 16.6667
v 35.7143 8.0601 16.6667
v 37.3016 8.4378 16.6667
v 38.8889 8.7881 16.6667
v 40.4762 9.1601 16.6667
v 42.0635 9.5179 16.6667
v 43.6508 9.8429 16.6667
v 45.2381 10.1604 16.6667
v 46.8254 10.4463 16.6667
v 48.4127 10.7366 16.6667
v 50.0000 11.0442 16.6667
v -50.0000 7.4288 18.2540
v -48.4127 7.3659 18.2540
v -46.8254 7.2245 18.2540
v -45.2381 7.0313 18.2540
v -43.6508 6.8405 18.2540
v -42.0635 6.6361 18.2540
v -40.4762 6.3843 18.2540
v -38.8889 6.1302 18.2540
v -37.3016 5.8632 18.2540
v -35.7143 5.6301 18.2540
v -34.1270 5.4591 18.2540
v -32.5397 5.2998 18.2540
v -30.9524 5.1563 18.2540
v -29.3651 5.0417 18.2540
v -27.7778 4.9430 18.2540
v -26.1905 4.8318 18.2540
v -24.6032 4.7280 18.2540
v -23.0159 4.6114 18.2540
v -21.4286 4.4794 18.2540
v -19.8413 4.3701 18.2540
v -18.2540 4.3432 18.2540
v -16.6667 4.3228 18.2540
v -15.0794 4.3191 18.2540
v -13.4921 4.3139 18.2540
v -11.9048 4.3151 18.2540
v -10.3175 4.3438 18.2540
v -8.7302 4.3653 18.2540
v -7.1429 4.3728 18.2540
v -5.5556 4.3786 18.2540
v -3.9683 4.3666 18.2540
v -2.3810 4.3614 18.2540
v -0.7937 4.3746 18.2540
v 0.7937 4.3910 18.2540
v 2.3810 4.4172 18.2540
v 3.9683 4.4751 18.2540
v 5.5556 4.5430 18.2540
v 7.1429 4.6262 18.2540
v 8.7302 4.7195 18.2540
v 10.3175 4.8156 18.2540
v 11.9048 4.9289 18.2540
v 13.4921 5.0653 18.2540
v 15.0794 5.2178 18.2540
v 16.6667 5.3836 18.2540
v 18.2540 5.5417 18.2540
v 19.8413 5.7077 18.2540
v 21.4286 5.9107 18.2540
v 23.0159 6.1420 18.2540
v 24.6032 6.3867 18.2540
v 26.1905 6.6379 18.2540
v 27.7778 6.8838 18.2540
v 29.3651 7.1745 18.2540
v 30.9524 7.4555 18.2540
v 32.5397 7.7491 18.2540
v 34.1270 8.0919 18.2540
v 35.7143 8.4822 18.2540
v 37.3016 8.8698 18.2540
v 38.8889 9.2267 18.2540
v 40.4762 9.5944 18.2540
v 42.0635 9.9577 18.2540
v 43.6508 10.2901 18.2540
v 45.2381 10.6013 18.2540
v 46.8254 10.8898 18.2540
v 48.4127 11.1893 18.2540
v 50.0000 11.4939 18.2540
v -50.0000 7.9193 19.8413
v -48.4127 7.8349 19.8413
v -46.8254 7.6833 19.8413
v -45.2381 7.4997 19.8413
v -43.6508 7.3260 19.8413
v -42.0635 7.1349 19.8413
v -40.4762 6.8997 19.8413
v -38.8889 6.6489 19.8413
v -37.3016 6.3919 19.8413
v -35.7143 6.1664 19.8413
v -34.1270 5.9781 19.8413
v -32.5397 5.8262 19.8413
v -30.9524 5.6885 19.8413
v -29.3651 5.5536 19.8413
v -27.7778 5.4477 19.8413
v -26.1905 5.3538 19.8413
v -24.6032 5.2670 19.8413
v -23.0159 5.1441 19.8413
v -21.4286 5.0155 19.8413
v -19.8413 4.9125 19.8413
v -18.2540 4.8519 19.8413
v -16.6667 4.8155 19.8413
v -15.0794 4.8011 19.8413
v -13.4921 4.7875 19.8413
v -11.9048 4.7852 19.8413
v -10.3175 4.8078 19.8413
v -8.7302 4.8247 19.8413
v -7.1429 4.8253 19.8413
v -5.5556 4.8423 19.8413
v -3.9683 4.8389 19.8413
v -2.3810 4.8219 19.8413
v -0.7937 4.8385 19.8413
v 0.7937 4.8596 19.8413
v 2.3810 4.8973 19.8413
v 3.9683 4.9552 19.8413
v 5.5556 5.0332 19.8413
v 7.1429 5.1177 19.8413
v 8.7302 5.1960 19.8413
v 10.3175 5.2878 19.8413
v 11.9048 5.4032 19.8413
v 13.4921 5.5236 19.8413
v 15.0794 5.6588 19.8413
v 16.6667 5.8251 19.8413
v 18.2540 5.9805 19.8413
v 19.8413 6.1452 19.8413
v 21.4286 6.3324 19.8413
v 23.0159 6.5179 19.8413
v 24.6032 6.7700 19.8413
v 26.1905 7.0244 19.8413
v 27.7778 7.3027 19.8413
v 29.3651 7.5798 19.8413
v 30.9524 7.8581 19.8413
v 32.5397 8.1582 19.8413
v 34.1270 8.5118 19.8413
v 35.7143 8.9082 19.8413
v 37.3016 9.3128 19.8413
v 38.8889 9.6861 19.8413
v 40.4762 10.0433 19.8413
v 42.0635 10.4037 19.8413
v 43.6508 10.7492 19.8413
v 45.2381 11.0584 19.8413
v 46.8254 11.3540 19.8413
v 48.4127 11.6575 19.8413
v 50.0000 12.0114 19.8413
v -50.0000 8.4195 21.4286
v -48.4127 8.3174 21.4286
v -46.8254 8.1704 21.4286
v -45.2381 7.9867 21.4286
v -43.6508 7.8165 21.4286
v -42.0635 7.6328 21.4286
v -40.4762 7.4154 21.4286
v -38.8889 7.1571 21.4286
v -37.3016 6.9359 21.4286
v -35.7143 6.7207 21.4286
v -34.1270 6.5048 21.4286
v -32.5397 6.3253 21.4286
v -30.9524 6.1961 21.4286
v -29.3651 6.0733 21.4286
v -27.7778 5.9715 21.4286
v -26.1905 5.8766 21.4286
v -24.6032 5.7928 21.4286
v -23.0159 5.6853 21.4286
v -21.4286 5.5533 21.4286
v -19.8413 5.4364 21.4286
v -18.2540 5.3706 21.4286
v -16.6667 5.3299 21.4286
v -15.0794 5.2942 21.4286
v -13.4921 5.2685 21.4286
v -11.9048 5.2508 21.4286
v -10.3175 5.2557 21.4286
v -8.7302 5.2764 21.4286
v -7.1429 5.2747 21.4286
v -5.5556 5.2855 21.4286
v -3.9683 5.2945 21.4286
v -2.3810 5.2906 21.4286
v -0.7937 5.3105 21.4286
v 0.7937 5.3468 21.4286
v 2.3810 5.3982 21.4286
v 3.9683 5.4650 21.4286
v 5.5556 5.5509 21.4286
v 7.1429 5.6369 21.4286
v 8.7302 5.7102 21.4286
v 10.3175 5.8079 21.4286
v 11.9048 5.9064 21.4286
v 13.4921 6.0188 21.4286
v 15.0794 6.1339 21.4286
v 16.6667 6.2850 21.4286
v 18.2540 6.4485 21.4286
v 19.8413 6.6154 21.4286
v 21.4286 6.7990 21.4286
v 23.0159 6.9932 21.4286
v 24.6032 7.2322 21.4286
v 26.1905 7.4809 21.4286
v 27.7778 7.7411 21.4286
v 29.3651 8.0168 21.4286
v 30.9524 8.3013 21.4286
v 32.5397 8.6200 21.4286
v 34.1270 8.9775 21.4286
v 35.7143 9.3562 21.4286
v 37.3016 9.7682 21.4286
v 38.8889 10.1613 21.4286
v 40.4762 10.5121 21.4286
v 42.0635 10.8781 21.4286
v 43.6508 11.2198 21.4286
v 45.2381 11.5301 21.4286
v 46.8254 11.8336 21.4286
v 48.4127 12.1436 21.4286
v 50.0000 12.5263 21.4286
v -50.0000 8.9233 23.0159
v -48.4127 8.8150 23.0159
v -46.8254 8.6634 23.0159
v -45.2381 8.4942 23.0159
v -43.6508 8.3070 23.0159
v -42.0635 8.1322 23.0159
v -40.4762 7.9471 23.0159
v -38.8889 7.7142 23.0159
v -37.3016 7.4954 23.0159
v -35.7143 7.2983 23.0159
v -34.1270 7.0805 23.0159
v -32.5397 6.8993 23.0159
v -30.9524 6.7535 23.0159
v -29.3651 6.6258 23.0159
v -27.7778 6.5166 23.0159
v -26.1905 6.3975 23.0159
v -24.6032 6.3036 23.0159
v -23.0159 6.2076 23.0159
v -21.4286 6.0859 23.0159
v -19.8413 5.9860 23.0159
v -18.2540 5.9195 23.0159
v -16.6667 5.8754 23.0159
v -15.0794 5.8245 23.0159
v -13.4921 5.7871 23.0159
v -11.9048 5.7518 23.0159
v -10.3175 5.7452 23.0159
v -8.7302 5.7655 23.0159
v -7.1429 5.7714 23.0159
v -5.5556 5.7730 23.0159
v -3.9683 5.8030 23.0159
v -2.3810 5.8096 23.0159
v -0.7937 5.8327 23.0159
v 0.7937 5.8866 23.0159
v 2.3810 5.9496 23.0159
v 3.9683 5.9847 23.0159
v 5.5556 6.0610 23.0159
v 7.1429 6.1399 23.0159
v 8.7302 6.2427 23.0159
v 10.3175 6.3526 23.0159
v 11.9048 6.4522 23.0159
v 13.4921 6.5528 23.0159
v 15.0794 6.6594 23.0159
v 16.6667 6.7989 23.0159
v 18.2540 6.9488 23.0159
v 19.8413 7.1078 23.0159
v 21.4286 7.2829 23.0159
v 23.0159 7.4871 23.0159
v 24.6032 7.7391 23.0159
v 26.1905 7.9861 23.0159
v 27.7778 8.2354 23.0159
v 29.3651 8.5015 23.0159
v 30.9524 8.7779 23.0159
v 32.5397 9.1080 23.0159
v 34.1270 9.4683 23.0159
v 35.7143 9.8479 23.0159
v 37.3016 10.2340 23.0159
v 38.8889 10.6273 23.0159
v 40.4762 11.0007 23.0159
v 42.0635 11.3707 23.0159
v 43.6508 11.7126 23.0159
v 45.2381 12.0397 23.0159
v 46.8254 12.3448 23.0159
v 48.4127 12.6585 23.0159
v 50.0000 13.0231 23.0159
v -50.0000 9.4148 24.6032
v -48.4127 9.2928 24.6032
v -46.8254 9.1432 24.6032
v -45.2381 8.9693 24.6032
v -43.6508 8.7828 24.6032
v -42.0635 8.6179 24.6032
v -40.4762 8.4534 24.6032
v -38.8889 8.2433 24.6032
v -37.3016 8.0250 24.6032
v -35.7143 7.8117 24.6032
v -34.1270 7.6124 24.6032
v -32.5397 7.4554 24.6032
v -30.9524 7.3178 24.6032
v -29.3651 7.1869 24.6032
v -27.7778 7.0738 24.6032
v -26.1905 6.9411 24.6032
v -24.6032 6.8198 24.6032
v -23.0159 6.7003 24.6032
v -21.4286 6.5901 24.6032
v -19.8413 6.4958 24.6032
v -18.2540 6.4368 24.6032
v -16.6667 6.3853 24.6032
v -15.0794 6.3316 24.6032
v -13.4921 6.2930 24.6032
v -11.9048 6.2432 24.6032
v -10.3175 6.2368 24.6032
v -8.7302 6.2530 24.6032
v -7.1429 6.2603 24.6032
v -5.5556 6.2723 24.6032
v -3.9683 6.3024 24.6032
v -2.3810 6.3165 24.6032
v -0.7937 6.3477 24.6032
v 0.7937 6.4153 24.6032
v 2.3810 6.4609 24.6032
v 3.9683 6.5098 24.6032
v 5.5556 6.5528 24.6032
v 7.1429 6.6324 24.6032
v 8.7302 6.7382 24.6032
v 10.3175 6.8353 24.6032
v 11.9048 6.9246 24.6032
v 13.4921 7.0382 24.6032
v 15.0794 7.1505 24.6032
v 16.6667 7.2699 24.6032
v 18.2540 7.4175 24.6032
v 19.8413 7.5822 24.6032
v 21.4286 7.7501 24.6032
v 23.0159 7.9736 24.6032
v 24.6032 8.2116 24.6032
v 26.1905 8.4626 24.6032
v 27.7778 8.7189 24.6032
v 29.3651 8.9834 24.6032
v 30.9524 9.2421 24.6032
v 32.5397 9.5610 24.6032
v 34.1270 9.9287 24.6032
v 35.7143 10.3127 24.6032
v 37.3016 10.6989 24.6032
v 38.8889 11.0816 24.6032
v 40.4762 11.4843 24.6032
v 42.0635 11.8736 24.6032
v 43.6508 12.2180 24.6032
v 45.2381 12.5354 24.6032
v 46.8254 12.8475 24.6032
v 48.4127 13.1677 24.6032
v 50.0000 13.5168 24.6032
v -50.0000 9.9619 26.1905
v -48.4127 9.8185 26.1905
v -46.8254 9.6571 26.1905
v -45.2381 9.4842 26.1905
v -43.6508 9.2941 26.1905
v -42.0635 9.1201 26.1905
v -40.4762 8.9525 26.1905
v -38.8889 8.7611 26.1905
v -37.3016 8.5430 26.1905
v -35.7143 8.3381 26.1905
v -34.1270 8.1487 26.1905
v -32.5397 8.0177 26.1905
v -30.9524 7.8807 26.1905
v -29.3651 7.7513 26.1905
v -27.7778 7.6269 26.1905
v -26.1905 7.4915 26.1905
v -24.6032 7.3604 26.1905
v -23.0159 7.2309 26.1905
v -21.4286 7.1208 26.1905
v -19.8413 7.0329 26.1905
v -18.2540 6.9842 26.1905
v -16.6667 6.9261 26.1905
v -15.0794 6.8715 26.1905
v -13.4921 6.8210 26.1905
v -11.9048 6.7763 26.1905
v -10.3175 6.7564 26.1905
v -8.7302 6.7629 26.1905
v -7.1429 6.7816 26.1905
v -5.5556 6.8105 26.1905
v -3.9683 6.8353 26.1905
v -2.3810 6.8643 26.1905
v -0.7937 6.9028 26.1905
v 0.7937 6.9461 26.1905
v 2.3810 6.9970 26.1905
v 3.9683 7.0346 26.1905
v 5.5556 7.0764 26.1905
v 7.1429 7.1552 26.1905
v 8.7302 7.2306 26.1905
v 10.3175 7.3122 26.1905
v 11.9048 7.4162 26.1905
v 13.4921 7.5205 26.1905
v 15.0794 7.6293 26.1905
v 16.6667 7.7482 26.1905
v 18.2540 7.9061 26.1905
v 19.8413 8.0632 26.1905
v 21.4286 8.2465 26.1905
v 23.0159 8.4638 26.1905
v 24.6032 8.6965 26.1905
v 26.1905 8.9553 26.1905
v 27.7778 9.2420 26.1905
v 29.3651 9.5148 26.1905
v 30.9524 9.7793 26.1905
v 32.5397 10.0851 26.1905
v 34.1270 10.4465 26.1905
v 35.7143 10.8124 26.1905
v 37.3016 11.2080 26.1905
v 38.8889 11.5935 26.1905
v 40.4762 11.9942 26.1905
v 42.0635 12.3843 26.1905
v 43.6508 12.7417 26.1905
v 45.2381 13.0584 26.1905
v 46.8254 13.3727 26.1905
v 48.4127 13.6979 26.1905
v 50.0000 14.0448 26.1905
v -50.0000 10.4764 27.7778
v -48.4127 10.3251 27.7778
v -46.8254 10.1605 27.7778
v -45.2381 9.9778 27.7778
v -43.6508 9.7916 27.7778
v -42.0635 9.6065 27.7778
v -40.4762 9.4309 27.7778
v -38.8889 9.2572 27.7778
v -37.3016 9.0503 27.7778
v -35.7143 8.8652 27.7778
v -34.1270 8.6733 27.7778
v -32.5397 8.5179 27.7778
v -30.9524 8.3900 27.7778
v -29.3651 8.2873 27.7778
v -27.7778 8.1687 27.7778
v -26.1905 8.0452 27.7778
v -24.6032 7.8985 27.7778
v -23.0159 7.7564 27.7778
v -21.4286 7.6545 27.7778
v -19.8413 7.5622 27.7778
v -18.2540 7.4945 27.7778
v -16.6667 7.4298 27.7778
v -15.0794 7.3789 27.7778
v -13.4921 7.3216 27.7778
v -11.9048 7.2739 27.7778
v -10.3175 7.2552 27.7778
v -8.7302 7.2679 27.7778
v -7.1429 7.2968 27.7778
v -5.5556 7.3346 27.7778
v -3.9683 7.3774 27.7778
v -2.3810 7.4162 27.7778
v -0.7937 7.4443 27.7778
v 0.7937 7.4749 27.7778
v 2.3810 7.5330 27.7778
v 3.9683 7.5747 27.7778
v 5.5556 7.6134 27.7778
v 7.1429 7.6711 27.7778
v 8.7302 7.7139 27.7778
v 10.3175 7.7660 27.7778
v 11.9048 7.8470 27.7778
v 13.4921 7.9556 27.7778
v 15.0794 8.0545 27.7778
v 16.6667 8.1878 27.7778
v 18.2540 8.3489 27.7778
v 19.8413 8.5308 27.7778
v 21.4286 8.7266 27.7778
v 23.0159 8.9513 27.7778
v 24.6032 9.1936 27.7778
v 26.1905 9.4646 27.7778
v 27.7778 9.7657 27.7778
v 29.3651 10.0326 27.7778
v 30.9524 10.2937 27.7778
v 32.5397 10.5948 27.7778
v 34.1270 10.9410 27.7778
v 35.7143 11.3045 27.7778
v 37.3016 11.6857 27.7778
v 38.8889 12.0744 27.7778
v 40.4762 12.4649 27.7778
v 42.0635 12.8566 27.7778
v 43.6508 13.2200 27.7778
v 45.2381 13.5340 27.7778
v 46.8254 13.8535 27.7778
v 48.4127 14.1907 27.7778
v 50.0000 14.5371 27.7778
v -50.0000 10.9603 29.3651
v -48.4127 10.8180 29.3651
v -46.8254 10.6509 29.3651
v -45.2381 10.4738 29.3651
v -43.6508 10.3009 29.3651
v -42.0635 10.1348 29.3651
v -40.4762 9.9670 29.3651
v -38.8889 9.7761 29.3651
v -37.3016 9.5723 29.3651
v -35.7143 9.3800 29.3651
v -34.1270 9.1864 29.3651
v -32.5397 9.0443 29.3651
v -30.9524 8.9234 29.3651
v -29.3651 8.8070 29.3651
v -27.7778 8.6808 29.3651
v -26.1905 8.5578 29.3651
v -24.6032 8.4210 29.3651
v -23.0159 8.2823 29.3651
v -21.4286 8.1823 29.3651
v -19.8413 8.0832 29.3651
v -18.2540 8.0082 29.3651
v -16.6667 7.9419 29.3651
v -15.0794 7.8859 29.3651
v -13.4921 7.8312 29.3651
v -11.9048 7.7842 29.3651
v -10.3175 7.7735 29.3651
v -8.7302 7.7852 29.3651
v -7.1429 7.8087 29.3651
v -5.5556 7.8641 29.3651
v -3.9683 7.9172 29.3651
v -2.3810 7.9499 29.3651
v -0.7937 7.9816 29.3651
v 0.7937 8.0070 29.3651
v 2.3810 8.0284 29.3651
v 3.9683 8.0669 29.3651
v 5.5556 8.1134 29.3651
v 7.1429 8.1705 29.3651
v 8.7302 8.1924 29.3651
v 10.3175 8.2311 29.3651
v 11.9048 8.2953 29.3651
v 13.4921 8.4046 29.3651
v 15.0794 8.5144 29.3651
v 16.6667 8.6545 29.3651
v 18.2540 8.8220 29.3651
v 19.8413 9.0153 29.3651
v 21.4286 9.2303 29.3651
v 23.0159 9.4700 29.3651
v 24.6032 9.7196 29.3651
v 26.1905 10.0150 29.3651
v 27.7778 10.3215 29.3651
v 29.3651 10.5687 29.3651
v 30.9524 10.8245 29.3651
v 32.5397 11.1109 29.3651
v 34.1270 11.4484 29.3651
v 35.7143 11.8085 29.3651
v 37.3016 12.1802 29.3651
v 38.8889 12.5651 29.3651
v 40.4762 12.9511 29.3651
v 42.0635 13.3366 29.3651
v 43.6508 13.6973 29.3651
v 45.2381 14.0209 29.3651
v 46.8254 14.3458 29.3651
v 48.4127 14.6886 29.3651
v 50.0000 15.0249 29.3651
v -50.0000 11.4310 30.9524
v -48.4127 11.2979 30.9524
v -46.8254 11.1371 30.9524
v -45.2381 10.9725 30.9524
v -43.6508 10.8032 30.9524
v -42.0635 10.6378 30.9524
v -40.4762 10.4834 30.9524
v -38.8889 10.3038 30.9524
v -37.3016 10.0943 30.9524
v -35.7143 9.8964 30.9524
v -34.1270 9.7230 30.9524
v -32.5397 9.5853 30.9524
v -30.9524 9.4646 30.9524
v -29.3651 9.3356 30.9524
v -27.7778 9.2064 30.9524
v -26.1905 9.0698 30.9524
v -24.6032 8.9442 30.9524
v -23.0159 8.7996 30.9524
v -21.4286 8.6958 30.9524
v -19.8413 8.5927 30.9524
v -18.2540 8.5092 30.9524
v -16.6667 8.4607 30.9524
v -15.0794 8.4129 30.9524
v -13.4921 8.3532 30.9524
v -11.9048 8.3039 30.9524
v -10.3175 8.2893 30.9524
v -8.7302 8.3091 30.9524
v -7.1429 8.3467 30.9524
v -5.5556 8.3970 30.9524
v -3.9683 8.4487 30.9524
v -2.3810 8.4780 30.9524
v -0.7937 8.5113 30.9524
v 0.7937 8.5169 30.9524
v 2.3810 8.5432 30.9524
v 3.9683 8.5604 30.9524
v 5.5556 8.6253 30.9524
v 7.1429 8.6665 30.9524
v 8.7302 8.6907 30.9524
v 10.3175 8.7161 30.9524
v 11.9048 8.7813 30.9524
v 13.4921 8.8837 30.9524
v 15.0794 9.0025 30.9524
v 16.6667 9.1506 30.9524
v 18.2540 9.3105 30.9524
v 19.8413 9.5064 30.9524
v 21.4286 9.7346 30.9524
v 23.0159 9.9791 30.9524
v 24.6032 10.2451 30.9524
v 26.1905 10.5411 30.9524
v 27.7778 10.8422 30.9524
v 29.3651 11.1019 30.9524
v 30.9524 11.3654 30.9524
v 32.5397 11.6531 30.9524
v 34.1270 11.9698 30.9524
v 35.7143 12.3148 30.9524
v 37.3016 12.6812 30.9524
v 38.8889 13.0451 30.9524
v 40.4762 13.4296 30.9524
v 42.0635 13.8089 30.9524
v 43.6508 14.1724 30.9524
v 45.2381 14.4905 30.9524
v 46.8254 14.8192 30.9524
v 48.4127 15.1625 30.9524
v 50.0000 15.5580 30.9524
v -50.0000 11.9163 32.5397
v -48.4127 11.8210 32.5397
v -46.8254 11.6819 32.5397
v -45.2381 11.5046 32.5397
v -43.6508 11.3214 32.5397
v -42.0635 11.1521 32.5397
v -40.4762 10.9684 32.5397
v -38.8889 10.7826 32.5397
v -37.3016 10.5814 32.5397
v -35.7143 10.3959 32.5397
v -34.1270 10.2520 32.5397
v -32.5397 10.1280 32.5397
v -30.9524 10.0104 32.5397
v -29.3651 9.8802 32.5397
v -27.7778 9.7460 32.5397
v -26.1905 9.6133 32.5397
v -24.6032 9.4558 32.5397
v -23.0159 9.3169 32.5397
v -21.4286 9.1966 32.5397
v -19.8413 9.0893 32.5397
v -18.2540 9.0115 32.5397
v -16.6667 8.9646 32.5397
v -15.0794 8.9114 32.5397
v -13.4921 8.8536 32.5397
v -11.9048 8.8169 32.5397
v -10.3175 8.7988 32.5397
v -8.7302 8.8164 32.5397
v -7.1429 8.8569 32.5397
v -5.5556 8.9100 32.5397
v -3.9683 8.9686 32.5397
v -2.3810 8.9926 32.5397
v -0.7937 9.0042 32.5397
v 0.7937 8.9950 32.5397
v 2.3810 9.0131 32.5397
v 3.9683 9.0525 32.5397
v 5.5556 9.1119 32.5397
v 7.1429 9.1553 32.5397
v 8.7302 9.1884 32.5397
v 10.3175 9.2311 32.5397
v 11.9048 9.2919 32.5397
v 13.4921 9.3951 32.5397
v 15.0794 9.5202 32.5397
v 16.6667 9.6750 32.5397
v 18.2540 9.8359 32.5397
v 19.8413 10.0288 32.5397
v 21.4286 10.2570 32.5397
v 23.0159 10.4860 32.5397
v 24.6032 10.7629 32.5397
v 26.1905 11.0575 32.5397
v 27.7778 11.3478 32.5397
v 29.3651 11.6135 32.5397
v 30.9524 11.8837 32.5397
v 32.5397 12.1979 32.5397
v 34.1270 12.4916 32.5397
v 35.7143 12.8192 32.5397
v 37.3016 13.1500 32.5397
v 38.8889 13.5209 32.5397
v 40.4762 13.8929 32.5397
v 42.0635 14.2555 32.5397
v 43.6508 14.6179 32.5397
v 45.2381 14.9581 32.5397
v 46.8254 15.2950 32.5397
v 48.4127 15.6481 32.5397
v 50.0000 16.0594 32.5397
v -50.0000 12.4638 34.1270
v -48.4127 12.3900 34.1270
v -46.8254 12.2673 34.1270
v -45.2381 12.0885 34.1270
v -43.6508 11.8897 34.1270
v -42.0635 11.6926 34.1270
v -40.4762 11.5062 34.1270
v -38.8889 11.3092 34.1270
v -37.3016 11.1281 34.1270
v -35.7143 10.9567 34.1270
v -34.1270 10.7826 34.1270
v -32.5397 10.6543 34.1270
v -30.9524 10.5485 34.1270
v -29.3651 10.4343 34.1270
v -27.7778 10.3041 34.1270
v -26.1905 10.1658 34.1270
v -24.6032 9.9962 34.1270
v -23.0159 9.8506 34.1270
v -21.4286 9.7176 34.1270
v -19.8413 9.6089 34.1270
v -18.2540 9.5309 34.1270
v -16.6667 9.4781 34.1270
v -15.0794 9.4282 34.1270
v -13.4921 9.3870 34.1270
v -11.9048 9.3516 34.1270
v -10.3175 9.3304 34.1270
v -8.7302 9.3450 34.1270
v -7.1429 9.3940 34.1270
v -5.5556 9.4461 34.1270
v -3.9683 9.5022 34.1270
v -2.3810 9.5404 34.1270
v -0.7937 9.5491 34.1270
v 0.7937 9.5464 34.1270
v 2.3810 9.5543 34.1270
v 3.9683 9.5667 34.1270
v 5.5556 9.6060 34.1270
v 7.1429 9.6535 34.1270
v 8.7302 9.6951 34.1270
v 10.3175 9.7618 34.1270
v 11.9048 9.8430 34.1270
v 13.4921 9.9307 34.1270
v 15.0794 10.0577 34.1270
v 16.6667 10.2190 34.1270
v 18.2540 10.3892 34.1270
v 19.8413 10.5730 34.1270
v 21.4286 10.8000 34.1270
v 23.0159 11.0461 34.1270
v 24.6032 11.3187 34.1270
v 26.1905 11.5901 34.1270
v 27.7778 11.8860 34.1270
v 29.3651 12.1487 34.1270
v 30.9524 12.4186 34.1270
v 32.5397 12.7392 34.1270
v 34.1270 13.0552 34.1270
v 35.7143 13.3585 34.1270
v 37.3016 13.6954 34.1270
v 38.8889 14.0414 34.1270
v 40.4762 14.4041 34.1270
v 42.0635 14.7622 34.1270
v 43.6508 15.1064 34.1270
v 45.2381 15.4449 34.1270
v 46.8254 15.7889 34.1270
v 48.4127 16.1542 34.1270
v 50.0000 16.5334 34.1270
v -50.0000 13.0319 35.7143
v -48.4127 12.9295 35.7143
v -46.8254 12.7713 35.7143
v -45.2381 12.5994 35.7143
v -43.6508 12.4077 35.7143
v -42.0635 12.2110 35.7143
v -40.4762 12.0116 35.7143
v -38.8889 11.8115 35.7143
v -37.3016 11.6207 35.7143
v -35.7143 11.4442 35.7143
v -34.1270 11.2865 35.7143
v -32.5397 11.1599 35.7143
v -30.9524 11.0425 35.7143
v -29.3651 10.9348 35.7143
v -27.7778 10.8266 35.7143
v -26.1905 10.6829 35.7143
v -24.6032 10.5217 35.7143
v -23.0159 10.3544 35.7143
v -21.4286 10.2047 35.7143
v -19.8413 10.1017 35.7143
v -18.2540 10.0399 35.7143
v -16.6667 9.9914 35.7143
v -15.0794 9.9252 35.7143
v -13.4921 9.8803 35.7143
v -11.9048 9.8531 35.7143
v -10.3175 9.8292 35.7143
v -8.7302 9.8451 35.7143
v -7.1429 9.8917 35.7143
v -5.5556 9.9481 35.7143
v -3.9683 9.9947 35.7143
v -2.3810 10.0194 35.7143
v -0.7937 10.0271 35.7143
v 0.7937 10.0320 35.7143
v 2.3810 10.0547 35.7143
v 3.9683 10.0659 35.7143
v 5.5556 10.0967 35.7143
v 7.1429 10.1406 35.7143
v 8.7302 10.1896 35.7143
v 10.3175 10.2713 35.7143
v 11.9048 10.3597 35.7143
v 13.4921 10.4614 35.7143
v 15.0794 10.5766 35.7143
v 16.6667 10.7458 35.7143
v 18.2540 10.9103 35.7143
v 19.8413 11.0878 35.7143
v 21.4286 11.3066 35.7143
v 23.0159 11.5586 35.7143
v 24.6032 11.8286 35.7143
v 26.1905 12.1069 35.7143
v 27.7778 12.3895 35.7143
v 29.3651 12.6561 35.7143
v 30.9524 12.9356 35.7143
v 32.5397 13.2279 35.7143
v 34.1270 13.5296 35.7143
v 35.7143 13.8359 35.7143
v 37.3016 14.1626 35.7143
v 38.8889 14.5162 35.7143
v 40.4762 14.8972 35.7143
v 42.0635 15.2665 35.7143
v 43.6508 15.6239 35.7143
v 45.2381 15.9573 35.7143
v 46.8254 16.3032 35.7143
v 48.4127 16.6509 35.7143
v 50.0000 17.0417 35.7143
v -50.0000 13.5781 37.3016
v -48.4127 13.4528 37.3016
v -46.8254 13.2986 37.3016
v -45.2381 13.1250 37.3016
v -43.6508 12.9336 37.3016
v -42.0635 12.7359 37.3016
v -40.4762 12.5312 37.3016
v -38.8889 12.3270 37.3016
v -37.3016 12.1360 37.3016
v -35.7143 11.9572 37.3016
v -34.1270 11.7890 37.3016
v -32.5397 11.6563 37.3016
v -30.9524 11.5362 37.3016
v -29.3651 11.4266 37.3016
v -27.7778 11.3084 37.3016
v -26.1905 11.1917 37.3016
v -24.6032 11.0289 37.3016
v -23.0159 10.8638 37.3016
v -21.4286 10.7211 37.3016
v -19.8413 10.6243 37.3016
v -18.2540 10.5603 37.3016
v -16.6667 10.5157 37.3016
v -15.0794 10.4446 37.3016
v -13.4921 10.3941 37.3016
v -11.9048 10.3709 37.3016
v -10.3175 10.3553 37.3016
v -8.7302 10.3683 37.3016
v -7.1429 10.4068 37.3016
v -5.5556 10.4503 37.3016
v -3.9683 10.4850 37.3016
v -2.3810 10.5010 37.3016
v -0.7937 10.5137 37.3016
v 0.7937 10.5395 37.3016
v 2.3810 10.5469 37.3016
v 3.9683 10.5584 37.3016
v 5.5556 10.5824 37.3016
v 7.1429 10.6441 37.3016
v 8.7302 10.7083 37.3016
v 10.3175 10.7930 37.3016
v 11.9048 10.9043 37.3016
v 13.4921 11.0260 37.3016
v 15.0794 11.1626 37.3016
v 16.6667 11.2984 37.3016
v 18.2540 11.4601 37.3016
v 19.8413 11.6239 37.3016
v 21.4286 11.8438 37.3016
v 23.0159 12.0823 37.3016
v 24.6032 12.3425 37.3016
v 26.1905 12.6151 37.3016
v 27.7778 12.8940 37.3016
v 29.3651 13.1667 37.3016
v 30.9524 13.4300 37.3016
v 32.5397 13.7174 37.3016
v 34.1270 14.0268 37.3016
v 35.7143 14.3373 37.3016
v 37.3016 14.6802 37.3016
v 38.8889 15.0455 37.3016
v 40.4762 15.4316 37.3016
v 42.0635 15.8177 37.3016
v 43.6508 16.1835 37.3016
v 45.2381 16.5134 37.3016
v 46.8254 16.8518 37.3016
v 48.4127 17.1881 37.3016
v 50.0000 17.5518 37.3016
v -50.0000 14.0568 38.8889
v -48.4127 13.9412 38.8889
v -46.8254 13.7686 38.8889
v -45.2381 13.6003 38.8889
v -43.6508 13.4086 38.8889
v -42.0635 13.2192 38.8889
v -40.4762 13.0251 38.8889
v -38.8889 12.8102 38.8889
v -37.3016 12.6300 38.8889
v -35.7143 12.4501 38.8889
v -34.1270 12.2660 38.8889
v -32.5397 12.1034 38.8889
v -30.9524 11.9780 38.8889
v -29.3651 11.8725 38.8889
v -27.7778 11.7491 38.8889
v -26.1905 11.6265 38.8889
v -24.6032 11.4826 38.8889
v -23.0159 11.3324 38.8889
v -21.4286 11.2046 38.8889
v -19.8413 11.1086 38.8889
v -18.2540 11.0606 38.8889
v -16.6667 11.0225 38.8889
v -15.0794 10.9579 38.8889
v -13.4921 10.8975 38.8889
v -11.9048 10.8591 38.8889
v -10.3175 10.8462 38.8889
v -8.7302 10.8524 38.8889
v -7.1429 10.8916 38.8889
v -5.5556 10.9314 38.8889
v -3.9683 10.9672 38.8889
v -2.3810 10.9798 38.8889
v -0.7937 10.9783 38.8889
v 0.7937 10.9960 38.8889
v 2.3810 11.0152 38.8889
v 3.9683 11.0314 38.8889
v 5.5556 11.0456 38.8889
v 7.1429 11.0990 38.8889
v 8.7302 11.1923 38.8889
v 10.3175 11.2794 38.8889
v 11.9048 11.3953 38.8889
v 13.4921 11.5342 38.8889
v 15.0794 11.6752 38.8889
v 16.6667 11.8153 38.8889
v 18.2540 11.9597 38.8889
v 19.8413 12.1342 38.8889
v 21.4286 12.3305 38.8889
v 23.0159 12.5582 38.8889
v 24.6032 12.8148 38.8889
v 26.1905 13.0933 38.8889
v 27.7778 13.3615 38.8889
v 29.3651 13.6227 38.8889
v 30.9524 13.9001 38.8889
v 32.5397 14.1868 38.8889
v 34.1270 14.5054 38.8889
v 35.7143 14.8331 38.8889
v 37.3016 15.1575 38.8889
v 38.8889 15.5252 38.8889
v 40.4762 15.9352 38.8889
v 42.0635 16.3192 38.8889
v 43.6508 16.6897 38.8889
v 45.2381 17.0232 38.8889
v 46.8254 17.3569 38.8889
v 48.4127 17.7088 38.8889
v 50.0000 18.0000 38.8889
v -50.0000 14.4882 40.4762
v -48.4127 14.3757 40.4762
v -46.8254 14.2256 40.4762
v -45.2381 14.0391 40.4762
v -43.6508 13.8562 40.4762
v -42.0635 13.6907 40.4762
v -40.4762 13.4920 40.4762
v -38.8889 13.2591 40.4762
v -37.3016 13.0831 40.4762
v -35.7143 12.8998 40.4762
v -34.1270 12.7052 40.4762
v -32.5397 12.5287 40.4762
v -30.9524 12.3693 40.4762
v -29.3651 12.2503 40.4762
v -27.7778 12.1318 40.4762
v -26.1905 12.0305 40.4762
v -24.6032 11.8966 40.4762
v -23.0159 11.7500 40.4762
v -21.4286 11.6357 40.4762
v -19.8413 11.5497 40.4762
v -18.2540 11.4953 40.4762
v -16.6667 11.4631 40.4762
v -15.0794 11.4068 40.4762
v -13.4921 11.3418 40.4762
v -11.9048 11.2968 40.4762
v -10.3175 11.2766 40.4762
v -8.7302 11.2978 40.4762
v -7.1429 11.3335 40.4762
v -5.5556 11.3658 40.4762
v -3.9683 11.4007 40.4762
v -2.3810 11.4156 40.4762
v -0.7937 11.3908 40.4762
v 0.7937 11.3775 40.4762
v 2.3810 11.3999 40.4762
v 3.9683 11.4264 40.4762
v 5.5556 11.4527 40.4762
v 7.1429 11.5147 40.4762
v 8.7302 11.5954 40.4762
v 10.3175 11.6831 40.4762
v 11.9048 11.8036 40.4762
v 13.4921 11.9527 40.4762
v 15.0794 12.1064 40.4762
v 16.6667 12.2552 40.4762
v 18.2540 12.4219 40.4762
v 19.8413 12.6054 40.4762
v 21.4286 12.7939 40.4762
v 23.0159 12.9905 40.4762
v 24.6032 13.2451 40.4762
v 26.1905 13.5176 40.4762
v 27.7778 13.7952 40.4762
v 29.3651 14.0464 40.4762
v 30.9524 14.3115 40.4762
v 32.5397 14.6099 40.4762
v 34.1270 14.9426 40.4762
v 35.7143 15.2626 40.4762
v 37.3016 15.5993 40.4762
v 38.8889 15.9692 40.4762
v 40.4762 16.3775 40.4762
v 42.0635 16.7537 40.4762
v 43.6508 17.1216 40.4762
v 45.2381 17.4792 40.4762
v 46.8254 17.7978 40.4762
v 48.4127 18.0000 40.4762
v 50.0000 18.0000 40.4762
v -50.0000 14.9203 42.0635
v -48.4127 14.8371 42.0635
v -46.8254 14.7139 42.0635
v -45.2381 14.5263 42.0635
v -43.6508 14.3480 42.0635
v -42.0635 14.1891 42.0635
v -40.4762 13.9975 42.0635
v -38.8889 13.7754 42.0635
v -37.3016 13.5803 42.0635
v -35.7143 13.4058 42.0635
v -34.1270 13.2012 42.0635
v -32.5397 12.9863 42.0635
v -30.9524 12.7986 42.0635
v -29.3651 12.6681 42.0635
v -27.7778 12.5498 42.0635
v -26.1905 12.4677 42.0635
v -24.6032 12.3588 42.0635
v -23.0159 12.2237 42.0635
v -21.4286 12.1116 42.0635
v -19.8413 12.0257 42.0635
v -18.2540 11.9767 42.0635
v -16.6667 11.9407 42.0635
v -15.0794 11.8829 42.0635
v -13.4921 11.8148 42.0635
v -11.9048 11.7689 42.0635
v -10.3175 11.7488 42.0635
v -8.7302 11.7733 42.0635
v -7.1429 11.8005 42.0635
v -5.5556 11.8329 42.0635
v -3.9683 11.8709 42.0635
v -2.3810 11.8795 42.0635
v -0.7937 11.8422 42.0635
v 0.7937 11.8149 42.0635
v 2.3810 11.8260 42.0635
v 3.9683 11.8708 42.0635
v 5.5556 11.8994 42.0635
v 7.1429 11.9521 42.0635
v 8.7302 12.0419 42.0635
v 10.3175 12.1283 42.0635
v 11.9048 12.2419 42.0635
v 13.4921 12.3815 42.0635
v 15.0794 12.5316 42.0635
v 16.6667 12.7011 42.0635
v 18.2540 12.8729 42.0635
v 19.8413 13.0592 42.0635
v 21.4286 13.2388 42.0635
v 23.0159 13.4534 42.0635
v 24.6032 13.6961 42.0635
v 26.1905 13.9734 42.0635
v 27.7778 14.2546 42.0635
v 29.3651 14.5149 42.0635
v 30.9524 14.7868 42.0635
v 32.5397 15.0798 42.0635
v 34.1270 15.4081 42.0635
v 35.7143 15.7402 42.0635
v 37.3016 16.0965 42.0635
v 38.8889 16.4715 42.0635
v 40.4762 16.8695 42.0635
v 42.0635 17.2586 42.0635
v 43.6508 17.6396 42.0635
v 45.2381 17.9998 42.0635
v 46.8254 18.0000 42.0635
v 48.4127 18.0000 42.0635
v 50.0000 18.0000 42.0635
v -50.0000 15.3606 43.6508
v -48.4127 15.2811 43.6508
v -46.8254 15.1571 43.6508
v -45.2381 14.9636 43.6508
v -43.6508 14.7828 43.6508
v -42.0635 14.6152 43.6508
v -40.4762 14.4431 43.6508
v -38.8889 14.2317 43.6508
v -37.3016 14.0390 43.6508
v -35.7143 13.8502 43.6508
v -34.1270 13.6141 43.6508
v -32.5397 13.3863 43.6508
v -30.9524 13.2011 43.6508
v -29.3651 13.0740 43.6508
v -27.7778 12.9527 43.6508
v -26.1905 12.8685 43.6508
v -24.6032 12.7693 43.6508
v -23.0159 12.6404 43.6508
v -21.4286 12.5215 43.6508
v -19.8413 12.4476 43.6508
v -18.2540 12.3980 43.6508
v -16.6667 12.3611 43.6508
v -15.0794 12.3161 43.6508
v -13.4921 12.2757 43.6508
v -11.9048 12.2302 43.6508
v -10.3175 12.2143 43.6508
v -8.7302 12.2172 43.6508
v -7.1429 12.2260 43.6508
v -5.5556 12.2498 43.6508
v -3.9683 12.2815 43.6508
v -2.3810 12.2816 43.6508
v -0.7937 12.2405 43.6508
v 0.7937 12.2138 43.6508
v 2.3810 12.2228 43.6508
v 3.9683 12.2615 43.6508
v 5.5556 12.2968 43.6508
v 7.1429 12.3608 43.6508
v 8.7302 12.4497 43.6508
v 10.3175 12.5390 43.6508
v 11.9048 12.6491 43.6508
v 13.4921 12.7766 43.6508
v 15.0794 12.9497 43.6508
v 16.6667 13.1289 43.6508
v 18.2540 13.2874 43.6508
v 19.8413 13.4449 43.6508
v 21.4286 13.6316 43.6508
v 23.0159 13.8400 43.6508
v 24.6032 14.0740 43.6508
v 26.1905 14.3588 43.6508
v 27.7778 14.6778 43.6508
v 29.3651 14.9462 43.6508
v 30.9524 15.2008 43.6508
v 32.5397 15.5025 43.6508
v 34.1270 15.8447 43.6508
v 35.7143 16.2094 43.6508
v 37.3016 16.5536 43.6508
v 38.8889 16.9254 43.6508
v 40.4762 17.3314 43.6508
v 42.0635 17.7076 43.6508
v 43.6508 18.0000 43.6508
v 45.2381 18.0000 43.6508
v 46.8254 18.0000 43.6508
v 48.4127 18.0000 43.6508
v 50.0000 18.0000 43.6508
v -50.0000 15.8817 45.2381
v -48.4127 15.7713 45.2381
v -46.8254 15.6149 45.2381
v -45.2381 15.4307 45.2381
v -43.6508 15.2551 45.2381
v -42.0635 15.0780 45.2381
v -40.4762 14.8859 45.2381
v -38.8889 14.6875 45.2381
v -37.3016 14.4895 45.2381
v -35.7143 14.2816 45.2381
v -34.1270 14.0401 45.2381
v -32.5397 13.8170 45.2381
v -30.9524 13.6457 45.2381
v -29.3651 13.5070 45.2381
v -27.7778 13.3873 45.2381
v -26.1905 13.2930 45.2381
v -24.6032 13.1894 45.2381
v -23.0159 13.0586 45.2381
v -21.4286 12.9509 45.2381
v -19.8413 12.8831 45.2381
v -18.2540 12.8349 45.2381
v -16.6667 12.7855 45.2381
v -15.0794 12.7498 45.2381
v -13.4921 12.7154 45.2381
v -11.9048 12.6692 45.2381
v -10.3175 12.6471 45.2381
v -8.7302 12.6466 45.2381
v -7.1429 12.6536 45.2381
v -5.5556 12.6674 45.2381
v -3.9683 12.6755 45.2381
v -2.3810 12.6655 45.2381
v -0.7937 12.6377 45.2381
v 0.7937 12.6189 45.2381
v 2.3810 12.6291 45.2381
v 3.9683 12.6695 45.2381
v 5.5556 12.7009 45.2381
v 7.1429 12.7657 45.2381
v 8.7302 12.8749 45.2381
v 10.3175 12.9784 45.2381
v 11.9048 13.0743 45.2381
v 13.4921 13.1862 45.2381
v 15.0794 13.3388 45.2381
v 16.6667 13.5194 45.2381
v 18.2540 13.6676 45.2381
v 19.8413 13.8459 45.2381
v 21.4286 14.0397 45.2381
v 23.0159 14.2567 45.2381
v 24.6032 14.4979 45.2381
v 26.1905 14.7842 45.2381
v 27.7778 15.0856 45.2381
v 29.3651 15.3379 45.2381
v 30.9524 15.5981 45.2381
v 32.5397 15.9174 45.2381
v 34.1270 16.2550 45.2381
v 35.7143 16.6189 45.2381
v 37.3016 17.0030 45.2381
v 38.8889 17.3694 45.2381
v 40.4762 17.7564 45.2381
v 42.0635 18.0000 45.2381
v 43.6508 18.0000 45.2381
v 45.2381 18.0000 45.2381
v 46.8254 18.0000 45.2381
v 48.4127 18.0000 45.2381
v 50.0000 18.0000 45.2381
v -50.0000 16.3705 46.8254
v -48.4127 16.2234 46.8254
v -46.8254 16.0357 46.8254
v -45.2381 15.8607 46.8254
v -43.6508 15.6749 46.8254
v -42.0635 15.4841 46.8254
v -40.4762 15.2844 46.8254
v -38.8889 15.0843 46.8254
v -37.3016 14.8873 46.8254
v -35.7143 14.6708 46.8254
v -34.1270 14.4211 46.8254
v -32.5397 14.1978 46.8254
v -30.9524 14.0278 46.8254
v -29.3651 13.8928 46.8254
v -27.7778 13.7705 46.8254
v -26.1905 13.6684 46.8254
v -24.6032 13.5805 46.8254
v -23.0159 13.4573 46.8254
v -21.4286 13.3716 46.8254
v -19.8413 13.2857 46.8254
v -18.2540 13.2331 46.8254
v -16.6667 13.1728 46.8254
v -15.0794 13.1367 46.8254
v -13.4921 13.1179 46.8254
v -11.9048 13.0770 46.8254
v -10.3175 13.0540 46.8254
v -8.7302 13.0401 46.8254
v -7.1429 13.0338 46.8254
v -5.5556 13.0304 46.8254
v -3.9683 13.0373 46.8254
v -2.3810 13.0489 46.8254
v -0.7937 13.0341 46.8254
v 0.7937 13.0229 46.8254
v 2.3810 13.0281 46.8254
v 3.9683 13.0635 46.8254
v 5.5556 13.1029 46.8254
v 7.1429 13.1776 46.8254
v 8.7302 13.2829 46.8254
v 10.3175 13.3772 46.8254
v 11.9048 13.4652 46.8254
v 13.4921 13.5627 46.8254
v 15.0794 13.7061 46.8254
v 16.6667 13.8832 46.8254
v 18.2540 14.0358 46.8254
v 19.8413 14.2079 46.8254
v 21.4286 14.4183 46.8254
v 23.0159 14.6323 46.8254
v 24.6032 14.8907 46.8254
v 26.1905 15.1767 46.8254
v 27.7778 15.4502 46.8254
v 29.3651 15.7088 46.8254
v 30.9524 15.9607 46.8254
v 32.5397 16.2694 46.8254
v 34.1270 16.6078 46.8254
v 35.7143 16.9770 46.8254
v 37.3016 17.3911 46.8254
v 38.8889 17.7898 46.8254
v 40.4762 18.0000 46.8254
v 42.0635 18.0000 46.8254
v 43.6508 18.0000 46.8254
v 45.2381 18.0000 46.8254
v 46.8254 18.0000 46.8254
v 48.4127 18.0000 46.8254
v 50.0000 18.0000 46.8254
v -50.0000 16.9049 48.4127
v -48.4127 16.7027 48.4127
v -46.8254 16.4695 48.4127
v -45.2381 16.2724 48.4127
v -43.6508 16.0690 48.4127
v -42.0635 15.8668 48.4127
v -40.4762 15.6898 48.4127
v -38.8889 15.5022 48.4127
v -37.3016 15.2859 48.4127
v -35.7143 15.0677 48.4127
v -34.1270 14.8411 48.4127
v -32.5397 14.6234 48.4127
v -30.9524 14.4385 48.4127
v -29.3651 14.2681 48.4127
v -27.7778 14.1306 48.4127
v -26.1905 14.0152 48.4127
v -24.6032 13.9531 48.4127
v -23.0159 13.8520 48.4127
v -21.4286 13.7405 48.4127
v -19.8413 13.6637 48.4127
v -18.2540 13.6002 48.4127
v -16.6667 13.5442 48.4127
v -15.0794 13.5040 48.4127
v -13.4921 13.4792 48.4127
v -11.9048 13.4474 48.4127
v -10.3175 13.4238 48.4127
v -8.7302 13.3983 48.4127
v -7.1429 13.3911 48.4127
v -5.5556 13.3784 48.4127
v -3.9683 13.3806 48.4127
v -2.3810 13.3928 48.4127
v -0.7937 13.3961 48.4127
v 0.7937 13.4139 48.4127
v 2.3810 13.4407 48.4127
v 3.9683 13.4913 48.4127
v 5.5556 13.5497 48.4127
v 7.1429 13.6221 48.4127
v 8.7302 13.7053 48.4127
v 10.3175 13.7925 48.4127
v 11.9048 13.8671 48.4127
v 13.4921 13.9454 48.4127
v 15.0794 14.1008 48.4127
v 16.6667 14.2571 48.4127
v 18.2540 14.4139 48.4127
v 19.8413 14.5848 48.4127
v 21.4286 14.7744 48.4127
v 23.0159 14.9953 48.4127
v 24.6032 15.2548 48.4127
v 26.1905 15.5309 48.4127
v 27.7778 15.8139 48.4127
v 29.3651 16.0781 48.4127
v 30.9524 16.3352 48.4127
v 32.5397 16.6388 48.4127
v 34.1270 16.9526 48.4127
v 35.7143 17.3060 48.4127
v 37.3016 17.7233 48.4127
v 38.8889 18.0000 48.4127
v 40.4762 18.0000 48.4127
v 42.0635 18.0000 48.4127
v 43.6508 18.0000 48.4127
v 45.2381 18.0000 48.4127
v 46.8254 18.0000 48.4127
v 48.4127 18.0000 48.4127
v 50.0000 18.0000 48.4127
v -50.0000 17.2809 50.0000
v -48.4127 17.0996 50.0000
v -46.8254 16.8563 50.0000
v -45.2381 16.6608 50.0000
v -43.6508 16.4790 50.0000
v -42.0635 16.2768 50.0000
v -40.4762 16.0722 50.0000
v -38.8889 15.9066 50.0000
v -37.3016 15.7146 50.0000
v -35.7143 15.4753 50.0000
v -34.1270 15.2297 50.0000
v -32.5397 15.0256 50.0000
v -30.9524 14.8258 50.0000
v -29.3651 14.6793 50.0000
v -27.7778 14.5135 50.0000
v -26.1905 14.3704 50.0000
v -24.6032 14.3056 50.0000
v -23.0159 14.2021 50.0000
v -21.4286 14.1381 50.0000
v -19.8413 14.0617 50.0000
v -18.2540 13.9737 50.0000
v -16.6667 13.9094 50.0000
v -15.0794 13.8603 50.0000
v -13.4921 13.8489 50.0000
v -11.9048 13.8302 50.0000
v -10.3175 13.7887 50.0000
v -8.7302 13.7354 50.0000
v -7.1429 13.7291 50.0000
v -5.5556 13.7030 50.0000
v -3.9683 13.7270 50.0000
v -2.3810 13.7322 50.0000
v -0.7937 13.7482 50.0000
v 0.7937 13.7667 50.0000
v 2.3810 13.8178 50.0000
v 3.9683 13.8903 50.0000
v 5.5556 13.9633 50.0000
v 7.1429 14.0548 50.0000
v 8.7302 14.1176 50.0000
v 10.3175 14.1882 50.0000
v 11.9048 14.3177 50.0000
v 13.4921 14.3661 50.0000
v 15.0794 14.4976 50.0000
v 16.6667 14.6576 50.0000
v 18.2540 14.8312 50.0000
v 19.8413 15.0091 50.0000
v 21.4286 15.1798 50.0000
v 23.0159 15.3613 50.0000
v 24.6032 15.5981 50.0000
v 26.1905 15.8529 50.0000
v 27.7778 16.1236 50.0000
v 29.3651 16.4247 50.0000
v 30.9524 16.6901 50.0000
v 32.5397 16.9679 50.0000
v 34.1270 17.3037 50.0000
v 35.7143 17.6988 50.0000
v 37.3016 18.0000 50.0000
v 38.8889 18.0000 50.0000
v 40.4762 18.0000 50.0000
v 42.0635 18.0000 50.0000
v 43.6508 18.0000 50.0000
v 45.2381 18.0000 50.0000
v 46.8254 18.0000 50.0000
v 48.4127 18.0000 50.0000
v 50.0000 18.0000 50.0000
vt 0.0000 1.0000
vt 0.0159 1.0000
vt 0.0317 1.0000
vt 0.0476 1.0000
vt 0.0635 1.0000
vt 0.0794 1.0000
vt 0.0952 1.0000
vt 0.1111 1.0000
vt 0.1270 1.0000
vt 0.1429 1.0000
vt 0.1587 1.0000
vt 0.1746 1.0000
vt 0.1905 1.0000
vt 0.2063 1.0000
vt 0.2222 1.0000
vt 0.2381 1.0000
vt 0.2540 1.0000
vt 0.2698 1.0000
vt 0.2857 1.0000
vt 0.3016 1.0000
vt 0.3175 1.0000
vt 0.3333 1.0000
vt 0.3492 1.0000
vt 0.3651 1.0000
vt 0.3810 1.0000
vt 0.3968 1.0000
vt 0.4127 1.0000
vt 0.4286 1.0000
vt 0.4444 1.0000
vt 0.4603 1.0000
vt 0.4762 1.0000
vt 0.4921 1.0000
vt 0.5079 1.0000
vt 0.5238 1.0000
vt 0.5397 1.0000
vt 0.5556 1.0000
vt 0.5714 1.0000
vt 0.5873 1.0000
vt 0.6032 1.0000
vt 0.6190 1.0000
vt 0.6349 1.0000
vt 0.6508 1.0000
vt 0.6667 1.0000
vt 0.6825 1.0000
vt 0.6984 1.0000
vt 0.7143 1.0000
vt 0.7302 1.0000
vt 0.7460 1.0000
vt 0.7619 1.0000
vt 0.7778 1.0000
vt 0.7937 1.0000
vt 0.8095 1.0000
vt 0.8254 1.0000
vt 0.8413 1.0000
vt 0.8571 1.0000
vt 0.8730 1.0000
vt 0.8889 1.0000
vt 0.9048 1.0000
vt 0.9206 1.0000
vt 0.9365 1.0000
vt 0.9524 1.0000
vt 0.9683 1.0000
vt 0.9841 1.0000
vt 1.0000 1.0000
vt 0.0000 0.9841
vt 0.0159 0.9841
vt 0.0317 0.9841
vt 0.0476 0.9841
vt 0.0635 0.9841
vt 0.0794 0.9841
vt 0.0952 0.9841
vt 0.1111 0.9841
vt 0.1270 0.9841
vt 0.1429 0.9841
vt 0.1587 0.9841
vt 0.1746 0.9841
vt 0.1905 0.9841
vt 0.2063 0.9841
vt 0.2222 0.9841
vt 0.2381 0.9841
vt 0.2540 0.9841
vt 0.2698 0.9841
vt 0.2857 0.9841
vt 0.3016 0.9841
vt 0.3175 0.9841
vt 0.3333 0.9841
vt 0.3492 0.9841
vt 0.3651 0.9841
vt 0.3810 0.9841
vt 0.3968 0.9841
vt 0.4127 0.9841
vt 0.4286 0.9841
vt 0.4444 0.9841
vt 0.4603 0.9841
vt 0.4762 0.9841
vt 0.4921 0.9841
vt 0.5079 0.9841
vt 0.5238 0.9841
vt 0.5397 0.9841
vt 0.5556 0.9841
vt 0.5714 0.9841
vt 0.5873 0.9841
vt 0.6032 0.9841
vt 0.6190 0.9841
vt 0.6349 0.9841
vt 0.6508 0.9841
vt 0.6667 0.9841
vt 0.6825 0.9841
vt 0.6984 0.9841
vt 0.7143 0.9841
vt 0.7302 0.9841
vt 0.7460 0.9841
vt 0.7619 0.9841
vt 0.7778 0.9841
vt 0.7937 0.9841
vt 0.8095 0.9841
vt 0.8254 0.9841
vt 0.8413 0.9841
vt 0.8571 0.9841
vt 0.8730 0.9841
vt 0.8889 0.9841
vt 0.9048 0.9841
vt 0.9206 0.9841
vt 0.9365 0.9841
vt 0.9524 0.9841
vt 0.9683 0.9841
vt 0.9841 0.9841
vt 1.0000 0.9841
vt 0.0000 0.9683
vt 0.0159 0.9683
vt 0.0317 0.9683
vt 0.0476 0.9683
vt 0.0635 0.9683
vt 0.0794 0.9683
vt 0.0952 0.9683
vt 0.1111 0.9683
vt 0.1270 0.9683
vt 0.1429 0.9683
vt 0.1587 0.9683
vt 0.1746 0.9683
vt 0.1905 0.9683
vt 0.2063 0.9683
vt 0.2222 0.9683
vt 0.2381 0.9683
vt 0.2540 0.9683
vt 0.2698 0.9683
vt 0.2857 0.9683
vt 0.3016 0.9683
vt 0.3175 0.9683
vt 0.3333 0.9683
vt 0.3492 0.9683
vt 0.3651 0.9683
vt 0.3810 0.9683
vt 0.3968 0.9683
vt 0.4127 0.9683
vt 0.4286 0.9683
vt 0.4444 0.9683
vt 0.4603 0.9683
vt 0.4762 0.9683
vt 0.4921 0.9683
vt 0.5079 0.9683
vt 0.5238 0.9683
vt 0.5397 0.9683
vt 0.5556 0.9683
vt 0.5714 0.9683
vt 0.5873 0.9683
vt 0.6032 0.9683
vt 0.6190 0.9683
vt 0.6349 0.9683
vt 0.6508 0.9683
vt 0.6667 0.9683
vt 0.6825 0.9683
vt 0.6984 0.9683
vt 0.7143 0.9683
vt 0.7302 0.9683
vt 0.7460 0.9683
vt 0.7619 0.9683
vt 0.7778 0.9683
vt 0.7937 0.9683
vt 0.8095 0.9683
vt 0.8254 0.9683
vt 0.8413 0.9683
vt 0.8571 0.9683
vt 0.8730 0.9683
vt 0.8889 0.9683
vt 0.9048 0.9683
vt 0.9206 0.9683
vt 0.9365 0.9683
vt 0.9524 0.9683
vt 0.9683 0.9683
vt 0.9841 0.9683
vt 1.0000 0.9683
vt 0.0000 0.9524
vt 0.0159 0.9524
vt 0.0317 0.9524
vt 0.0476 0.9524
vt 0.0635 0.9524
vt 0.0794 0.9524
vt 0.0952 0.9524
vt 0.1111 0.9524
vt 0.1270 0.9524
vt 0.1429 0.9524
vt 0.1587 0.9524
vt 0.1746 0.9524
vt 0.1905 0.9524
vt 0.2063 0.9524
vt 0.2222 0.9524
vt 0.2381 0.9524
vt 0.2540 0.9524
vt 0.2698 0.9524
vt 0.2857 0.9524
vt 0.3016 0.9524
vt 0.3175 0.9524
vt 0.3333 0.9524
vt 0.3492 0.9524
vt 0.3651 0.9524
vt 0.3810 0.9524
vt 0.3968 0.9524
vt 0.4127 0.9524
vt 0.4286 0.9524
vt 0.4444 0.9524
vt 0.4603 0.9524
vt 0.4762 0.9524
vt 0.4921 0.9524
vt 0.5079 0.9524
vt 0.5238 0.9524
vt 0.5397 0.9524
vt 0.5556 0.9524
vt 0.5714 0.9524
vt 0.5873 0.9524
vt 0.6032 0.9524
vt 0.6190 0.9524
vt 0.6349 0.9524
vt 0.6508 0.9524
vt 0.6667 0.9524
vt 0.6825 0.9524
vt 0.6984 0.9524
vt 0.7143 0.9524
vt 0.7302 0.9524
vt 0.7460 0.9524
vt 0.7619 0.9524
vt 0.7778 0.9524
vt 0.7937 0.9524
vt 0.8095 0.9524
vt 0.8254 0.9524
vt 0.8413 0.9524
vt 0.8571 0.9524
vt 0.8730 0.9524
vt 0.8889 0.9524
vt 0.9048 0.9524
vt 0.9206 0.9524
vt 0.9365 0.9524
vt 0.9524 0.9524
vt 0.9683 0.9524
vt 0.9841 0.9524
vt 1.0000 0.9524
vt 0.0000 0.9365
vt 0.0159 0.9365
vt 0.0317 0.9365
vt 0.0476 0.9365
vt 0.0635 0.9365
vt 0.0794 0.9365
vt 0.0952 0.9365
vt 0.1111 0.9365
vt 0.1270 0.9365
vt 0.1429 0.9365
vt 0.1587 0.9365
vt 0.1746 0.9365
vt 0.1905 0.9365
vt 0.2063 0.9365
vt 0.2222 0.9365
vt 0.2381 0.9365
vt 0.2540 0.9365
vt 0.2698 0.9365
vt 0.2857 0.9365
vt 0.3016 0.9365
vt 0.3175 0.9365
vt 0.3333 0.9365
vt 0.3492 0.9365
vt 0.3651 0.9365
vt 0.3810 0.9365
vt 0.3968 0.9365
vt 0.4127 0.9365
vt 0.4286 0.9365
vt 0.4444 0.9365
vt 0.4603 0.9365
vt 0.4762 0.9365
vt 0.4921 0.9365
vt 0.5079 0.9365
vt 0.5238 0.9365
vt 0.5397 0.9365
vt 0.5556 0.9365
vt 0.5714 0.9365
vt 0.5873 0.9365
vt 0.6032 0.9365
vt 0.6190 0.9365
vt 0.6349 0.9365
vt 0.6508 0.9365
vt 0.6667 0.9365
vt 0.6825 0.9365
vt 0.6984 0.9365
vt 0.7143 0.9365
vt 0.7302 0.9365
vt 0.7460 0.9365
vt 0.7619 0.9365
vt 0.7778 0.9365
vt 0.7937 0.9365
vt 0.8095 0.9365
vt 0.8254 0.9365
vt 0.8413 0.9365
vt 0.8571 0.9365
vt 0.8730 0.9365
vt 0.8889 0.9365
vt 0.9048 0.9365
vt 0.9206 0.9365
vt 0.9365 0.9365
vt 0.9524 0.9365
vt 0.9683 0.9365
vt 0.9841 0.9365
vt 1.0000 0.9365
vt 0.0000 0.9206
vt 0.0159 0.9206
vt 0.0317 0.9206
vt 0.0476 0.9206
vt 0.0635 0.9206
vt 0.0794 0.9206
vt 0.0952 0.9206
vt 0.1111 0.9206
vt 0.1270 0.9206
vt 0.1429 0.9206
vt 0.1587 0.9206
vt 0.1746 0.9206
vt 0.1905 0.9206
vt 0.2063 0.9206
vt 0.2222 0.9206
vt 0.2381 0.9206
vt 0.2540 0.9206
vt 0.2698 0.9206
vt 0.2857 0.9206
vt 0.3016 0.9206
vt 0.3175 0.9206
vt 0.3333 0.9206
vt 0.3492 0.9206
vt 0.3651 0.9206
vt 0.3810 0.9206
vt 0.3968 0.9206
vt 0.4127 0.9206
vt 0.4286 0.9206
vt 0.4444 0.9206
vt 0.4603 0.9206
vt 0.4762 0.9206
vt 0.4921 0.9206
vt 0.5079 0.9206
vt 0.5238 0.9206
vt 0.5397 0.9206
vt 0.5556 0.9206
vt 0.5714 0.9206
vt 0.5873 0.9206
vt 0.6032 0.9206
vt 0.6190 0.9206
vt 0.6349 0.9206
vt 0.6508 0.9206
vt 0.6667 0.9206
vt 0.6825 0.9206
vt 0.6984 0.9206
vt 0.7143 0.9206
vt 0.7302 0.9206
vt 0.7460 0.9206
vt 0.7619 0.9206
vt 0.7778 0.9206
vt 0.7937 0.9206
vt 0.8095 0.9206
vt 0.8254 0.9206
vt 0.8413 0.9206
vt 0.8571 0.9206
vt 0.8730 0.9206
vt 0.8889 0.9206
vt 0.9048 0.9206
vt 0.9206 0.9206
vt 0.9365 0.9206
vt 0.9524 0.9206
vt 0.9683 0.9206
vt 0.9841 0.9206
vt 1.0000 0.9206
vt 0.0000 0.9048
vt 0.0159 0.9048
vt 0.0317 0.9048
vt 0.0476 0.9048
vt 0.0635 0.9048
vt 0.0794 0.9048
vt 0.0952 0.9048
vt 0.1111 0.9048
vt 0.1270 0.9048
vt 0.1429 0.9048
vt 0.1587 0.9048
vt 0.1746 0.9048
vt 0.1905 0.9048
vt 0.2063 0.9048
vt 0.2222 0.9048
vt 0.2381 0.9048
vt 0.2540 0.9048
vt 0.2698 0.9048
vt 0.2857 0.9048
vt 0.3016 0.9048
vt 0.3175 0.9048
vt 0.3333 0.9048
vt 0.3492 0.9048
vt 0.3651 0.9048
vt 0.3810 0.9048
vt 0.3968 0.9048
vt 0.4127 0.9048
vt 0.4286 0.9048
vt 0.4444 0.9048
vt 0.4603 0.9048
vt 0.4762 0.9048
vt 0.4921 0.9048
vt 0.5079 0.9048
vt 0.5238 0.9048
vt 0.5397 0.9048
vt 0.5556 0.9048
vt 0.5714 0.9048
vt 0.5873 0.9048
vt 0.6032 0.9048
vt 0.6190 0.9048
vt 0.6349 0.9048
vt 0.6508 0.9048
vt 0.6667 0.9048
vt 0.6825 0.9048
vt 0.6984 0.9048
vt 0.7143 0.9048
vt 0.7302 0.9048
vt 0.7460 0.9048
vt 0.7619 0.9048
vt 0.7778 0.9048
vt 0.7937 0.9048
vt 0.8095 0.9048
vt 0.8254 0.9048
vt 0.8413 0.9048
vt 0.8571 0.9048
vt 0.8730 0.9048
vt 0.8889 0.9048
vt 0.9048 0.9048
vt 0.9206 0.9048
vt 0.9365 0.9048
vt 0.9524 0.9048
vt 0.9683 0.9048
vt 0.9841 0.9048
vt 1.0000 0.9048
vt 0.0000 0.8889
vt 0.0159 0.8889
vt 0.0317 0.8889
vt 0.0476 0.8889
vt 0.0635 0.8889
vt 0.0794 0.8889
vt 0.0952 0.8889
vt 0.1111 0.8889
vt 0.1270 0.8889
vt 0.1429 0.8889
vt 0.1587 0.8889
vt 0.1746 0.8889
vt 0.1905 0.8889
vt 0.2063 0.8889
vt 0.2222 0.8889
vt 0.2381 0.8889
vt 0.2540 0.8889
vt 0.2698 0.8889
vt 0.2857 0.8889
vt 0.3016 0.8889
vt 0.3175 0.8889
vt 0.3333 0.8889
vt 0.3492 0.8889
vt 0.3651 0.8889
vt 0.3810 0.8889
vt 0.3968 0.8889
vt 0.4127 0.8889
vt 0.4286 0.8889
vt 0.4444 0.8889
vt 0.4603 0.8889
vt 0.4762 0.8889
vt 0.4921 0.8889
vt 0.5079 0.8889
vt 0.5238 0.8889
vt 0.5397 0.8889
vt 0.5556 0.8889
vt 0.5714 0.8889
vt 0.5873 0.8889
vt 0.6032 0.8889
vt 0.6190 0.8889
vt 0.6349 0.8889
vt 0.6508 0.8889
vt 0.6667 0.8889
vt 0.6825 0.8889
vt 0.6984 0.8889
vt 0.7143 0.8889
vt 0.7302 0.8889
vt 0.7460 0.8889
vt 0.7619 0.8889
vt 0.7778 0.8889
vt 0.7937 0.8889
vt 0.8095 0.8889
vt 0.8254 0.8889
vt 0.8413 0.8889
vt 0.8571 0.8889
vt 0.8730 0.8889
vt 0.8889 0.8889
vt 0.9048 0.8889
vt 0.9206 0.8889
vt 0.9365 0.8889
vt 0.9524 0.8889
vt 0.9683 0.8889
vt 0.9841 0.8889
vt 1.0000 0.8889
vt 0.0000 0.8730
vt 0.0159 0.8730
vt 0.0317 0.8730
vt 0.0476 0.8730
vt 0.0635 0.8730
vt 0.0794 0.8730
vt 0.0952 0.8730
vt 0.1111 0.8730
vt 0.1270 0.8730
vt 0.1429 0.8730
vt 0.1587 0.8730
vt 0.1746 0.8730
vt 0.1905 0.8730
vt 0.2063 0.8730
vt 0.2222 0.8730
vt 0.2381 0.8730
vt 0.2540 0.8730
vt 0.2698 0.8730
vt 0.2857 0.8730
vt 0.3016 0.8730
vt 0.3175 0.8730
vt 0.3333 0.8730
vt 0.3492 0.8730
vt 0.3651 0.8730
vt 0.3810 0.8730
vt 0.3968 0.8730
vt 0.4127 0.8730
vt 0.4286 0.8730
vt 0.4444 0.8730
vt 0.4603 0.8730
vt 0.4762 0.8730
vt 0.4921 0.8730
vt 0.5079 0.8730
vt 0.5238 0.8730
vt 0.5397 0.8730
vt 0.5556 0.8730
vt 0.5714 0.8730
vt 0.5873 0.8730
vt 0.6032 0.8730
vt 0.6190 0.8730
vt 0.6349 0.8730
vt 0.6508 0.8730
vt 0.6667 0.8730
vt 0.6825 0.8730
vt 0.6984 0.8730
vt 0.7143 0.8730
vt 0.7302 0.8730
vt 0.7460 0.8730
vt 0.7619 0.8730
vt 0.7778 0.8730
vt 0.7937 0.8730
vt 0.8095 0.8730
vt 0.8254 0.8730
vt 0.8413 0.8730
vt 0.8571 0.8730
vt 0.8730 0.8730
vt 0.8889 0.8730
vt 0.9048 0.8730
vt 0.9206 0.8730
vt 0.9365 0.8730
vt 0.9524 0.8730
vt 0.9683 0.8730
vt 0.9841 0.8730
vt 1.0000 0.8730
vt 0.0000 0.8571
vt 0.0159 0.8571
vt 0.0317 0.8571
vt 0.0476 0.8571
vt 0.0635 0.8571
vt 0.0794 0.8571
vt 0.0952 0.8571
vt 0.1111 0.8571
vt 0.1270 0.8571
vt 0.1429 0.8571
vt 0.1587 0.8571
vt 0.1746 0.8571
vt 0.1905 0.8571
vt 0.2063 0.8571
vt 0.2222 0.8571
vt 0.2381 0.8571
vt 0.2540 0.8571
vt 0.2698 0.8571
vt 0.2857 0.8571
vt 0.3016 0.8571
vt 0.3175 0.8571
vt 0.3333 0.8571
vt 0.3492 0.8571
vt 0.3651 0.8571
vt 0.3810 0.8571
vt 0.3968 0.8571
vt 0.4127 0.8571
vt 0.4286 0.8571
vt 0.4444 0.8571
vt 0.4603 0.8571
vt 0.4762 0.8571
vt 0.4921 0.8571
vt 0.5079 0.8571
vt 0.5238 0.8571
vt 0.5397 0.8571
vt 0.5556 0.8571
vt 0.5714 0.8571
vt 0.5873 0.8571
vt 0.6032 0.8571
vt 0.6190 0.8571
vt 0.6349 0.8571
vt 0.6508 0.8571
vt 0.6667 0.8571
vt 0.6825 0.8571
vt 0.6984 0.8571
vt 0.7143 0.8571
vt 0.7302 0.8571
vt 0.7460 0.8571
vt 0.7619 0.8571
vt 0.7778 0.8571
vt 0.7937 0.8571
vt 0.8095 0.8571
vt 0.8254 0.8571
vt 0.8413 0.8571
vt 0.8571 0.8571
vt 0.8730 0.8571
vt 0.8889 0.8571
vt 0.9048 0.8571
vt 0.9206 0.8571
vt 0.9365 0.8571
vt 0.9524 0.8571
vt 0.9683 0.8571
vt 0.9841 0.8571
vt 1.0000 0.8571
vt 0.0000 0.8413
vt 0.0159 0.8413
vt 0.0317 0.8413
vt 0.0476 0.8413
vt 0.0635 0.8413
vt 0.0794 0.8413
vt 0.0952 0.8413
vt 0.1111 0.8413
vt 0.1270 0.8413
vt 0.1429 0.8413
vt 0.1587 0.8413
vt 0.1746 0.8413
vt 0.1905 0.8413
vt 0.2063 0.8413
vt 0.2222 0.8413
vt 0.2381 0.8413
vt 0.2540 0.8413
vt 0.2698 0.8413
vt 0.2857 0.8413
vt 0.3016 0.8413
vt 0.3175 0.8413
vt 0.3333 0.8413
vt 0.3492 0.8413
vt 0.3651 0.8413
vt 0.3810 0.8413
vt 0.3968 0.8413
vt 0.4127 0.8413
vt 0.4286 0.8413
vt 0.4444 0.8413
vt 0.4603 0.8413
vt 0.4762 0.8413
vt 0.4921 0.8413
vt 0.5079 0.8413
vt 0.5238 0.8413
vt 0.5397 0.8413
vt 0.5556 0.8413
vt 0.5714 0.8413
vt 0.5873 0.8413
vt 0.6032 0.8413
vt 0.6190 0.8413
vt 0.6349 0.8413
vt 0.6508 0.8413
vt 0.6667 0.8413
vt 0.6825 0.8413
vt 0.6984 0.8413
vt 0.7143 0.8413
vt 0.7302 0.8413
vt 0.7460 0.8413
vt 0.7619 0.8413
vt 0.7778 0.8413
vt 0.7937 0.8413
vt 0.8095 0.8413
vt 0.8254 0.8413
vt 0.8413 0.8413
vt 0.8571 0.8413
vt 0.8730 0.8413
vt 0.8889 0.8413
vt 0.9048 0.8413
vt 0.9206 0.8413
vt 0.9365 0.8413
vt 0.9524 0.8413
vt 0.9683 0.8413
vt 0.9841 0.8413
vt 1.0000 0.8413
vt 0.0000 0.8254
vt 0.0159 0.8254
vt 0.0317 0.8254
vt 0.0476 0.8254
vt 0.0635 0.8254
vt 0.0794 0.8254
vt 0.0952 0.8254
vt 0.1111 0.8254
vt 0.1270 0.8254
vt 0.1429 0.8254
vt 0.1587 0.8254
vt 0.1746 0.8254
vt 0.1905 0.8254
vt 0.2063 0.8254
vt 0.2222 0.8254
vt 0.2381 0.8254
vt 0.2540 0.8254
vt 0.2698 0.8254
vt 0.2857 0.8254
vt 0.3016 0.8254
vt 0.3175 0.8254
vt 0.3333 0.8254
vt 0.3492 0.8254
vt 0.3651 0.8254
vt 0.3810 0.8254
vt 0.3968 0.8254
vt 0.4127 0.8254
vt 0.4286 0.8254
vt 0.4444 0.8254
vt 0.4603 0.8254
vt 0.4762 0.8254
vt 0.4921 0.8254
vt 0.5079 0.8254
vt 0.5238 0.8254
vt 0.5397 0.8254
vt 0.5556 0.8254
vt 0.5714 0.8254
vt 0.5873 0.8254
vt 0.6032 0.8254
vt 0.6190 0.8254
vt 0.6349 0.8254
vt 0.6508 0.8254
vt 0.6667 0.8254
vt 0.6825 0.8254
vt 0.6984 0.8254
vt 0.7143 0.8254
vt 0.7302 0.8254
vt 0.7460 0.8254
vt 0.7619 0.8254
vt 0.7778 0.8254
vt 0.7937 0.8254
vt 0.8095 0.8254
vt 0.8254 0.8254
vt 0.8413 0.8254
vt 0.8571 0.8254
vt 0.8730 0.8254
vt 0.8889 0.8254
vt 0.9048 0.8254
vt 0.9206 0.8254
vt 0.9365 0.8254
vt 0.9524 0.8254
vt 0.9683 0.8254
vt 0.9841 0.8254
vt 1.0000 0.8254
vt 0.0000 0.8095
vt 0.0159 0.8095
vt 0.0317 0.8095
vt 0.0476 0.8095
vt 0.0635 0.8095
vt 0.0794 0.8095
vt 0.0952 0.8095
vt 0.1111 0.8095
vt 0.1270 0.8095
vt 0.1429 0.8095
vt 0.1587 0.8095
vt 0.1746 0.8095
vt 0.1905 0.8095
vt 0.2063 0.8095
vt 0.2222 0.8095
vt 0.2381 0.8095
vt 0.2540 0.8095
vt 0.2698 0.8095
vt 0.2857 0.8095
vt 0.3016 0.8095
vt 0.3175 0.8095
vt 0.3333 0.8095
vt 0.3492 0.8095
vt 0.3651 0.8095
vt 0.3810 0.8095
vt 0.3968 0.8095
vt 0.4127 0.8095
vt 0.4286 0.8095
vt 0.4444 0.8095
vt 0.4603 0.8095
vt 0.4762 0.8095
vt 0.4921 0.8095
vt 0.5079 0.8095
vt 0.5238 0.8095
vt 0.5397 0.8095
vt 0.5556 0.8095
vt 0.5714 0.8095
vt 0.5873 0.8095
vt 0.6032 0.8095
vt 0.6190 0.8095
vt 0.6349 0.8095
vt 0.6508 0.8095
vt 0.6667 0.8095
vt 0.6825 0.8095
vt 0.6984 0.8095
vt 0.7143 0.8095
vt 0.7302 0.8095
vt 0.7460 0.8095
vt 0.7619 0.8095
vt 0.7778 0.8095
vt 0.7937 0.8095
vt 0.8095 0.8095
vt 0.8254 0.8095
vt 0.8413 0.8095
vt 0.8571 0.8095
vt 0.8730 0.8095
vt 0.8889 0.8095
vt 0.9048 0.8095
vt 0.9206 0.8095
vt 0.9365 0.8095
vt 0.9524 0.8095
vt 0.9683 0.8095
vt 0.9841 0.8095
vt 1.0000 0.8095
vt 0.0000 0.7937
vt 0.0159 0.7937
vt 0.0317 0.7937
vt 0.0476 0.7937
vt 0.0635 0.7937
vt 0.0794 0.7937
vt 0.0952 0.7937
vt 0.1111 0.7937
vt 0.1270 0.7937
vt 0.1429 0.7937
vt 0.1587 0.7937
vt 0.1746 0.7937
vt 0.1905 0.7937
vt 0.2063 0.7937
vt 0.2222 0.7937
vt 0.2381 0.7937
vt 0.2540 0.7937
vt 0.2698 0.7937
vt 0.2857 0.7937
vt 0.3016 0.7937
vt 0.3175 0.7937
vt 0.3333 0.7937
vt 0.3492 0.7937
vt 0.3651 0.7937
vt 0.3810 0.7937
vt 0.3968 0.7937
vt 0.4127 0.7937
vt 0.4286 0.7937
vt 0.4444 0.7937
vt 0.4603 0.7937
vt 0.4762 0.7937
vt 0.4921 0.7937
vt 0.5079 0.7937
vt 0.5238 0.7937
vt 0.5397 0.7937
vt 0.5556 0.7937
vt 0.5714 0.7937
vt 0.5873 0.7937
vt 0.6032 0.7937
vt 0.6190 0.7937
vt 0.6349 0.7937
vt 0.6508 0.7937
vt 0.6667 0.7937
vt 0.6825 0.7937
vt 0.6984 0.7937
vt 0.7143 0.7937
vt 0.7302 0.7937
vt 0.7460 0.7937
vt 0.7619 0.7937
vt 0.7778 0.7937
vt 0.7937 0.7937
vt 0.8095 0.7937
vt 0.8254 0.7937
vt 0.8413 0.7937
vt 0.8571 0.7937
vt 0.8730 0.7937
vt 0.8889 0.7937
vt 0.9048 0.7937
vt 0.9206 0.7937
vt 0.9365 0.7937
vt 0.9524 0.7937
vt 0.9683 0.7937
vt 0.9841 0.7937
vt 1.0000 0.7937
vt 0.0000 0.7778
vt 0.0159 0.7778
vt 0.0317 0.7778
vt 0.0476 0.7778
vt 0.0635 0.7778
vt 0.0794 0.7778
vt 0.0952 0.7778
vt 0.1111 0.7778
vt 0.1270 0.7778
vt 0.1429 0.7778
vt 0.1587 0.7778
vt 0.1746 0.7778
vt 0.1905 0.7778
vt 0.2063 0.7778
vt 0.2222 0.7778
vt 0.2381 0.7778
vt 0.2540 0.7778
vt 0.2698 0.7778
vt 0.2857 0.7778
vt 0.3016 0.7778
vt 0.3175 0.7778
vt 0.3333 0.7778
vt 0.3492 0.7778
vt 0.3651 0.7778
vt 0.3810 0.7778
vt 0.3968 0.7778
vt 0.4127 0.7778
vt 0.4286 0.7778
vt 0.4444 0.7778
vt 0.4603 0.7778
vt 0.4762 0.7778
vt 0.4921 0.7778
vt 0.5079 0.7778
vt 0.5238 0.7778
vt 0.5397 0.7778
vt 0.5556 0.7778
vt 0.5714 0.7778
vt 0.5873 0.7778
vt 0.6032 0.7778
vt 0.6190 0.7778
vt 0.6349 0.7778
vt 0.6508 0.7778
vt 0.6667 0.7778
vt 0.6825 0.7778
vt 0.6984 0.7778
vt 0.7143 0.7778
vt 0.7302 0.7778
vt 0.7460 0.7778
vt 0.7619 0.7778
vt 0.7778 0.7778
vt 0.7937 0.7778
vt 0.8095 0.7778
vt 0.8254 0.7778
vt 0.8413 0.7778
vt 0.8571 0.7778
vt 0.8730 0.7778
vt 0.8889 0.7778
vt 0.9048 0.7778
vt 0.9206 0.7778
vt 0.9365 0.7778
vt 0.9524 0.7778
vt 0.9683 0.7778
vt 0.9841 0.7778
vt 1.0000 0.7778
vt 0.0000 0.7619
vt 0.0159 0.7619
vt 0.0317 0.7619
vt 0.0476 0.7619
vt 0.0635 0.7619
vt 0.0794 0.7619
vt 0.0952 0.7619
vt 0.1111 0.7619
vt 0.1270 0.7619
vt 0.1429 0.7619
vt 0.1587 0.7619
vt 0.1746 0.7619
vt 0.1905 0.7619
vt 0.2063 0.7619
vt 0.2222 0.7619
vt 0.2381 0.7619
vt 0.2540 0.7619
vt 0.2698 0.7619
vt 0.2857 0.7619
vt 0.3016 0.7619
vt 0.3175 0.7619
vt 0.3333 0.7619
vt 0.3492 0.7619
vt 0.3651 0.7619
vt 0.3810 0.7619
vt 0.3968 0.7619
vt 0.4127 0.7619
vt 0.4286 0.7619
vt 0.4444 0.7619
vt 0.4603 0.7619
vt 0.4762 0.7619
vt 0.4921 0.7619
vt 0.5079 0.7619
vt 0.5238 0.7619
vt 0.5397 0.7619
vt 0.5556 0.7619
vt 0.5714 0.7619
vt 0.5873 0.7619
vt 0.6032 0.7619
vt 0.6190 0.7619
vt 0.6349 0.7619
vt 0.6508 0.7619
vt 0.6667 0.7619
vt 0.6825 0.7619
vt 0.6984 0.7619
vt 0.7143 0.7619
vt 0.7302 0.7619
vt 0.7460 0.7619
vt 0.7619 0.7619
vt 0.7778 0.7619
vt 0.7937 0.7619
vt 0.8095 0.7619
vt 0.8254 0.7619
vt 0.8413 0.7619
vt 0.8571 0.7619
vt 0.8730 0.7619
vt 0.8889 0.7619
vt 0.9048 0.7619
vt 0.9206 0.7619
vt 0.9365 0.7619
vt 0.9524 0.7619
vt 0.9683 0.7619
vt 0.9841 0.7619
vt 1.0000 0.7619
vt 0.0000 0.7460
vt 0.0159 0.7460
vt 0.0317 0.7460
vt 0.0476 0.7460
vt 0.0635 0.7460
vt 0.0794 0.7460
vt 0.0952 0.7460
vt 0.1111 0.7460
vt 0.1270 0.7460
vt 0.1429 0.7460
vt 0.1587 0.7460
vt 0.1746 0.7460
vt 0.1905 0.7460
vt 0.2063 0.7460
vt 0.2222 0.7460
vt 0.2381 0.7460
vt 0.2540 0.7460
vt 0.2698 0.7460
vt 0.2857 0.7460
vt 0.3016 0.7460
vt 0.3175 0.7460
vt 0.3333 0.7460
vt 0.3492 0.7460
vt 0.3651 0.7460
vt 0.3810 0.7460
vt 0.3968 0.7460
vt 0.4127 0.7460
vt 0.4286 0.7460
vt 0.4444 0.7460
vt 0.4603 0.7460
vt 0.4762 0.7460
vt 0.4921 0.7460
vt 0.5079 0.7460
vt 0.5238 0.7460
vt 0.5397 0.7460
vt 0.5556 0.7460
vt 0.5714 0.7460
vt 0.5873 0.7460
vt 0.6032 0.7460
vt 0.6190 0.7460
vt 0.6349 0.7460
vt 0.6508 0.7460
vt 0.6667 0.7460
vt 0.6825 0.7460
vt 0.6984 0.7460
vt 0.7143 0.7460
vt 0.7302 0.7460
vt 0.7460 0.7460
vt 0.7619 0.7460
vt 0.7778 0.7460
vt 0.7937 0.7460
vt 0.8095 0.7460
vt 0.8254 0.7460
vt 0.8413 0.7460
vt 0.8571 0.7460
vt 0.8730 0.7460
vt 0.8889 0.7460
vt 0.9048 0.7460
vt 0.9206 0.7460
vt 0.9365 0.7460
vt 0.9524 0.7460
vt 0.9683 0.7460
vt 0.9841 0.7460
vt 1.0000 0.7460
vt 0.0000 0.7302
vt 0.0159 0.7302
vt 0.0317 0.7302
vt 0.0476 0.7302
vt 0.0635 0.7302
vt 0.0794 0.7302
vt 0.0952 0.7302
vt 0.1111 0.7302
vt 0.1270 0.7302
vt 0.1429 0.7302
vt 0.1587 0.7302
vt 0.1746 0.7302
vt 0.1905 0.7302
vt 0.2063 0.7302
vt 0.2222 0.7302
vt 0.2381 0.7302
vt 0.2540 0.7302
vt 0.2698 0.7302
vt 0.2857 0.7302
vt 0.3016 0.7302
vt 0.3175 0.7302
vt 0.3333 0.7302
vt 0.3492 0.7302
vt 0.3651 0.7302
vt 0.3810 0.7302
vt 0.3968 0.7302
vt 0.4127 0.7302
vt 0.4286 0.7302
vt 0.4444 0.7302
vt 0.4603 0.7302
vt 0.4762 0.7302
vt 0.4921 0.7302
vt 0.5079 0.7302
vt 0.5238 0.7302
vt 0.5397 0.7302
vt 0.5556 0.7302
vt 0.5714 0.7302
vt 0.5873 0.7302
vt 0.6032 0.7302
vt 0.6190 0.7302
vt 0.6349 0.7302
vt 0.6508 0.7302
vt 0.6667 0.7302
vt 0.6825 0.7302
vt 0.6984 0.7302
vt 0.7143 0.7302
vt 0.7302 0.7302
vt 0.7460 0.7302
vt 0.7619 0.7302
vt 0.7778 0.7302
vt 0.7937 0.7302
vt 0.8095 0.7302
vt 0.8254 0.7302
vt 0.8413 0.7302
vt 0.8571 0.7302
vt 0.8730 0.7302
vt 0.8889 0.7302
vt 0.9048 0.7302
vt 0.9206 0.7302
vt 0.9365 0.7302
vt 0.9524 0.7302
vt 0.9683 0.7302
vt 0.9841 0.7302
vt 1.0000 0.7302
vt 0.0000 0.7143
vt 0.0159 0.7143
vt 0.0317 0.7143
vt 0.0476 0.7143
vt 0.0635 0.7143
vt 0.0794 0.7143
vt 0.0952 0.7143
vt 0.1111 0.7143
vt 0.1270 0.7143
vt 0.1429 0.7143
vt 0.1587 0.7143
vt 0.1746 0.7143
vt 0.1905 0.7143
vt 0.2063 0.7143
vt 0.2222 0.7143
vt 0.2381 0.7143
vt 0.2540 0.7143
vt 0.2698 0.7143
vt 0.2857 0.7143
vt 0.3016 0.7143
vt 0.3175 0.7143
vt 0.3333 0.7143
vt 0.3492 0.7143
vt 0.3651 0.7143
vt 0.3810 0.7143
vt 0.3968 0.7143
vt 0.4127 0.7143
vt 0.4286 0.7143
vt 0.4444 0.7143
vt 0.4603 0.7143
vt 0.4762 0.7143
vt 0.4921 0.7143
vt 0.5079 0.7143
vt 0.5238 0.7143
vt 0.5397 0.7143
vt 0.5556 0.7143
vt 0.5714 0.7143
vt 0.5873 0.7143
vt 0.6032 0.7143
vt 0.6190 0.7143
vt 0.6349 0.7143
vt 0.6508 0.7143
vt 0.6667 0.7143
vt 0.6825 0.7143
vt 0.6984 0.7143
vt 0.7143 0.7143
vt 0.7302 0.7143
vt 0.7460 0.7143
vt 0.7619 0.7143
vt 0.7778 0.7143
vt 0.7937 0.7143
vt 0.8095 0.7143
vt 0.8254 0.7143
vt 0.8413 0.7143
vt 0.8571 0.7143
vt 0.8730 0.7143
vt 0.8889 0.7143
vt 0.9048 0.7143
vt 0.9206 0.7143
vt 0.9365 0.7143
vt 0.9524 0.7143
vt 0.9683 0.7143
vt 0.9841 0.7143
vt 1.0000 0.7143
vt 0.0000 0.6984
vt 0.0159 0.6984
vt 0.0317 0.6984
vt 0.0476 0.6984
vt 0.0635 0.6984
vt 0.0794 0.6984
vt 0.0952 0.6984
vt 0.1111 0.6984
vt 0.1270 0.6984
vt 0.1429 0.6984
vt 0.1587 0.6984
vt 0.1746 0.6984
vt 0.1905 0.6984
vt 0.2063 0.6984
vt 0.2222 0.6984
vt 0.2381 0.6984
vt 0.2540 0.6984
vt 0.2698 0.6984
vt 0.2857 0.6984
vt 0.3016 0.6984
vt 0.3175 0.6984
vt 0.3333 0.6984
vt 0.3492 0.6984
vt 0.3651 0.6984
vt 0.3810 0.6984
vt 0.3968 0.6984
vt 0.4127 0.6984
vt 0.4286 0.6984
vt 0.4444 0.6984
vt 0.4603 0.6984
vt 0.4762 0.6984
vt 0.4921 0.6984
vt 0.5079 0.6984
vt 0.5238 0.6984
vt 0.5397 0.6984
vt 0.5556 0.6984
vt 0.5714 0.6984
vt 0.5873 0.6984
vt 0.6032 0.6984
vt 0.6190 0.6984
vt 0.6349 0.6984
vt 0.6508 0.6984
vt 0.6667 0.6984
vt 0.6825 0.6984
vt 0.6984 0.6984
vt 0.7143 0.6984
vt 0.7302 0.6984
vt 0.7460 0.6984
vt 0.7619 0.6984
vt 0.7778 0.6984
vt 0.7937 0.6984
vt 0.8095 0.6984
vt 0.8254 0.6984
vt 0.8413 0.6984
vt 0.8571 0.6984
vt 0.8730 0.6984
vt 0.8889 0.6984
vt 0.9048 0.6984
vt 0.9206 0.6984
vt 0.9365 0.6984
vt 0.9524 0.6984
vt 0.9683 0.6984
vt 0.9841 0.6984
vt 1.0000 0.6984
vt 0.0000 0.6825
vt 0.0159 0.6825
vt 0.0317 0.6825
vt 0.0476 0.6825
vt 0.0635 0.6825
vt 0.0794 0.6825
vt 0.0952 0.6825
vt 0.1111 0.6825
vt 0.1270 0.6825
vt 0.1429 0.6825
vt 0.1587 0.6825
vt 0.1746 0.6825
vt 0.1905 0.6825
vt 0.2063 0.6825
vt 0.2222 0.6825
vt 0.2381 0.6825
vt 0.2540 0.6825
vt 0.2698 0.6825
vt 0.2857 0.6825
vt 0.3016 0.6825
vt 0.3175 0.6825
vt 0.3333 0.6825
vt 0.3492 0.6825
vt 0.3651 0.6825
vt 0.3810 0.6825
vt 0.3968 0.6825
vt 0.4127 0.6825
vt 0.4286 0.6825
vt 0.4444 0.6825
vt 0.4603 0.6825
vt 0.4762 0.6825
vt 0.4921 0.6825
vt 0.5079 0.6825
vt 0.5238 0.6825
vt 0.5397 0.6825
vt 0.5556 0.6825
vt 0.5714 0.6825
vt 0.5873 0.6825
vt 0.6032 0.6825
vt 0.6190 0.6825
vt 0.6349 0.6825
vt 0.6508 0.6825
vt 0.6667 0.6825
vt 0.6825 0.6825
vt 0.6984 0.6825
vt 0.7143 0.6825
vt 0.7302 0.6825
vt 0.7460 0.6825
vt 0.7619 0.6825
vt 0.7778 0.6825
vt 0.7937 0.6825
vt 0.8095 0.6825
vt 0.8254 0.6825
vt 0.8413 0.6825
vt 0.8571 0.6825
vt 0.8730 0.6825
vt 0.8889 0.6825
vt 0.9048 0.6825
vt 0.9206 0.6825
vt 0.9365 0.6825
vt 0.9524 0.6825
vt 0.9683 0.6825
vt 0.9841 0.6825
vt 1.0000 0.6825
vt 0.0000 0.6667
vt 0.0159 0.6667
vt 0.0317 0.6667
vt 0.0476 0.6667
vt 0.0635 0.6667
vt 0.0794 0.6667
vt 0.0952 0.6667
vt 0.1111 0.6667
vt 0.1270 0.6667
vt 0.1429 0.6667
vt 0.1587 0.6667
vt 0.1746 0.6667
vt 0.1905 0.6667
vt 0.2063 0.6667
vt 0.2222 0.6667
vt 0.2381 0.6667
vt 0.2540 0.6667
vt 0.2698 0.6667
vt 0.2857 0.6667
vt 0.3016 0.6667
vt 0.3175 0.6667
vt 0.3333 0.6667
vt 0.3492 0.6667
vt 0.3651 0.6667
vt 0.3810 0.6667
vt 0.3968 0.6667
vt 0.4127 0.6667
vt 0.4286 0.6667
vt 0.4444 0.6667
vt 0.4603 0.6667
vt 0.4762 0.6667
vt 0.4921 0.6667
vt 0.5079 0.6667
vt 0.5238 0.6667
vt 0.5397 0.6667
vt 0.5556 0.6667
vt 0.5714 0.6667
vt 0.5873 0.6667
vt 0.6032 0.6667
vt 0.6190 0.6667
vt 0.6349 0.6667
vt 0.6508 0.6667
vt 0.6667 0.6667
vt 0.6825 0.6667
vt 0.6984 0.6667
vt 0.7143 0.6667
vt 0.7302 0.6667
vt 0.7460 0.6667
vt 0.7619 0.6667
vt 0.7778 0.6667
vt 0.7937 0.6667
vt 0.8095 0.6667
vt 0.8254 0.6667
vt 0.8413 0.6667
vt 0.8571 0.6667
vt 0.8730 0.6667
vt 0.8889 0.6667
vt 0.9048 0.6667
vt 0.9206 0.6667
vt 0.9365 0.6667
vt 0.9524 0.6667
vt 0.9683 0.6667
vt 0.9841 0.6667
vt 1.0000 0.6667
vt 0.0000 0.6508
vt 0.0159 0.6508
vt 0.0317 0.6508
vt 0.0476 0.6508
vt 0.0635 0.6508
vt 0.0794 0.6508
vt 0.0952 0.6508
vt 0.1111 0.6508
vt 0.1270 0.6508
vt 0.1429 0.6508
vt 0.1587 0.6508
vt 0.1746 0.6508
vt 0.1905 0.6508
vt 0.2063 0.6508
vt 0.2222 0.6508
vt 0.2381 0.6508
vt 0.2540 0.6508
vt 0.2698 0.6508
vt 0.2857 0.6508
vt 0.3016 0.6508
vt 0.3175 0.6508
vt 0.3333 0.6508
vt 0.3492 0.6508
vt 0.3651 0.6508
vt 0.3810 0.6508
vt 0.3968 0.6508
vt 0.4127 0.6508
vt 0.4286 0.6508
vt 0.4444 0.6508
vt 0.4603 0.6508
vt 0.4762 0.6508
vt 0.4921 0.6508
vt 0.5079 0.6508
vt 0.5238 0.6508
vt 0.5397 0.6508
vt 0.5556 0.6508
vt 0.5714 0.6508
vt 0.5873 0.6508
vt 0.6032 0.6508
vt 0.6190 0.6508
vt 0.6349 0.6508
vt 0.6508 0.6508
vt 0.6667 0.6508
vt 0.6825 0.6508
vt 0.6984 0.6508
vt 0.7143 0.6508
vt 0.7302 0.6508
vt 0.7460 0.6508
vt 0.7619 0.6508
vt 0.7778 0.6508
vt 0.7937 0.6508
vt 0.8095 0.6508
vt 0.8254 0.6508
vt 0.8413 0.6508
vt 0.8571 0.6508
vt 0.8730 0.6508
vt 0.8889 0.6508
vt 0.9048 0.6508
vt 0.9206 0.6508
vt 0.9365 0.6508
vt 0.9524 0.6508
vt 0.9683 0.6508
vt 0.9841 0.6508
vt 1.0000 0.6508
vt 0.0000 0.6349
vt 0.0159 0.6349
vt 0.0317 0.6349
vt 0.0476 0.6349
vt 0.0635 0.6349
vt 0.0794 0.6349
vt 0.0952 0.6349
vt 0.1111 0.6349
vt 0.1270 0.6349
vt 0.1429 0.6349
vt 0.1587 0.6349
vt 0.1746 0.6349
vt 0.1905 0.6349
vt 0.2063 0.6349
vt 0.2222 0.6349
vt 0.2381 0.6349
vt 0.2540 0.6349
vt 0.2698 0.6349
vt 0.2857 0.6349
vt 0.3016 0.6349
vt 0.3175 0.6349
vt 0.3333 0.6349
vt 0.3492 0.6349
vt 0.3651 0.6349
vt 0.3810 0.6349
vt 0.3968 0.6349
vt 0.4127 0.6349
vt 0.4286 0.6349
vt 0.4444 0.6349
vt 0.4603 0.6349
vt 0.4762 0.6349
vt 0.4921 0.6349
vt 0.5079 0.6349
vt 0.5238 0.6349
vt 0.5397 0.6349
vt 0.5556 0.6349
vt 0.5714 0.6349
vt 0.5873 0.6349
vt 0.6032 0.6349
vt 0.6190 0.6349
vt 0.6349 0.6349
vt 0.6508 0.6349
vt 0.6667 0.6349
vt 0.6825 0.6349
vt 0.6984 0.6349
vt 0.7143 0.6349
vt 0.7302 0.6349
vt 0.7460 0.6349
vt 0.7619 0.6349
vt 0.7778 0.6349
vt 0.7937 0.6349
vt 0.8095 0.6349
vt 0.8254 0.6349
vt 0.8413 0.6349
vt 0.8571 0.6349
vt 0.8730 0.6349
vt 0.8889 0.6349
vt 0.9048 0.6349
vt 0.9206 0.6349
vt 0.9365 0.6349
vt 0.9524 0.6349
vt 0.9683 0.6349
vt 0.9841 0.6349
vt 1.0000 0.6349
vt 0.0000 0.6190
vt 0.0159 0.6190
vt 0.0317 0.6190
vt 0.0476 0.6190
vt 0.0635 0.6190
vt 0.0794 0.6190
vt 0.0952 0.6190
vt 0.1111 0.6190
vt 0.1270 0.6190
vt 0.1429 0.6190
vt 0.1587 0.6190
vt 0.1746 0.6190
vt 0.1905 0.6190
vt 0.2063 0.6190
vt 0.2222 0.6190
vt 0.2381 0.6190
vt 0.2540 0.6190
vt 0.2698 0.6190
vt 0.2857 0.6190
vt 0.3016 0.6190
vt 0.3175 0.6190
vt 0.3333 0.6190
vt 0.3492 0.6190
vt 0.3651 0.6190
vt 0.3810 0.6190
vt 0.3968 0.6190
vt 0.4127 0.6190
vt 0.4286 0.6190
vt 0.4444 0.6190
vt 0.4603 0.6190
vt 0.4762 0.6190
vt 0.4921 0.6190
vt 0.5079 0.6190
vt 0.5238 0.6190
vt 0.5397 0.6190
vt 0.5556 0.6190
vt 0.5714 0.6190
vt 0.5873 0.6190
vt 0.6032 0.6190
vt 0.6190 0.6190
vt 0.6349 0.6190
vt 0.6508 0.6190
vt 0.6667 0.6190
vt 0.6825 0.6190
vt 0.6984 0.6190
vt 0.7143 0.6190
vt 0.7302 0.6190
vt 0.7460 0.6190
vt 0.7619 0.6190
vt 0.7778 0.6190
vt 0.7937 0.6190
vt 0.8095 0.6190
vt 0.8254 0.6190
vt 0.8413 0.6190
vt 0.8571 0.6190
vt 0.8730 0.6190
vt 0.8889 0.6190
vt 0.9048 0.6190
vt 0.9206 0.6190
vt 0.9365 0.6190
vt 0.9524 0.6190
vt 0.9683 0.6190
vt 0.9841 0.6190
vt 1.0000 0.6190
vt 0.0000 0.6032
vt 0.0159 0.6032
vt 0.0317 0.6032
vt 0.0476 0.6032
vt 0.0635 0.6032
vt 0.0794 0.6032
vt 0.0952 0.6032
vt 0.1111 0.6032
vt 0.1270 0.6032
vt 0.1429 0.6032
vt 0.1587 0.6032
vt 0.1746 0.6032
vt 0.1905 0.6032
vt 0.2063 0.6032
vt 0.2222 0.6032
vt 0.2381 0.6032
vt 0.2540 0.6032
vt 0.2698 0.6032
vt 0.2857 0.6032
vt 0.3016 0.6032
vt 0.3175 0.6032
vt 0.3333 0.6032
vt 0.3492 0.6032
vt 0.3651 0.6032
vt 0.3810 0.6032
vt 0.3968 0.6032
vt 0.4127 0.6032
vt 0.4286 0.6032
vt 0.4444 0.6032
vt 0.4603 0.6032
vt 0.4762 0.6032
vt 0.4921 0.6032
vt 0.5079 0.6032
vt 0.5238 0.6032
vt 0.5397 0.6032
vt 0.5556 0.6032
vt 0.5714 0.6032
vt 0.5873 0.6032
vt 0.6032 0.6032
vt 0.6190 0.6032
vt 0.6349 0.6032
vt 0.6508 0.6032
vt 0.6667 0.6032
vt 0.6825 0.6032
vt 0.6984 0.6032
vt 0.7143 0.6032
vt 0.7302 0.6032
vt 0.7460 0.6032
vt 0.7619 0.6032
vt 0.7778 0.6032
vt 0.7937 0.6032
vt 0.8095 0.6032
vt 0.8254 0.6032
vt 0.8413 0.6032
vt 0.8571 0.6032
vt 0.8730 0.6032
vt 0.8889 0.6032
vt 0.9048 0.6032
vt 0.9206 0.6032
vt 0.9365 0.6032
vt 0.9524 0.6032
vt 0.9683 0.6032
vt 0.9841 0.6032
vt 1.0000 0.6032
vt 0.0000 0.5873
vt 0.0159 0.5873
vt 0.0317 0.5873
vt 0.0476 0.5873
vt 0.0635 0.5873
vt 0.0794 0.5873
vt 0.0952 0.5873
vt 0.1111 0.5873
vt 0.1270 0.5873
vt 0.1429 0.5873
vt 0.1587 0.5873
vt 0.1746 0.5873
vt 0.1905 0.5873
vt 0.2063 0.5873
vt 0.2222 0.5873
vt 0.2381 0.5873
vt 0.2540 0.5873
vt 0.2698 0.5873
vt 0.2857 0.5873
vt 0.3016 0.5873
vt 0.3175 0.5873
vt 0.3333 0.5873
vt 0.3492 0.5873
vt 0.3651 0.5873
vt 0.3810 0.5873
vt 0.3968 0.5873
vt 0.4127 0.5873
vt 0.4286 0.5873
vt 0.4444 0.5873
vt 0.4603 0.5873
vt 0.4762 0.5873
vt 0.4921 0.5873
vt 0.5079 0.5873
vt 0.5238 0.5873
vt 0.5397 0.5873
vt 0.5556 0.5873
vt 0.5714 0.5873
vt 0.5873 0.5873
vt 0.6032 0.5873
vt 0.6190 0.5873
vt 0.6349 0.5873
vt 0.6508 0.5873
vt 0.6667 0.5873
vt 0.6825 0.5873
vt 0.6984 0.5873
vt 0.7143 0.5873
vt 0.7302 0.5873
vt 0.7460 0.5873
vt 0.7619 0.5873
vt 0.7778 0.5873
vt 0.7937 0.5873
vt 0.8095 0.5873
vt 0.8254 0.5873
vt 0.8413 0.5873
vt 0.8571 0.5873
vt 0.8730 0.5873
vt 0.8889 0.5873
vt 0.9048 0.5873
vt 0.9206 0.5873
vt 0.9365 0.5873
vt 0.9524 0.5873
vt 0.9683 0.5873
vt 0.9841 0.5873
vt 1.0000 0.5873
vt 0.0000 0.5714
vt 0.0159 0.5714
vt 0.0317 0.5714
vt 0.0476 0.5714
vt 0.0635 0.5714
vt 0.0794 0.5714
vt 0.0952 0.5714
vt 0.1111 0.5714
vt 0.1270 0.5714
vt 0.1429 0.5714
vt 0.1587 0.5714
vt 0.1746 0.5714
vt 0.1905 0.5714
vt 0.2063 0.5714
vt 0.2222 0.5714
vt 0.2381 0.5714
vt 0.2540 0.5714
vt 0.2698 0.5714
vt 0.2857 0.5714
vt 0.3016 0.5714
vt 0.3175 0.5714
vt 0.3333 0.5714
vt 0.3492 0.5714
vt 0.3651 0.5714
vt 0.3810 0.5714
vt 0.3968 0.5714
vt 0.4127 0.5714
vt 0.4286 0.5714
vt 0.4444 0.5714
vt 0.4603 0.5714
vt 0.4762 0.5714
vt 0.4921 0.5714
vt 0.5079 0.5714
vt 0.5238 0.5714
vt 0.5397 0.5714
vt 0.5556 0.5714
vt 0.5714 0.5714
vt 0.5873 0.5714
vt 0.6032 0.5714
vt 0.6190 0.5714
vt 0.6349 0.5714
vt 0.6508 0.5714
vt 0.6667 0.5714
vt 0.6825 0.5714
vt 0.6984 0.5714
vt 0.7143 0.5714
vt 0.7302 0.5714
vt 0.7460 0.5714
vt 0.7619 0.5714
vt 0.7778 0.5714
vt 0.7937 0.5714
vt 0.8095 0.5714
vt 0.8254 0.5714
vt 0.8413 0.5714
vt 0.8571 0.5714
vt 0.8730 0.5714
vt 0.8889 0.5714
vt 0.9048 0.5714
vt 0.9206 0.5714
vt 0.9365 0.5714
vt 0.9524 0.5714
vt 0.9683 0.5714
vt 0.9841 0.5714
vt 1.0000 0.5714
vt 0.0000 0.5556
vt 0.0159 0.5556
vt 0.0317 0.5556
vt 0.0476 0.5556
vt 0.0635 0.5556
vt 0.0794 0.5556
vt 0.0952 0.5556
vt 0.1111 0.5556
vt 0.1270 0.5556
vt 0.1429 0.5556
vt 0.1587 0.5556
vt 0.1746 0.5556
vt 0.1905 0.5556
vt 0.2063 0.5556
vt 0.2222 0.5556
vt 0.2381 0.5556
vt 0.2540 0.5556
vt 0.2698 0.5556
vt 0.2857 0.5556
vt 0.3016 0.5556
vt 0.3175 0.5556
vt 0.3333 0.5556
vt 0.3492 0.5556
vt 0.3651 0.5556
vt 0.3810 0.5556
vt 0.3968 0.5556
vt 0.4127 0.5556
vt 0.4286 0.5556
vt 0.4444 0.5556
vt 0.4603 0.5556
vt 0.4762 0.5556
vt 0.4921 0.5556
vt 0.5079 0.5556
vt 0.5238 0.5556
vt 0.5397 0.5556
vt 0.5556 0.5556
vt 0.5714 0.5556
vt 0.5873 0.5556
vt 0.6032 0.5556
vt 0.6190 0.5556
vt 0.6349 0.5556
vt 0.6508 0.5556
vt 0.6667 0.5556
vt 0.6825 0.5556
vt 0.6984 0.5556
vt 0.7143 0.5556
vt 0.7302 0.5556
vt 0.7460 0.5556
vt 0.7619 0.5556
vt 0.7778 0.5556
vt 0.7937 0.5556
vt 0.8095 0.5556
vt 0.8254 0.5556
vt 0.8413 0.5556
vt 0.8571 0.5556
vt 0.8730 0.5556
vt 0.8889 0.5556
vt 0.9048 0.5556
vt 0.9206 0.5556
vt 0.9365 0.5556
vt 0.9524 0.5556
vt 0.9683 0.5556
vt 0.9841 0.5556
vt 1.0000 0.5556
vt 0.0000 0.5397
vt 0.0159 0.5397
vt 0.0317 0.5397
vt 0.0476 0.5397
vt 0.0635 0.5397
vt 0.0794 0.5397
vt 0.0952 0.5397
vt 0.1111 0.5397
vt 0.1270 0.5397
vt 0.1429 0.5397
vt 0.1587 0.5397
vt 0.1746 0.5397
vt 0.1905 0.5397
vt 0.2063 0.5397
vt 0.2222 0.5397
vt 0.2381 0.5397
vt 0.2540 0.5397
vt 0.2698 0.5397
vt 0.2857 0.5397
vt 0.3016 0.5397
vt 0.3175 0.5397
vt 0.3333 0.5397
vt 0.3492 0.5397
vt 0.3651 0.5397
vt 0.3810 0.5397
vt 0.3968 0.5397
vt 0.4127 0.5397
vt 0.4286 0.5397
vt 0.4444 0.5397
vt 0.4603 0.5397
vt 0.4762 0.5397
vt 0.4921 0.5397
vt 0.5079 0.5397
vt 0.5238 0.5397
vt 0.5397 0.5397
vt 0.5556 0.5397
vt 0.5714 0.5397
vt 0.5873 0.5397
vt 0.6032 0.5397
vt 0.6190 0.5397
vt 0.6349 0.5397
vt 0.6508 0.5397
vt 0.6667 0.5397
vt 0.6825 0.5397
vt 0.6984 0.5397
vt 0.7143 0.5397
vt 0.7302 0.5397
vt 0.7460 0.5397
vt 0.7619 0.5397
vt 0.7778 0.5397
vt 0.7937 0.5397
vt 0.8095 0.5397
vt 0.8254 0.5397
vt 0.8413 0.5397
vt 0.8571 0.5397
vt 0.8730 0.5397
vt 0.8889 0.5397
vt 0.9048 0.5397
vt 0.9206 0.5397
vt 0.9365 0.5397
vt 0.9524 0.5397
vt 0.9683 0.5397
vt 0.9841 0.5397
vt 1.0000 0.5397
vt 0.0000 0.5238
vt 0.0159 0.5238
vt 0.0317 0.5238
vt 0.0476 0.5238
vt 0.0635 0.5238
vt 0.0794 0.5238
vt 0.0952 0.5238
vt 0.1111 0.5238
vt 0.1270 0.5238
vt 0.1429 0.5238
vt 0.1587 0.5238
vt 0.1746 0.5238
vt 0.1905 0.5238
vt 0.2063 0.5238
vt 0.2222 0.5238
vt 0.2381 0.5238
vt 0.2540 0.5238
vt 0.2698 0.5238
vt 0.2857 0.5238
vt 0.3016 0.5238
vt 0.3175 0.5238
vt 0.3333 0.5238
vt 0.3492 0.5238
vt 0.3651 0.5238
vt 0.3810 0.5238
vt 0.3968 0.5238
vt 0.4127 0.5238
vt 0.4286 0.5238
vt 0.4444 0.5238
vt 0.4603 0.5238
vt 0.4762 0.5238
vt 0.4921 0.5238
vt 0.5079 0.5238
vt 0.5238 0.5238
vt 0.5397 0.5238
vt 0.5556 0.5238
vt 0.5714 0.5238
vt 0.5873 0.5238
vt 0.6032 0.5238
vt 0.6190 0.5238
vt 0.6349 0.5238
vt 0.6508 0.5238
vt 0.6667 0.5238
vt 0.6825 0.5238
vt 0.6984 0.5238
vt 0.7143 0.5238
vt 0.7302 0.5238
vt 0.7460 0.5238
vt 0.7619 0.5238
vt 0.7778 0.5238
vt 0.7937 0.5238
vt 0.8095 0.5238
vt 0.8254 0.5238
vt 0.8413 0.5238
vt 0.8571 0.5238
vt 0.8730 0.5238
vt 0.8889 0.5238
vt 0.9048 0.5238
vt 0.9206 0.5238
vt 0.9365 0.5238
vt 0.9524 0.5238
vt 0.9683 0.5238
vt 0.9841 0.5238
vt 1.0000 0.5238
vt 0.0000 0.5079
vt 0.0159 0.5079
vt 0.0317 0.5079
vt 0.0476 0.5079
vt 0.0635 0.5079
vt 0.0794 0.5079
vt 0.0952 0.5079
vt 0.1111 0.5079
vt 0.1270 0.5079
vt 0.1429 0.5079
vt 0.1587 0.5079
vt 0.1746 0.5079
vt 0.1905 0.5079
vt 0.2063 0.5079
vt 0.2222 0.5079
vt 0.2381 0.5079
vt 0.2540 0.5079
vt 0.2698 0.5079
vt 0.2857 0.5079
vt 0.3016 0.5079
vt 0.3175 0.5079
vt 0.3333 0.5079
vt 0.3492 0.5079
vt 0.3651 0.5079
vt 0.3810 0.5079
vt 0.3968 0.5079
vt 0.4127 0.5079
vt 0.4286 0.5079
vt 0.4444 0.5079
vt 0.4603 0.5079
vt 0.4762 0.5079
vt 0.4921 0.5079
vt 0.5079 0.5079
vt 0.5238 0.5079
vt 0.5397 0.5079
vt 0.5556 0.5079
vt 0.5714 0.5079
vt 0.5873 0.5079
vt 0.6032 0.5079
vt 0.6190 0.5079
vt 0.6349 0.5079
vt 0.6508 0.5079
vt 0.6667 0.5079
vt 0.6825 0.5079
vt 0.6984 0.5079
vt 0.7143 0.5079
vt 0.7302 0.5079
vt 0.7460 0.5079
vt 0.7619 0.5079
vt 0.7778 0.5079
vt 0.7937 0.5079
vt 0.8095 0.5079
vt 0.8254 0.5079
vt 0.8413 0.5079
vt 0.8571 0.5079
vt 0.8730 0.5079
vt 0.8889 0.5079
vt 0.9048 0.5079
vt 0.9206 0.5079
vt 0.9365 0.5079
vt 0.9524 0.5079
vt 0.9683 0.5079
vt 0.9841 0.5079
vt 1.0000 0.5079
vt 0.0000 0.4921
vt 0.0159 0.4921
vt 0.0317 0.4921
vt 0.0476 0.4921
vt 0.0635 0.4921
vt 0.0794 0.4921
vt 0.0952 0.4921
vt 0.1111 0.4921
vt 0.1270 0.4921
vt 0.1429 0.4921
vt 0.1587 0.4921
vt 0.1746 0.4921
vt 0.1905 0.4921
vt 0.2063 0.4921
vt 0.2222 0.4921
vt 0.2381 0.4921
vt 0.2540 0.4921
vt 0.2698 0.4921
vt 0.2857 0.4921
vt 0.3016 0.4921
vt 0.3175 0.4921
vt 0.3333 0.4921
vt 0.3492 0.4921
vt 0.3651 0.4921
vt 0.3810 0.4921
vt 0.3968 0.4921
vt 0.4127 0.4921
vt 0.4286 0.4921
vt 0.4444 0.4921
vt 0.4603 0.4921
vt 0.4762 0.4921
vt 0.4921 0.4921
vt 0.5079 0.4921
vt 0.5238 0.4921
vt 0.5397 0.4921
vt 0.5556 0.4921
vt 0.5714 0.4921
vt 0.5873 0.4921
vt 0.6032 0.4921
vt 0.6190 0.4921
vt 0.6349 0.4921
vt 0.6508 0.4921
vt 0.6667 0.4921
vt 0.6825 0.4921
vt 0.6984 0.4921
vt 0.7143 0.4921
vt 0.7302 0.4921
vt 0.7460 0.4921
vt 0.7619 0.4921
vt 0.7778 0.4921
vt 0.7937 0.4921
vt 0.8095 0.4921
vt 0.8254 0.4921
vt 0.8413 0.4921
vt 0.8571 0.4921
vt 0.8730 0.4921
vt 0.8889 0.4921
vt 0.9048 0.4921
vt 0.9206 0.4921
vt 0.9365 0.4921
vt 0.9524 0.4921
vt 0.9683 0.4921
vt 0.9841 0.4921
vt 1.0000 0.4921
vt 0.0000 0.4762
vt 0.0159 0.4762
vt 0.0317 0.4762
vt 0.0476 0.4762
vt 0.0635 0.4762
vt 0.0794 0.4762
vt 0.0952 0.4762
vt 0.1111 0.4762
vt 0.1270 0.4762
vt 0.1429 0.4762
vt 0.1587 0.4762
vt 0.1746 0.4762
vt 0.1905 0.4762
vt 0.2063 0.4762
vt 0.2222 0.4762
vt 0.2381 0.4762
vt 0.2540 0.4762
vt 0.2698 0.4762
vt 0.2857 0.4762
vt 0.3016 0.4762
vt 0.3175 0.4762
vt 0.3333 0.4762
vt 0.3492 0.4762
vt 0.3651 0.4762
vt 0.3810 0.4762
vt 0.3968 0.4762
vt 0.4127 0.4762
vt 0.4286 0.4762
vt 0.4444 0.4762
vt 0.4603 0.4762
vt 0.4762 0.4762
vt 0.4921 0.4762
vt 0.5079 0.4762
vt 0.5238 0.4762
vt 0.5397 0.4762
vt 0.5556 0.4762
vt 0.5714 0.4762
vt 0.5873 0.4762
vt 0.6032 0.4762
vt 0.6190 0.4762
vt 0.6349 0.4762
vt 0.6508 0.4762
vt 0.6667 0.4762
vt 0.6825 0.4762
vt 0.6984 0.4762
vt 0.7143 0.4762
vt 0.7302 0.4762
vt 0.7460 0.4762
vt 0.7619 0.4762
vt 0.7778 0.4762
vt 0.7937 0.4762
vt 0.8095 0.4762
vt 0.8254 0.4762
vt 0.8413 0.4762
vt 0.8571 0.4762
vt 0.8730 0.4762
vt 0.8889 0.4762
vt 0.9048 0.4762
vt 0.9206 0.4762
vt 0.9365 0.4762
vt 0.9524 0.4762
vt 0.9683 0.4762
vt 0.9841 0.4762
vt 1.0000 0.4762
vt 0.0000 0.4603
vt 0.0159 0.4603
vt 0.0317 0.4603
vt 0.0476 0.4603
vt 0.0635 0.4603
vt 0.0794 0.4603
vt 0.0952 0.4603
vt 0.1111 0.4603
vt 0.1270 0.4603
vt 0.1429 0.4603
vt 0.1587 0.4603
vt 0.1746 0.4603
vt 0.1905 0.4603
vt 0.2063 0.4603
vt 0.2222 0.4603
vt 0.2381 0.4603
vt 0.2540 0.4603
vt 0.2698 0.4603
vt 0.2857 0.4603
vt 0.3016 0.4603
vt 0.3175 0.4603
vt 0.3333 0.4603
vt 0.3492 0.4603
vt 0.3651 0.4603
vt 0.3810 0.4603
vt 0.3968 0.4603
vt 0.4127 0.4603
vt 0.4286 0.4603
vt 0.4444 0.4603
vt 0.4603 0.4603
vt 0.4762 0.4603
vt 0.4921 0.4603
vt 0.5079 0.4603
vt 0.5238 0.4603
vt 0.5397 0.4603
vt 0.5556 0.4603
vt 0.5714 0.4603
vt 0.5873 0.4603
vt 0.6032 0.4603
vt 0.6190 0.4603
vt 0.6349 0.4603
vt 0.6508 0.4603
vt 0.6667 0.4603
vt 0.6825 0.4603
vt 0.6984 0.4603
vt 0.7143 0.4603
vt 0.7302 0.4603
vt 0.7460 0.4603
vt 0.7619 0.4603
vt 0.7778 0.4603
vt 0.7937 0.4603
vt 0.8095 0.4603
vt 0.8254 0.4603
vt 0.8413 0.4603
vt 0.8571 0.4603
vt 0.8730 0.4603
vt 0.8889 0.4603
vt 0.9048 0.4603
vt 0.9206 0.4603
vt 0.9365 0.4603
vt 0.9524 0.4603
vt 0.9683 0.4603
vt 0.9841 0.4603
vt 1.0000 0.4603
vt 0.0000 0.4444
vt 0.0159 0.4444
vt 0.0317 0.4444
vt 0.0476 0.4444
vt 0.0635 0.4444
vt 0.0794 0.4444
vt 0.0952 0.4444
vt 0.1111 0.4444
vt 0.1270 0.4444
vt 0.1429 0.4444
vt 0.1587 0.4444
vt 0.1746 0.4444
vt 0.1905 0.4444
vt 0.2063 0.4444
vt 0.2222 0.4444
vt 0.2381 0.4444
vt 0.2540 0.4444
vt 0.2698 0.4444
vt 0.2857 0.4444
vt 0.3016 0.4444
vt 0.3175 0.4444
vt 0.3333 0.4444
vt 0.3492 0.4444
vt 0.3651 0.4444
vt 0.3810 0.4444
vt 0.3968 0.4444
vt 0.4127 0.4444
vt 0.4286 0.4444
vt 0.4444 0.4444
vt 0.4603 0.4444
vt 0.4762 0.4444
vt 0.4921 0.4444
vt 0.5079 0.4444
vt 0.5238 0.4444
vt 0.5397 0.4444
vt 0.5556 0.4444
vt 0.5714 0.4444
vt 0.5873 0.4444
vt 0.6032 0.4444
vt 0.6190 0.4444
vt 0.6349 0.4444
vt 0.6508 0.4444
vt 0.6667 0.4444
vt 0.6825 0.4444
vt 0.6984 0.4444
vt 0.7143 0.4444
vt 0.7302 0.4444
vt 0.7460 0.4444
vt 0.7619 0.4444
vt 0.7778 0.4444
vt 0.7937 0.4444
vt 0.8095 0.4444
vt 0.8254 0.4444
vt 0.8413 0.4444
vt 0.8571 0.4444
vt 0.8730 0.4444
vt 0.8889 0.4444
vt 0.9048 0.4444
vt 0.9206 0.4444
vt 0.9365 0.4444
vt 0.9524 0.4444
vt 0.9683 0.4444
vt 0.9841 0.4444
vt 1.0000 0.4444
vt 0.0000 0.4286
vt 0.0159 0.4286
vt 0.0317 0.4286
vt 0.0476 0.4286
vt 0.0635 0.4286
vt 0.0794 0.4286
vt 0.0952 0.4286
vt 0.1111 0.4286
vt 0.1270 0.4286
vt 0.1429 0.4286
vt 0.1587 0.4286
vt 0.1746 0.4286
vt 0.1905 0.4286
vt 0.2063 0.4286
vt 0.2222 0.4286
vt 0.2381 0.4286
vt 0.2540 0.4286
vt 0.2698 0.4286
vt 0.2857 0.4286
vt 0.3016 0.4286
vt 0.3175 0.4286
vt 0.3333 0.4286
vt 0.3492 0.4286
vt 0.3651 0.4286
vt 0.3810 0.4286
vt 0.3968 0.4286
vt 0.4127 0.4286
vt 0.4286 0.4286
vt 0.4444 0.4286
vt 0.4603 0.4286
vt 0.4762 0.4286
vt 0.4921 0.4286
vt 0.5079 0.4286
vt 0.5238 0.4286
vt 0.5397 0.4286
vt 0.5556 0.4286
vt 0.5714 0.4286
vt 0.5873 0.4286
vt 0.6032 0.4286
vt 0.6190 0.4286
vt 0.6349 0.4286
vt 0.6508 0.4286
vt 0.6667 0.4286
vt 0.6825 0.4286
vt 0.6984 0.4286
vt 0.7143 0.4286
vt 0.7302 0.4286
vt 0.7460 0.4286
vt 0.7619 0.4286
vt 0.7778 0.4286
vt 0.7937 0.4286
vt 0.8095 0.4286
vt 0.8254 0.4286
vt 0.8413 0.4286
vt 0.8571 0.4286
vt 0.8730 0.4286
vt 0.8889 0.4286
vt 0.9048 0.4286
vt 0.9206 0.4286
vt 0.9365 0.4286
vt 0.9524 0.4286
vt 0.9683 0.4286
vt 0.9841 0.4286
vt 1.0000 0.4286
vt 0.0000 0.4127
vt 0.0159 0.4127
vt 0.0317 0.4127
vt 0.0476 0.4127
vt 0.0635 0.4127
vt 0.0794 0.4127
vt 0.0952 0.4127
vt 0.1111 0.4127
vt 0.1270 0.4127
vt 0.1429 0.4127
vt 0.1587 0.4127
vt 0.1746 0.4127
vt 0.1905 0.4127
vt 0.2063 0.4127
vt 0.2222 0.4127
vt 0.2381 0.4127
vt 0.2540 0.4127
vt 0.2698 0.4127
vt 0.2857 0.4127
vt 0.3016 0.4127
vt 0.3175 0.4127
vt 0.3333 0.4127
vt 0.3492 0.4127
vt 0.3651 0.4127
vt 0.3810 0.4127
vt 0.3968 0.4127
vt 0.4127 0.4127
vt 0.4286 0.4127
vt 0.4444 0.4127
vt 0.4603 0.4127
vt 0.4762 0.4127
vt 0.4921 0.4127
vt 0.5079 0.4127
vt 0.5238 0.4127
vt 0.5397 0.4127
vt 0.5556 0.4127
vt 0.5714 0.4127
vt 0.5873 0.4127
vt 0.6032 0.4127
vt 0.6190 0.4127
vt 0.6349 0.4127
vt 0.6508 0.4127
vt 0.6667 0.4127
vt 0.6825 0.4127
vt 0.6984 0.4127
vt 0.7143 0.4127
vt 0.7302 0.4127
vt 0.7460 0.4127
vt 0.7619 0.4127
vt 0.7778 0.4127
vt 0.7937 0.4127
vt 0.8095 0.4127
vt 0.8254 0.4127
vt 0.8413 0.4127
vt 0.8571 0.4127
vt 0.8730 0.4127
vt 0.8889 0.4127
vt 0.9048 0.4127
vt 0.9206 0.4127
vt 0.9365 0.4127
vt 0.9524 0.4127
vt 0.9683 0.4127
vt 0.9841 0.4127
vt 1.0000 0.4127
vt 0.0000 0.3968
vt 0.0159 0.3968
vt 0.0317 0.3968
vt 0.0476 0.3968
vt 0.0635 0.3968
vt 0.0794 0.3968
vt 0.0952 0.3968
vt 0.1111 0.3968
vt 0.1270 0.3968
vt 0.1429 0.3968
vt 0.1587 0.3968
vt 0.1746 0.3968
vt 0.1905 0.3968
vt 0.2063 0.3968
vt 0.2222 0.3968
vt 0.2381 0.3968
vt 0.2540 0.3968
vt 0.2698 0.3968
vt 0.2857 0.3968
vt 0.3016 0.3968
vt 0.3175 0.3968
vt 0.3333 0.3968
vt 0.3492 0.3968
vt 0.3651 0.3968
vt 0.3810 0.3968
vt 0.3968 0.3968
vt 0.4127 0.3968
vt 0.4286 0.3968
vt 0.4444 0.3968
vt 0.4603 0.3968
vt 0.4762 0.3968
vt 0.4921 0.3968
vt 0.5079 0.3968
vt 0.5238 0.3968
vt 0.5397 0.3968
vt 0.5556 0.3968
vt 0.5714 0.3968
vt 0.5873 0.3968
vt 0.6032 0.3968
vt 0.6190 0.3968
vt 0.6349 0.3968
vt 0.6508 0.3968
vt 0.6667 0.3968
vt 0.6825 0.3968
vt 0.6984 0.3968
vt 0.7143 0.3968
vt 0.7302 0.3968
vt 0.7460 0.3968
vt 0.7619 0.3968
vt 0.7778 0.3968
vt 0.7937 0.3968
vt 0.8095 0.3968
vt 0.8254 0.3968
vt 0.8413 0.3968
vt 0.8571 0.3968
vt 0.8730 0.3968
vt 0.8889 0.3968
vt 0.9048 0.3968
vt 0.9206 0.3968
vt 0.9365 0.3968
vt 0.9524 0.3968
vt 0.9683 0.3968
vt 0.9841 0.3968
vt 1.0000 0.3968
vt 0.0000 0.3810
vt 0.0159 0.3810
vt 0.0317 0.3810
vt 0.0476 0.3810
vt 0.0635 0.3810
vt 0.0794 0.3810
vt 0.0952 0.3810
vt 0.1111 0.3810
vt 0.1270 0.3810
vt 0.1429 0.3810
vt 0.1587 0.3810
vt 0.1746 0.3810
vt 0.1905 0.3810
vt 0.2063 0.3810
vt 0.2222 0.3810
vt 0.2381 0.3810
vt 0.2540 0.3810
vt 0.2698 0.3810
vt 0.2857 0.3810
vt 0.3016 0.3810
vt 0.3175 0.3810
vt 0.3333 0.3810
vt 0.3492 0.3810
vt 0.3651 0.3810
vt 0.3810 0.3810
vt 0.3968 0.3810
vt 0.4127 0.3810
vt 0.4286 0.3810
vt 0.4444 0.3810
vt 0.4603 0.3810
vt 0.4762 0.3810
vt 0.4921 0.3810
vt 0.5079 0.3810
vt 0.5238 0.3810
vt 0.5397 0.3810
vt 0.5556 0.3810
vt 0.5714 0.3810
vt 0.5873 0.3810
vt 0.6032 0.3810
vt 0.6190 0.3810
vt 0.6349 0.3810
vt 0.6508 0.3810
vt 0.6667 0.3810
vt 0.6825 0.3810
vt 0.6984 0.3810
vt 0.7143 0.3810
vt 0.7302 0.3810
vt 0.7460 0.3810
vt 0.7619 0.3810
vt 0.7778 0.3810
vt 0.7937 0.3810
vt 0.8095 0.3810
vt 0.8254 0.3810
vt 0.8413 0.3810
vt 0.8571 0.3810
vt 0.8730 0.3810
vt 0.8889 0.3810
vt 0.9048 0.3810
vt 0.9206 0.3810
vt 0.9365 0.3810
vt 0.9524 0.3810
vt 0.9683 0.3810
vt 0.9841 0.3810
vt 1.0000 0.3810
vt 0.0000 0.3651
vt 0.0159 0.3651
vt 0.0317 0.3651
vt 0.0476 0.3651
vt 0.0635 0.3651
vt 0.0794 0.3651
vt 0.0952 0.3651
vt 0.1111 0.3651
vt 0.1270 0.3651
vt 0.1429 0.3651
vt 0.1587 0.3651
vt 0.1746 0.3651
vt 0.1905 0.3651
vt 0.2063 0.3651
vt 0.2222 0.3651
vt 0.2381 0.3651
vt 0.2540 0.3651
vt 0.2698 0.3651
vt 0.2857 0.3651
vt 0.3016 0.3651
vt 0.3175 0.3651
vt 0.3333 0.3651
vt 0.3492 0.3651
vt 0.3651 0.3651
vt 0.3810 0.3651
vt 0.3968 0.3651
vt 0.4127 0.3651
vt 0.4286 0.3651
vt 0.4444 0.3651
vt 0.4603 0.3651
vt 0.4762 0.3651
vt 0.4921 0.3651
vt 0.5079 0.3651
vt 0.5238 0.3651
vt 0.5397 0.3651
vt 0.5556 0.3651
vt 0.5714 0.3651
vt 0.5873 0.3651
vt 0.6032 0.3651
vt 0.6190 0.3651
vt 0.6349 0.3651
vt 0.6508 0.3651
vt 0.6667 0.3651
vt 0.6825 0.3651
vt 0.6984 0.3651
vt 0.7143 0.3651
vt 0.7302 0.3651
vt 0.7460 0.3651
vt 0.7619 0.3651
vt 0.7778 0.3651
vt 0.7937 0.3651
vt 0.8095 0.3651
vt 0.8254 0.3651
vt 0.8413 0.3651
vt 0.8571 0.3651
vt 0.8730 0.3651
vt 0.8889 0.3651
vt 0.9048 0.3651
vt 0.9206 0.3651
vt 0.9365 0.3651
vt 0.9524 0.3651
vt 0.9683 0.3651
vt 0.9841 0.3651
vt 1.0000 0.3651
vt 0.0000 0.3492
vt 0.0159 0.3492
vt 0.0317 0.3492
vt 0.0476 0.3492
vt 0.0635 0.3492
vt 0.0794 0.3492
vt 0.0952 0.3492
vt 0.1111 0.3492
vt 0.1270 0.3492
vt 0.1429 0.3492
vt 0.1587 0.3492
vt 0.1746 0.3492
vt 0.1905 0.3492
vt 0.2063 0.3492
vt 0.2222 0.3492
vt 0.2381 0.3492
vt 0.2540 0.3492
vt 0.2698 0.3492
vt 0.2857 0.3492
vt 0.3016 0.3492
vt 0.3175 0.3492
vt 0.3333 0.3492
vt 0.3492 0.3492
vt 0.3651 0.3492
vt 0.3810 0.3492
vt 0.3968 0.3492
vt 0.4127 0.3492
vt 0.4286 0.3492
vt 0.4444 0.3492
vt 0.4603 0.3492
vt 0.4762 0.3492
vt 0.4921 0.3492
vt 0.5079 0.3492
vt 0.5238 0.3492
vt 0.5397 0.3492
vt 0.5556 0.3492
vt 0.5714 0.3492
vt 0.5873 0.3492
vt 0.6032 0.3492
vt 0.6190 0.3492
vt 0.6349 0.3492
vt 0.6508 0.3492
vt 0.6667 0.3492
vt 0.6825 0.3492
vt 0.6984 0.3492
vt 0.7143 0.3492
vt 0.7302 0.3492
vt 0.7460 0.3492
vt 0.7619 0.3492
vt 0.7778 0.3492
vt 0.7937 0.3492
vt 0.8095 0.3492
vt 0.8254 0.3492
vt 0.8413 0.3492
vt 0.8571 0.3492
vt 0.8730 0.3492
vt 0.8889 0.3492
vt 0.9048 0.3492
vt 0.9206 0.3492
vt 0.9365 0.3492
vt 0.9524 0.3492
vt 0.9683 0.3492
vt 0.9841 0.3492
vt 1.0000 0.3492
vt 0.0000 0.3333
vt 0.0159 0.3333
vt 0.0317 0.3333
vt 0.0476 0.3333
vt 0.0635 0.3333
vt 0.0794 0.3333
vt 0.0952 0.3333
vt 0.1111 0.3333
vt 0.1270 0.3333
vt 0.1429 0.3333
vt 0.1587 0.3333
vt 0.1746 0.3333
vt 0.1905 0.3333
vt 0.2063 0.3333
vt 0.2222 0.3333
vt 0.2381 0.3333
vt 0.2540 0.3333
vt 0.2698 0.3333
vt 0.2857 0.3333
vt 0.3016 0.3333
vt 0.3175 0.3333
vt 0.3333 0.3333
vt 0.3492 0.3333
vt 0.3651 0.3333
vt 0.3810 0.3333
vt 0.3968 0.3333
vt 0.4127 0.3333
vt 0.4286 0.3333
vt 0.4444 0.3333
vt 0.4603 0.3333
vt 0.4762 0.3333
vt 0.4921 0.3333
vt 0.5079 0.3333
vt 0.5238 0.3333
vt 0.5397 0.3333
vt 0.5556 0.3333
vt 0.5714 0.3333
vt 0.5873 0.3333
vt 0.6032 0.3333
vt 0.6190 0.3333
vt 0.6349 0.3333
vt 0.6508 0.3333
vt 0.6667 0.3333
vt 0.6825 0.3333
vt 0.6984 0.3333
vt 0.7143 0.3333
vt 0.7302 0.3333
vt 0.7460 0.3333
vt 0.7619 0.3333
vt 0.7778 0.3333
vt 0.7937 0.3333
vt 0.8095 0.3333
vt 0.8254 0.3333
vt 0.8413 0.3333
vt 0.8571 0.3333
vt 0.8730 0.3333
vt 0.8889 0.3333
vt 0.9048 0.3333
vt 0.9206 0.3333
vt 0.9365 0.3333
vt 0.9524 0.3333
vt 0.9683 0.3333
vt 0.9841 0.3333
vt 1.0000 0.3333
vt 0.0000 0.3175
vt 0.0159 0.3175
vt 0.0317 0.3175
vt 0.0476 0.3175
vt 0.0635 0.3175
vt 0.0794 0.3175
vt 0.0952 0.3175
vt 0.1111 0.3175
vt 0.1270 0.3175
vt 0.1429 0.3175
vt 0.1587 0.3175
vt 0.1746 0.3175
vt 0.1905 0.3175
vt 0.2063 0.3175
vt 0.2222 0.3175
vt 0.2381 0.3175
vt 0.2540 0.3175
vt 0.2698 0.3175
vt 0.2857 0.3175
vt 0.3016 0.3175
vt 0.3175 0.3175
vt 0.3333 0.3175
vt 0.3492 0.3175
vt 0.3651 0.3175
vt 0.3810 0.3175
vt 0.3968 0.3175
vt 0.4127 0.3175
vt 0.4286 0.3175
vt 0.4444 0.3175
vt 0.4603 0.3175
vt 0.4762 0.3175
vt 0.4921 0.3175
vt 0.5079 0.3175
vt 0.5238 0.3175
vt 0.5397 0.3175
vt 0.5556 0.3175
vt 0.5714 0.3175
vt 0.5873 0.3175
vt 0.6032 0.3175
vt 0.6190 0.3175
vt 0.6349 0.3175
vt 0.6508 0.3175
vt 0.6667 0.3175
vt 0.6825 0.3175
vt 0.6984 0.3175
vt 0.7143 0.3175
vt 0.7302 0.3175
vt 0.7460 0.3175
vt 0.7619 0.3175
vt 0.7778 0.3175
vt 0.7937 0.3175
vt 0.8095 0.3175
vt 0.8254 0.3175
vt 0.8413 0.3175
vt 0.8571 0.3175
vt 0.8730 0.3175
vt 0.8889 0.3175
vt 0.9048 0.3175
vt 0.9206 0.3175
vt 0.9365 0.3175
vt 0.9524 0.3175
vt 0.9683 0.3175
vt 0.9841 0.3175
vt 1.0000 0.3175
vt 0.0000 0.3016
vt 0.0159 0.3016
vt 0.0317 0.3016
vt 0.0476 0.3016
vt 0.0635 0.3016
vt 0.0794 0.3016
vt 0.0952 0.3016
vt 0.1111 0.3016
vt 0.1270 0.3016
vt 0.1429 0.3016
vt 0.1587 0.3016
vt 0.1746 0.3016
vt 0.1905 0.3016
vt 0.2063 0.3016
vt 0.2222 0.3016
vt 0.2381 0.3016
vt 0.2540 0.3016
vt 0.2698 0.3016
vt 0.2857 0.3016
vt 0.3016 0.3016
vt 0.3175 0.3016
vt 0.3333 0.3016
vt 0.3492 0.3016
vt 0.3651 0.3016
vt 0.3810 0.3016
vt 0.3968 0.3016
vt 0.4127 0.3016
vt 0.4286 0.3016
vt 0.4444 0.3016
vt 0.4603 0.3016
vt 0.4762 0.3016
vt 0.4921 0.3016
vt 0.5079 0.3016
vt 0.5238 0.3016
vt 0.5397 0.3016
vt 0.5556 0.3016
vt 0.5714 0.3016
vt 0.5873 0.3016
vt 0.6032 0.3016
vt 0.6190 0.3016
vt 0.6349 0.3016
vt 0.6508 0.3016
vt 0.6667 0.3016
vt 0.6825 0.3016
vt 0.6984 0.3016
vt 0.7143 0.3016
vt 0.7302 0.3016
vt 0.7460 0.3016
vt 0.7619 0.3016
vt 0.7778 0.3016
vt 0.7937 0.3016
vt 0.8095 0.3016
vt 0.8254 0.3016
vt 0.8413 0.3016
vt 0.8571 0.3016
vt 0.8730 0.3016
vt 0.8889 0.3016
vt 0.9048 0.3016
vt 0.9206 0.3016
vt 0.9365 0.3016
vt 0.9524 0.3016
vt 0.9683 0.3016
vt 0.9841 0.3016
vt 1.0000 0.3016
vt 0.0000 0.2857
vt 0.0159 0.2857
vt 0.0317 0.2857
vt 0.0476 0.2857
vt 0.0635 0.2857
vt 0.0794 0.2857
vt 0.0952 0.2857
vt 0.1111 0.2857
vt 0.1270 0.2857
vt 0.1429 0.2857
vt 0.1587 0.2857
vt 0.1746 0.2857
vt 0.1905 0.2857
vt 0.2063 0.2857
vt 0.2222 0.2857
vt 0.2381 0.2857
vt 0.2540 0.2857
vt 0.2698 0.2857
vt 0.2857 0.2857
vt 0.3016 0.2857
vt 0.3175 0.2857
vt 0.3333 0.2857
vt 0.3492 0.2857
vt 0.3651 0.2857
vt 0.3810 0.2857
vt 0.3968 0.2857
vt 0.4127 0.2857
vt 0.4286 0.2857
vt 0.4444 0.2857
vt 0.4603 0.2857
vt 0.4762 0.2857
vt 0.4921 0.2857
vt 0.5079 0.2857
vt 0.5238 0.2857
vt 0.5397 0.2857
vt 0.5556 0.2857
vt 0.5714 0.2857
vt 0.5873 0.2857
vt 0.6032 0.2857
vt 0.6190 0.2857
vt 0.6349 0.2857
vt 0.6508 0.2857
vt 0.6667 0.2857
vt 0.6825 0.2857
vt 0.6984 0.2857
vt 0.7143 0.2857
vt 0.7302 0.2857
vt 0.7460 0.2857
vt 0.7619 0.2857
vt 0.7778 0.2857
vt 0.7937 0.2857
vt 0.8095 0.2857
vt 0.8254 0.2857
vt 0.8413 0.2857
vt 0.8571 0.2857
vt 0.8730 0.2857
vt 0.8889 0.2857
vt 0.9048 0.2857
vt 0.9206 0.2857
vt 0.9365 0.2857
vt 0.9524 0.2857
vt 0.9683 0.2857
vt 0.9841 0.2857
vt 1.0000 0.2857
vt 0.0000 0.2698
vt 0.0159 0.2698
vt 0.0317 0.2698
vt 0.0476 0.2698
vt 0.0635 0.2698
vt 0.0794 0.2698
vt 0.0952 0.2698
vt 0.1111 0.2698
vt 0.1270 0.2698
vt 0.1429 0.2698
vt 0.1587 0.2698
vt 0.1746 0.2698
vt 0.1905 0.2698
vt 0.2063 0.2698
vt 0.2222 0.2698
vt 0.2381 0.2698
vt 0.2540 0.2698
vt 0.2698 0.2698
vt 0.2857 0.2698
vt 0.3016 0.2698
vt 0.3175 0.2698
vt 0.3333 0.2698
vt 0.3492 0.2698
vt 0.3651 0.2698
vt 0.3810 0.2698
vt 0.3968 0.2698
vt 0.4127 0.2698
vt 0.4286 0.2698
vt 0.4444 0.2698
vt 0.4603 0.2698
vt 0.4762 0.2698
vt 0.4921 0.2698
vt 0.5079 0.2698
vt 0.5238 0.2698
vt 0.5397 0.2698
vt 0.5556 0.2698
vt 0.5714 0.2698
vt 0.5873 0.2698
vt 0.6032 0.2698
vt 0.6190 0.2698
vt 0.6349 0.2698
vt 0.6508 0.2698
vt 0.6667 0.2698
vt 0.6825 0.2698
vt 0.6984 0.2698
vt 0.7143 0.2698
vt 0.7302 0.2698
vt 0.7460 0.2698
vt 0.7619 0.2698
vt 0.7778 0.2698
vt 0.7937 0.2698
vt 0.8095 0.2698
vt 0.8254 0.2698
vt 0.8413 0.2698
vt 0.8571 0.2698
vt 0.8730 0.2698
vt 0.8889 0.2698
vt 0.9048 0.2698
vt 0.9206 0.2698
vt 0.9365 0.2698
vt 0.9524 0.2698
vt 0.9683 0.2698
vt 0.9841 0.2698
vt 1.0000 0.2698
vt 0.0000 0.2540
vt 0.0159 0.2540
vt 0.0317 0.2540
vt 0.0476 0.2540
vt 0.0635 0.2540
vt 0.0794 0.2540
vt 0.0952 0.2540
vt 0.1111 0.2540
vt 0.1270 0.2540
vt 0.1429 0.2540
vt 0.1587 0.2540
vt 0.1746 0.2540
vt 0.1905 0.2540
vt 0.2063 0.2540
vt 0.2222 0.2540
vt 0.2381 0.2540
vt 0.2540 0.2540
vt 0.2698 0.2540
vt 0.2857 0.2540
vt 0.3016 0.2540
vt 0.3175 0.2540
vt 0.3333 0.2540
vt 0.3492 0.2540
vt 0.3651 0.2540
vt 0.3810 0.2540
vt 0.3968 0.2540
vt 0.4127 0.2540
vt 0.4286 0.2540
vt 0.4444 0.2540
vt 0.4603 0.2540
vt 0.4762 0.2540
vt 0.4921 0.2540
vt 0.5079 0.2540
vt 0.5238 0.2540
vt 0.5397 0.2540
vt 0.5556 0.2540
vt 0.5714 0.2540
vt 0.5873 0.2540
vt 0.6032 0.2540
vt 0.6190 0.2540
vt 0.6349 0.2540
vt 0.6508 0.2540
vt 0.6667 0.2540
vt 0.6825 0.2540
vt 0.6984 0.2540
vt 0.7143 0.2540
vt 0.7302 0.2540
vt 0.7460 0.2540
vt 0.7619 0.2540
vt 0.7778 0.2540
vt 0.7937 0.2540
vt 0.8095 0.2540
vt 0.8254 0.2540
vt 0.8413 0.2540
vt 0.8571 0.2540
vt 0.8730 0.2540
vt 0.8889 0.2540
vt 0.9048 0.2540
vt 0.9206 0.2540
vt 0.9365 0.2540
vt 0.9524 0.2540
vt 0.9683 0.2540
vt 0.9841 0.2540
vt 1.0000 0.2540
vt 0.0000 0.2381
vt 0.0159 0.2381
vt 0.0317 0.2381
vt 0.0476 0.2381
vt 0.0635 0.2381
vt 0.0794 0.2381
vt 0.0952 0.2381
vt 0.1111 0.2381
vt 0.1270 0.2381
vt 0.1429 0.2381
vt 0.1587 0.2381
vt 0.1746 0.2381
vt 0.1905 0.2381
vt 0.2063 0.2381
vt 0.2222 0.2381
vt 0.2381 0.2381
vt 0.2540 0.2381
vt 0.2698 0.2381
vt 0.2857 0.2381
vt 0.3016 0.2381
vt 0.3175 0.2381
vt 0.3333 0.2381
vt 0.3492 0.2381
vt 0.3651 0.2381
vt 0.3810 0.2381
vt 0.3968 0.2381
vt 0.4127 0.2381
vt 0.4286 0.2381
vt 0.4444 0.2381
vt 0.4603 0.2381
vt 0.4762 0.2381
vt 0.4921 0.2381
vt 0.5079 0.2381
vt 0.5238 0.2381
vt 0.5397 0.2381
vt 0.5556 0.2381
vt 0.5714 0.2381
vt 0.5873 0.2381
vt 0.6032 0.2381
vt 0.6190 0.2381
vt 0.6349 0.2381
vt 0.6508 0.2381
vt 0.6667 0.2381
vt 0.6825 0.2381
vt 0.6984 0.2381
vt 0.7143 0.2381
vt 0.7302 0.2381
vt 0.7460 0.2381
vt 0.7619 0.2381
vt 0.7778 0.2381
vt 0.7937 0.2381
vt 0.8095 0.2381
vt 0.8254 0.2381
vt 0.8413 0.2381
vt 0.8571 0.2381
vt 0.8730 0.2381
vt 0.8889 0.2381
vt 0.9048 0.2381
vt 0.9206 0.2381
vt 0.9365 0.2381
vt 0.9524 0.2381
vt 0.9683 0.2381
vt 0.9841 0.2381
vt 1.0000 0.2381
vt 0.0000 0.2222
vt 0.0159 0.2222
vt 0.0317 0.2222
vt 0.0476 0.2222
vt 0.0635 0.2222
vt 0.0794 0.2222
vt 0.0952 0.2222
vt 0.1111 0.2222
vt 0.1270 0.2222
vt 0.1429 0.2222
vt 0.1587 0.2222
vt 0.1746 0.2222
vt 0.1905 0.2222
vt 0.2063 0.2222
vt 0.2222 0.2222
vt 0.2381 0.2222
vt 0.2540 0.2222
vt 0.2698 0.2222
vt 0.2857 0.2222
vt 0.3016 0.2222
vt 0.3175 0.2222
vt 0.3333 0.2222
vt 0.3492 0.2222
vt 0.3651 0.2222
vt 0.3810 0.2222
vt 0.3968 0.2222
vt 0.4127 0.2222
vt 0.4286 0.2222
vt 0.4444 0.2222
vt 0.4603 0.2222
vt 0.4762 0.2222
vt 0.4921 0.2222
vt 0.5079 0.2222
vt 0.5238 0.2222
vt 0.5397 0.2222
vt 0.5556 0.2222
vt 0.5714 0.2222
vt 0.5873 0.2222
vt 0.6032 0.2222
vt 0.6190 0.2222
vt 0.6349 0.2222
vt 0.6508 0.2222
vt 0.6667 0.2222
vt 0.6825 0.2222
vt 0.6984 0.2222
vt 0.7143 0.2222
vt 0.7302 0.2222
vt 0.7460 0.2222
vt 0.7619 0.2222
vt 0.7778 0.2222
vt 0.7937 0.2222
vt 0.8095 0.2222
vt 0.8254 0.2222
vt 0.8413 0.2222
vt 0.8571 0.2222
vt 0.8730 0.2222
vt 0.8889 0.2222
vt 0.9048 0.2222
vt 0.9206 0.2222
vt 0.9365 0.2222
vt 0.9524 0.2222
vt 0.9683 0.2222
vt 0.9841 0.2222
vt 1.0000 0.2222
vt 0.0000 0.2063
vt 0.0159 0.2063
vt 0.0317 0.2063
vt 0.0476 0.2063
vt 0.0635 0.2063
vt 0.0794 0.2063
vt 0.0952 0.2063
vt 0.1111 0.2063
vt 0.1270 0.2063
vt 0.1429 0.2063
vt 0.1587 0.2063
vt 0.1746 0.2063
vt 0.1905 0.2063
vt 0.2063 0.2063
vt 0.2222 0.2063
vt 0.2381 0.2063
vt 0.2540 0.2063
vt 0.2698 0.2063
vt 0.2857 0.2063
vt 0.3016 0.2063
vt 0.3175 0.2063
vt 0.3333 0.2063
vt 0.3492 0.2063
vt 0.3651 0.2063
vt 0.3810 0.2063
vt 0.3968 0.2063
vt 0.4127 0.2063
vt 0.4286 0.2063
vt 0.4444 0.2063
vt 0.4603 0.2063
vt 0.4762 0.2063
vt 0.4921 0.2063
vt 0.5079 0.2063
vt 0.5238 0.2063
vt 0.5397 0.2063
vt 0.5556 0.2063
vt 0.5714 0.2063
vt 0.5873 0.2063
vt 0.6032 0.2063
vt 0.6190 0.2063
vt 0.6349 0.2063
vt 0.6508 0.2063
vt 0.6667 0.2063
vt 0.6825 0.2063
vt 0.6984 0.2063
vt 0.7143 0.2063
vt 0.7302 0.2063
vt 0.7460 0.2063
vt 0.7619 0.2063
vt 0.7778 0.2063
vt 0.7937 0.2063
vt 0.8095 0.2063
vt 0.8254 0.2063
vt 0.8413 0.2063
vt 0.8571 0.2063
vt 0.8730 0.2063
vt 0.8889 0.2063
vt 0.9048 0.2063
vt 0.9206 0.2063
vt 0.9365 0.2063
vt 0.9524 0.2063
vt 0.9683 0.2063
vt 0.9841 0.2063
vt 1.0000 0.2063
vt 0.0000 0.1905
vt 0.0159 0.1905
vt 0.0317 0.1905
vt 0.0476 0.1905
vt 0.0635 0.1905
vt 0.0794 0.1905
vt 0.0952 0.1905
vt 0.1111 0.1905
vt 0.1270 0.1905
vt 0.1429 0.1905
vt 0.1587 0.1905
vt 0.1746 0.1905
vt 0.1905 0.1905
vt 0.2063 0.1905
vt 0.2222 0.1905
vt 0.2381 0.1905
vt 0.2540 0.1905
vt 0.2698 0.1905
vt 0.2857 0.1905
vt 0.3016 0.1905
vt 0.3175 0.1905
vt 0.3333 0.1905
vt 0.3492 0.1905
vt 0.3651 0.1905
vt 0.3810 0.1905
vt 0.3968 0.1905
vt 0.4127 0.1905
vt 0.4286 0.1905
vt 0.4444 0.1905
vt 0.4603 0.1905
vt 0.4762 0.1905
vt 0.4921 0.1905
vt 0.5079 0.1905
vt 0.5238 0.1905
vt 0.5397 0.1905
vt 0.5556 0.1905
vt 0.5714 0.1905
vt 0.5873 0.1905
vt 0.6032 0.1905
vt 0.6190 0.1905
vt 0.6349 0.1905
vt 0.6508 0.1905
vt 0.6667 0.1905
vt 0.6825 0.1905
vt 0.6984 0.1905
vt 0.7143 0.1905
vt 0.7302 0.1905
vt 0.7460 0.1905
vt 0.7619 0.1905
vt 0.7778 0.1905
vt 0.7937 0.1905
vt 0.8095 0.1905
vt 0.8254 0.1905
vt 0.8413 0.1905
vt 0.8571 0.1905
vt 0.8730 0.1905
vt 0.8889 0.1905
vt 0.9048 0.1905
vt 0.9206 0.1905
vt 0.9365 0.1905
vt 0.9524 0.1905
vt 0.9683 0.1905
vt 0.9841 0.1905
vt 1.0000 0.1905
vt 0.0000 0.1746
vt 0.0159 0.1746
vt 0.0317 0.1746
vt 0.0476 0.1746
vt 0.0635 0.1746
vt 0.0794 0.1746
vt 0.0952 0.1746
vt 0.1111 0.1746
vt 0.1270 0.1746
vt 0.1429 0.1746
vt 0.1587 0.1746
vt 0.1746 0.1746
vt 0.1905 0.1746
vt 0.2063 0.1746
vt 0.2222 0.1746
vt 0.2381 0.1746
vt 0.2540 0.1746
vt 0.2698 0.1746
vt 0.2857 0.1746
vt 0.3016 0.1746
vt 0.3175 0.1746
vt 0.3333 0.1746
vt 0.3492 0.1746
vt 0.3651 0.1746
vt 0.3810 0.1746
vt 0.3968 0.1746
vt 0.4127 0.1746
vt 0.4286 0.1746
vt 0.4444 0.1746
vt 0.4603 0.1746
vt 0.4762 0.1746
vt 0.4921 0.1746
vt 0.5079 0.1746
vt 0.5238 0.1746
vt 0.5397 0.1746
vt 0.5556 0.1746
vt 0.5714 0.1746
vt 0.5873 0.1746
vt 0.6032 0.1746
vt 0.6190 0.1746
vt 0.6349 0.1746
vt 0.6508 0.1746
vt 0.6667 0.1746
vt 0.6825 0.1746
vt 0.6984 0.1746
vt 0.7143 0.1746
vt 0.7302 0.1746
vt 0.7460 0.1746
vt 0.7619 0.1746
vt 0.7778 0.1746
vt 0.7937 0.1746
vt 0.8095 0.1746
vt 0.8254 0.1746
vt 0.8413 0.1746
vt 0.8571 0.1746
vt 0.8730 0.1746
vt 0.8889 0.1746
vt 0.9048 0.1746
vt 0.9206 0.1746
vt 0.9365 0.1746
vt 0.9524 0.1746
vt 0.9683 0.1746
vt 0.9841 0.1746
vt 1.0000 0.1746
vt 0.0000 0.1587
vt 0.0159 0.1587
vt 0.0317 0.1587
vt 0.0476 0.1587
vt 0.0635 0.1587
vt 0.0794 0.1587
vt 0.0952 0.1587
vt 0.1111 0.1587
vt 0.1270 0.1587
vt 0.1429 0.1587
vt 0.1587 0.1587
vt 0.1746 0.1587
vt 0.1905 0.1587
vt 0.2063 0.1587
vt 0.2222 0.1587
vt 0.2381 0.1587
vt 0.2540 0.1587
vt 0.2698 0.1587
vt 0.2857 0.1587
vt 0.3016 0.1587
vt 0.3175 0.1587
vt 0.3333 0.1587
vt 0.3492 0.1587
vt 0.3651 0.1587
vt 0.3810 0.1587
vt 0.3968 0.1587
vt 0.4127 0.1587
vt 0.4286 0.1587
vt 0.4444 0.1587
vt 0.4603 0.1587
vt 0.4762 0.1587
vt 0.4921 0.1587
vt 0.5079 0.1587
vt 0.5238 0.1587
vt 0.5397 0.1587
vt 0.5556 0.1587
vt 0.5714 0.1587
vt 0.5873 0.1587
vt 0.6032 0.1587
vt 0.6190 0.1587
vt 0.6349 0.1587
vt 0.6508 0.1587
vt 0.6667 0.1587
vt 0.6825 0.1587
vt 0.6984 0.1587
vt 0.7143 0.1587
vt 0.7302 0.1587
vt 0.7460 0.1587
vt 0.7619 0.1587
vt 0.7778 0.1587
vt 0.7937 0.1587
vt 0.8095 0.1587
vt 0.8254 0.1587
vt 0.8413 0.1587
vt 0.8571 0.1587
vt 0.8730 0.1587
vt 0.8889 0.1587
vt 0.9048 0.1587
vt 0.9206 0.1587
vt 0.9365 0.1587
vt 0.9524 0.1587
vt 0.9683 0.1587
vt 0.9841 0.1587
vt 1.0000 0.1587
vt 0.0000 0.1429
vt 0.0159 0.1429
vt 0.0317 0.1429
vt 0.0476 0.1429
vt 0.0635 0.1429
vt 0.0794 0.1429
vt 0.0952 0.1429
vt 0.1111 0.1429
vt 0.1270 0.1429
vt 0.1429 0.1429
vt 0.1587 0.1429
vt 0.1746 0.1429
vt 0.1905 0.1429
vt 0.2063 0.1429
vt 0.2222 0.1429
vt 0.2381 0.1429
vt 0.2540 0.1429
vt 0.2698 0.1429
vt 0.2857 0.1429
vt 0.3016 0.1429
vt 0.3175 0.1429
vt 0.3333 0.1429
vt 0.3492 0.1429
vt 0.3651 0.1429
vt 0.3810 0.1429
vt 0.3968 0.1429
vt 0.4127 0.1429
vt 0.4286 0.1429
vt 0.4444 0.1429
vt 0.4603 0.1429
vt 0.4762 0.1429
vt 0.4921 0.1429
vt 0.5079 0.1429
vt 0.5238 0.1429
vt 0.5397 0.1429
vt 0.5556 0.1429
vt 0.5714 0.1429
vt 0.5873 0.1429
vt 0.6032 0.1429
vt 0.6190 0.1429
vt 0.6349 0.1429
vt 0.6508 0.1429
vt 0.6667 0.1429
vt 0.6825 0.1429
vt 0.6984 0.1429
vt 0.7143 0.1429
vt 0.7302 0.1429
vt 0.7460 0.1429
vt 0.7619 0.1429
vt 0.7778 0.1429
vt 0.7937 0.1429
vt 0.8095 0.1429
vt 0.8254 0.1429
vt 0.8413 0.1429
vt 0.8571 0.1429
vt 0.8730 0.1429
vt 0.8889 0.1429
vt 0.9048 0.1429
vt 0.9206 0.1429
vt 0.9365 0.1429
vt 0.9524 0.1429
vt 0.9683 0.1429
vt 0.9841 0.1429
vt 1.0000 0.1429
vt 0.0000 0.1270
vt 0.0159 0.1270
vt 0.0317 0.1270
vt 0.0476 0.1270
vt 0.0635 0.1270
vt 0.0794 0.1270
vt 0.0952 0.1270
vt 0.1111 0.1270
vt 0.1270 0.1270
vt 0.1429 0.1270
vt 0.1587 0.1270
vt 0.1746 0.1270
vt 0.1905 0.1270
vt 0.2063 0.1270
vt 0.2222 0.1270
vt 0.2381 0.1270
vt 0.2540 0.1270
vt 0.2698 0.1270
vt 0.2857 0.1270
vt 0.3016 0.1270
vt 0.3175 0.1270
vt 0.3333 0.1270
vt 0.3492 0.1270
vt 0.3651 0.1270
vt 0.3810 0.1270
vt 0.3968 0.1270
vt 0.4127 0.1270
vt 0.4286 0.1270
vt 0.4444 0.1270
vt 0.4603 0.1270
vt 0.4762 0.1270
vt 0.4921 0.1270
vt 0.5079 0.1270
vt 0.5238 0.1270
vt 0.5397 0.1270
vt 0.5556 0.1270
vt 0.5714 0.1270
vt 0.5873 0.1270
vt 0.6032 0.1270
vt 0.6190 0.1270
vt 0.6349 0.1270
vt 0.6508 0.1270
vt 0.6667 0.1270
vt 0.6825 0.1270
vt 0.6984 0.1270
vt 0.7143 0.1270
vt 0.7302 0.1270
vt 0.7460 0.1270
vt 0.7619 0.1270
vt 0.7778 0.1270
vt 0.7937 0.1270
vt 0.8095 0.1270
vt 0.8254 0.1270
vt 0.8413 0.1270
vt 0.8571 0.1270
vt 0.8730 0.1270
vt 0.8889 0.1270
vt 0.9048 0.1270
vt 0.9206 0.1270
vt 0.9365 0.1270
vt 0.9524 0.1270
vt 0.9683 0.1270
vt 0.9841 0.1270
vt 1.0000 0.1270
vt 0.0000 0.1111
vt 0.0159 0.1111
vt 0.0317 0.1111
vt 0.0476 0.1111
vt 0.0635 0.1111
vt 0.0794 0.1111
vt 0.0952 0.1111
vt 0.1111 0.1111
vt 0.1270 0.1111
vt 0.1429 0.1111
vt 0.1587 0.1111
vt 0.1746 0.1111
vt 0.1905 0.1111
vt 0.2063 0.1111
vt 0.2222 0.1111
vt 0.2381 0.1111
vt 0.2540 0.1111
vt 0.2698 0.1111
vt 0.2857 0.1111
vt 0.3016 0.1111
vt 0.3175 0.1111
vt 0.3333 0.1111
vt 0.3492 0.1111
vt 0.3651 0.1111
vt 0.3810 0.1111
vt 0.3968 0.1111
vt 0.4127 0.1111
vt 0.4286 0.1111
vt 0.4444 0.1111
vt 0.4603 0.1111
vt 0.4762 0.1111
vt 0.4921 0.1111
vt 0.5079 0.1111
vt 0.5238 0.1111
vt 0.5397 0.1111
vt 0.5556 0.1111
vt 0.5714 0.1111
vt 0.5873 0.1111
vt 0.6032 0.1111
vt 0.6190 0.1111
vt 0.6349 0.1111
vt 0.6508 0.1111
vt 0.6667 0.1111
vt 0.6825 0.1111
vt 0.6984 0.1111
vt 0.7143 0.1111
vt 0.7302 0.1111
vt 0.7460 0.1111
vt 0.7619 0.1111
vt 0.7778 0.1111
vt 0.7937 0.1111
vt 0.8095 0.1111
vt 0.8254 0.1111
vt 0.8413 0.1111
vt 0.8571 0.1111
vt 0.8730 0.1111
vt 0.8889 0.1111
vt 0.9048 0.1111
vt 0.9206 0.1111
vt 0.9365 0.1111
vt 0.9524 0.1111
vt 0.9683 0.1111
vt 0.9841 0.1111
vt 1.0000 0.1111
vt 0.0000 0.0952
vt 0.0159 0.0952
vt 0.0317 0.0952
vt 0.0476 0.0952
vt 0.0635 0.0952
vt 0.0794 0.0952
vt 0.0952 0.0952
vt 0.1111 0.0952
vt 0.1270 0.0952
vt 0.1429 0.0952
vt 0.1587 0.0952
vt 0.1746 0.0952
vt 0.1905 0.0952
vt 0.2063 0.0952
vt 0.2222 0.0952
vt 0.2381 0.0952
vt 0.2540 0.0952
vt 0.2698 0.0952
vt 0.2857 0.0952
vt 0.3016 0.0952
vt 0.3175 0.0952
vt 0.3333 0.0952
vt 0.3492 0.0952
vt 0.3651 0.0952
vt 0.3810 0.0952
vt 0.3968 0.0952
vt 0.4127 0.0952
vt 0.4286 0.0952
vt 0.4444 0.0952
vt 0.4603 0.0952
vt 0.4762 0.0952
vt 0.4921 0.0952
vt 0.5079 0.0952
vt 0.5238 0.0952
vt 0.5397 0.0952
vt 0.5556 0.0952
vt 0.5714 0.0952
vt 0.5873 0.0952
vt 0.6032 0.0952
vt 0.6190 0.0952
vt 0.6349 0.0952
vt 0.6508 0.0952
vt 0.6667 0.0952
vt 0.6825 0.0952
vt 0.6984 0.0952
vt 0.7143 0.0952
vt 0.7302 0.0952
vt 0.7460 0.0952
vt 0.7619 0.0952
vt 0.7778 0.0952
vt 0.7937 0.0952
vt 0.8095 0.0952
vt 0.8254 0.0952
vt 0.8413 0.0952
vt 0.8571 0.0952
vt 0.8730 0.0952
vt 0.8889 0.0952
vt 0.9048 0.0952
vt 0.9206 0.0952
vt 0.9365 0.0952
vt 0.9524 0.0952
vt 0.9683 0.0952
vt 0.9841 0.0952
vt 1.0000 0.0952
vt 0.0000 0.0794
vt 0.0159 0.0794
vt 0.0317 0.0794
vt 0.0476 0.0794
vt 0.0635 0.0794
vt 0.0794 0.0794
vt 0.0952 0.0794
vt 0.1111 0.0794
vt 0.1270 0.0794
vt 0.1429 0.0794
vt 0.1587 0.0794
vt 0.1746 0.0794
vt 0.1905 0.0794
vt 0.2063 0.0794
vt 0.2222 0.0794
vt 0.2381 0.0794
vt 0.2540 0.0794
vt 0.2698 0.0794
vt 0.2857 0.0794
vt 0.3016 0.0794
vt 0.3175 0.0794
vt 0.3333 0.0794
vt 0.3492 0.0794
vt 0.3651 0.0794
vt 0.3810 0.0794
vt 0.3968 0.0794
vt 0.4127 0.0794
vt 0.4286 0.0794
vt 0.4444 0.0794
vt 0.4603 0.0794
vt 0.4762 0.0794
vt 0.4921 0.0794
vt 0.5079 0.0794
vt 0.5238 0.0794
vt 0.5397 0.0794
vt 0.5556 0.0794
vt 0.5714 0.0794
vt 0.5873 0.0794
vt 0.6032 0.0794
vt 0.6190 0.0794
vt 0.6349 0.0794
vt 0.6508 0.0794
vt 0.6667 0.0794
vt 0.6825 0.0794
vt 0.6984 0.0794
vt 0.7143 0.0794
vt 0.7302 0.0794
vt 0.7460 0.0794
vt 0.7619 0.0794
vt 0.7778 0.0794
vt 0.7937 0.0794
vt 0.8095 0.0794
vt 0.8254 0.0794
vt 0.8413 0.0794
vt 0.8571 0.0794
vt 0.8730 0.0794
vt 0.8889 0.0794
vt 0.9048 0.0794
vt 0.9206 0.0794
vt 0.9365 0.0794
vt 0.9524 0.0794
vt 0.9683 0.0794
vt 0.9841 0.0794
vt 1.0000 0.0794
vt 0.0000 0.0635
vt 0.0159 0.0635
vt 0.0317 0.0635
vt 0.0476 0.0635
vt 0.0635 0.0635
vt 0.0794 0.0635
vt 0.0952 0.0635
vt 0.1111 0.0635
vt 0.1270 0.0635
vt 0.1429 0.0635
vt 0.1587 0.0635
vt 0.1746 0.0635
vt 0.1905 0.0635
vt 0.2063 0.0635
vt 0.2222 0.0635
vt 0.2381 0.0635
vt 0.2540 0.0635
vt 0.2698 0.0635
vt 0.2857 0.0635
vt 0.3016 0.0635
vt 0.3175 0.0635
vt 0.3333 0.0635
vt 0.3492 0.0635
vt 0.3651 0.0635
vt 0.3810 0.0635
vt 0.3968 0.0635
vt 0.4127 0.0635
vt 0.4286 0.0635
vt 0.4444 0.0635
vt 0.4603 0.0635
vt 0.4762 0.0635
vt 0.4921 0.0635
vt 0.5079 0.0635
vt 0.5238 0.0635
vt 0.5397 0.0635
vt 0.5556 0.0635
vt 0.5714 0.0635
vt 0.5873 0.0635
vt 0.6032 0.0635
vt 0.6190 0.0635
vt 0.6349 0.0635
vt 0.6508 0.0635
vt 0.6667 0.0635
vt 0.6825 0.0635
vt 0.6984 0.0635
vt 0.7143 0.0635
vt 0.7302 0.0635
vt 0.7460 0.0635
vt 0.7619 0.0635
vt 0.7778 0.0635
vt 0.7937 0.0635
vt 0.8095 0.0635
vt 0.8254 0.0635
vt 0.8413 0.0635
vt 0.8571 0.0635
vt 0.8730 0.0635
vt 0.8889 0.0635
vt 0.9048 0.0635
vt 0.9206 0.0635
vt 0.9365 0.0635
vt 0.9524 0.0635
vt 0.9683 0.0635
vt 0.9841 0.0635
vt 1.0000 0.0635
vt 0.0000 0.0476
vt 0.0159 0.0476
vt 0.0317 0.0476
vt 0.0476 0.0476
vt 0.0635 0.0476
vt 0.0794 0.0476
vt 0.0952 0.0476
vt 0.1111 0.0476
vt 0.1270 0.0476
vt 0.1429 0.0476
vt 0.1587 0.0476
vt 0.1746 0.0476
vt 0.1905 0.0476
vt 0.2063 0.0476
vt 0.2222 0.0476
vt 0.2381 0.0476
vt 0.2540 0.0476
vt 0.2698 0.0476
vt 0.2857 0.0476
vt 0.3016 0.0476
vt 0.3175 0.0476
vt 0.3333 0.0476
vt 0.3492 0.0476
vt 0.3651 0.0476
vt 0.3810 0.0476
vt 0.3968 0.0476
vt 0.4127 0.0476
vt 0.4286 0.0476
vt 0.4444 0.0476
vt 0.4603 0.0476
vt 0.4762 0.0476
vt 0.4921 0.0476
vt 0.5079 0.0476
vt 0.5238 0.0476
vt 0.5397 0.0476
vt 0.5556 0.0476
vt 0.5714 0.0476
vt 0.5873 0.0476
vt 0.6032 0.0476
vt 0.6190 0.0476
vt 0.6349 0.0476
vt 0.6508 0.0476
vt 0.6667 0.0476
vt 0.6825 0.0476
vt 0.6984 0.0476
vt 0.7143 0.0476
vt 0.7302 0.0476
vt 0.7460 0.0476
vt 0.7619 0.0476
vt 0.7778 0.0476
vt 0.7937 0.0476
vt 0.8095 0.0476
vt 0.8254 0.0476
vt 0.8413 0.0476
vt 0.8571 0.0476
vt 0.8730 0.0476
vt 0.8889 0.0476
vt 0.9048 0.0476
vt 0.9206 0.0476
vt 0.9365 0.0476
vt 0.9524 0.0476
vt 0.9683 0.0476
vt 0.9841 0.0476
vt 1.0000 0.0476
vt 0.0000 0.0317
vt 0.0159 0.0317
vt 0.0317 0.0317
vt 0.0476 0.0317
vt 0.0635 0.0317
vt 0.0794 0.0317
vt 0.0952 0.0317
vt 0.1111 0.0317
vt 0.1270 0.0317
vt 0.1429 0.0317
vt 0.1587 0.0317
vt 0.1746 0.0317
vt 0.1905 0.0317
vt 0.2063 0.0317
vt 0.2222 0.0317
vt 0.2381 0.0317
vt 0.2540 0.0317
vt 0.2698 0.0317
vt 0.2857 0.0317
vt 0.3016 0.0317
vt 0.3175 0.0317
vt 0.3333 0.0317
vt 0.3492 0.0317
vt 0.3651 0.0317
vt 0.3810 0.0317
vt 0.3968 0.0317
vt 0.4127 0.0317
vt 0.4286 0.0317
vt 0.4444 0.0317
vt 0.4603 0.0317
vt 0.4762 0.0317
vt 0.4921 0.0317
vt 0.5079 0.0317
vt 0.5238 0.0317
vt 0.5397 0.0317
vt 0.5556 0.0317
vt 0.5714 0.0317
vt 0.5873 0.0317
vt 0.6032 0.0317
vt 0.6190 0.0317
vt 0.6349 0.0317
vt 0.6508 0.0317
vt 0.6667 0.0317
vt 0.6825 0.0317
vt 0.6984 0.0317
vt 0.7143 0.0317
vt 0.7302 0.0317
vt 0.7460 0.0317
vt 0.7619 0.0317
vt 0.7778 0.0317
vt 0.7937 0.0317
vt 0.8095 0.0317
vt 0.8254 0.0317
vt 0.8413 0.0317
vt 0.8571 0.0317
vt 0.8730 0.0317
vt 0.8889 0.0317
vt 0.9048 0.0317
vt 0.9206 0.0317
vt 0.9365 0.0317
vt 0.9524 0.0317
vt 0.9683 0.0317
vt 0.9841 0.0317
vt 1.0000 0.0317
vt 0.0000 0.0159
vt 0.0159 0.0159
vt 0.0317 0.0159
vt 0.0476 0.0159
vt 0.0635 0.0159
vt 0.0794 0.0159
vt 0.0952 0.0159
vt 0.1111 0.0159
vt 0.1270 0.0159
vt 0.1429 0.0159
vt 0.1587 0.0159
vt 0.1746 0.0159
vt 0.1905 0.0159
vt 0.2063 0.0159
vt 0.2222 0.0159
vt 0.2381 0.0159
vt 0.2540 0.0159
vt 0.2698 0.0159
vt 0.2857 0.0159
vt 0.3016 0.0159
vt 0.3175 0.0159
vt 0.3333 0.0159
vt 0.3492 0.0159
vt 0.3651 0.0159
vt 0.3810 0.0159
vt 0.3968 0.0159
vt 0.4127 0.0159
vt 0.4286 0.0159
vt 0.4444 0.0159
vt 0.4603 0.0159
vt 0.4762 0.0159
vt 0.4921 0.0159
vt 0.5079 0.0159
vt 0.5238 0.0159
vt 0.5397 0.0159
vt 0.5556 0.0159
vt 0.5714 0.0159
vt 0.5873 0.0159
vt 0.6032 0.0159
vt 0.6190 0.0159
vt 0.6349 0.0159
vt 0.6508 0.0159
vt 0.6667 0.0159
vt 0.6825 0.0159
vt 0.6984 0.0159
vt 0.7143 0.0159
vt 0.7302 0.0159
vt 0.7460 0.0159
vt 0.7619 0.0159
vt 0.7778 0.0159
vt 0.7937 0.0159
vt 0.8095 0.0159
vt 0.8254 0.0159
vt 0.8413 0.0159
vt 0.8571 0.0159
vt 0.8730 0.0159
vt 0.8889 0.0159
vt 0.9048 0.0159
vt 0.9206 0.0159
vt 0.9365 0.0159
vt 0.9524 0.0159
vt 0.9683 0.0159
vt 0.9841 0.0159
vt 1.0000 0.0159
vt 0.0000 0.0000
vt 0.0159 0.0000
vt 0.0317 0.0000
vt 0.0476 0.0000
vt 0.0635 0.0000
vt 0.0794 0.0000
vt 0.0952 0.0000
vt 0.1111 0.0000
vt 0.1270 0.0000
vt 0.1429 0.0000
vt 0.1587 0.0000
vt 0.1746 0.0000
vt 0.1905 0.0000
vt 0.2063 0.0000
vt 0.2222 0.0000
vt 0.2381 0.0000
vt 0.2540 0.0000
vt 0.2698 0.0000
vt 0.2857 0.0000
vt 0.3016 0.0000
vt 0.3175 0.0000
vt 0.3333 0.0000
vt 0.3492 0.0000
vt 0.3651 0.0000
vt 0.3810 0.0000
vt 0.3968 0.0000
vt 0.4127 0.0000
vt 0.4286 0.0000
vt 0.4444 0.0000
vt 0.4603 0.0000
vt 0.4762 0.0000
vt 0.4921 0.0000
vt 0.5079 0.0000
vt 0.5238 0.0000
vt 0.5397 0.0000
vt 0.5556 0.0000
vt 0.5714 0.0000
vt 0.5873 0.0000
vt 0.6032 0.0000
vt 0.6190 0.0000
vt 0.6349 0.0000
vt 0.6508 0.0000
vt 0.6667 0.0000
vt 0.6825 0.0000
vt 0.6984 0.0000
vt 0.7143 0.0000
vt 0.7302 0.0000
vt 0.7460 0.0000
vt 0.7619 0.0000
vt 0.7778 0.0000
vt 0.7937 0.0000
vt 0.8095 0.0000
vt 0.8254 0.0000
vt 0.8413 0.0000
vt 0.8571 0.0000
vt 0.8730 0.0000
vt 0.8889 0.0000
vt 0.9048 0.0000
vt 0.9206 0.0000
vt 0.9365 0.0000
vt 0.9524 0.0000
vt 0.9683 0.0000
vt 0.9841 0.0000
vt 1.0000 0.0000
f 1/1 2/2 66/66
f 1/1 66/66 65/65
f 2/2 3/3 67/67
f 2/2 67/67 66/66
f 3/3 4/4 68/68
f 3/3 68/68 67/67
f 4/4 5/5 69/69
f 4/4 69/69 68/68
f 5/5 6/6 70/70
f 5/5 70/70 69/69
f 6/6 7/7 71/71
f 6/6 71/71 70/70
f 7/7 8/8 72/72
f 7/7 72/72 71/71
f 8/8 9/9 73/73
f 8/8 73/73 72/72
f 9/9 10/10 74/74
f 9/9 74/74 73/73
f 10/10 11/11 75/75
f 10/10 75/75 74/74
f 11/11 12/12 76/76
f 11/11 76/76 75/75
f 12/12 13/13 77/77
f 12/12 77/77 76/76
f 13/13 14/14 78/78
f 13/13 78/78 77/77
f 14/14 15/15 79/79
f 14/14 79/79 78/78
f 15/15 16/16 80/80
f 15/15 80/80 79/79
f 16/16 17/17 81/81
f 16/16 81/81 80/80
f 17/17 18/18 82/82
f 17/17 82/82 81/81
f 18/18 19/19 83/83
f 18/18 83/83 82/82
f 19/19 20/20 84/84
f 19/19 84/84 83/83
f 20/20 21/21 85/85
f 20/20 85/85 84/84
f 21/21 22/22 86/86
f 21/21 86/86 85/85
f 22/22 23/23 87/87
f 22/22 87/87 86/86
f 23/23 24/24 88/88
f 23/23 88/88 87/87
f 24/24 25/25 89/89
f 24/24 89/89 88/88
f 25/25 26/26 90/90
f 25/25 90/90 89/89
f 26/26 27/27 91/91
f 26/26 91/91 90/90
f 27/27 28/28 92/92
f 27/27 92/92 91/91
f 28/28 29/29 93/93
f 28/28 93/93 92/92
f 29/29 30/30 94/94
f 29/29 94/94 93/93
f 30/30 31/31 95/95
f 30/30 95/95 94/94
f 31/31 32/32 96/96
f 31/31 96/96 95/95
f 32/32 33/33 97/97
f 32/32 97/97 96/96
f 33/33 34/34 98/98
f 33/33 98/98 97/97
f 34/34 35/35 99/99
f 34/34 99/99 98/98
f 35/35 36/36 100/100
f 35/35 100/100 99/99
f 36/36 37/37 101/101
f 36/36 101/101 100/100
f 37/37 38/38 102/102
f 37/37 102/102 101/101
f 38/38 39/39 103/103
f 38/38 103/103 102/102
f 39/39 40/40 104/104
f 39/39 104/104 103/103
f 40/40 41/41 105/105
f 40/40 105/105 104/104
f 41/41 42/42 106/106
f 41/41 106/106 105/105
f 42/42 43/43 107/107
f 42/42 107/107 106/106
f 43/43 44/44 108/108
f 43/43 108/108 107/107
f 44/44 45/45 109/109
f 44/44 109/109 108/108
f 45/45 46/46 110/110
f 45/45 110/110 109/109
f 46/46 47/47 111/111
f 46/46 111/111 110/110
f 47/47 48/48 112/112
f 47/47 112/112 111/111
f 48/48 49/49 113/113
f 48/48 113/113 112/112
f 49/49 50/50 114/114
f 49/49 114/114 113/113
f 50/50 51/51 115/115
f 50/50 115/115 114/114
f 51/51 52/52 116/116
f 51/51 116/116 115/115
f 52/52 53/53 117/117
f 52/52 117/117 116/116
f 53/53 54/54 118/118
f 53/53 118/118 117/117
f 54/54 55/55 119/119
f 54/54 119/119 118/118
f 55/55 56/56 120/120
f 55/55 120/120 119/119
f 56/56 57/57 121/121
f 56/56 121/121 120/120
f 57/57 58/58 122/122
f 57/57 122/122 121/121
f 58/58 59/59 123/123
f 58/58 123/123 122/122
f 59/59 60/60 124/124
f 59/59 124/124 123/123
f 60/60 61/61 125/125
f 60/60 125/125 124/124
f 61/61 62/62 126/126
f 61/61 126/126 125/125
f 62/62 63/63 127/127
f 62/62 127/127 126/126
f 63/63 64/64 128/128
f 63/63 128/128 127/127
f 65/65 66/66 130/130
f 65/65 130/130 129/129
f 66/66 67/67 131/131
f 66/66 131/131 130/130
f 67/67 68/68 132/132
f 67/67 132/132 131/131
f 68/68 69/69 133/133
f 68/68 133/133 132/132
f 69/69 70/70 134/134
f 69/69 134/134 133/133
f 70/70 71/71 135/135
f 70/70 135/135 134/134
f 71/71 72/72 136/136
f 71/71 136/136 135/135
f 72/72 73/73 137/137
f 72/72 137/137 136/136
f 73/73 74/74 138/138
f 73/73 138/138 137/137
f 74/74 75/75 139/139
f 74/74 139/139 138/138
f 75/75 76/76 140/140
f 75/75 140/140 139/139
f 76/76 77/77 141/141
f 76/76 141/141 140/140
f 77/77 78/78 142/142
f 77/77 142/142 141/141
f 78/78 79/79 143/143
f 78/78 143/143 142/142
f 79/79 80/80 144/144
f 79/79 144/144 143/143
f 80/80 81/81 145/145
f 80/80 145/145 144/144
f 81/81 82/82 146/146
f 81/81 146/146 145/145
f 82/82 83/83 147/147
f 82/82 147/147 146/146
f 83/83 84/84 148/148
f 83/83 148/148 147/147
f 84/84 85/85 149/149
f 84/84 149/149 148/148
f 85/85 86/86 150/150
f 85/85 150/150 149/149
f 86/86 87/87 151/151
f 86/86 151/151 150/150
f 87/87 88/88 152/152
f 87/87 152/152 151/151
f 88/88 89/89 153/153
f 88/88 153/153 152/152
f 89/89 90/90 154/154
f 89/89 154/154 153/153
f 90/90 91/91 155/155
f 90/90 155/155 154/154
f 91/91 92/92 156/156
f 91/91 156/156 155/155
f 92/92 93/93 157/157
f 92/92 157/157 156/156
f 93/93 94/94 158/158
f 93/93 158/158 157/157
f 94/94 95/95 159/159
f 94/94 159/159 158/158
f 95/95 96/96 160/160
f 95/95 160/160 159/159
f 96/96 97/97 161/161
f 96/96 161/161 160/160
f 97/97 98/98 162/162
f 97/97 162/162 161/161
f 98/98 99/99 163/163
f 98/98 163/163 162/162
f 99/99 100/100 164/164
f 99/99 164/164 163/163
f 100/100 101/101 165/165
f 100/100 165/165 164/164
f 101/101 102/102 166/166
f 101/101 166/166 165/165
f 102/102 103/103 167/167
f 102/102 167/167 166/166
f 103/103 104/104 168/168
f 103/103 168/168 167/167
f 104/104 105/105 169/169
f 104/104 169/169 168/168
f 105/105 106/106 170/170
f 105/105 170/170 169/169
f 106/106 107/107 171/171
f 106/106 171/171 170/170
f 107/107 108/108 172/172
f 107/107 172/172 171/171
f 108/108 109/109 173/173
f 108/108 173/173 172/172
f 109/109 110/110 174/174
f 109/109 174/174 173/173
f 110/110 111/111 175/175
f 110/110 175/175 174/174
f 111/111 112/112 176/176
f 111/111 176/176 175/175
f 112/112 113/113 177/177
f 112/112 177/177 176/176
f 113/113 114/114 178/178
f 113/113 178/178 177/177
f 114/114 115/115 179/179
f 114/114 179/179 178/178
f 115/115 116/116 180/180
f 115/115 180/180 179/179
f 116/116 117/117 181/181
f 116/116 181/181 180/180
f 117/117 118/118 182/182
f 117/117 182/182 181/181
f 118/118 119/119 183/183
f 118/118 183/183 182/182
f 119/119 120/120 184/184
f 119/119 184/184 183/183
f 120/120 121/121 185/185
f 120/120 185/185 184/184
f 121/121 122/122 186/186
f 121/121 186/186 185/185
f 122/122 123/123 187/187
f 122/122 187/187 186/186
f 123/123 124/124 188/188
f 123/123 188/188 187/187
f 124/124 125/125 189/189
f 124/124 189/189 188/188
f 125/125 126/126 190/190
f 125/125 190/190 189/189
f 126/126 127/127 191/191
f 126/126 191/191 190/190
f 127/127 128/128 192/192
f 127/127 192/192 191/191
f 129/129 130/130 194/194
f 129/129 194/194 193/193
f 130/130 131/131 195/195
f 130/130 195/195 194/194
f 131/131 132/132 196/196
f 131/131 196/196 195/195
f 132/132 133/133 197/197
f 132/132 197/197 196/196
f 133/133 134/134 198/198
f 133/133 198/198 197/197
f 134/134 135/135 199/199
f 134/134 199/199 198/198
f 135/135 136/136 200/200
f 135/135 200/200 199/199
f 136/136 137/137 201/201
f 136/136 201/201 200/200
f 137/137 138/138 202/202
f 137/137 202/202 201/201
f 138/138 139/139 203/203
f 138/138 203/203 202/202
f 139/139 140/140 204/204
f 139/139 204/204 203/203
f 140/140 141/141 205/205
f 140/140 205/205 204/204
f 141/141 142/142 206/206
f 141/141 206/206 205/205
f 142/142 143/143 207/207
f 142/142 207/207 206/206
f 143/143 144/144 208/208
f 143/143 208/208 207/207
f 144/144 145/145 209/209
f 144/144 209/209 208/208
f 145/145 146/146 210/210
f 145/145 210/210 209/209
f 146/146 147/147 211/211
f 146/146 211/211 210/210
f 147/147 148/148 212/212
f 147/147 212/212 211/211
f 148/148 149/149 213/213
f 148/148 213/213 212/212
f 149/149 150/150 214/214
f 149/149 214/214 213/213
f 150/150 151/151 215/215
f 150/150 215/215 214/214
f 151/151 152/152 216/216
f 151/151 216/216 215/215
f 152/152 153/153 217/217
f 152/152 217/217 216/216
f 153/153 154/154 218/218
f 153/153 218/218 217/217
f 154/154 155/155 219/219
f 154/154 219/219 218/218
f 155/155 156/156 220/220
f 155/155 220/220 219/219
f 156/156 157/157 221/221
f 156/156 221/221 220/220
f 157/157 158/158 222/222
f 157/157 222/222 221/221
f 158/158 159/159 223/223
f 158/158 223/223 222/222
f 159/159 160/160 224/224
f 159/159 224/224 223/223
f 160/160 161/161 225/225
f 160/160 225/225 224/224
f 161/161 162/162 226/226
f 161/161 226/226 225/225
f 162/162 163/163 227/227
f 162/162 227/227 226/226
f 163/163 164/164 228/228
f 163/163 228/228 227/227
f 164/164 165/165 229/229
f 164/164 229/229 228/228
f 165/165 166/166 230/230
f 165/165 230/230 229/229
f 166/166 167/167 231/231
f 166/166 231/231 230/230
f 167/167 168/168 232/232
f 167/167 232/232 231/231
f 168/168 169/169 233/233
f 168/168 233/233 232/232
f 169/169 170/170 234/234
f 169/169 234/234 233/233
f 170/170 171/171 235/235
f 170/170 235/235 234/234
f 171/171 172/172 236/236
f 171/171 236/236 235/235
f 172/172 173/173 237/237
f 172/172 237/237 236/236
f 173/173 174/174 238/238
f 173/173 238/238 237/237
f 174/174 175/175 239/239
f 174/174 239/239 238/238
f 175/175 176/176 240/240
f 175/175 240/240 239/239
f 176/176 177/177 241/241
f 176/176 241/241 240/240
f 177/177 178/178 242/242
f 177/177 242/242 241/241
f 178/178 179/179 243/243
f 178/178 243/243 242/242
f 179/179 180/180 244/244
f 179/179 244/244 243/243
f 180/180 181/181 245/245
f 180/180 245/245 244/244
f 181/181 182/182 246/246
f 181/181 246/246 245/245
f 182/182 183/183 247/247
f 182/182 247/247 246/246
f 183/183 184/184 248/248
f 183/183 248/248 247/247
f 184/184 185/185 249/249
f 184/184 249/249 248/248
f 185/185 186/186 250/250
f 185/185 250/250 249/249
f 186/186 187/187 251/251
f 186/186 251/251 250/250
f 187/187 188/188 252/252
f 187/187 252/252 251/251
f 188/188 189/189 253/253
f 188/188 253/253 252/252
f 189/189 190/190 254/254
f 189/189 254/254 253/253
f 190/190 191/191 255/255
f 190/190 255/255 254/254
f 191/191 192/192 256/256
f 191/191 256/256 255/255
f 193/193 194/194 258/258
f 193/193 258/258 257/257
f 194/194 195/195 259/259
f 194/194 259/259 258/258
f 195/195 196/196 260/260
f 195/195 260/260 259/259
f 196/196 197/197 261/261
f 196/196 261/261 260/260
f 197/197 198/198 262/262
f 197/197 262/262 261/261
f 198/198 199/199 263/263
f 198/198 263/263 262/262
f 199/199 200/200 264/264
f 199/199 264/264 263/263
f 200/200 201/201 265/265
f 200/200 265/265 264/264
f 201/201 202/202 266/266
f 201/201 266/266 265/265
f 202/202 203/203 267/267
f 202/202 267/267 266/266
f 203/203 204/204 268/268
f 203/203 268/268 267/267
f 204/204 205/205 269/269
f 204/204 269/269 268/268
f 205/205 206/206 270/270
f 205/205 270/270 269/269
f 206/206 207/207 271/271
f 206/206 271/271 270/270
f 207/207 208/208 272/272
f 207/207 272/272 271/271
f 208/208 209/209 273/273
f 208/208 273/273 272/272
f 209/209 210/210 274/274
f 209/209 274/274 273/273
f 210/210 211/211 275/275
f 210/210 275/275 274/274
f 211/211 212/212 276/276
f 211/211 276/276 275/275
f 212/212 213/213 277/277
f 212/212 277/277 276/276
f 213/213 214/214 278/278
f 213/213 278/278 277/277
f 214/214 215/215 279/279
f 214/214 279/279 278/278
f 215/215 216/216 280/280
f 215/215 280/280 279/279
f 216/216 217/217 281/281
f 216/216 281/281 280/280
f 217/217 218/218 282/282
f 217/217 282/282 281/281
f 218/218 219/219 283/283
f 218/218 283/283 282/282
f 219/219 220/220 284/284
f 219/219 284/284 283/283
f 220/220 221/221 285/285
f 220/220 285/285 284/284
f 221/221 222/222 286/286
f 221/221 286/286 285/285
f 222/222 223/223 287/287
f 222/222 287/287 286/286
f 223/223 224/224 288/288
f 223/223 288/288 287/287
f 224/224 225/225 289/289
f 224/224 289/289 288/288
f 225/225 226/226 290/290
f 225/225 290/290 289/289
f 226/226 227/227 291/291
f 226/226 291/291 290/290
f 227/227 228/228 292/292
f 227/227 292/292 291/291
f 228/228 229/229 293/293
f 228/228 293/293 292/292
f 229/229 230/230 294/294
f 229/229 294/294 293/293
f 230/230 231/231 295/295
f 230/230 295/295 294/294
f 231/231 232/232 296/296
f 231/231 296/296 295/295
f 232/232 233/233 297/297
f 232/232 297/297 296/296
f 233/233 234/234 298/298
f 233/233 298/298 297/297
f 234/234 235/235 299/299
f 234/234 299/299 298/298
f 235/235 236/236 300/300
f 235/235 300/300 299/299
f 236/236 237/237 301/301
f 236/236 301/301 300/300
f 237/237 238/238 302/302
f 237/237 302/302 301/301
f 238/238 239/239 303/303
f 238/238 303/303 302/302
f 239/239 240/240 304/304
f 239/239 304/304 303/303
f 240/240 241/241 305/305
f 240/240 305/305 304/304
f 241/241 242/242 306/306
f 241/241 306/306 305/305
f 242/242 243/243 307/307
f 242/242 307/307 306/306
f 243/243 244/244 308/308
f 243/243 308/308 307/307
f 244/244 245/245 309/309
f 244/244 309/309 308/308
f 245/245 246/246 310/310
f 245/245 310/310 309/309
f 246/246 247/247 311/311
f 246/246 311/311 310/310
f 247/247 248/248 312/312
f 247/247 312/312 311/311
f 248/248 249/249 313/313
f 248/248 313/313 312/312
f 249/249 250/250 314/314
f 249/249 314/314 313/313
f 250/250 251/251 315/315
f 250/250 315/315 314/314
f 251/251 252/252 316/316
f 251/251 316/316 315/315
f 252/252 253/253 317/317
f 252/252 317/317 316/316
f 253/253 254/254 318/318
f 253/253 318/318 317/317
f 254/254 255/255 319/319
f 254/254 319/319 318/318
f 255/255 256/256 320/320
f 255/255 320/320 319/319
f 257/257 258/258 322/322
f 257/257 322/322 321/321
f 258/258 259/259 323/323
f 258/258 323/323 322/322
f 259/259 260/260 324/324
f 259/259 324/324 323/323
f 260/260 261/261 325/325
f 260/260 325/325 324/324
f 261/261 262/262 326/326
f 261/261 326/326 325/325
f 262/262 263/263 327/327
f 262/262 327/327 326/326
f 263/263 264/264 328/328
f 263/263 328/328 327/327
f 264/264 265/265 329/329
f 264/264 329/329 328/328
f 265/265 266/266 330/330
f 265/265 330/330 329/329
f 266/266 267/267 331/331
f 266/266 331/331 330/330
f 267/267 268/268 332/332
f 267/267 332/332 331/331
f 268/268 269/269 333/333
f 268/268 333/333 332/332
f 269/269 270/270 334/334
f 269/269 334/334 333/333
f 270/270 271/271 335/335
f 270/270 335/335 334/334
f 271/271 272/272 336/336
f 271/271 336/336 335/335
f 272/272 273/273 337/337
f 272/272 337/337 336/336
f 273/273 274/274 338/338
f 273/273 338/338 337/337
f 274/274 275/275 339/339
f 274/274 339/339 338/338
f 275/275 276/276 340/340
f 275/275 340/340 339/339
f 276/276 277/277 341/341
f 276/276 341/341 340/340
f 277/277 278/278 342/342
f 277/277 342/342 341/341
f 278/278 279/279 343/343
f 278/278 343/343 342/342
f 279/279 280/280 344/344
f 279/279 344/344 343/343
f 280/280 281/281 345/345
f 280/280 345/345 344/344
f 281/281 282/282 346/346
f 281/281 346/346 345/345
f 282/282 283/283 347/347
f 282/282 347/347 346/346
f 283/283 284/284 348/348
f 283/283 348/348 347/347
f 284/284 285/285 349/349
f 284/284 349/349 348/348
f 285/285 286/286 350/350
f 285/285 350/350 349/349
f 286/286 287/287 351/351
f 286/286 351/351 350/350
f 287/287 288/288 352/352
f 287/287 352/352 351/351
f 288/288 289/289 353/353
f 288/288 353/353 352/352
f 289/289 290/290 354/354
f 289/289 354/354 353/353
f 290/290 291/291 355/355
f 290/290 355/355 354/354
f 291/291 292/292 356/356
f 291/291 356/356 355/355
f 292/292 293/293 357/357
f 292/292 357/357 356/356
f 293/293 294/294 358/358
f 293/293 358/358 357/357
f 294/294 295/295 359/359
f 294/294 359/359 358/358
f 295/295 296/296 360/360
f 295/295 360/360 359/359
f 296/296 297/297 361/361
f 296/296 361/361 360/360
f 297/297 298/298 362/362
f 297/297 362/362 361/361
f 298/298 299/299 363/363
f 298/298 363/363 362/362
f 299/299 300/300 364/364
f 299/299 364/364 363/363
f 300/300 301/301 365/365
f 300/300 365/365 364/364
f 301/301 302/302 366/366
f 301/301 366/366 365/365
f 302/302 303/303 367/367
f 302/302 367/367 366/366
f 303/303 304/304 368/368
f 303/303 368/368 367/367
f 304/304 305/305 369/369
f 304/304 369/369 368/368
f 305/305 306/306 370/370
f 305/305 370/370 369/369
f 306/306 307/307 371/371
f 306/306 371/371 370/370
f 307/307 308/308 372/372
f 307/307 372/372 371/371
f 308/308 309/309 373/373
f 308/308 373/373 372/372
f 309/309 310/310 374/374
f 309/309 374/374 373/373
f 310/310 311/311 375/375
f 310/310 375/375 374/374
f 311/311 312/312 376/376
f 311/311 376/376 375/375
f 312/312 313/313 377/377
f 312/312 377/377 376/376
f 313/313 314/314 378/378
f 313/313 378/378 377/377
f 314/314 315/315 379/379
f 314/314 379/379 378/378
f 315/315 316/316 380/380
f 315/315 380/380 379/379
f 316/316 317/317 381/381
f 316/316 381/381 380/380
f 317/317 318/318 382/382
f 317/317 382/382 381/381
f 318/318 319/319 383/383
f 318/318 383/383 382/382
f 319/319 320/320 384/384
f 319/319 384/384 383/383
f 321/321 322/322 386/386
f 321/321 386/386 385/385
f 322/322 323/323 387/387
f 322/322 387/387 386/386
f 323/323 324/324 388/388
f 323/323 388/388 387/387
f 324/324 325/325 389/389
f 324/324 389/389 388/388
f 325/325 326/326 390/390
f 325/325 390/390 389/389
f 326/326 327/327 391/391
f 326/326 391/391 390/390
f 327/327 328/328 392/392
f 327/327 392/392 391/391
f 328/328 329/329 393/393
f 328/328 393/393 392/392
f 329/329 330/330 394/394
f 329/329 394/394 393/393
f 330/330 331/331 395/395
f 330/330 395/395 394/394
f 331/331 332/332 396/396
f 331/331 396/396 395/395
f 332/332 333/333 397/397
f 332/332 397/397 396/396
f 333/333 334/334 398/398
f 333/333 398/398 397/397
f 334/334 335/335 399/399
f 334/334 399/399 398/398
f 335/335 336/336 400/400
f 335/335 400/400 399/399
f 336/336 337/337 401/401
f 336/336 401/401 400/400
f 337/337 338/338 402/402
f 337/337 402/402 401/401
f 338/338 339/339 403/403
f 338/338 403/403 402/402
f 339/339 340/340 404/404
f 339/339 404/404 403/403
f 340/340 341/341 405/405
f 340/340 405/405 404/404
f 341/341 342/342 406/406
f 341/341 406/406 405/405
f 342/342 343/343 407/407
f 342/342 407/407 406/406
f 343/343 344/344 408/408
f 343/343 408/408 407/407
f 344/344 345/345 409/409
f 344/344 409/409 408/408
f 345/345 346/346 410/410
f 345/345 410/410 409/409
f 346/346 347/347 411/411
f 346/346 411/411 410/410
f 347/347 348/348 412/412
f 347/347 412/412 411/411
f 348/348 349/349 413/413
f 348/348 413/413 412/412
f 349/349 350/350 414/414
f 349/349 414/414 413/413
f 350/350 351/351 415/415
f 350/350 415/415 414/414
f 351/351 352/352 416/416
f 351/351 416/416 415/415
f 352/352 353/353 417/417
f 352/352 417/417 416/416
f 353/353 354/354 418/418
f 353/353 418/418 417/417
f 354/354 355/355 419/419
f 354/354 419/419 418/418
f 355/355 356/356 420/420
f 355/355 420/420 419/419
f 356/356 357/357 421/421
f 356/356 421/421 420/420
f 357/357 358/358 422/422
f 357/357 422/422 421/421
f 358/358 359/359 423/423
f 358/358 423/423 422/422
f 359/359 360/360 424/424
f 359/359 424/424 423/423
f 360/360 361/361 425/425
f 360/360 425/425 424/424
f 361/361 362/362 426/426
f 361/361 426/426 425/425
f 362/362 363/363 427/427
f 362/362 427/427 426/426
f 363/363 364/364 428/428
f 363/363 428/428 427/427
f 364/364 365/365 429/429
f 364/364 429/429 428/428
f 365/365 366/366 430/430
f 365/365 430/430 429/429
f 366/366 367/367 431/431
f 366/366 431/431 430/430
f 367/367 368/368 432/432
f 367/367 432/432 431/431
f 368/368 369/369 433/433
f 368/368 433/433 432/432
f 369/369 370/370 434/434
f 369/369 434/434 433/433
f 370/370 371/371 435/435
f 370/370 435/435 434/434
f 371/371 372/372 436/436
f 371/371 436/436 435/435
f 372/372 373/373 437/437
f 372/372 437/437 436/436
f 373/373 374/374 438/438
f 373/373 438/438 437/437
f 374/374 375/375 439/439
f 374/374 439/439 438/438
f 375/375 376/376 440/440
f 375/375 440/440 439/439
f 376/376 377/377 441/441
f 376/376 441/441 440/440
f 377/377 378/378 442/442
f 377/377 442/442 441/441
f 378/378 379/379 443/443
f 378/378 443/443 442/442
f 379/379 380/380 444/444
f 379/379 444/444 443/443
f 380/380 381/381 445/445
f 380/380 445/445 444/444
f 381/381 382/382 446/446
f 381/381 446/446 445/445
f 382/382 383/383 447/447
f 382/382 447/447 446/446
f 383/383 384/384 448/448
f 383/383 448/448 447/447
f 385/385 386/386 450/450
f 385/385 450/450 449/449
f 386/386 387/387 451/451
f 386/386 451/451 450/450
f 387/387 388/388 452/452
f 387/387 452/452 451/451
f 388/388 389/389 453/453
f 388/388 453/453 452/452
f 389/389 390/390 454/454
f 389/389 454/454 453/453
f 390/390 391/391 455/455
f 390/390 455/455 454/454
f 391/391 392/392 456/456
f 391/391 456/456 455/455
f 392/392 393/393 457/457
f 392/392 457/457 456/456
f 393/393 394/394 458/458
f 393/393 458/458 457/457
f 394/394 395/395 459/459
f 394/394 459/459 458/458
f 395/395 396/396 460/460
f 395/395 460/460 459/459
f 396/396 397/397 461/461
f 396/396 461/461 460/460
f 397/397 398/398 462/462
f 397/397 462/462 461/461
f 398/398 399/399 463/463
f 398/398 463/463 462/462
f 399/399 400/400 464/464
f 399/399 464/464 463/463
f 400/400 401/401 465/465
f 400/400 465/465 464/464
f 401/401 402/402 466/466
f 401/401 466/466 465/465
f 402/402 403/403 467/467
f 402/402 467/467 466/466
f 403/403 404/404 468/468
f 403/403 468/468 467/467
f 404/404 405/405 469/469
f 404/404 469/469 468/468
f 405/405 406/406 470/470
f 405/405 470/470 469/469
f 406/406 407/407 471/471
f 406/406 471/471 470/470
f 407/407 408/408 472/472
f 407/407 472/472 471/471
f 408/408 409/409 473/473
f 408/408 473/473 472/472
f 409/409 410/410 474/474
f 409/409 474/474 473/473
f 410/410 411/411 475/475
f 410/410 475/475 474/474
f 411/411 412/412 476/476
f 411/411 476/476 475/475
f 412/412 413/413 477/477
f 412/412 477/477 476/476
f 413/413 414/414 478/478
f 413/413 478/478 477/477
f 414/414 415/415 479/479
f 414/414 479/479 478/478
f 415/415 416/416 480/480
f 415/415 480/480 479/479
f 416/416 417/417 481/481
f 416/416 481/481 480/480
f 417/417 418/418 482/482
f 417/417 482/482 481/481
f 418/418 419/419 483/483
f 418/418 483/483 482/482
f 419/419 420/420 484/484
f 419/419 484/484 483/483
f 420/420 421/421 485/485
f 420/420 485/485 484/484
f 421/421 422/422 486/486
f 421/421 486/486 485/485
f 422/422 423/423 487/487
f 422/422 487/487 486/486
f 423/423 424/424 488/488
f 423/423 488/488 487/487
f 424/424 425/425 489/489
f 424/424 489/489 488/488
f 425/425 426/426 490/490
f 425/425 490/490 489/489
f 426/426 427/427 491/491
f 426/426 491/491 490/490
f 427/427 428/428 492/492
f 427/427 492/492 491/491
f 428/428 429/429 493/493
f 428/428 493/493 492/492
f 429/429 430/430 494/494
f 429/429 494/494 493/493
f 430/430 431/431 495/495
f 430/430 495/495 494/494
f 431/431 432/432 496/496
f 431/431 496/496 495/495
f 432/432 433/433 497/497
f 432/432 497/497 496/496
f 433/433 434/434 498/498
f 433/433 498/498 497/497
f 434/434 435/435 499/499
f 434/434 499/499 498/498
f 435/435 436/436 500/500
f 435/435 500/500 499/499
f 436/436 437/437 501/501
f 436/436 501/501 500/500
f 437/437 438/438 502/502
f 437/437 502/502 501/501
f 438/438 439/439 503/503
f 438/438 503/503 502/502
f 439/439 440/440 504/504
f 439/439 504/504 503/503
f 440/440 441/441 505/505
f 440/440 505/505 504/504
f 441/441 442/442 506/506
f 441/441 506/506 505/505
f 442/442 443/443 507/507
f 442/442 507/507 506/506
f 443/443 444/444 508/508
f 443/443 508/508 507/507
f 444/444 445/445 509/509
f 444/444 509/509 508/508
f 445/445 446/446 510/510
f 445/445 510/510 509/509
f 446/446 447/447 511/511
f 446/446 511/511 510/510
f 447/447 448/448 512/512
f 447/447 512/512 511/511
f 449/449 450/450 514/514
f 449/449 514/514 513/513
f 450/450 451/451 515/515
f 450/450 515/515 514/514
f 451/451 452/452 516/516
f 451/451 516/516 515/515
f 452/452 453/453 517/517
f 452/452 517/517 516/516
f 453/453 454/454 518/518
f 453/453 518/518 517/517
f 454/454 455/455 519/519
f 454/454 519/519 518/518
f 455/455 456/456 520/520
f 455/455 520/520 519/519
f 456/456 457/457 521/521
f 456/456 521/521 520/520
f 457/457 458/458 522/522
f 457/457 522/522 521/521
f 458/458 459/459 523/523
f 458/458 523/523 522/522
f 459/459 460/460 524/524
f 459/459 524/524 523/523
f 460/460 461/461 525/525
f 460/460 525/525 524/524
f 461/461 462/462 526/526
f 461/461 526/526 525/525
f 462/462 463/463 527/527
f 462/462 527/527 526/526
f 463/463 464/464 528/528
f 463/463 528/528 527/527
f 464/464 465/465 529/529
f 464/464 529/529 528/528
f 465/465 466/466 530/530
f 465/465 530/530 529/529
f 466/466 467/467 531/531
f 466/466 531/531 530/530
f 467/467 468/468 532/532
f 467/467 532/532 531/531
f 468/468 469/469 533/533
f 468/468 533/533 532/532
f 469/469 470/470 534/534
f 469/469 534/534 533/533
f 470/470 471/471 535/535
f 470/470 535/535 534/534
f 471/471 472/472 536/536
f 471/471 536/536 535/535
f 472/472 473/473 537/537
f 472/472 537/537 536/536
f 473/473 474/474 538/538
f 473/473 538/538 537/537
f 474/474 475/475 539/539
f 474/474 539/539 538/538
f 475/475 476/476 540/540
f 475/475 540/540 539/539
f 476/476 477/477 541/541
f 476/476 541/541 540/540
f 477/477 478/478 542/542
f 477/477 542/542 541/541
f 478/478 479/479 543/543
f 478/478 543/543 542/542
f 479/479 480/480 544/544
f 479/479 544/544 543/543
f 480/480 481/481 545/545
f 480/480 545/545 544/544
f 481/481 482/482 546/546
f 481/481 546/546 545/545
f 482/482 483/483 547/547
f 482/482 547/547 546/546
f 483/483 484/484 548/548
f 483/483 548/548 547/547
f 484/484 485/485 549/549
f 484/484 549/549 548/548
f 485/485 486/486 550/550
f 485/485 550/550 549/549
f 486/486 487/487 551/551
f 486/486 551/551 550/550
f 487/487 488/488 552/552
f 487/487 552/552 551/551
f 488/488 489/489 553/553
f 488/488 553/553 552/552
f 489/489 490/490 554/554
f 489/489 554/554 553/553
f 490/490 491/491 555/555
f 490/490 555/555 554/554
f 491/491 492/492 556/556
f 491/491 556/556 555/555
f 492/492 493/493 557/557
f 492/492 557/557 556/556
f 493/493 494/494 558/558
f 493/493 558/558 557/557
f 494/494 495/495 559/559
f 494/494 559/559 558/558
f 495/495 496/496 560/560
f 495/495 560/560 559/559
f 496/496 497/497 561/561
f 496/496 561/561 560/560
f 497/497 498/498 562/562
f 497/497 562/562 561/561
f 498/498 499/499 563/563
f 498/498 563/563 562/562
f 499/499 500/500 564/564
f 499/499 564/564 563/563
f 500/500 501/501 565/565
f 500/500 565/565 564/564
f 501/501 502/502 566/566
f 501/501 566/566 565/565
f 502/502 503/503 567/567
f 502/502 567/567 566/566
f 503/503 504/504 568/568
f 503/503 568/568 567/567
f 504/504 505/505 569/569
f 504/504 569/569 568/568
f 505/505 506/506 570/570
f 505/505 570/570 569/569
f 506/506 507/507 571/571
f 506/506 571/571 570/570
f 507/507 508/508 572/572
f 507/507 572/572 571/571
f 508/508 509/509 573/573
f 508/508 573/573 572/572
f 509/509 510/510 574/574
f 509/509 574/574 573/573
f 510/510 511/511 575/575
f 510/510 575/575 574/574
f 511/511 512/512 576/576
f 511/511 576/576 575/575
f 513/513 514/514 578/578
f 513/513 578/578 577/577
f 514/514 515/515 579/579
f 514/514 579/579 578/578
f 515/515 516/516 580/580
f 515/515 580/580 579/579
f 516/516 517/517 581/581
f 516/516 581/581 580/580
f 517/517 518/518 582/582
f 517/517 582/582 581/581
f 518/518 519/519 583/583
f 518/518 583/583 582/582
f 519/519 520/520 584/584
f 519/519 584/584 583/583
f 520/520 521/521 585/585
f 520/520 585/585 584/584
f 521/521 522/522 586/586
f 521/521 586/586 585/585
f 522/522 523/523 587/587
f 522/522 587/587 586/586
f 523/523 524/524 588/588
f 523/523 588/588 587/587
f 524/524 525/525 589/589
f 524/524 589/589 588/588
f 525/525 526/526 590/590
f 525/525 590/590 589/589
f 526/526 527/527 591/591
f 526/526 591/591 590/590
f 527/527 528/528 592/592
f 527/527 592/592 591/591
f 528/528 529/529 593/593
f 528/528 593/593 592/592
f 529/529 530/530 594/594
f 529/529 594/594 593/593
f 530/530 531/531 595/595
f 530/530 595/595 594/594
f 531/531 532/532 596/596
f 531/531 596/596 595/595
f 532/532 533/533 597/597
f 532/532 597/597 596/596
f 533/533 534/534 598/598
f 533/533 598/598 597/597
f 534/534 535/535 599/599
f 534/534 599/599 598/598
f 535/535 536/536 600/600
f 535/535 600/600 599/599
f 536/536 537/537 601/601
f 536/536 601/601 600/600
f 537/537 538/538 602/602
f 537/537 602/602 601/601
f 538/538 539/539 603/603
f 538/538 603/603 602/602
f 539/539 540/540 604/604
f 539/539 604/604 603/603
f 540/540 541/541 605/605
f 540/540 605/605 604/604
f 541/541 542/542 606/606
f 541/541 606/606 605/605
f 542/542 543/543 607/607
f 542/542 607/607 606/606
f 543/543 544/544 608/608
f 543/543 608/608 607/607
f 544/544 545/545 609/609
f 544/544 609/609 608/608
f 545/545 546/546 610/610
f 545/545 610/610 609/609
f 546/546 547/547 611/611
f 546/546 611/611 610/610
f 547/547 548/548 612/612
f 547/547 612/612 611/611
f 548/548 549/549 613/613
f 548/548 613/613 612/612
f 549/549 550/550 614/614
f 549/549 614/614 613/613
f 550/550 551/551 615/615
f 550/550 615/615 614/614
f 551/551 552/552 616/616
f 551/551 616/616 615/615
f 552/552 553/553 617/617
f 552/552 617/617 616/616
f 553/553 554/554 618/618
f 553/553 618/618 617/617
f 554/554 555/555 619/619
f 554/554 619/619 618/618
f 555/555 556/556 620/620
f 555/555 620/620 619/619
f 556/556 557/557 621/621
f 556/556 621/621 620/620
f 557/557 558/558 622/622
f 557/557 622/622 621/621
f 558/558 559/559 623/623
f 558/558 623/623 622/622
f 559/559 560/560 624/624
f 559/559 624/624 623/623
f 560/560 561/561 625/625
f 560/560 625/625 624/624
f 561/561 562/562 626/626
f 561/561 626/626 625/625
f 562/562 563/563 627/627
f 562/562 627/627 626/626
f 563/563 564/564 628/628
f 563/563 628/628 627/627
f 564/564 565/565 629/629
f 564/564 629/629 628/628
f 565/565 566/566 630/630
f 565/565 630/630 629/629
f 566/566 567/567 631/631
f 566/566 631/631 630/630
f 567/567 568/568 632/632
f 567/567 632/632 631/631
f 568/568 569/569 633/633
f 568/568 633/633 632/632
f 569/569 570/570 634/634
f 569/569 634/634 633/633
f 570/570 571/571 635/635
f 570/570 635/635 634/634
f 571/571 572/572 636/636
f 571/571 636/636 635/635
f 572/572 573/573 637/637
f 572/572 637/637 636/636
f 573/573 574/574 638/638
f 573/573 638/638 637/637
f 574/574 575/575 639/639
f 574/574 639/639 638/638
f 575/575 576/576 640/640
f 575/575 640/640 639/639
f 577/577 578/578 642/642
f 577/577 642/642 641/641
f 578/578 579/579 643/643
f 578/578 643/643 642/642
f 579/579 580/580 644/644
f 579/579 644/644 643/643
f 580/580 581/581 645/645
f 580/580 645/645 644/644
f 581/581 582/582 646/646
f 581/581 646/646 645/645
f 582/582 583/583 647/647
f 582/582 647/647 646/646
f 583/583 584/584 648/648
f 583/583 648/648 647/647
f 584/584 585/585 649/649
f 584/584 649/649 648/648
f 585/585 586/586 650/650
f 585/585 650/650 649/649
f 586/586 587/587 651/651
f 586/586 651/651 650/650
f 587/587 588/588 652/652
f 587/587 652/652 651/651
f 588/588 589/589 653/653
f 588/588 653/653 652/652
f 589/589 590/590 654/654
f 589/589 654/654 653/653
f 590/590 591/591 655/655
f 590/590 655/655 654/654
f 591/591 592/592 656/656
f 591/591 656/656 655/655
f 592/592 593/593 657/657
f 592/592 657/657 656/656
f 593/593 594/594 658/658
f 593/593 658/658 657/657
f 594/594 595/595 659/659
f 594/594 659/659 658/658
f 595/595 596/596 660/660
f 595/595 660/660 659/659
f 596/596 597/597 661/661
f 596/596 661/661 660/660
f 597/597 598/598 662/662
f 597/597 662/662 661/661
f 598/598 599/599 663/663
f 598/598 663/663 662/662
f 599/599 600/600 664/664
f 599/599 664/664 663/663
f 600/600 601/601 665/665
f 600/600 665/665 664/664
f 601/601 602/602 666/666
f 601/601 666/666 665/665
f 602/602 603/603 667/667
f 602/602 667/667 666/666
f 603/603 604/604 668/668
f 603/603 668/668 667/667
f 604/604 605/605 669/669
f 604/604 669/669 668/668
f 605/605 606/606 670/670
f 605/605 670/670 669/669
f 606/606 607/607 671/671
f 606/606 671/671 670/670
f 607/607 608/608 672/672
f 607/607 672/672 671/671
f 608/608 609/609 673/673
f 608/608 673/673 672/672
f 609/609 610/610 674/674
f 609/609 674/674 673/673
f 610/610 611/611 675/675
f 610/610 675/675 674/674
f 611/611 612/612 676/676
f 611/611 676/676 675/675
f 612/612 613/613 677/677
f 612/612 677/677 676/676
f 613/613 614/614 678/678
f 613/613 678/678 677/677
f 614/614 615/615 679/679
f 614/614 679/679 678/678
f 615/615 616/616 680/680
f 615/615 680/680 679/679
f 616/616 617/617 681/681
f 616/616 681/681 680/680
f 617/617 618/618 682/682
f 617/617 682/682 681/681
f 618/618 619/619 683/683
f 618/618 683/683 682/682
f 619/619 620/620 684/684
f 619/619 684/684 683/683
f 620/620 621/621 685/685
f 620/620 685/685 684/684
f 621/621 622/622 686/686
f 621/621 686/686 685/685
f 622/622 623/623 687/687
f 622/622 687/687 686/686
f 623/623 624/624 688/688
f 623/623 688/688 687/687
f 624/624 625/625 689/689
f 624/624 689/689 688/688
f 625/625 626/626 690/690
f 625/625 690/690 689/689
f 626/626 627/627 691/691
f 626/626 691/691 690/690
f 627/627 628/628 692/692
f 627/627 692/692 691/691
f 628/628 629/629 693/693
f 628/628 693/693 692/692
f 629/629 630/630 694/694
f 629/629 694/694 693/693
f 630/630 631/631 695/695
f 630/630 695/695 694/694
f 631/631 632/632 696/696
f 631/631 696/696 695/695
f 632/632 633/633 697/697
f 632/632 697/697 696/696
f 633/633 634/634 698/698
f 633/633 698/698 697/697
f 634/634 635/635 699/699
f 634/634 699/699 698/698
f 635/635 636/636 700/700
f 635/635 700/700 699/699
f 636/636 637/637 701/701
f 636/636 701/701 700/700
f 637/637 638/638 702/702
f 637/637 702/702 701/701
f 638/638 639/639 703/703
f 638/638 703/703 702/702
f 639/639 640/640 704/704
f 639/639 704/704 703/703
f 641/641 642/642 706/706
f 641/641 706/706 705/705
f 642/642 643/643 707/707
f 642/642 707/707 706/706
f 643/643 644/644 708/708
f 643/643 708/708 707/707
f 644/644 645/645 709/709
f 644/644 709/709 708/708
f 645/645 646/646 710/710
f 645/645 710/710 709/709
f 646/646 647/647 711/711
f 646/646 711/711 710/710
f 647/647 648/648 712/712
f 647/647 712/712 711/711
f 648/648 649/649 713/713
f 648/648 713/713 712/712
f 649/649 650/650 714/714
f 649/649 714/714 713/713
f 650/650 651/651 715/715
f 650/650 715/715 714/714
f 651/651 652/652 716/716
f 651/651 716/716 715/715
f 652/652 653/653 717/717
f 652/652 717/717 716/716
f 653/653 654/654 718/718
f 653/653 718/718 717/717
f 654/654 655/655 719/719
f 654/654 719/719 718/718
f 655/655 656/656 720/720
f 655/655 720/720 719/719
f 656/656 657/657 721/721
f 656/656 721/721 720/720
f 657/657 658/658 722/722
f 657/657 722/722 721/721
f 658/658 659/659 723/723
f 658/658 723/723 722/722
f 659/659 660/660 724/724
f 659/659 724/724 723/723
f 660/660 661/661 725/725
f 660/660 725/725 724/724
f 661/661 662/662 726/726
f 661/661 726/726 725/725
f 662/662 663/663 727/727
f 662/662 727/727 726/726
f 663/663 664/664 728/728
f 663/663 728/728 727/727
f 664/664 665/665 729/729
f 664/664 729/729 728/728
f 665/665 666/666 730/730
f 665/665 730/730 729/729
f 666/666 667/667 731/731
f 666/666 731/731 730/730
f 667/667 668/668 732/732
f 667/667 732/732 731/731
f 668/668 669/669 733/733
f 668/668 733/733 732/732
f 669/669 670/670 734/734
f 669/669 734/734 733/733
f 670/670 671/671 735/735
f 670/670 735/735 734/734
f 671/671 672/672 736/736
f 671/671 736/736 735/735
f 672/672 673/673 737/737
f 672/672 737/737 736/736
f 673/673 674/674 738/738
f 673/673 738/738 737/737
f 674/674 675/675 739/739
f 674/674 739/739 738/738
f 675/675 676/676 740/740
f 675/675 740/740 739/739
f 676/676 677/677 741/741
f 676/676 741/741 740/740
f 677/677 678/678 742/742
f 677/677 742/742 741/741
f 678/678 679/679 743/743
f 678/678 743/743 742/742
f 679/679 680/680 744/744
f 679/679 744/744 743/743
f 680/680 681/681 745/745
f 680/680 745/745 744/744
f 681/681 682/682 746/746
f 681/681 746/746 745/745
f 682/682 683/683 747/747
f 682/682 747/747 746/746
f 683/683 684/684 748/748
f 683/683 748/748 747/747
f 684/684 685/685 749/749
f 684/684 749/749 748/748
f 685/685 686/686 750/750
f 685/685 750/750 749/749
f 686/686 687/687 751/751
f 686/686 751/751 750/750
f 687/687 688/688 752/752
f 687/687 752/752 751/751
f 688/688 689/689 753/753
f 688/688 753/753 752/752
f 689/689 690/690 754/754
f 689/689 754/754 753/753
f 690/690 691/691 755/755
f 690/690 755/755 754/754
f 691/691 692/692 756/756
f 691/691 756/756 755/755
f 692/692 693/693 757/757
f 692/692 757/757 756/756
f 693/693 694/694 758/758
f 693/693 758/758 757/757
f 694/694 695/695 759/759
f 694/694 759/759 758/758
f 695/695 696/696 760/760
f 695/695 760/760 759/759
f 696/696 697/697 761/761
f 696/696 761/761 760/760
f 697/697 698/698 762/762
f 697/697 762/762 761/761
f 698/698 699/699 763/763
f 698/698 763/763 762/762
f 699/699 700/700 764/764
f 699/699 764/764 763/763
f 700/700 701/701 765/765
f 700/700 765/765 764/764
f 701/701 702/702 766/766
f 701/701 766/766 765/765
f 702/702 703/703 767/767
f 702/702 767/767 766/766
f 703/703 704/704 768/768
f 703/703 768/768 767/767
f 705/705 706/706 770/770
f 705/705 770/770 769/769
f 706/706 707/707 771/771
f 706/706 771/771 770/770
f 707/707 708/708 772/772
f 707/707 772/772 771/771
f 708/708 709/709 773/773
f 708/708 773/773 772/772
f 709/709 710/710 774/774
f 709/709 774/774 773/773
f 710/710 711/711 775/775
f 710/710 775/775 774/774
f 711/711 712/712 776/776
f 711/711 776/776 775/775
f 712/712 713/713 777/777
f 712/712 777/777 776/776
f 713/713 714/714 778/778
f 713/713 778/778 777/777
f 714/714 715/715 779/779
f 714/714 779/779 778/778
f 715/715 716/716 780/780
f 715/715 780/780 779/779
f 716/716 717/717 781/781
f 716/716 781/781 780/780
f 717/717 718/718 782/782
f 717/717 782/782 781/781
f 718/718 719/719 783/783
f 718/718 783/783 782/782
f 719/719 720/720 784/784
f 719/719 784/784 783/783
f 720/720 721/721 785/785
f 720/720 785/785 784/784
f 721/721 722/722 786/786
f 721/721 786/786 785/785
f 722/722 723/723 787/787
f 722/722 787/787 786/786
f 723/723 724/724 788/788
f 723/723 788/788 787/787
f 724/724 725/725 789/789
f 724/724 789/789 788/788
f 725/725 726/726 790/790
f 725/725 790/790 789/789
f 726/726 727/727 791/791
f 726/726 791/791 790/790
f 727/727 728/728 792/792
f 727/727 792/792 791/791
f 728/728 729/729 793/793
f 728/728 793/793 792/792
f 729/729 730/730 794/794
f 729/729 794/794 793/793
f 730/730 731/731 795/795
f 730/730 795/795 794/794
f 731/731 732/732 796/796
f 731/731 796/796 795/795
f 732/732 733/733 797/797
f 732/732 797/797 796/796
f 733/733 734/734 798/798
f 733/733 798/798 797/797
f 734/734 735/735 799/799
f 734/734 799/799 798/798
f 735/735 736/736 800/800
f 735/735 800/800 799/799
f 736/736 737/737 801/801
f 736/736 801/801 800/800
f 737/737 738/738 802/802
f 737/737 802/802 801/801
f 738/738 739/739 803/803
f 738/738 803/803 802/802
f 739/739 740/740 804/804
f 739/739 804/804 803/803
f 740/740 741/741 805/805
f 740/740 805/805 804/804
f 741/741 742/742 806/806
f 741/741 806/806 805/805
f 742/742 743/743 807/807
f 742/742 807/807 806/806
f 743/743 744/744 808/808
f 743/743 808/808 807/807
f 744/744 745/745 809/809
f 744/744 809/809 808/808
f 745/745 746/746 810/810
f 745/745 810/810 809/809
f 746/746 747/747 811/811
f 746/746 811/811 810/810
f 747/747 748/748 812/812
f 747/747 812/812 811/811
f 748/748 749/749 813/813
f 748/748 813/813 812/812
f 749/749 750/750 814/814
f 749/749 814/814 813/813
f 750/750 751/751 815/815
f 750/750 815/815 814/814
f 751/751 752/752 816/816
f 751/751 816/816 815/815
f 752/752 753/753 817/817
f 752/752 817/817 816/816
f 753/753 754/754 818/818
f 753/753 818/818 817/817
f 754/754 755/755 819/819
f 754/754 819/819 818/818
f 755/755 756/756 820/820
f 755/755 820/820 819/819
f 756/756 757/757 821/821
f 756/756 821/821 820/820
f 757/757 758/758 822/822
f 757/757 822/822 821/821
f 758/758 759/759 823/823
f 758/758 823/823 822/822
f 759/759 760/760 824/824
f 759/759 824/824 823/823
f 760/760 761/761 825/825
f 760/760 825/825 824/824
f 761/761 762/762 826/826
f 761/761 826/826 825/825
f 762/762 763/763 827/827
f 762/762 827/827 826/826
f 763/763 764/764 828/828
f 763/763 828/828 827/827
f 764/764 765/765 829/829
f 764/764 829/829 828/828
f 765/765 766/766 830/830
f 765/765 830/830 829/829
f 766/766 767/767 831/831
f 766/766 831/831 830/830
f 767/767 768/768 832/832
f 767/767 832/832 831/831
f 769/769 770/770 834/834
f 769/769 834/834 833/833
f 770/770 771/771 835/835
f 770/770 835/835 834/834
f 771/771 772/772 836/836
f 771/771 836/836 835/835
f 772/772 773/773 837/837
f 772/772 837/837 836/836
f 773/773 774/774 838/838
f 773/773 838/838 837/837
f 774/774 775/775 839/839
f 774/774 839/839 838/838
f 775/775 776/776 840/840
f 775/775 840/840 839/839
f 776/776 777/777 841/841
f 776/776 841/841 840/840
f 777/777 778/778 842/842
f 777/777 842/842 841/841
f 778/778 779/779 843/843
f 778/778 843/843 842/842
f 779/779 780/780 844/844
f 779/779 844/844 843/843
f 780/780 781/781 845/845
f 780/780 845/845 844/844
f 781/781 782/782 846/846
f 781/781 846/846 845/845
f 782/782 783/783 847/847
f 782/782 847/847 846/846
f 783/783 784/784 848/848
f 783/783 848/848 847/847
f 784/784 785/785 849/849
f 784/784 849/849 848/848
f 785/785 786/786 850/850
f 785/785 850/850 849/849
f 786/786 787/787 851/851
f 786/786 851/851 850/850
f 787/787 788/788 852/852
f 787/787 852/852 851/851
f 788/788 789/789 853/853
f 788/788 853/853 852/852
f 789/789 790/790 854/854
f 789/789 854/854 853/853
f 790/790 791/791 855/855
f 790/790 855/855 854/854
f 791/791 792/792 856/856
f 791/791 856/856 855/855
f 792/792 793/793 857/857
f 792/792 857/857 856/856
f 793/793 794/794 858/858
f 793/793 858/858 857/857
f 794/794 795/795 859/859
f 794/794 859/859 858/858
f 795/795 796/796 860/860
f 795/795 860/860 859/859
f 796/796 797/797 861/861
f 796/796 861/861 860/860
f 797/797 798/798 862/862
f 797/797 862/862 861/861
f 798/798 799/799 863/863
f 798/798 863/863 862/862
f 799/799 800/800 864/864
f 799/799 864/864 863/863
f 800/800 801/801 865/865
f 800/800 865/865 864/864
f 801/801 802/802 866/866
f 801/801 866/866 865/865
f 802/802 803/803 867/867
f 802/802 867/867 866/866
f 803/803 804/804 868/868
f 803/803 868/868 867/867
f 804/804 805/805 869/869
f 804/804 869/869 868/868
f 805/805 806/806 870/870
f 805/805 870/870 869/869
f 806/806 807/807 871/871
f 806/806 871/871 870/870
f 807/807 808/808 872/872
f 807/807 872/872 871/871
f 808/808 809/809 873/873
f 808/808 873/873 872/872
f 809/809 810/810 874/874
f 809/809 874/874 873/873
f 810/810 811/811 875/875
f 810/810 875/875 874/874
f 811/811 812/812 876/876
f 811/811 876/876 875/875
f 812/812 813/813 877/877
f 812/812 877/877 876/876
f 813/813 814/814 878/878
f 813/813 878/878 877/877
f 814/814 815/815 879/879
f 814/814 879/879 878/878
f 815/815 816/816 880/880
f 815/815 880/880 879/879
f 816/816 817/817 881/881
f 816/816 881/881 880/880
f 817/817 818/818 882/882
f 817/817 882/882 881/881
f 818/818 819/819 883/883
f 818/818 883/883 882/882
f 819/819 820/820 884/884
f 819/819 884/884 883/883
f 820/820 821/821 885/885
f 820/820 885/885 884/884
f 821/821 822/822 886/886
f 821/821 886/886 885/885
f 822/822 823/823 887/887
f 822/822 887/887 886/886
f 823/823 824/824 888/888
f 823/823 888/888 887/887
f 824/824 825/825 889/889
f 824/824 889/889 888/888
f 825/825 826/826 890/890
f 825/825 890/890 889/889
f 826/826 827/827 891/891
f 826/826 891/891 890/890
f 827/827 828/828 892/892
f 827/827 892/892 891/891
f 828/828 829/829 893/893
f 828/828 893/893 892/892
f 829/829 830/830 894/894
f 829/829 894/894 893/893
f 830/830 831/831 895/895
f 830/830 895/895 894/894
f 831/831 832/832 896/896
f 831/831 896/896 895/895
f 833/833 834/834 898/898
f 833/833 898/898 897/897
f 834/834 835/835 899/899
f 834/834 899/899 898/898
f 835/835 836/836 900/900
f 835/835 900/900 899/899
f 836/836 837/837 901/901
f 836/836 901/901 900/900
f 837/837 838/838 902/902
f 837/837 902/902 901/901
f 838/838 839/839 903/903
f 838/838 903/903 902/902
f 839/839 840/840 904/904
f 839/839 904/904 903/903
f 840/840 841/841 905/905
f 840/840 905/905 904/904
f 841/841 842/842 906/906
f 841/841 906/906 905/905
f 842/842 843/843 907/907
f 842/842 907/907 906/906
f 843/843 844/844 908/908
f 843/843 908/908 907/907
f 844/844 845/845 909/909
f 844/844 909/909 908/908
f 845/845 846/846 910/910
f 845/845 910/910 909/909
f 846/846 847/847 911/911
f 846/846 911/911 910/910
f 847/847 848/848 912/912
f 847/847 912/912 911/911
f 848/848 849/849 913/913
f 848/848 913/913 912/912
f 849/849 850/850 914/914
f 849/849 914/914 913/913
f 850/850 851/851 915/915
f 850/850 915/915 914/914
f 851/851 852/852 916/916
f 851/851 916/916 915/915
f 852/852 853/853 917/917
f 852/852 917/917 916/916
f 853/853 854/854 918/918
f 853/853 918/918 917/917
f 854/854 855/855 919/919
f 854/854 919/919 918/918
f 855/855 856/856 920/920
f 855/855 920/920 919/919
f 856/856 857/857 921/921
f 856/856 921/921 920/920
f 857/857 858/858 922/922
f 857/857 922/922 921/921
f 858/858 859/859 923/923
f 858/858 923/923 922/922
f 859/859 860/860 924/924
f 859/859 924/924 923/923
f 860/860 861/861 925/925
f 860/860 925/925 924/924
f 861/861 862/862 926/926
f 861/861 926/926 925/925
f 862/862 863/863 927/927
f 862/862 927/927 926/926
f 863/863 864/864 928/928
f 863/863 928/928 927/927
f 864/864 865/865 929/929
f 864/864 929/929 928/928
f 865/865 866/866 930/930
f 865/865 930/930 929/929
f 866/866 867/867 931/931
f 866/866 931/931 930/930
f 867/867 868/868 932/932
f 867/867 932/932 931/931
f 868/868 869/869 933/933
f 868/868 933/933 932/932
f 869/869 870/870 934/934
f 869/869 934/934 933/933
f 870/870 871/871 935/935
f 870/870 935/935 934/934
f 871/871 872/872 936/936
f 871/871 936/936 935/935
f 872/872 873/873 937/937
f 872/872 937/937 936/936
f 873/873 874/874 938/938
f 873/873 938/938 937/937
f 874/874 875/875 939/939
f 874/874 939/939 938/938
f 875/875 876/876 940/940
f 875/875 940/940 939/939
f 876/876 877/877 941/941
f 876/876 941/941 940/940
f 877/877 878/878 942/942
f 877/877 942/942 941/941
f 878/878 879/879 943/943
f 878/878 943/943 942/942
f 879/879 880/880 944/944
f 879/879 944/944 943/943
f 880/880 881/881 945/945
f 880/880 945/945 944/944
f 881/881 882/882 946/946
f 881/881 946/946 945/945
f 882/882 883/883 947/947
f 882/882 947/947 946/946
f 883/883 884/884 948/948
f 883/883 948/948 947/947
f 884/884 885/885 949/949
f 884/884 949/949 948/948
f 885/885 886/886 950/950
f 885/885 950/950 949/949
f 886/886 887/887 951/951
f 886/886 951/951 950/950
f 887/887 888/888 952/952
f 887/887 952/952 951/951
f 888/888 889/889 953/953
f 888/888 953/953 952/952
f 889/889 890/890 954/954
f 889/889 954/954 953/953
f 890/890 891/891 955/955
f 890/890 955/955 954/954
f 891/891 892/892 956/956
f 891/891 956/956 955/955
f 892/892 893/893 957/957
f 892/892 957/957 956/956
f 893/893 894/894 958/958
f 893/893 958/958 957/957
f 894/894 895/895 959/959
f 894/894 959/959 958/958
f 895/895 896/896 960/960
f 895/895 960/960 959/959
f 897/897 898/898 962/962
f 897/897 962/962 961/961
f 898/898 899/899 963/963
f 898/898 963/963 962/962
f 899/899 900/900 964/964
f 899/899 964/964 963/963
f 900/900 901/901 965/965
f 900/900 965/965 964/964
f 901/901 902/902 966/966
f 901/901 966/966 965/965
f 902/902 903/903 967/967
f 902/902 967/967 966/966
f 903/903 904/904 968/968
f 903/903 968/968 967/967
f 904/904 905/905 969/969
f 904/904 969/969 968/968
f 905/905 906/906 970/970
f 905/905 970/970 969/969
f 906/906 907/907 971/971
f 906/906 971/971 970/970
f 907/907 908/908 972/972
f 907/907 972/972 971/971
f 908/908 909/909 973/973
f 908/908 973/973 972/972
f 909/909 910/910 974/974
f 909/909 974/974 973/973
f 910/910 911/911 975/975
f 910/910 975/975 974/974
f 911/911 912/912 976/976
f 911/911 976/976 975/975
f 912/912 913/913 977/977
f 912/912 977/977 976/976
f 913/913 914/914 978/978
f 913/913 978/978 977/977
f 914/914 915/915 979/979
f 914/914 979/979 978/978
f 915/915 916/916 980/980
f 915/915 980/980 979/979
f 916/916 917/917 981/981
f 916/916 981/981 980/980
f 917/917 918/918 982/982
f 917/917 982/982 981/981
f 918/918 919/919 983/983
f 918/918 983/983 982/982
f 919/919 920/920 984/984
f 919/919 984/984 983/983
f 920/920 921/921 985/985
f 920/920 985/985 984/984
f 921/921 922/922 986/986
f 921/921 986/986 985/985
f 922/922 923/923 987/987
f 922/922 987/987 986/986
f 923/923 924/924 988/988
f 923/923 988/988 987/987
f 924/924 925/925 989/989
f 924/924 989/989 988/988
f 925/925 926/926 990/990
f 925/925 990/990 989/989
f 926/926 927/927 991/991
f 926/926 991/991 990/990
f 927/927 928/928 992/992
f 927/927 992/992 991/991
f 928/928 929/929 993/993
f 928/928 993/993 992/992
f 929/929 930/930 994/994
f 929/929 994/994 993/993
f 930/930 931/931 995/995
f 930/930 995/995 994/994
f 931/931 932/932 996/996
f 931/931 996/996 995/995
f 932/932 933/933 997/997
f 932/932 997/997 996/996
f 933/933 934/934 998/998
f 933/933 998/998 997/997
f 934/934 935/935 999/999
f 934/934 999/999 998/998
f 935/935 936/936 1000/1000
f 935/935 1000/1000 999/999
f 936/936 937/937 1001/1001
f 936/936 1001/1001 1000/1000
f 937/937 938/938 1002/1002
f 937/937 1002/1002 1001/1001
f 938/938 939/939 1003/1003
f 938/938 1003/1003 1002/1002
f 939/939 940/940 1004/1004
f 939/939 1004/1004 1003/1003
f 940/940 941/941 1005/1005
f 940/940 1005/1005 1004/1004
f 941/941 942/942 1006/1006
f 941/941 1006/1006 1005/1005
f 942/942 943/943 1007/1007
f 942/942 1007/1007 1006/1006
f 943/943 944/944 1008/1008
f 943/943 1008/1008 1007/1007
f 944/944 945/945 1009/1009
f 944/944 1009/1009 1008/1008
f 945/945 946/946 1010/1010
f 945/945 1010/1010 1009/1009
f 946/946 947/947 1011/1011
f 946/946 1011/1011 1010/1010
f 947/947 948/948 1012/1012
f 947/947 1012/1012 1011/1011
f 948/948 949/949 1013/1013
f 948/948 1013/1013 1012/1012
f 949/949 950/950 1014/1014
f 949/949 1014/1014 1013/1013
f 950/950 951/951 1015/1015
f 950/950 1015/1015 1014/1014
f 951/951 952/952 1016/1016
f 951/951 1016/1016 1015/1015
f 952/952 953/953 1017/1017
f 952/952 1017/1017 1016/1016
f 953/953 954/954 1018/1018
f 953/953 1018/1018 1017/1017
f 954/954 955/955 1019/1019
f 954/954 1019/1019 1018/1018
f 955/955 956/956 1020/1020
f 955/955 1020/1020 1019/1019
f 956/956 957/957 1021/1021
f 956/956 1021/1021 1020/1020
f 957/957 958/958 1022/1022
f 957/957 1022/1022 1021/1021
f 958/958 959/959 1023/1023
f 958/958 1023/1023 1022/1022
f 959/959 960/960 1024/1024
f 959/959 1024/1024 1023/1023
f 961/961 962/962 1026/1026
f 961/961 1026/1026 1025/1025
f 962/962 963/963 1027/1027
f 962/962 1027/1027 1026/1026
f 963/963 964/964 1028/1028
f 963/963 1028/1028 1027/1027
f 964/964 965/965 1029/1029
f 964/964 1029/1029 1028/1028
f 965/965 966/966 1030/1030
f 965/965 1030/1030 1029/1029
f 966/966 967/967 1031/1031
f 966/966 1031/1031 1030/1030
f 967/967 968/968 1032/1032
f 967/967 1032/1032 1031/1031
f 968/968 969/969 1033/1033
f 968/968 1033/1033 1032/1032
f 969/969 970/970 1034/1034
f 969/969 1034/1034 1033/1033
f 970/970 971/971 1035/1035
f 970/970 1035/1035 1034/1034
f 971/971 972/972 1036/1036
f 971/971 1036/1036 1035/1035
f 972/972 973/973 1037/1037
f 972/972 1037/1037 1036/1036
f 973/973 974/974 1038/1038
f 973/973 1038/1038 1037/1037
f 974/974 975/975 1039/1039
f 974/974 1039/1039 1038/1038
f 975/975 976/976 1040/1040
f 975/975 1040/1040 1039/1039
f 976/976 977/977 1041/1041
f 976/976 1041/1041 1040/1040
f 977/977 978/978 1042/1042
f 977/977 1042/1042 1041/1041
f 978/978 979/979 1043/1043
f 978/978 1043/1043 1042/1042
f 979/979 980/980 1044/1044
f 979/979 1044/1044 1043/1043
f 980/980 981/981 1045/1045
f 980/980 1045/1045 1044/1044
f 981/981 982/982 1046/1046
f 981/981 1046/1046 1045/1045
f 982/982 983/983 1047/1047
f 982/982 1047/1047 1046/1046
f 983/983 984/984 1048/1048
f 983/983 1048/1048 1047/1047
f 984/984 985/985 1049/1049
f 984/984 1049/1049 1048/1048
f 985/985 986/986 1050/1050
f 985/985 1050/1050 1049/1049
f 986/986 987/987 1051/1051
f 986/986 1051/1051 1050/1050
f 987/987 988/988 1052/1052
f 987/987 1052/1052 1051/1051
f 988/988 989/989 1053/1053
f 988/988 1053/1053 1052/1052
f 989/989 990/990 1054/1054
f 989/989 1054/1054 1053/1053
f 990/990 991/991 1055/1055
f 990/990 1055/1055 1054/1054
f 991/991 992/992 1056/1056
f 991/991 1056/1056 1055/1055
f 992/992 993/993 1057/1057
f 992/992 1057/1057 1056/1056
f 993/993 994/994 1058/1058
f 993/993 1058/1058 1057/1057
f 994/994 995/995 1059/1059
f 994/994 1059/1059 1058/1058
f 995/995 996/996 1060/1060
f 995/995 1060/1060 1059/1059
f 996/996 997/997 1061/1061
f 996/996 1061/1061 1060/1060
f 997/997 998/998 1062/1062
f 997/997 1062/1062 1061/1061
f 998/998 999/999 1063/1063
f 998/998 1063/1063 1062/1062
f 999/999 1000/1000 1064/1064
f 999/999 1064/1064 1063/1063
f 1000/1000 1001/1001 1065/1065
f 1000/1000 1065/1065 1064/1064
f 1001/1001 1002/1002 1066/1066
f 1001/1001 1066/1066 1065/1065
f 1002/1002 1003/1003 1067/1067
f 1002/1002 1067/1067 1066/1066
f 1003/1003 1004/1004 1068/1068
f 1003/1003 1068/1068 1067/1067
f 1004/1004 1005/1005 1069/1069
f 1004/1004 1069/1069 1068/1068
f 1005/1005 1006/1006 1070/1070
f 1005/1005 1070/1070 1069/1069
f 1006/1006 1007/1007 1071/1071
f 1006/1006 1071/1071 1070/1070
f 1007/1007 1008/1008 1072/1072
f 1007/1007 1072/1072 1071/1071
f 1008/1008 1009/1009 1073/1073
f 1008/1008 1073/1073 1072/1072
f 1009/1009 1010/1010 1074/1074
f 1009/1009 1074/1074 1073/1073
f 1010/1010 1011/1011 1075/1075
f 1010/1010 1075/1075 1074/1074
f 1011/1011 1012/1012 1076/1076
f 1011/1011 1076/1076 1075/1075
f 1012/1012 1013/1013 1077/1077
f 1012/1012 1077/1077 1076/1076
f 1013/1013 1014/1014 1078/1078
f 1013/1013 1078/1078 1077/1077
f 1014/1014 1015/1015 1079/1079
f 1014/1014 1079/1079 1078/1078
f 1015/1015 1016/1016 1080/1080
f 1015/1015 1080/1080 1079/1079
f 1016/1016 1017/1017 1081/1081
f 1016/1016 1081/1081 1080/1080
f 1017/1017 1018/1018 1082/1082
f 1017/1017 1082/1082 1081/1081
f 1018/1018 1019/1019 1083/1083
f 1018/1018 1083/1083 1082/1082
f 1019/1019 1020/1020 1084/1084
f 1019/1019 1084/1084 1083/1083
f 1020/1020 1021/1021 1085/1085
f 1020/1020 1085/1085 1084/1084
f 1021/1021 1022/1022 1086/1086
f 1021/1021 1086/1086 1085/1085
f 1022/1022 1023/1023 1087/1087
f 1022/1022 1087/1087 1086/1086
f 1023/1023 1024/1024 1088/1088
f 1023/1023 1088/1088 1087/1087
f 1025/1025 1026/1026 1090/1090
f 1025/1025 1090/1090 1089/1089
f 1026/1026 1027/1027 1091/1091
f 1026/1026 1091/1091 1090/1090
f 1027/1027 1028/1028 1092/1092
f 1027/1027 1092/1092 1091/1091
f 1028/1028 1029/1029 1093/1093
f 1028/1028 1093/1093 1092/1092
f 1029/1029 1030/1030 1094/1094
f 1029/1029 1094/1094 1093/1093
f 1030/1030 1031/1031 1095/1095
f 1030/1030 1095/1095 1094/1094
f 1031/1031 1032/1032 1096/1096
f 1031/1031 1096/1096 1095/1095
f 1032/1032 1033/1033 1097/1097
f 1032/1032 1097/1097 1096/1096
f 1033/1033 1034/1034 1098/1098
f 1033/1033 1098/1098 1097/1097
f 1034/1034 1035/1035 1099/1099
f 1034/1034 1099/1099 1098/1098
f 1035/1035 1036/1036 1100/1100
f 1035/1035 1100/1100 1099/1099
f 1036/1036 1037/1037 1101/1101
f 1036/1036 1101/1101 1100/1100
f 1037/1037 1038/1038 1102/1102
f 1037/1037 1102/1102 1101/1101
f 1038/1038 1039/1039 1103/1103
f 1038/1038 1103/1103 1102/1102
f 1039/1039 1040/1040 1104/1104
f 1039/1039 1104/1104 1103/1103
f 1040/1040 1041/1041 1105/1105
f 1040/1040 1105/1105 1104/1104
f 1041/1041 1042/1042 1106/1106
f 1041/1041 1106/1106 1105/1105
f 1042/1042 1043/1043 1107/1107
f 1042/1042 1107/1107 1106/1106
f 1043/1043 1044/1044 1108/1108
f 1043/1043 1108/1108 1107/1107
f 1044/1044 1045/1045 1109/1109
f 1044/1044 1109/1109 1108/1108
f 1045/1045 1046/1046 1110/1110
f 1045/1045 1110/1110 1109/1109
f 1046/1046 1047/1047 1111/1111
f 1046/1046 1111/1111 1110/1110
f 1047/1047 1048/1048 1112/1112
f 1047/1047 1112/1112 1111/1111
f 1048/1048 1049/1049 1113/1113
f 1048/1048 1113/1113 1112/1112
f 1049/1049 1050/1050 1114/1114
f 1049/1049 1114/1114 1113/1113
f 1050/1050 1051/1051 1115/1115
f 1050/1050 1115/1115 1114/1114
f 1051/1051 1052/1052 1116/1116
f 1051/1051 1116/1116 1115/1115
f 1052/1052 1053/1053 1117/1117
f 1052/1052 1117/1117 1116/1116
f 1053/1053 1054/1054 1118/1118
f 1053/1053 1118/1118 1117/1117
f 1054/1054 1055/1055 1119/1119
f 1054/1054 1119/1119 1118/1118
f 1055/1055 1056/1056 1120/1120
f 1055/1055 1120/1120 1119/1119
f 1056/1056 1057/1057 1121/1121
f 1056/1056 1121/1121 1120/1120
f 1057/1057 1058/1058 1122/1122
f 1057/1057 1122/1122 1121/1121
f 1058/1058 1059/1059 1123/1123
f 1058/1058 1123/1123 1122/1122
f 1059/1059 1060/1060 1124/1124
f 1059/1059 1124/1124 1123/1123
f 1060/1060 1061/1061 1125/1125
f 1060/1060 1125/1125 1124/1124
f 1061/1061 1062/1062 1126/1126
f 1061/1061 1126/1126 1125/1125
f 1062/1062 1063/1063 1127/1127
f 1062/1062 1127/1127 1126/1126
f 1063/1063 1064/1064 1128/1128
f 1063/1063 1128/1128 1127/1127
f 1064/1064 1065/1065 1129/1129
f 1064/1064 1129/1129 1128/1128
f 1065/1065 1066/1066 1130/1130
f 1065/1065 1130/1130 1129/1129
f 1066/1066 1067/1067 1131/1131
f 1066/1066 1131/1131 1130/1130
f 1067/1067 1068/1068 1132/1132
f 1067/1067 1132/1132 1131/1131
f 1068/1068 1069/1069 1133/1133
f 1068/1068 1133/1133 1132/1132
f 1069/1069 1070/1070 1134/1134
f 1069/1069 1134/1134 1133/1133
f 1070/1070 1071/1071 1135/1135
f 1070/1070 1135/1135 1134/1134
f 1071/1071 1072/1072 1136/1136
f 1071/1071 1136/1136 1135/1135
f 1072/1072 1073/1073 1137/1137
f 1072/1072 1137/1137 1136/1136
f 1073/1073 1074/1074 1138/1138
f 1073/1073 1138/1138 1137/1137
f 1074/1074 1075/1075 1139/1139
f 1074/1074 1139/1139 1138/1138
f 1075/1075 1076/1076 1140/1140
f 1075/1075 1140/1140 1139/1139
f 1076/1076 1077/1077 1141/1141
f 1076/1076 1141/1141 1140/1140
f 1077/1077 1078/1078 1142/1142
f 1077/1077 1142/1142 1141/1141
f 1078/1078 1079/1079 1143/1143
f 1078/1078 1143/1143 1142/1142
f 1079/1079 1080/1080 1144/1144
f 1079/1079 1144/1144 1143/1143
f 1080/1080 1081/1081 1145/1145
f 1080/1080 1145/1145 1144/1144
f 1081/1081 1082/1082 1146/1146
f 1081/1081 1146/1146 1145/1145
f 1082/1082 1083/1083 1147/1147
f 1082/1082 1147/1147 1146/1146
f 1083/1083 1084/1084 1148/1148
f 1083/1083 1148/1148 1147/1147
f 1084/1084 1085/1085 1149/1149
f 1084/1084 1149/1149 1148/1148
f 1085/1085 1086/1086 1150/1150
f 1085/1085 1150/1150 1149/1149
f 1086/1086 1087/1087 1151/1151
f 1086/1086 1151/1151 1150/1150
f 1087/1087 1088/1088 1152/1152
f 1087/1087 1152/1152 1151/1151
f 1089/1089 1090/1090 1154/1154
f 1089/1089 1154/1154 1153/1153
f 1090/1090 1091/1091 1155/1155
f 1090/1090 1155/1155 1154/1154
f 1091/1091 1092/1092 1156/1156
f 1091/1091 1156/1156 1155/1155
f 1092/1092 1093/1093 1157/1157
f 1092/1092 1157/1157 1156/1156
f 1093/1093 1094/1094 1158/1158
f 1093/1093 1158/1158 1157/1157
f 1094/1094 1095/1095 1159/1159
f 1094/1094 1159/1159 1158/1158
f 1095/1095 1096/1096 1160/1160
f 1095/1095 1160/1160 1159/1159
f 1096/1096 1097/1097 1161/1161
f 1096/1096 1161/1161 1160/1160
f 1097/1097 1098/1098 1162/1162
f 1097/1097 1162/1162 1161/1161
f 1098/1098 1099/1099 1163/1163
f 1098/1098 1163/1163 1162/1162
f 1099/1099 1100/1100 1164/1164
f 1099/1099 1164/1164 1163/1163
f 1100/1100 1101/1101 1165/1165
f 1100/1100 1165/1165 1164/1164
f 1101/1101 1102/1102 1166/1166
f 1101/1101 1166/1166 1165/1165
f 1102/1102 1103/1103 1167/1167
f 1102/1102 1167/1167 1166/1166
f 1103/1103 1104/1104 1168/1168
f 1103/1103 1168/1168 1167/1167
f 1104/1104 1105/1105 1169/1169
f 1104/1104 1169/1169 1168/1168
f 1105/1105 1106/1106 1170/1170
f 1105/1105 1170/1170 1169/1169
f 1106/1106 1107/1107 1171/1171
f 1106/1106 1171/1171 1170/1170
f 1107/1107 1108/1108 1172/1172
f 1107/1107 1172/1172 1171/1171
f 1108/1108 1109/1109 1173/1173
f 1108/1108 1173/1173 1172/1172
f 1109/1109 1110/1110 1174/1174
f 1109/1109 1174/1174 1173/1173
f 1110/1110 1111/1111 1175/1175
f 1110/1110 1175/1175 1174/1174
f 1111/1111 1112/1112 1176/1176
f 1111/1111 1176/1176 1175/1175
f 1112/1112 1113/1113 1177/1177
f 1112/1112 1177/1177 1176/1176
f 1113/1113 1114/1114 1178/1178
f 1113/1113 1178/1178 1177/1177
f 1114/1114 1115/1115 1179/1179
f 1114/1114 1179/1179 1178/1178
f 1115/1115 1116/1116 1180/1180
f 1115/1115 1180/1180 1179/1179
f 1116/1116 1117/1117 1181/1181
f 1116/1116 1181/1181 1180/1180
f 1117/1117 1118/1118 1182/1182
f 1117/1117 1182/1182 1181/1181
f 1118/1118 1119/1119 1183/1183
f 1118/1118 1183/1183 1182/1182
f 1119/1119 1120/1120 1184/1184
f 1119/1119 1184/1184 1183/1183
f 1120/1120 1121/1121 1185/1185
f 1120/1120 1185/1185 1184/1184
f 1121/1121 1122/1122 1186/1186
f 1121/1121 1186/1186 1185/1185
f 1122/1122 1123/1123 1187/1187
f 1122/1122 1187/1187 1186/1186
f 1123/1123 1124/1124 1188/1188
f 1123/1123 1188/1188 1187/1187
f 1124/1124 1125/1125 1189/1189
f 1124/1124 1189/1189 1188/1188
f 1125/1125 1126/1126 1190/1190
f 1125/1125 1190/1190 1189/1189
f 1126/1126 1127/1127 1191/1191
f 1126/1126 1191/1191 1190/1190
f 1127/1127 1128/1128 1192/1192
f 1127/1127 1192/1192 1191/1191
f 1128/1128 1129/1129 1193/1193
f 1128/1128 1193/1193 1192/1192
f 1129/1129 1130/1130 1194/1194
f 1129/1129 1194/1194 1193/1193
f 1130/1130 1131/1131 1195/1195
f 1130/1130 1195/1195 1194/1194
f 1131/1131 1132/1132 1196/1196
f 1131/1131 1196/1196 1195/1195
f 1132/1132 1133/1133 1197/1197
f 1132/1132 1197/1197 1196/1196
f 1133/1133 1134/1134 1198/1198
f 1133/1133 1198/1198 1197/1197
f 1134/1134 1135/1135 1199/1199
f 1134/1134 1199/1199 1198/1198
f 1135/1135 1136/1136 1200/1200
f 1135/1135 1200/1200 1199/1199
f 1136/1136 1137/1137 1201/1201
f 1136/1136 1201/1201 1200/1200
f 1137/1137 1138/1138 1202/1202
f 1137/1137 1202/1202 1201/1201
f 1138/1138 1139/1139 1203/1203
f 1138/1138 1203/1203 1202/1202
f 1139/1139 1140/1140 1204/1204
f 1139/1139 1204/1204 1203/1203
f 1140/1140 1141/1141 1205/1205
f 1140/1140 1205/1205 1204/1204
f 1141/1141 1142/1142 1206/1206
f 1141/1141 1206/1206 1205/1205
f 1142/1142 1143/1143 1207/1207
f 1142/1142 1207/1207 1206/1206
f 1143/1143 1144/1144 1208/1208
f 1143/1143 1208/1208 1207/1207
f 1144/1144 1145/1145 1209/1209
f 1144/1144 1209/1209 1208/1208
f 1145/1145 1146/1146 1210/1210
f 1145/1145 1210/1210 1209/1209
f 1146/1146 1147/1147 1211/1211
f 1146/1146 1211/1211 1210/1210
f 1147/1147 1148/1148 1212/1212
f 1147/1147 1212/1212 1211/1211
f 1148/1148 1149/1149 1213/1213
f 1148/1148 1213/1213 1212/1212
f 1149/1149 1150/1150 1214/1214
f 1149/1149 1214/1214 1213/1213
f 1150/1150 1151/1151 1215/1215
f 1150/1150 1215/1215 1214/1214
f 1151/1151 1152/1152 1216/1216
f 1151/1151 1216/1216 1215/1215
f 1153/1153 1154/1154 1218/1218
f 1153/1153 1218/1218 1217/1217
f 1154/1154 1155/1155 1219/1219
f 1154/1154 1219/1219 1218/1218
f 1155/1155 1156/1156 1220/1220
f 1155/1155 1220/1220 1219/1219
f 1156/1156 1157/1157 1221/1221
f 1156/1156 1221/1221 1220/1220
f 1157/1157 1158/1158 1222/1222
f 1157/1157 1222/1222 1221/1221
f 1158/1158 1159/1159 1223/1223
f 1158/1158 1223/1223 1222/1222
f 1159/1159 1160/1160 1224/1224
f 1159/1159 1224/1224 1223/1223
f 1160/1160 1161/1161 1225/1225
f 1160/1160 1225/1225 1224/1224
f 1161/1161 1162/1162 1226/1226
f 1161/1161 1226/1226 1225/1225
f 1162/1162 1163/1163 1227/1227
f 1162/1162 1227/1227 1226/1226
f 1163/1163 1164/1164 1228/1228
f 1163/1163 1228/1228 1227/1227
f 1164/1164 1165/1165 1229/1229
f 1164/1164 1229/1229 1228/1228
f 1165/1165 1166/1166 1230/1230
f 1165/1165 1230/1230 1229/1229
f 1166/1166 1167/1167 1231/1231
f 1166/1166 1231/1231 1230/1230
f 1167/1167 1168/1168 1232/1232
f 1167/1167 1232/1232 1231/1231
f 1168/1168 1169/1169 1233/1233
f 1168/1168 1233/1233 1232/1232
f 1169/1169 1170/1170 1234/1234
f 1169/1169 1234/1234 1233/1233
f 1170/1170 1171/1171 1235/1235
f 1170/1170 1235/1235 1234/1234
f 1171/1171 1172/1172 1236/1236
f 1171/1171 1236/1236 1235/1235
f 1172/1172 1173/1173 1237/1237
f 1172/1172 1237/1237 1236/1236
f 1173/1173 1174/1174 1238/1238
f 1173/1173 1238/1238 1237/1237
f 1174/1174 1175/1175 1239/1239
f 1174/1174 1239/1239 1238/1238
f 1175/1175 1176/1176 1240/1240
f 1175/1175 1240/1240 1239/1239
f 1176/1176 1177/1177 1241/1241
f 1176/1176 1241/1241 1240/1240
f 1177/1177 1178/1178 1242/1242
f 1177/1177 1242/1242 1241/1241
f 1178/1178 1179/1179 1243/1243
f 1178/1178 1243/1243 1242/1242
f 1179/1179 1180/1180 1244/1244
f 1179/1179 1244/1244 1243/1243
f 1180/1180 1181/1181 1245/1245
f 1180/1180 1245/1245 1244/1244
f 1181/1181 1182/1182 1246/1246
f 1181/1181 1246/1246 1245/1245
f 1182/1182 1183/1183 1247/1247
f 1182/1182 1247/1247 1246/1246
f 1183/1183 1184/1184 1248/1248
f 1183/1183 1248/1248 1247/1247
f 1184/1184 1185/1185 1249/1249
f 1184/1184 1249/1249 1248/1248
f 1185/1185 1186/1186 1250/1250
f 1185/1185 1250/1250 1249/1249
f 1186/1186 1187/1187 1251/1251
f 1186/1186 1251/1251 1250/1250
f 1187/1187 1188/1188 1252/1252
f 1187/1187 1252/1252 1251/1251
f 1188/1188 1189/1189 1253/1253
f 1188/1188 1253/1253 1252/1252
f 1189/1189 1190/1190 1254/1254
f 1189/1189 1254/1254 1253/1253
f 1190/1190 1191/1191 1255/1255
f 1190/1190 1255/1255 1254/1254
f 1191/1191 1192/1192 1256/1256
f 1191/1191 1256/1256 1255/1255
f 1192/1192 1193/1193 1257/1257
f 1192/1192 1257/1257 1256/1256
f 1193/1193 1194/1194 1258/1258
f 1193/1193 1258/1258 1257/1257
f 1194/1194 1195/1195 1259/1259
f 1194/1194 1259/1259 1258/1258
f 1195/1195 1196/1196 1260/1260
f 1195/1195 1260/1260 1259/1259
f 1196/1196 1197/1197 1261/1261
f 1196/1196 1261/1261 1260/1260
f 1197/1197 1198/1198 1262/1262
f 1197/1197 1262/1262 1261/1261
f 1198/1198 1199/1199 1263/1263
f 1198/1198 1263/1263 1262/1262
f 1199/1199 1200/1200 1264/1264
f 1199/1199 1264/1264 1263/1263
f 1200/1200 1201/1201 1265/1265
f 1200/1200 1265/1265 1264/1264
f 1201/1201 1202/1202 1266/1266
f 1201/1201 1266/1266 1265/1265
f 1202/1202 1203/1203 1267/1267
f 1202/1202 1267/1267 1266/1266
f 1203/1203 1204/1204 1268/1268
f 1203/1203 1268/1268 1267/1267
f 1204/1204 1205/1205 1269/1269
f 1204/1204 1269/1269 1268/1268
f 1205/1205 1206/1206 1270/1270
f 1205/1205 1270/1270 1269/1269
f 1206/1206 1207/1207 1271/1271
f 1206/1206 1271/1271 1270/1270
f 1207/1207 1208/1208 1272/1272
f 1207/1207 1272/1272 1271/1271
f 1208/1208 1209/1209 1273/1273
f 1208/1208 1273/1273 1272/1272
f 1209/1209 1210/1210 1274/1274
f 1209/1209 1274/1274 1273/1273
f 1210/1210 1211/1211 1275/1275
f 1210/1210 1275/1275 1274/1274
f 1211/1211 1212/1212 1276/1276
f 1211/1211 1276/1276 1275/1275
f 1212/1212 1213/1213 1277/1277
f 1212/1212 1277/1277 1276/1276
f 1213/1213 1214/1214 1278/1278
f 1213/1213 1278/1278 1277/1277
f 1214/1214 1215/1215 1279/1279
f 1214/1214 1279/1279 1278/1278
f 1215/1215 1216/1216 1280/1280
f 1215/1215 1280/1280 1279/1279
f 1217/1217 1218/1218 1282/1282
f 1217/1217 1282/1282 1281/1281
f 1218/1218 1219/1219 1283/1283
f 1218/1218 1283/1283 1282/1282
f 1219/1219 1220/1220 1284/1284
f 1219/1219 1284/1284 1283/1283
f 1220/1220 1221/1221 1285/1285
f 1220/1220 1285/1285 1284/1284
f 1221/1221 1222/1222 1286/1286
f 1221/1221 1286/1286 1285/1285
f 1222/1222 1223/1223 1287/1287
f 1222/1222 1287/1287 1286/1286
f 1223/1223 1224/1224 1288/1288
f 1223/1223 1288/1288 1287/1287
f 1224/1224 1225/1225 1289/1289
f 1224/1224 1289/1289 1288/1288
f 1225/1225 1226/1226 1290/1290
f 1225/1225 1290/1290 1289/1289
f 1226/1226 1227/1227 1291/1291
f 1226/1226 1291/1291 1290/1290
f 1227/1227 1228/1228 1292/1292
f 1227/1227 1292/1292 1291/1291
f 1228/1228 1229/1229 1293/1293
f 1228/1228 1293/1293 1292/1292
f 1229/1229 1230/1230 1294/1294
f 1229/1229 1294/1294 1293/1293
f 1230/1230 1231/1231 1295/1295
f 1230/1230 1295/1295 1294/1294
f 1231/1231 1232/1232 1296/1296
f 1231/1231 1296/1296 1295/1295
f 1232/1232 1233/1233 1297/1297
f 1232/1232 1297/1297 1296/1296
f 1233/1233 1234/1234 1298/1298
f 1233/1233 1298/1298 1297/1297
f 1234/1234 1235/1235 1299/1299
f 1234/1234 1299/1299 1298/1298
f 1235/1235 1236/1236 1300/1300
f 1235/1235 1300/1300 1299/1299
f 1236/1236 1237/1237 1301/1301
f 1236/1236 1301/1301 1300/1300
f 1237/1237 1238/1238 1302/1302
f 1237/1237 1302/1302 1301/1301
f 1238/1238 1239/1239 1303/1303
f 1238/1238 1303/1303 1302/1302
f 1239/1239 1240/1240 1304/1304
f 1239/1239 1304/1304 1303/1303
f 1240/1240 1241/1241 1305/1305
f 1240/1240 1305/1305 1304/1304
f 1241/1241 1242/1242 1306/1306
f 1241/1241 1306/1306 1305/1305
f 1242/1242 1243/1243 1307/1307
f 1242/1242 1307/1307 1306/1306
f 1243/1243 1244/1244 1308/1308
f 1243/1243 1308/1308 1307/1307
f 1244/1244 1245/1245 1309/1309
f 1244/1244 1309/1309 1308/1308
f 1245/1245 1246/1246 1310/1310
f 1245/1245 1310/1310 1309/1309
f 1246/1246 1247/1247 1311/1311
f 1246/1246 1311/1311 1310/1310
f 1247/1247 1248/1248 1312/1312
f 1247/1247 1312/1312 1311/1311
f 1248/1248 1249/1249 1313/1313
f 1248/1248 1313/1313 1312/1312
f 1249/1249 1250/1250 1314/1314
f 1249/1249 1314/1314 1313/1313
f 1250/1250 1251/1251 1315/1315
f 1250/1250 1315/1315 1314/1314
f 1251/1251 1252/1252 1316/1316
f 1251/1251 1316/1316 1315/1315
f 1252/1252 1253/1253 1317/1317
f 1252/1252 1317/1317 1316/1316
f 1253/1253 1254/1254 1318/1318
f 1253/1253 1318/1318 1317/1317
f 1254/1254 1255/1255 1319/1319
f 1254/1254 1319/1319 1318/1318
f 1255/1255 1256/1256 1320/1320
f 1255/1255 1320/1320 1319/1319
f 1256/1256 1257/1257 1321/1321
f 1256/1256 1321/1321 1320/1320
f 1257/1257 1258/1258 1322/1322
f 1257/1257 1322/1322 1321/1321
f 1258/1258 1259/1259 1323/1323
f 1258/1258 1323/1323 1322/1322
f 1259/1259 1260/1260 1324/1324
f 1259/1259 1324/1324 1323/1323
f 1260/1260 1261/1261 1325/1325
f 1260/1260 1325/1325 1324/1324
f 1261/1261 1262/1262 1326/1326
f 1261/1261 1326/1326 1325/1325
f 1262/1262 1263/1263 1327/1327
f 1262/1262 1327/1327 1326/1326
f 1263/1263 1264/1264 1328/1328
f 1263/1263 1328/1328 1327/1327
f 1264/1264 1265/1265 1329/1329
f 1264/1264 1329/1329 1328/1328
f 1265/1265 1266/1266 1330/1330
f 1265/1265 1330/1330 1329/1329
f 1266/1266 1267/1267 1331/1331
f 1266/1266 1331/1331 1330/1330
f 1267/1267 1268/1268 1332/1332
f 1267/1267 1332/1332 1331/1331
f 1268/1268 1269/1269 1333/1333
f 1268/1268 1333/1333 1332/1332
f 1269/1269 1270/1270 1334/1334
f 1269/1269 1334/1334 1333/1333
f 1270/1270 1271/1271 1335/1335
f 1270/1270 1335/1335 1334/1334
f 1271/1271 1272/1272 1336/1336
f 1271/1271 1336/1336 1335/1335
f 1272/1272 1273/1273 1337/1337
f 1272/1272 1337/1337 1336/1336
f 1273/1273 1274/1274 1338/1338
f 1273/1273 1338/1338 1337/1337
f 1274/1274 1275/1275 1339/1339
f 1274/1274 1339/1339 1338/1338
f 1275/1275 1276/1276 1340/1340
f 1275/1275 1340/1340 1339/1339
f 1276/1276 1277/1277 1341/1341
f 1276/1276 1341/1341 1340/1340
f 1277/1277 1278/1278 1342/1342
f 1277/1277 1342/1342 1341/1341
f 1278/1278 1279/1279 1343/1343
f 1278/1278 1343/1343 1342/1342
f 1279/1279 1280/1280 1344/1344
f 1279/1279 1344/1344 1343/1343
f 1281/1281 1282/1282 1346/1346
f 1281/1281 1346/1346 1345/1345
f 1282/1282 1283/1283 1347/1347
f 1282/1282 1347/1347 1346/1346
f 1283/1283 1284/1284 1348/1348
f 1283/1283 1348/1348 1347/1347
f 1284/1284 1285/1285 1349/1349
f 1284/1284 1349/1349 1348/1348
f 1285/1285 1286/1286 1350/1350
f 1285/1285 1350/1350 1349/1349
f 1286/1286 1287/1287 1351/1351
f 1286/1286 1351/1351 1350/1350
f 1287/1287 1288/1288 1352/1352
f 1287/1287 1352/1352 1351/1351
f 1288/1288 1289/1289 1353/1353
f 1288/1288 1353/1353 1352/1352
f 1289/1289 1290/1290 1354/1354
f 1289/1289 1354/1354 1353/1353
f 1290/1290 1291/1291 1355/1355
f 1290/1290 1355/1355 1354/1354
f 1291/1291 1292/1292 1356/1356
f 1291/1291 1356/1356 1355/1355
f 1292/1292 1293/1293 1357/1357
f 1292/1292 1357/1357 1356/1356
f 1293/1293 1294/1294 1358/1358
f 1293/1293 1358/1358 1357/1357
f 1294/1294 1295/1295 1359/1359
f 1294/1294 1359/1359 1358/1358
f 1295/1295 1296/1296 1360/1360
f 1295/1295 1360/1360 1359/1359
f 1296/1296 1297/1297 1361/1361
f 1296/1296 1361/1361 1360/1360
f 1297/1297 1298/1298 1362/1362
f 1297/1297 1362/1362 1361/1361
f 1298/1298 1299/1299 1363/1363
f 1298/1298 1363/1363 1362/1362
f 1299/1299 1300/1300 1364/1364
f 1299/1299 1364/1364 1363/1363
f 1300/1300 1301/1301 1365/1365
f 1300/1300 1365/1365 1364/1364
f 1301/1301 1302/1302 1366/1366
f 1301/1301 1366/1366 1365/1365
f 1302/1302 1303/1303 1367/1367
f 1302/1302 1367/1367 1366/1366
f 1303/1303 1304/1304 1368/1368
f 1303/1303 1368/1368 1367/1367
f 1304/1304 1305/1305 1369/1369
f 1304/1304 1369/1369 1368/1368
f 1305/1305 1306/1306 1370/1370
f 1305/1305 1370/1370 1369/1369
f 1306/1306 1307/1307 1371/1371
f 1306/1306 1371/1371 1370/1370
f 1307/1307 1308/1308 1372/1372
f 1307/1307 1372/1372 1371/1371
f 1308/1308 1309/1309 1373/1373
f 1308/1308 1373/1373 1372/1372
f 1309/1309 1310/1310 1374/1374
f 1309/1309 1374/1374 1373/1373
f 1310/1310 1311/1311 1375/1375
f 1310/1310 1375/1375 1374/1374
f 1311/1311 1312/1312 1376/1376
f 1311/1311 1376/1376 1375/1375
f 1312/1312 1313/1313 1377/1377
f 1312/1312 1377/1377 1376/1376
f 1313/1313 1314/1314 1378/1378
f 1313/1313 1378/1378 1377/1377
f 1314/1314 1315/1315 1379/1379
f 1314/1314 1379/1379 1378/1378
f 1315/1315 1316/1316 1380/1380
f 1315/1315 1380/1380 1379/1379
f 1316/1316 1317/1317 1381/1381
f 1316/1316 1381/1381 1380/1380
f 1317/1317 1318/1318 1382/1382
f 1317/1317 1382/1382 1381/1381
f 1318/1318 1319/1319 1383/1383
f 1318/1318 1383/1383 1382/1382
f 1319/1319 1320/1320 1384/1384
f 1319/1319 1384/1384 1383/1383
f 1320/1320 1321/1321 1385/1385
f 1320/1320 1385/1385 1384/1384
f 1321/1321 1322/1322 1386/1386
f 1321/1321 1386/1386 1385/1385
f 1322/1322 1323/1323 1387/1387
f 1322/1322 1387/1387 1386/1386
f 1323/1323 1324/1324 1388/1388
f 1323/1323 1388/1388 1387/1387
f 1324/1324 1325/1325 1389/1389
f 1324/1324 1389/1389 1388/1388
f 1325/1325 1326/1326 1390/1390
f 1325/1325 1390/1390 1389/1389
f 1326/1326 1327/1327 1391/1391
f 1326/1326 1391/1391 1390/1390
f 1327/1327 1328/1328 1392/1392
f 1327/1327 1392/1392 1391/1391
f 1328/1328 1329/1329 1393/1393
f 1328/1328 1393/1393 1392/1392
f 1329/1329 1330/1330 1394/1394
f 1329/1329 1394/1394 1393/1393
f 1330/1330 1331/1331 1395/1395
f 1330/1330 1395/1395 1394/1394
f 1331/1331 1332/1332 1396/1396
f 1331/1331 1396/1396 1395/1395
f 1332/1332 1333/1333 1397/1397
f 1332/1332 1397/1397 1396/1396
f 1333/1333 1334/1334 1398/1398
f 1333/1333 1398/1398 1397/1397
f 1334/1334 1335/1335 1399/1399
f 1334/1334 1399/1399 1398/1398
f 1335/1335 1336/1336 1400/1400
f 1335/1335 1400/1400 1399/1399
f 1336/1336 1337/1337 1401/1401
f 1336/1336 1401/1401 1400/1400
f 1337/1337 1338/1338 1402/1402
f 1337/1337 1402/1402 1401/1401
f 1338/1338 1339/1339 1403/1403
f 1338/1338 1403/1403 1402/1402
f 1339/1339 1340/1340 1404/1404
f 1339/1339 1404/1404 1403/1403
f 1340/1340 1341/1341 1405/1405
f 1340/1340 1405/1405 1404/1404
f 1341/1341 1342/1342 1406/1406
f 1341/1341 1406/1406 1405/1405
f 1342/1342 1343/1343 1407/1407
f 1342/1342 1407/1407 1406/1406
f 1343/1343 1344/1344 1408/1408
f 1343/1343 1408/1408 1407/1407
f 1345/1345 1346/1346 1410/1410
f 1345/1345 1410/1410 1409/1409
f 1346/1346 1347/1347 1411/1411
f 1346/1346 1411/1411 1410/1410
f 1347/1347 1348/1348 1412/1412
f 1347/1347 1412/1412 1411/1411
f 1348/1348 1349/1349 1413/1413
f 1348/1348 1413/1413 1412/1412
f 1349/1349 1350/1350 1414/1414
f 1349/1349 1414/1414 1413/1413
f 1350/1350 1351/1351 1415/1415
f 1350/1350 1415/1415 1414/1414
f 1351/1351 1352/1352 1416/1416
f 1351/1351 1416/1416 1415/1415
f 1352/1352 1353/1353 1417/1417
f 1352/1352 1417/1417 1416/1416
f 1353/1353 1354/1354 1418/1418
f 1353/1353 1418/1418 1417/1417
f 1354/1354 1355/1355 1419/1419
f 1354/1354 1419/1419 1418/1418
f 1355/1355 1356/1356 1420/1420
f 1355/1355 1420/1420 1419/1419
f 1356/1356 1357/1357 1421/1421
f 1356/1356 1421/1421 1420/1420
f 1357/1357 1358/1358 1422/1422
f 1357/1357 1422/1422 1421/1421
f 1358/1358 1359/1359 1423/1423
f 1358/1358 1423/1423 1422/1422
f 1359/1359 1360/1360 1424/1424
f 1359/1359 1424/1424 1423/1423
f 1360/1360 1361/1361 1425/1425
f 1360/1360 1425/1425 1424/1424
f 1361/1361 1362/1362 1426/1426
f 1361/1361 1426/1426 1425/1425
f 1362/1362 1363/1363 1427/1427
f 1362/1362 1427/1427 1426/1426
f 1363/1363 1364/1364 1428/1428
f 1363/1363 1428/1428 1427/1427
f 1364/1364 1365/1365 1429/1429
f 1364/1364 1429/1429 1428/1428
f 1365/1365 1366/1366 1430/1430
f 1365/1365 1430/1430 1429/1429
f 1366/1366 1367/1367 1431/1431
f 1366/1366 1431/1431 1430/1430
f 1367/1367 1368/1368 1432/1432
f 1367/1367 1432/1432 1431/1431
f 1368/1368 1369/1369 1433/1433
f 1368/1368 1433/1433 1432/1432
f 1369/1369 1370/1370 1434/1434
f 1369/1369 1434/1434 1433/1433
f 1370/1370 1371/1371 1435/1435
f 1370/1370 1435/1435 1434/1434
f 1371/1371 1372/1372 1436/1436
f 1371/1371 1436/1436 1435/1435
f 1372/1372 1373/1373 1437/1437
f 1372/1372 1437/1437 1436/1436
f 1373/1373 1374/1374 1438/1438
f 1373/1373 1438/1438 1437/1437
f 1374/1374 1375/1375 1439/1439
f 1374/1374 1439/1439 1438/1438
f 1375/1375 1376/1376 1440/1440
f 1375/1375 1440/1440 1439/1439
f 1376/1376 1377/1377 1441/1441
f 1376/1376 1441/1441 1440/1440
f 1377/1377 1378/1378 1442/1442
f 1377/1377 1442/1442 1441/1441
f 1378/1378 1379/1379 1443/1443
f 1378/1378 1443/1443 1442/1442
f 1379/1379 1380/1380 1444/1444
f 1379/1379 1444/1444 1443/1443
f 1380/1380 1381/1381 1445/1445
f 1380/1380 1445/1445 1444/1444
f 1381/1381 1382/1382 1446/1446
f 1381/1381 1446/1446 1445/1445
f 1382/1382 1383/1383 1447/1447
f 1382/1382 1447/1447 1446/1446
f 1383/1383 1384/1384 1448/1448
f 1383/1383 1448/1448 1447/1447
f 1384/1384 1385/1385 1449/1449
f 1384/1384 1449/1449 1448/1448
f 1385/1385 1386/1386 1450/1450
f 1385/1385 1450/1450 1449/1449
f 1386/1386 1387/1387 1451/1451
f 1386/1386 1451/1451 1450/1450
f 1387/1387 1388/1388 1452/1452
f 1387/1387 1452/1452 1451/1451
f 1388/1388 1389/1389 1453/1453
f 1388/1388 1453/1453 1452/1452
f 1389/1389 1390/1390 1454/1454
f 1389/1389 1454/1454 1453/1453
f 1390/1390 1391/1391 1455/1455
f 1390/1390 1455/1455 1454/1454
f 1391/1391 1392/1392 1456/1456
f 1391/1391 1456/1456 1455/1455
f 1392/1392 1393/1393 1457/1457
f 1392/1392 1457/1457 1456/1456
f 1393/1393 1394/1394 1458/1458
f 1393/1393 1458/1458 1457/1457
f 1394/1394 1395/1395 1459/1459
f 1394/1394 1459/1459 1458/1458
f 1395/1395 1396/1396 1460/1460
f 1395/1395 1460/1460 1459/1459
f 1396/1396 1397/1397 1461/1461
f 1396/1396 1461/1461 1460/1460
f 1397/1397 1398/1398 1462/1462
f 1397/1397 1462/1462 1461/1461
f 1398/1398 1399/1399 1463/1463
f 1398/1398 1463/1463 1462/1462
f 1399/1399 1400/1400 1464/1464
f 1399/1399 1464/1464 1463/1463
f 1400/1400 1401/1401 1465/1465
f 1400/1400 1465/1465 1464/1464
f 1401/1401 1402/1402 1466/1466
f 1401/1401 1466/1466 1465/1465
f 1402/1402 1403/1403 1467/1467
f 1402/1402 1467/1467 1466/1466
f 1403/1403 1404/1404 1468/1468
f 1403/1403 1468/1468 1467/1467
f 1404/1404 1405/1405 1469/1469
f 1404/1404 1469/1469 1468/1468
f 1405/1405 1406/1406 1470/1470
f 1405/1405 1470/1470 1469/1469
f 1406/1406 1407/1407 1471/1471
f 1406/1406 1471/1471 1470/1470
f 1407/1407 1408/1408 1472/1472
f 1407/1407 1472/1472 1471/1471
f 1409/1409 1410/1410 1474/1474
f 1409/1409 1474/1474 1473/1473
f 1410/1410 1411/1411 1475/1475
f 1410/1410 1475/1475 1474/1474
f 1411/1411 1412/1412 1476/1476
f 1411/1411 1476/1476 1475/1475
f 1412/1412 1413/1413 1477/1477
f 1412/1412 1477/1477 1476/1476
f 1413/1413 1414/1414 1478/1478
f 1413/1413 1478/1478 1477/1477
f 1414/1414 1415/1415 1479/1479
f 1414/1414 1479/1479 1478/1478
f 1415/1415 1416/1416 1480/1480
f 1415/1415 1480/1480 1479/1479
f 1416/1416 1417/1417 1481/1481
f 1416/1416 1481/1481 1480/1480
f 1417/1417 1418/1418 1482/1482
f 1417/1417 1482/1482 1481/1481
f 1418/1418 1419/1419 1483/1483
f 1418/1418 1483/1483 1482/1482
f 1419/1419 1420/1420 1484/1484
f 1419/1419 1484/1484 1483/1483
f 1420/1420 1421/1421 1485/1485
f 1420/1420 1485/1485 1484/1484
f 1421/1421 1422/1422 1486/1486
f 1421/1421 1486/1486 1485/1485
f 1422/1422 1423/1423 1487/1487
f 1422/1422 1487/1487 1486/1486
f 1423/1423 1424/1424 1488/1488
f 1423/1423 1488/1488 1487/1487
f 1424/1424 1425/1425 1489/1489
f 1424/1424 1489/1489 1488/1488
f 1425/1425 1426/1426 1490/1490
f 1425/1425 1490/1490 1489/1489
f 1426/1426 1427/1427 1491/1491
f 1426/1426 1491/1491 1490/1490
f 1427/1427 1428/1428 1492/1492
f 1427/1427 1492/1492 1491/1491
f 1428/1428 1429/1429 1493/1493
f 1428/1428 1493/1493 1492/1492
f 1429/1429 1430/1430 1494/1494
f 1429/1429 1494/1494 1493/1493
f 1430/1430 1431/1431 1495/1495
f 1430/1430 1495/1495 1494/1494
f 1431/1431 1432/1432 1496/1496
f 1431/1431 1496/1496 1495/1495
f 1432/1432 1433/1433 1497/1497
f 1432/1432 1497/1497 1496/1496
f 1433/1433 1434/1434 1498/1498
f 1433/1433 1498/1498 1497/1497
f 1434/1434 1435/1435 1499/1499
f 1434/1434 1499/1499 1498/1498
f 1435/1435 1436/1436 1500/1500
f 1435/1435 1500/1500 1499/1499
f 1436/1436 1437/1437 1501/1501
f 1436/1436 1501/1501 1500/1500
f 1437/1437 1438/1438 1502/1502
f 1437/1437 1502/1502 1501/1501
f 1438/1438 1439/1439 1503/1503
f 1438/1438 1503/1503 1502/1502
f 1439/1439 1440/1440 1504/1504
f 1439/1439 1504/1504 1503/1503
f 1440/1440 1441/1441 1505/1505
f 1440/1440 1505/1505 1504/1504
f 1441/1441 1442/1442 1506/1506
f 1441/1441 1506/1506 1505/1505
f 1442/1442 1443/1443 1507/1507
f 1442/1442 1507/1507 1506/1506
f 1443/1443 1444/1444 1508/1508
f 1443/1443 1508/1508 1507/1507
f 1444/1444 1445/1445 1509/1509
f 1444/1444 1509/1509 1508/1508
f 1445/1445 1446/1446 1510/1510
f 1445/1445 1510/1510 1509/1509
f 1446/1446 1447/1447 1511/1511
f 1446/1446 1511/1511 1510/1510
f 1447/1447 1448/1448 1512/1512
f 1447/1447 1512/1512 1511/1511
f 1448/1448 1449/1449 1513/1513
f 1448/1448 1513/1513 1512/1512
f 1449/1449 1450/1450 1514/1514
f 1449/1449 1514/1514 1513/1513
f 1450/1450 1451/1451 1515/1515
f 1450/1450 1515/1515 1514/1514
f 1451/1451 1452/1452 1516/1516
f 1451/1451 1516/1516 1515/1515
f 1452/1452 1453/1453 1517/1517
f 1452/1452 1517/1517 1516/1516
f 1453/1453 1454/1454 1518/1518
f 1453/1453 1518/1518 1517/1517
f 1454/1454 1455/1455 1519/1519
f 1454/1454 1519/1519 1518/1518
f 1455/1455 1456/1456 1520/1520
f 1455/1455 1520/1520 1519/1519
f 1456/1456 1457/1457 1521/1521
f 1456/1456 1521/1521 1520/1520
f 1457/1457 1458/1458 1522/1522
f 1457/1457 1522/1522 1521/1521
f 1458/1458 1459/1459 1523/1523
f 1458/1458 1523/1523 1522/1522
f 1459/1459 1460/1460 1524/1524
f 1459/1459 1524/1524 1523/1523
f 1460/1460 1461/1461 1525/1525
f 1460/1460 1525/1525 1524/1524
f 1461/1461 1462/1462 1526/1526
f 1461/1461 1526/1526 1525/1525
f 1462/1462 1463/1463 1527/1527
f 1462/1462 1527/1527 1526/1526
f 1463/1463 1464/1464 1528/1528
f 1463/1463 1528/1528 1527/1527
f 1464/1464 1465/1465 1529/1529
f 1464/1464 1529/1529 1528/1528
f 1465/1465 1466/1466 1530/1530
f 1465/1465 1530/1530 1529/1529
f 1466/1466 1467/1467 1531/1531
f 1466/1466 1531/1531 1530/1530
f 1467/1467 1468/1468 1532/1532
f 1467/1467 1532/1532 1531/1531
f 1468/1468 1469/1469 1533/1533
f 1468/1468 1533/1533 1532/1532
f 1469/1469 1470/1470 1534/1534
f 1469/1469 1534/1534 1533/1533
f 1470/1470 1471/1471 1535/1535
f 1470/1470 1535/1535 1534/1534
f 1471/1471 1472/1472 1536/1536
f 1471/1471 1536/1536 1535/1535
f 1473/1473 1474/1474 1538/1538
f 1473/1473 1538/1538 1537/1537
f 1474/1474 1475/1475 1539/1539
f 1474/1474 1539/1539 1538/1538
f 1475/1475 1476/1476 1540/1540
f 1475/1475 1540/1540 1539/1539
f 1476/1476 1477/1477 1541/1541
f 1476/1476 1541/1541 1540/1540
f 1477/1477 1478/1478 1542/1542
f 1477/1477 1542/1542 1541/1541
f 1478/1478 1479/1479 1543/1543
f 1478/1478 1543/1543 1542/1542
f 1479/1479 1480/1480 1544/1544
f 1479/1479 1544/1544 1543/1543
f 1480/1480 1481/1481 1545/1545
f 1480/1480 1545/1545 1544/1544
f 1481/1481 1482/1482 1546/1546
f 1481/1481 1546/1546 1545/1545
f 1482/1482 1483/1483 1547/1547
f 1482/1482 1547/1547 1546/1546
f 1483/1483 1484/1484 1548/1548
f 1483/1483 1548/1548 1547/1547
f 1484/1484 1485/1485 1549/1549
f 1484/1484 1549/1549 1548/1548
f 1485/1485 1486/1486 1550/1550
f 1485/1485 1550/1550 1549/1549
f 1486/1486 1487/1487 1551/1551
f 1486/1486 1551/1551 1550/1550
f 1487/1487 1488/1488 1552/1552
f 1487/1487 1552/1552 1551/1551
f 1488/1488 1489/1489 1553/1553
f 1488/1488 1553/1553 1552/1552
f 1489/1489 1490/1490 1554/1554
f 1489/1489 1554/1554 1553/1553
f 1490/1490 1491/1491 1555/1555
f 1490/1490 1555/1555 1554/1554
f 1491/1491 1492/1492 1556/1556
f 1491/1491 1556/1556 1555/1555
f 1492/1492 1493/1493 1557/1557
f 1492/1492 1557/1557 1556/1556
f 1493/1493 1494/1494 1558/1558
f 1493/1493 1558/1558 1557/1557
f 1494/1494 1495/1495 1559/1559
f 1494/1494 1559/1559 1558/1558
f 1495/1495 1496/1496 1560/1560
f 1495/1495 1560/1560 1559/1559
f 1496/1496 1497/1497 1561/1561
f 1496/1496 1561/1561 1560/1560
f 1497/1497 1498/1498 1562/1562
f 1497/1497 1562/1562 1561/1561
f 1498/1498 1499/1499 1563/1563
f 1498/1498 1563/1563 1562/1562
f 1499/1499 1500/1500 1564/1564
f 1499/1499 1564/1564 1563/1563
f 1500/1500 1501/1501 1565/1565
f 1500/1500 1565/1565 1564/1564
f 1501/1501 1502/1502 1566/1566
f 1501/1501 1566/1566 1565/1565
f 1502/1502 1503/1503 1567/1567
f 1502/1502 1567/1567 1566/1566
f 1503/1503 1504/1504 1568/1568
f 1503/1503 1568/1568 1567/1567
f 1504/1504 1505/1505 1569/1569
f 1504/1504 1569/1569 1568/1568
f 1505/1505 1506/1506 1570/1570
f 1505/1505 1570/1570 1569/1569
f 1506/1506 1507/1507 1571/1571
f 1506/1506 1571/1571 1570/1570
f 1507/1507 1508/1508 1572/1572
f 1507/1507 1572/1572 1571/1571
f 1508/1508 1509/1509 1573/1573
f 1508/1508 1573/1573 1572/1572
f 1509/1509 1510/1510 1574/1574
f 1509/1509 1574/1574 1573/1573
f 1510/1510 1511/1511 1575/1575
f 1510/1510 1575/1575 1574/1574
f 1511/1511 1512/1512 1576/1576
f 1511/1511 1576/1576 1575/1575
f 1512/1512 1513/1513 1577/1577
f 1512/1512 1577/1577 1576/1576
f 1513/1513 1514/1514 1578/1578
f 1513/1513 1578/1578 1577/1577
f 1514/1514 1515/1515 1579/1579
f 1514/1514 1579/1579 1578/1578
f 1515/1515 1516/1516 1580/1580
f 1515/1515 1580/1580 1579/1579
f 1516/1516 1517/1517 1581/1581
f 1516/1516 1581/1581 1580/1580
f 1517/1517 1518/1518 1582/1582
f 1517/1517 1582/1582 1581/1581
f 1518/1518 1519/1519 1583/1583
f 1518/1518 1583/1583 1582/1582
f 1519/1519 1520/1520 1584/1584
f 1519/1519 1584/1584 1583/1583
f 1520/1520 1521/1521 1585/1585
f 1520/1520 1585/1585 1584/1584
f 1521/1521 1522/1522 1586/1586
f 1521/1521 1586/1586 1585/1585
f 1522/1522 1523/1523 1587/1587
f 1522/1522 1587/1587 1586/1586
f 1523/1523 1524/1524 1588/1588
f 1523/1523 1588/1588 1587/1587
f 1524/1524 1525/1525 1589/1589
f 1524/1524 1589/1589 1588/1588
f 1525/1525 1526/1526 1590/1590
f 1525/1525 1590/1590 1589/1589
f 1526/1526 1527/1527 1591/1591
f 1526/1526 1591/1591 1590/1590
f 1527/1527 1528/1528 1592/1592
f 1527/1527 1592/1592 1591/1591
f 1528/1528 1529/1529 1593/1593
f 1528/1528 1593/1593 1592/1592
f 1529/1529 1530/1530 1594/1594
f 1529/1529 1594/1594 1593/1593
f 1530/1530 1531/1531 1595/1595
f 1530/1530 1595/1595 1594/1594
f 1531/1531 1532/1532 1596/1596
f 1531/1531 1596/1596 1595/1595
f 1532/1532 1533/1533 1597/1597
f 1532/1532 1597/1597 1596/1596
f 1533/1533 1534/1534 1598/1598
f 1533/1533 1598/1598 1597/1597
f 1534/1534 1535/1535 1599/1599
f 1534/1534 1599/1599 1598/1598
f 1535/1535 1536/1536 1600/1600
f 1535/1535 1600/1600 1599/1599
f 1537/1537 1538/1538 1602/1602
f 1537/1537 1602/1602 1601/1601
f 1538/1538 1539/1539 1603/1603
f 1538/1538 1603/1603 1602/1602
f 1539/1539 1540/1540 1604/1604
f 1539/1539 1604/1604 1603/1603
f 1540/1540 1541/1541 1605/1605
f 1540/1540 1605/1605 1604/1604
f 1541/1541 1542/1542 1606/1606
f 1541/1541 1606/1606 1605/1605
f 1542/1542 1543/1543 1607/1607
f 1542/1542 1607/1607 1606/1606
f 1543/1543 1544/1544 1608/1608
f 1543/1543 1608/1608 1607/1607
f 1544/1544 1545/1545 1609/1609
f 1544/1544 1609/1609 1608/1608
f 1545/1545 1546/1546 1610/1610
f 1545/1545 1610/1610 1609/1609
f 1546/1546 1547/1547 1611/1611
f 1546/1546 1611/1611 1610/1610
f 1547/1547 1548/1548 1612/1612
f 1547/1547 1612/1612 1611/1611
f 1548/1548 1549/1549 1613/1613
f 1548/1548 1613/1613 1612/1612
f 1549/1549 1550/1550 1614/1614
f 1549/1549 1614/1614 1613/1613
f 1550/1550 1551/1551 1615/1615
f 1550/1550 1615/1615 1614/1614
f 1551/1551 1552/1552 1616/1616
f 1551/1551 1616/1616 1615/1615
f 1552/1552 1553/1553 1617/1617
f 1552/1552 1617/1617 1616/1616
f 1553/1553 1554/1554 1618/1618
f 1553/1553 1618/1618 1617/1617
f 1554/1554 1555/1555 1619/1619
f 1554/1554 1619/1619 1618/1618
f 1555/1555 1556/1556 1620/1620
f 1555/1555 1620/1620 1619/1619
f 1556/1556 1557/1557 1621/1621
f 1556/1556 1621/1621 1620/1620
f 1557/1557 1558/1558 1622/1622
f 1557/1557 1622/1622 1621/1621
f 1558/1558 1559/1559 1623/1623
f 1558/1558 1623/1623 1622/1622
f 1559/1559 1560/1560 1624/1624
f 1559/1559 1624/1624 1623/1623
f 1560/1560 1561/1561 1625/1625
f 1560/1560 1625/1625 1624/1624
f 1561/1561 1562/1562 1626/1626
f 1561/1561 1626/1626 1625/1625
f 1562/1562 1563/1563 1627/1627
f 1562/1562 1627/1627 1626/1626
f 1563/1563 1564/1564 1628/1628
f 1563/1563 1628/1628 1627/1627
f 1564/1564 1565/1565 1629/1629
f 1564/1564 1629/1629 1628/1628
f 1565/1565 1566/1566 1630/1630
f 1565/1565 1630/1630 1629/1629
f 1566/1566 1567/1567 1631/1631
f 1566/1566 1631/1631 1630/1630
f 1567/1567 1568/1568 1632/1632
f 1567/1567 1632/1632 1631/1631
f 1568/1568 1569/1569 1633/1633
f 1568/1568 1633/1633 1632/1632
f 1569/1569 1570/1570 1634/1634
f 1569/1569 1634/1634 1633/1633
f 1570/1570 1571/1571 1635/1635
f 1570/1570 1635/1635 1634/1634
f 1571/1571 1572/1572 1636/1636
f 1571/1571 1636/1636 1635/1635
f 1572/1572 1573/1573 1637/1637
f 1572/1572 1637/1637 1636/1636
f 1573/1573 1574/1574 1638/1638
f 1573/1573 1638/1638 1637/1637
f 1574/1574 1575/1575 1639/1639
f 1574/1574 1639/1639 1638/1638
f 1575/1575 1576/1576 1640/1640
f 1575/1575 1640/1640 1639/1639
f 1576/1576 1577/1577 1641/1641
f 1576/1576 1641/1641 1640/1640
f 1577/1577 1578/1578 1642/1642
f 1577/1577 1642/1642 1641/1641
f 1578/1578 1579/1579 1643/1643
f 1578/1578 1643/1643 1642/1642
f 1579/1579 1580/1580 1644/1644
f 1579/1579 1644/1644 1643/1643
f 1580/1580 1581/1581 1645/1645
f 1580/1580 1645/1645 1644/1644
f 1581/1581 1582/1582 1646/1646
f 1581/1581 1646/1646 1645/1645
f 1582/1582 1583/1583 1647/1647
f 1582/1582 1647/1647 1646/1646
f 1583/1583 1584/1584 1648/1648
f 1583/1583 1648/1648 1647/1647
f 1584/1584 1585/1585 1649/1649
f 1584/1584 1649/1649 1648/1648
f 1585/1585 1586/1586 1650/1650
f 1585/1585 1650/1650 1649/1649
f 1586/1586 1587/1587 1651/1651
f 1586/1586 1651/1651 1650/1650
f 1587/1587 1588/1588 1652/1652
f 1587/1587 1652/1652 1651/1651
f 1588/1588 1589/1589 1653/1653
f 1588/1588 1653/1653 1652/1652
f 1589/1589 1590/1590 1654/1654
f 1589/1589 1654/1654 1653/1653
f 1590/1590 1591/1591 1655/1655
f 1590/1590 1655/1655 1654/1654
f 1591/1591 1592/1592 1656/1656
f 1591/1591 1656/1656 1655/1655
f 1592/1592 1593/1593 1657/1657
f 1592/1592 1657/1657 1656/1656
f 1593/1593 1594/1594 1658/1658
f 1593/1593 1658/1658 1657/1657
f 1594/1594 1595/1595 1659/1659
f 1594/1594 1659/1659 1658/1658
f 1595/1595 1596/1596 1660/1660
f 1595/1595 1660/1660 1659/1659
f 1596/1596 1597/1597 1661/1661
f 1596/1596 1661/1661 1660/1660
f 1597/1597 1598/1598 1662/1662
f 1597/1597 1662/1662 1661/1661
f 1598/1598 1599/1599 1663/1663
f 1598/1598 1663/1663 1662/1662
f 1599/1599 1600/1600 1664/1664
f 1599/1599 1664/1664 1663/1663
f 1601/1601 1602/1602 1666/1666
f 1601/1601 1666/1666 1665/1665
f 1602/1602 1603/1603 1667/1667
f 1602/1602 1667/1667 1666/1666
f 1603/1603 1604/1604 1668/1668
f 1603/1603 1668/1668 1667/1667
f 1604/1604 1605/1605 1669/1669
f 1604/1604 1669/1669 1668/1668
f 1605/1605 1606/1606 1670/1670
f 1605/1605 1670/1670 1669/1669
f 1606/1606 1607/1607 1671/1671
f 1606/1606 1671/1671 1670/1670
f 1607/1607 1608/1608 1672/1672
f 1607/1607 1672/1672 1671/1671
f 1608/1608 1609/1609 1673/1673
f 1608/1608 1673/1673 1672/1672
f 1609/1609 1610/1610 1674/1674
f 1609/1609 1674/1674 1673/1673
f 1610/1610 1611/1611 1675/1675
f 1610/1610 1675/1675 1674/1674
f 1611/1611 1612/1612 1676/1676
f 1611/1611 1676/1676 1675/1675
f 1612/1612 1613/1613 1677/1677
f 1612/1612 1677/1677 1676/1676
f 1613/1613 1614/1614 1678/1678
f 1613/1613 1678/1678 1677/1677
f 1614/1614 1615/1615 1679/1679
f 1614/1614 1679/1679 1678/1678
f 1615/1615 1616/1616 1680/1680
f 1615/1615 1680/1680 1679/1679
f 1616/1616 1617/1617 1681/1681
f 1616/1616 1681/1681 1680/1680
f 1617/1617 1618/1618 1682/1682
f 1617/1617 1682/1682 1681/1681
f 1618/1618 1619/1619 1683/1683
f 1618/1618 1683/1683 1682/1682
f 1619/1619 1620/1620 1684/1684
f 1619/1619 1684/1684 1683/1683
f 1620/1620 1621/1621 1685/1685
f 1620/1620 1685/1685 1684/1684
f 1621/1621 1622/1622 1686/1686
f 1621/1621 1686/1686 1685/1685
f 1622/1622 1623/1623 1687/1687
f 1622/1622 1687/1687 1686/1686
f 1623/1623 1624/1624 1688/1688
f 1623/1623 1688/1688 1687/1687
f 1624/1624 1625/1625 1689/1689
f 1624/1624 1689/1689 1688/1688
f 1625/1625 1626/1626 1690/1690
f 1625/1625 1690/1690 1689/1689
f 1626/1626 1627/1627 1691/1691
f 1626/1626 1691/1691 1690/1690
f 1627/1627 1628/1628 1692/1692
f 1627/1627 1692/1692 1691/1691
f 1628/1628 1629/1629 1693/1693
f 1628/1628 1693/1693 1692/1692
f 1629/1629 1630/1630 1694/1694
f 1629/1629 1694/1694 1693/1693
f 1630/1630 1631/1631 1695/1695
f 1630/1630 1695/1695 1694/1694
f 1631/1631 1632/1632 1696/1696
f 1631/1631 1696/1696 1695/1695
f 1632/1632 1633/1633 1697/1697
f 1632/1632 1697/1697 1696/1696
f 1633/1633 1634/1634 1698/1698
f 1633/1633 1698/1698 1697/1697
f 1634/1634 1635/1635 1699/1699
f 1634/1634 1699/1699 1698/1698
f 1635/1635 1636/1636 1700/1700
f 1635/1635 1700/1700 1699/1699
f 1636/1636 1637/1637 1701/1701
f 1636/1636 1701/1701 1700/1700
f 1637/1637 1638/1638 1702/1702
f 1637/1637 1702/1702 1701/1701
f 1638/1638 1639/1639 1703/1703
f 1638/1638 1703/1703 1702/1702
f 1639/1639 1640/1640 1704/1704
f 1639/1639 1704/1704 1703/1703
f 1640/1640 1641/1641 1705/1705
f 1640/1640 1705/1705 1704/1704
f 1641/1641 1642/1642 1706/1706
f 1641/1641 1706/1706 1705/1705
f 1642/1642 1643/1643 1707/1707
f 1642/1642 1707/1707 1706/1706
f 1643/1643 1644/1644 1708/1708
f 1643/1643 1708/1708 1707/1707
f 1644/1644 1645/1645 1709/1709
f 1644/1644 1709/1709 1708/1708
f 1645/1645 1646/1646 1710/1710
f 1645/1645 1710/1710 1709/1709
f 1646/1646 1647/1647 1711/1711
f 1646/1646 1711/1711 1710/1710
f 1647/1647 1648/1648 1712/1712
f 1647/1647 1712/1712 1711/1711
f 1648/1648 1649/1649 1713/1713
f 1648/1648 1713/1713 1712/1712
f 1649/1649 1650/1650 1714/1714
f 1649/1649 1714/1714 1713/1713
f 1650/1650 1651/1651 1715/1715
f 1650/1650 1715/1715 1714/1714
f 1651/1651 1652/1652 1716/1716
f 1651/1651 1716/1716 1715/1715
f 1652/1652 1653/1653 1717/1717
f 1652/1652 1717/1717 1716/1716
f 1653/1653 1654/1654 1718/1718
f 1653/1653 1718/1718 1717/1717
f 1654/1654 1655/1655 1719/1719
f 1654/1654 1719/1719 1718/1718
f 1655/1655 1656/1656 1720/1720
f 1655/1655 1720/1720 1719/1719
f 1656/1656 1657/1657 1721/1721
f 1656/1656 1721/1721 1720/1720
f 1657/1657 1658/1658 1722/1722
f 1657/1657 1722/1722 1721/1721
f 1658/1658 1659/1659 1723/1723
f 1658/1658 1723/1723 1722/1722
f 1659/1659 1660/1660 1724/1724
f 1659/1659 1724/1724 1723/1723
f 1660/1660 1661/1661 1725/1725
f 1660/1660 1725/1725 1724/1724
f 1661/1661 1662/1662 1726/1726
f 1661/1661 1726/1726 1725/1725
f 1662/1662 1663/1663 1727/1727
f 1662/1662 1727/1727 1726/1726
f 1663/1663 1664/1664 1728/1728
f 1663/1663 1728/1728 1727/1727
f 1665/1665 1666/1666 1730/1730
f 1665/1665 1730/1730 1729/1729
f 1666/1666 1667/1667 1731/1731
f 1666/1666 1731/1731 1730/1730
f 1667/1667 1668/1668 1732/1732
f 1667/1667 1732/1732 1731/1731
f 1668/1668 1669/1669 1733/1733
f 1668/1668 1733/1733 1732/1732
f 1669/1669 1670/1670 1734/1734
f 1669/1669 1734/1734 1733/1733
f 1670/1670 1671/1671 1735/1735
f 1670/1670 1735/1735 1734/1734
f 1671/1671 1672/1672 1736/1736
f 1671/1671 1736/1736 1735/1735
f 1672/1672 1673/1673 1737/1737
f 1672/1672 1737/1737 1736/1736
f 1673/1673 1674/1674 1738/1738
f 1673/1673 1738/1738 1737/1737
f 1674/1674 1675/1675 1739/1739
f 1674/1674 1739/1739 1738/1738
f 1675/1675 1676/1676 1740/1740
f 1675/1675 1740/1740 1739/1739
f 1676/1676 1677/1677 1741/1741
f 1676/1676 1741/1741 1740/1740
f 1677/1677 1678/1678 1742/1742
f 1677/1677 1742/1742 1741/1741
f 1678/1678 1679/1679 1743/1743
f 1678/1678 1743/1743 1742/1742
f 1679/1679 1680/1680 1744/1744
f 1679/1679 1744/1744 1743/1743
f 1680/1680 1681/1681 1745/1745
f 1680/1680 1745/1745 1744/1744
f 1681/1681 1682/1682 1746/1746
f 1681/1681 1746/1746 1745/1745
f 1682/1682 1683/1683 1747/1747
f 1682/1682 1747/1747 1746/1746
f 1683/1683 1684/1684 1748/1748
f 1683/1683 1748/1748 1747/1747
f 1684/1684 1685/1685 1749/1749
f 1684/1684 1749/1749 1748/1748
f 1685/1685 1686/1686 1750/1750
f 1685/1685 1750/1750 1749/1749
f 1686/1686 1687/1687 1751/1751
f 1686/1686 1751/1751 1750/1750
f 1687/1687 1688/1688 1752/1752
f 1687/1687 1752/1752 1751/1751
f 1688/1688 1689/1689 1753/1753
f 1688/1688 1753/1753 1752/1752
f 1689/1689 1690/1690 1754/1754
f 1689/1689 1754/1754 1753/1753
f 1690/1690 1691/1691 1755/1755
f 1690/1690 1755/1755 1754/1754
f 1691/1691 1692/1692 1756/1756
f 1691/1691 1756/1756 1755/1755
f 1692/1692 1693/1693 1757/1757
f 1692/1692 1757/1757 1756/1756
f 1693/1693 1694/1694 1758/1758
f 1693/1693 1758/1758 1757/1757
f 1694/1694 1695/1695 1759/1759
f 1694/1694 1759/1759 1758/1758
f 1695/1695 1696/1696 1760/1760
f 1695/1695 1760/1760 1759/1759
f 1696/1696 1697/1697 1761/1761
f 1696/1696 1761/1761 1760/1760
f 1697/1697 1698/1698 1762/1762
f 1697/1697 1762/1762 1761/1761
f 1698/1698 1699/1699 1763/1763
f 1698/1698 1763/1763 1762/1762
f 1699/1699 1700/1700 1764/1764
f 1699/1699 1764/1764 1763/1763
f 1700/1700 1701/1701 1765/1765
f 1700/1700 1765/1765 1764/1764
f 1701/1701 1702/1702 1766/1766
f 1701/1701 1766/1766 1765/1765
f 1702/1702 1703/1703 1767/1767
f 1702/1702 1767/1767 1766/1766
f 1703/1703 1704/1704 1768/1768
f 1703/1703 1768/1768 1767/1767
f 1704/1704 1705/1705 1769/1769
f 1704/1704 1769/1769 1768/1768
f 1705/1705 1706/1706 1770/1770
f 1705/1705 1770/1770 1769/1769
f 1706/1706 1707/1707 1771/1771
f 1706/1706 1771/1771 1770/1770
f 1707/1707 1708/1708 1772/1772
f 1707/1707 1772/1772 1771/1771
f 1708/1708 1709/1709 1773/1773
f 1708/1708 1773/1773 1772/1772
f 1709/1709 1710/1710 1774/1774
f 1709/1709 1774/1774 1773/1773
f 1710/1710 1711/1711 1775/1775
f 1710/1710 1775/1775 1774/1774
f 1711/1711 1712/1712 1776/1776
f 1711/1711 1776/1776 1775/1775
f 1712/1712 1713/1713 1777/1777
f 1712/1712 1777/1777 1776/1776
f 1713/1713 1714/1714 1778/1778
f 1713/1713 1778/1778 1777/1777
f 1714/1714 1715/1715 1779/1779
f 1714/1714 1779/1779 1778/1778
f 1715/1715 1716/1716 1780/1780
f 1715/1715 1780/1780 1779/1779
f 1716/1716 1717/1717 1781/1781
f 1716/1716 1781/1781 1780/1780
f 1717/1717 1718/1718 1782/1782
f 1717/1717 1782/1782 1781/1781
f 1718/1718 1719/1719 1783/1783
f 1718/1718 1783/1783 1782/1782
f 1719/1719 1720/1720 1784/1784
f 1719/1719 1784/1784 1783/1783
f 1720/1720 1721/1721 1785/1785
f 1720/1720 1785/1785 1784/1784
f 1721/1721 1722/1722 1786/1786
f 1721/1721 1786/1786 1785/1785
f 1722/1722 1723/1723 1787/1787
f 1722/1722 1787/1787 1786/1786
f 1723/1723 1724/1724 1788/1788
f 1723/1723 1788/1788 1787/1787
f 1724/1724 1725/1725 1789/1789
f 1724/1724 1789/1789 1788/1788
f 1725/1725 1726/1726 1790/1790
f 1725/1725 1790/1790 1789/1789
f 1726/1726 1727/1727 1791/1791
f 1726/1726 1791/1791 1790/1790
f 1727/1727 1728/1728 1792/1792
f 1727/1727 1792/1792 1791/1791
f 1729/1729 1730/1730 1794/1794
f 1729/1729 1794/1794 1793/1793
f 1730/1730 1731/1731 1795/1795
f 1730/1730 1795/1795 1794/1794
f 1731/1731 1732/1732 1796/1796
f 1731/1731 1796/1796 1795/1795
f 1732/1732 1733/1733 1797/1797
f 1732/1732 1797/1797 1796/1796
f 1733/1733 1734/1734 1798/1798
f 1733/1733 1798/1798 1797/1797
f 1734/1734 1735/1735 1799/1799
f 1734/1734 1799/1799 1798/1798
f 1735/1735 1736/1736 1800/1800
f 1735/1735 1800/1800 1799/1799
f 1736/1736 1737/1737 1801/1801
f 1736/1736 1801/1801 1800/1800
f 1737/1737 1738/1738 1802/1802
f 1737/1737 1802/1802 1801/1801
f 1738/1738 1739/1739 1803/1803
f 1738/1738 1803/1803 1802/1802
f 1739/1739 1740/1740 1804/1804
f 1739/1739 1804/1804 1803/1803
f 1740/1740 1741/1741 1805/1805
f 1740/1740 1805/1805 1804/1804
f 1741/1741 1742/1742 1806/1806
f 1741/1741 1806/1806 1805/1805
f 1742/1742 1743/1743 1807/1807
f 1742/1742 1807/1807 1806/1806
f 1743/1743 1744/1744 1808/1808
f 1743/1743 1808/1808 1807/1807
f 1744/1744 1745/1745 1809/1809
f 1744/1744 1809/1809 1808/1808
f 1745/1745 1746/1746 1810/1810
f 1745/1745 1810/1810 1809/1809
f 1746/1746 1747/1747 1811/1811
f 1746/1746 1811/1811 1810/1810
f 1747/1747 1748/1748 1812/1812
f 1747/1747 1812/1812 1811/1811
f 1748/1748 1749/1749 1813/1813
f 1748/1748 1813/1813 1812/1812
f 1749/1749 1750/1750 1814/1814
f 1749/1749 1814/1814 1813/1813
f 1750/1750 1751/1751 1815/1815
f 1750/1750 1815/1815 1814/1814
f 1751/1751 1752/1752 1816/1816
f 1751/1751 1816/1816 1815/1815
f 1752/1752 1753/1753 1817/1817
f 1752/1752 1817/1817 1816/1816
f 1753/1753 1754/1754 1818/1818
f 1753/1753 1818/1818 1817/1817
f 1754/1754 1755/1755 1819/1819
f 1754/1754 1819/1819 1818/1818
f 1755/1755 1756/1756 1820/1820
f 1755/1755 1820/1820 1819/1819
f 1756/1756 1757/1757 1821/1821
f 1756/1756 1821/1821 1820/1820
f 1757/1757 1758/1758 1822/1822
f 1757/1757 1822/1822 1821/1821
f 1758/1758 1759/1759 1823/1823
f 1758/1758 1823/1823 1822/1822
f 1759/1759 1760/1760 1824/1824
f 1759/1759 1824/1824 1823/1823
f 1760/1760 1761/1761 1825/1825
f 1760/1760 1825/1825 1824/1824
f 1761/1761 1762/1762 1826/1826
f 1761/1761 1826/1826 1825/1825
f 1762/1762 1763/1763 1827/1827
f 1762/1762 1827/1827 1826/1826
f 1763/1763 1764/1764 1828/1828
f 1763/1763 1828/1828 1827/1827
f 1764/1764 1765/1765 1829/1829
f 1764/1764 1829/1829 1828/1828
f 1765/1765 1766/1766 1830/1830
f 1765/1765 1830/1830 1829/1829
f 1766/1766 1767/1767 1831/1831
f 1766/1766 1831/1831 1830/1830
f 1767/1767 1768/1768 1832/1832
f 1767/1767 1832/1832 1831/1831
f 1768/1768 1769/1769 1833/1833
f 1768/1768 1833/1833 1832/1832
f 1769/1769 1770/1770 1834/1834
f 1769/1769 1834/1834 1833/1833
f 1770/1770 1771/1771 1835/1835
f 1770/1770 1835/1835 1834/1834
f 1771/1771 1772/1772 1836/1836
f 1771/1771 1836/1836 1835/1835
f 1772/1772 1773/1773 1837/1837
f 1772/1772 1837/1837 1836/1836
f 1773/1773 1774/1774 1838/1838
f 1773/1773 1838/1838 1837/1837
f 1774/1774 1775/1775 1839/1839
f 1774/1774 1839/1839 1838/1838
f 1775/1775 1776/1776 1840/1840
f 1775/1775 1840/1840 1839/1839
f 1776/1776 1777/1777 1841/1841
f 1776/1776 1841/1841 1840/1840
f 1777/1777 1778/1778 1842/1842
f 1777/1777 1842/1842 1841/1841
f 1778/1778 1779/1779 1843/1843
f 1778/1778 1843/1843 1842/1842
f 1779/1779 1780/1780 1844/1844
f 1779/1779 1844/1844 1843/1843
f 1780/1780 1781/1781 1845/1845
f 1780/1780 1845/1845 1844/1844
f 1781/1781 1782/1782 1846/1846
f 1781/1781 1846/1846 1845/1845
f 1782/1782 1783/1783 1847/1847
f 1782/1782 1847/1847 1846/1846
f 1783/1783 1784/1784 1848/1848
f 1783/1783 1848/1848 1847/1847
f 1784/1784 1785/1785 1849/1849
f 1784/1784 1849/1849 1848/1848
f 1785/1785 1786/1786 1850/1850
f 1785/1785 1850/1850 1849/1849
f 1786/1786 1787/1787 1851/1851
f 1786/1786 1851/1851 1850/1850
f 1787/1787 1788/1788 1852/1852
f 1787/1787 1852/1852 1851/1851
f 1788/1788 1789/1789 1853/1853
f 1788/1788 1853/1853 1852/1852
f 1789/1789 1790/1790 1854/1854
f 1789/1789 1854/1854 1853/1853
f 1790/1790 1791/1791 1855/1855
f 1790/1790 1855/1855 1854/1854
f 1791/1791 1792/1792 1856/1856
f 1791/1791 1856/1856 1855/1855
f 1793/1793 1794/1794 1858/1858
f 1793/1793 1858/1858 1857/1857
f 1794/1794 1795/1795 1859/1859
f 1794/1794 1859/1859 1858/1858
f 1795/1795 1796/1796 1860/1860
f 1795/1795 1860/1860 1859/1859
f 1796/1796 1797/1797 1861/1861
f 1796/1796 1861/1861 1860/1860
f 1797/1797 1798/1798 1862/1862
f 1797/1797 1862/1862 1861/1861
f 1798/1798 1799/1799 1863/1863
f 1798/1798 1863/1863 1862/1862
f 1799/1799 1800/1800 1864/1864
f 1799/1799 1864/1864 1863/1863
f 1800/1800 1801/1801 1865/1865
f 1800/1800 1865/1865 1864/1864
f 1801/1801 1802/1802 1866/1866
f 1801/1801 1866/1866 1865/1865
f 1802/1802 1803/1803 1867/1867
f 1802/1802 1867/1867 1866/1866
f 1803/1803 1804/1804 1868/1868
f 1803/1803 1868/1868 1867/1867
f 1804/1804 1805/1805 1869/1869
f 1804/1804 1869/1869 1868/1868
f 1805/1805 1806/1806 1870/1870
f 1805/1805 1870/1870 1869/1869
f 1806/1806 1807/1807 1871/1871
f 1806/1806 1871/1871 1870/1870
f 1807/1807 1808/1808 1872/1872
f 1807/1807 1872/1872 1871/1871
f 1808/1808 1809/1809 1873/1873
f 1808/1808 1873/1873 1872/1872
f 1809/1809 1810/1810 1874/1874
f 1809/1809 1874/1874 1873/1873
f 1810/1810 1811/1811 1875/1875
f 1810/1810 1875/1875 1874/1874
f 1811/1811 1812/1812 1876/1876
f 1811/1811 1876/1876 1875/1875
f 1812/1812 1813/1813 1877/1877
f 1812/1812 1877/1877 1876/1876
f 1813/1813 1814/1814 1878/1878
f 1813/1813 1878/1878 1877/1877
f 1814/1814 1815/1815 1879/1879
f 1814/1814 1879/1879 1878/1878
f 1815/1815 1816/1816 1880/1880
f 1815/1815 1880/1880 1879/1879
f 1816/1816 1817/1817 1881/1881
f 1816/1816 1881/1881 1880/1880
f 1817/1817 1818/1818 1882/1882
f 1817/1817 1882/1882 1881/1881
f 1818/1818 1819/1819 1883/1883
f 1818/1818 1883/1883 1882/1882
f 1819/1819 1820/1820 1884/1884
f 1819/1819 1884/1884 1883/1883
f 1820/1820 1821/1821 1885/1885
f 1820/1820 1885/1885 1884/1884
f 1821/1821 1822/1822 1886/1886
f 1821/1821 1886/1886 1885/1885
f 1822/1822 1823/1823 1887/1887
f 1822/1822 1887/1887 1886/1886
f 1823/1823 1824/1824 1888/1888
f 1823/1823 1888/1888 1887/1887
f 1824/1824 1825/1825 1889/1889
f 1824/1824 1889/1889 1888/1888
f 1825/1825 1826/1826 1890/1890
f 1825/1825 1890/1890 1889/1889
f 1826/1826 1827/1827 1891/1891
f 1826/1826 1891/1891 1890/1890
f 1827/1827 1828/1828 1892/1892
f 1827/1827 1892/1892 1891/1891
f 1828/1828 1829/1829 1893/1893
f 1828/1828 1893/1893 1892/1892
f 1829/1829 1830/1830 1894/1894
f 1829/1829 1894/1894 1893/1893
f 1830/1830 1831/1831 1895/1895
f 1830/1830 1895/1895 1894/1894
f 1831/1831 1832/1832 1896/1896
f 1831/1831 1896/1896 1895/1895
f 1832/1832 1833/1833 1897/1897
f 1832/1832 1897/1897 1896/1896
f 1833/1833 1834/1834 1898/1898
f 1833/1833 1898/1898 1897/1897
f 1834/1834 1835/1835 1899/1899
f 1834/1834 1899/1899 1898/1898
f 1835/1835 1836/1836 1900/1900
f 1835/1835 1900/1900 1899/1899
f 1836/1836 1837/1837 1901/1901
f 1836/1836 1901/1901 1900/1900
f 1837/1837 1838/1838 1902/1902
f 1837/1837 1902/1902 1901/1901
f 1838/1838 1839/1839 1903/1903
f 1838/1838 1903/1903 1902/1902
f 1839/1839 1840/1840 1904/1904
f 1839/1839 1904/1904 1903/1903
f 1840/1840 1841/1841 1905/1905
f 1840/1840 1905/1905 1904/1904
f 1841/1841 1842/1842 1906/1906
f 1841/1841 1906/1906 1905/1905
f 1842/1842 1843/1843 1907/1907
f 1842/1842 1907/1907 1906/1906
f 1843/1843 1844/1844 1908/1908
f 1843/1843 1908/1908 1907/1907
f 1844/1844 1845/1845 1909/1909
f 1844/1844 1909/1909 1908/1908
f 1845/1845 1846/1846 1910/1910
f 1845/1845 1910/1910 1909/1909
f 1846/1846 1847/1847 1911/1911
f 1846/1846 1911/1911 1910/1910
f 1847/1847 1848/1848 1912/1912
f 1847/1847 1912/1912 1911/1911
f 1848/1848 1849/1849 1913/1913
f 1848/1848 1913/1913 1912/1912
f 1849/1849 1850/1850 1914/1914
f 1849/1849 1914/1914 1913/1913
f 1850/1850 1851/1851 1915/1915
f 1850/1850 1915/1915 1914/1914
f 1851/1851 1852/1852 1916/1916
f 1851/1851 1916/1916 1915/1915
f 1852/1852 1853/1853 1917/1917
f 1852/1852 1917/1917 1916/1916
f 1853/1853 1854/1854 1918/1918
f 1853/1853 1918/1918 1917/1917
f 1854/1854 1855/1855 1919/1919
f 1854/1854 1919/1919 1918/1918
f 1855/1855 1856/1856 1920/1920
f 1855/1855 1920/1920 1919/1919
f 1857/1857 1858/1858 1922/1922
f 1857/1857 1922/1922 1921/1921
f 1858/1858 1859/1859 1923/1923
f 1858/1858 1923/1923 1922/1922
f 1859/1859 1860/1860 1924/1924
f 1859/1859 1924/1924 1923/1923
f 1860/1860 1861/1861 1925/1925
f 1860/1860 1925/1925 1924/1924
f 1861/1861 1862/1862 1926/1926
f 1861/1861 1926/1926 1925/1925
f 1862/1862 1863/1863 1927/1927
f 1862/1862 1927/1927 1926/1926
f 1863/1863 1864/1864 1928/1928
f 1863/1863 1928/1928 1927/1927
f 1864/1864 1865/1865 1929/1929
f 1864/1864 1929/1929 1928/1928
f 1865/1865 1866/1866 1930/1930
f 1865/1865 1930/1930 1929/1929
f 1866/1866 1867/1867 1931/1931
f 1866/1866 1931/1931 1930/1930
f 1867/1867 1868/1868 1932/1932
f 1867/1867 1932/1932 1931/1931
f 1868/1868 1869/1869 1933/1933
f 1868/1868 1933/1933 1932/1932
f 1869/1869 1870/1870 1934/1934
f 1869/1869 1934/1934 1933/1933
f 1870/1870 1871/1871 1935/1935
f 1870/1870 1935/1935 1934/1934
f 1871/1871 1872/1872 1936/1936
f 1871/1871 1936/1936 1935/1935
f 1872/1872 1873/1873 1937/1937
f 1872/1872 1937/1937 1936/1936
f 1873/1873 1874/1874 1938/1938
f 1873/1873 1938/1938 1937/1937
f 1874/1874 1875/1875 1939/1939
f 1874/1874 1939/1939 1938/1938
f 1875/1875 1876/1876 1940/1940
f 1875/1875 1940/1940 1939/1939
f 1876/1876 1877/1877 1941/1941
f 1876/1876 1941/1941 1940/1940
f 1877/1877 1878/1878 1942/1942
f 1877/1877 1942/1942 1941/1941
f 1878/1878 1879/1879 1943/1943
f 1878/1878 1943/1943 1942/1942
f 1879/1879 1880/1880 1944/1944
f 1879/1879 1944/1944 1943/1943
f 1880/1880 1881/1881 1945/1945
f 1880/1880 1945/1945 1944/1944
f 1881/1881 1882/1882 1946/1946
f 1881/1881 1946/1946 1945/1945
f 1882/1882 1883/1883 1947/1947
f 1882/1882 1947/1947 1946/1946
f 1883/1883 1884/1884 1948/1948
f 1883/1883 1948/1948 1947/1947
f 1884/1884 1885/1885 1949/1949
f 1884/1884 1949/1949 1948/1948
f 1885/1885 1886/1886 1950/1950
f 1885/1885 1950/1950 1949/1949
f 1886/1886 1887/1887 1951/1951
f 1886/1886 1951/1951 1950/1950
f 1887/1887 1888/1888 1952/1952
f 1887/1887 1952/1952 1951/1951
f 1888/1888 1889/1889 1953/1953
f 1888/1888 1953/1953 1952/1952
f 1889/1889 1890/1890 1954/1954
f 1889/1889 1954/1954 1953/1953
f 1890/1890 1891/1891 1955/1955
f 1890/1890 1955/1955 1954/1954
f 1891/1891 1892/1892 1956/1956
f 1891/1891 1956/1956 1955/1955
f 1892/1892 1893/1893 1957/1957
f 1892/1892 1957/1957 1956/1956
f 1893/1893 1894/1894 1958/1958
f 1893/1893 1958/1958 1957/1957
f 1894/1894 1895/1895 1959/1959
f 1894/1894 1959/1959 1958/1958
f 1895/1895 1896/1896 1960/1960
f 1895/1895 1960/1960 1959/1959
f 1896/1896 1897/1897 1961/1961
f 1896/1896 1961/1961 1960/1960
f 1897/1897 1898/1898 1962/1962
f 1897/1897 1962/1962 1961/1961
f 1898/1898 1899/1899 1963/1963
f 1898/1898 1963/1963 1962/1962
f 1899/1899 1900/1900 1964/1964
f 1899/1899 1964/1964 1963/1963
f 1900/1900 1901/1901 1965/1965
f 1900/1900 1965/1965 1964/1964
f 1901/1901 1902/1902 1966/1966
f 1901/1901 1966/1966 1965/1965
f 1902/1902 1903/1903 1967/1967
f 1902/1902 1967/1967 1966/1966
f 1903/1903 1904/1904 1968/1968
f 1903/1903 1968/1968 1967/1967
f 1904/1904 1905/1905 1969/1969
f 1904/1904 1969/1969 1968/1968
f 1905/1905 1906/1906 1970/1970
f 1905/1905 1970/1970 1969/1969
f 1906/1906 1907/1907 1971/1971
f 1906/1906 1971/1971 1970/1970
f 1907/1907 1908/1908 1972/1972
f 1907/1907 1972/1972 1971/1971
f 1908/1908 1909/1909 1973/1973
f 1908/1908 1973/1973 1972/1972
f 1909/1909 1910/1910 1974/1974
f 1909/1909 1974/1974 1973/1973
f 1910/1910 1911/1911 1975/1975
f 1910/1910 1975/1975 1974/1974
f 1911/1911 1912/1912 1976/1976
f 1911/1911 1976/1976 1975/1975
f 1912/1912 1913/1913 1977/1977
f 1912/1912 1977/1977 1976/1976
f 1913/1913 1914/1914 1978/1978
f 1913/1913 1978/1978 1977/1977
f 1914/1914 1915/1915 1979/1979
f 1914/1914 1979/1979 1978/1978
f 1915/1915 1916/1916 1980/1980
f 1915/1915 1980/1980 1979/1979
f 1916/1916 1917/1917 1981/1981
f 1916/1916 1981/1981 1980/1980
f 1917/1917 1918/1918 1982/1982
f 1917/1917 1982/1982 1981/1981
f 1918/1918 1919/1919 1983/1983
f 1918/1918 1983/1983 1982/1982
f 1919/1919 1920/1920 1984/1984
f 1919/1919 1984/1984 1983/1983
f 1921/1921 1922/1922 1986/1986
f 1921/1921 1986/1986 1985/1985
f 1922/1922 1923/1923 1987/1987
f 1922/1922 1987/1987 1986/1986
f 1923/1923 1924/1924 1988/1988
f 1923/1923 1988/1988 1987/1987
f 1924/1924 1925/1925 1989/1989
f 1924/1924 1989/1989 1988/1988
f 1925/1925 1926/1926 1990/1990
f 1925/1925 1990/1990 1989/1989
f 1926/1926 1927/1927 1991/1991
f 1926/1926 1991/1991 1990/1990
f 1927/1927 1928/1928 1992/1992
f 1927/1927 1992/1992 1991/1991
f 1928/1928 1929/1929 1993/1993
f 1928/1928 1993/1993 1992/1992
f 1929/1929 1930/1930 1994/1994
f 1929/1929 1994/1994 1993/1993
f 1930/1930 1931/1931 1995/1995
f 1930/1930 1995/1995 1994/1994
f 1931/1931 1932/1932 1996/1996
f 1931/1931 1996/1996 1995/1995
f 1932/1932 1933/1933 1997/1997
f 1932/1932 1997/1997 1996/1996
f 1933/1933 1934/1934 1998/1998
f 1933/1933 1998/1998 1997/1997
f 1934/1934 1935/1935 1999/1999
f 1934/1934 1999/1999 1998/1998
f 1935/1935 1936/1936 2000/2000
f 1935/1935 2000/2000 1999/1999
f 1936/1936 1937/1937 2001/2001
f 1936/1936 2001/2001 2000/2000
f 1937/1937 1938/1938 2002/2002
f 1937/1937 2002/2002 2001/2001
f 1938/1938 1939/1939 2003/2003
f 1938/1938 2003/2003 2002/2002
f 1939/1939 1940/1940 2004/2004
f 1939/1939 2004/2004 2003/2003
f 1940/1940 1941/1941 2005/2005
f 1940/1940 2005/2005 2004/2004
f 1941/1941 1942/1942 2006/2006
f 1941/1941 2006/2006 2005/2005
f 1942/1942 1943/1943 2007/2007
f 1942/1942 2007/2007 2006/2006
f 1943/1943 1944/1944 2008/2008
f 1943/1943 2008/2008 2007/2007
f 1944/1944 1945/1945 2009/2009
f 1944/1944 2009/2009 2008/2008
f 1945/1945 1946/1946 2010/2010
f 1945/1945 2010/2010 2009/2009
f 1946/1946 1947/1947 2011/2011
f 1946/1946 2011/2011 2010/2010
f 1947/1947 1948/1948 2012/2012
f 1947/1947 2012/2012 2011/2011
f 1948/1948 1949/1949 2013/2013
f 1948/1948 2013/2013 2012/2012
f 1949/1949 1950/1950 2014/2014
f 1949/1949 2014/2014 2013/2013
f 1950/1950 1951/1951 2015/2015
f 1950/1950 2015/2015 2014/2014
f 1951/1951 1952/1952 2016/2016
f 1951/1951 2016/2016 2015/2015
f 1952/1952 1953/1953 2017/2017
f 1952/1952 2017/2017 2016/2016
f 1953/1953 1954/1954 2018/2018
f 1953/1953 2018/2018 2017/2017
f 1954/1954 1955/1955 2019/2019
f 1954/1954 2019/2019 2018/2018
f 1955/1955 1956/1956 2020/2020
f 1955/1955 2020/2020 2019/2019
f 1956/1956 1957/1957 2021/2021
f 1956/1956 2021/2021 2020/2020
f 1957/1957 1958/1958 2022/2022
f 1957/1957 2022/2022 2021/2021
f 1958/1958 1959/1959 2023/2023
f 1958/1958 2023/2023 2022/2022
f 1959/1959 1960/1960 2024/2024
f 1959/1959 2024/2024 2023/2023
f 1960/1960 1961/1961 2025/2025
f 1960/1960 2025/2025 2024/2024
f 1961/1961 1962/1962 2026/2026
f 1961/1961 2026/2026 2025/2025
f 1962/1962 1963/1963 2027/2027
f 1962/1962 2027/2027 2026/2026
f 1963/1963 1964/1964 2028/2028
f 1963/1963 2028/2028 2027/2027
f 1964/1964 1965/1965 2029/2029
f 1964/1964 2029/2029 2028/2028
f 1965/1965 1966/1966 2030/2030
f 1965/1965 2030/2030 2029/2029
f 1966/1966 1967/1967 2031/2031
f 1966/1966 2031/2031 2030/2030
f 1967/1967 1968/1968 2032/2032
f 1967/1967 2032/2032 2031/2031
f 1968/1968 1969/1969 2033/2033
f 1968/1968 2033/2033 2032/2032
f 1969/1969 1970/1970 2034/2034
f 1969/1969 2034/2034 2033/2033
f 1970/1970 1971/1971 2035/2035
f 1970/1970 2035/2035 2034/2034
f 1971/1971 1972/1972 2036/2036
f 1971/1971 2036/2036 2035/2035
f 1972/1972 1973/1973 2037/2037
f 1972/1972 2037/2037 2036/2036
f 1973/1973 1974/1974 2038/2038
f 1973/1973 2038/2038 2037/2037
f 1974/1974 1975/1975 2039/2039
f 1974/1974 2039/2039 2038/2038
f 1975/1975 1976/1976 2040/2040
f 1975/1975 2040/2040 2039/2039
f 1976/1976 1977/1977 2041/2041
f 1976/1976 2041/2041 2040/2040
f 1977/1977 1978/1978 2042/2042
f 1977/1977 2042/2042 2041/2041
f 1978/1978 1979/1979 2043/2043
f 1978/1978 2043/2043 2042/2042
f 1979/1979 1980/1980 2044/2044
f 1979/1979 2044/2044 2043/2043
f 1980/1980 1981/1981 2045/2045
f 1980/1980 2045/2045 2044/2044
f 1981/1981 1982/1982 2046/2046
f 1981/1981 2046/2046 2045/2045
f 1982/1982 1983/1983 2047/2047
f 1982/1982 2047/2047 2046/2046
f 1983/1983 1984/1984 2048/2048
f 1983/1983 2048/2048 2047/2047
f 1985/1985 1986/1986 2050/2050
f 1985/1985 2050/2050 2049/2049
f 1986/1986 1987/1987 2051/2051
f 1986/1986 2051/2051 2050/2050
f 1987/1987 1988/1988 2052/2052
f 1987/1987 2052/2052 2051/2051
f 1988/1988 1989/1989 2053/2053
f 1988/1988 2053/2053 2052/2052
f 1989/1989 1990/1990 2054/2054
f 1989/1989 2054/2054 2053/2053
f 1990/1990 1991/1991 2055/2055
f 1990/1990 2055/2055 2054/2054
f 1991/1991 1992/1992 2056/2056
f 1991/1991 2056/2056 2055/2055
f 1992/1992 1993/1993 2057/2057
f 1992/1992 2057/2057 2056/2056
f 1993/1993 1994/1994 2058/2058
f 1993/1993 2058/2058 2057/2057
f 1994/1994 1995/1995 2059/2059
f 1994/1994 2059/2059 2058/2058
f 1995/1995 1996/1996 2060/2060
f 1995/1995 2060/2060 2059/2059
f 1996/1996 1997/1997 2061/2061
f 1996/1996 2061/2061 2060/2060
f 1997/1997 1998/1998 2062/2062
f 1997/1997 2062/2062 2061/2061
f 1998/1998 1999/1999 2063/2063
f 1998/1998 2063/2063 2062/2062
f 1999/1999 2000/2000 2064/2064
f 1999/1999 2064/2064 2063/2063
f 2000/2000 2001/2001 2065/2065
f 2000/2000 2065/2065 2064/2064
f 2001/2001 2002/2002 2066/2066
f 2001/2001 2066/2066 2065/2065
f 2002/2002 2003/2003 2067/2067
f 2002/2002 2067/2067 2066/2066
f 2003/2003 2004/2004 2068/2068
f 2003/2003 2068/2068 2067/2067
f 2004/2004 2005/2005 2069/2069
f 2004/2004 2069/2069 2068/2068
f 2005/2005 2006/2006 2070/2070
f 2005/2005 2070/2070 2069/2069
f 2006/2006 2007/2007 2071/2071
f 2006/2006 2071/2071 2070/2070
f 2007/2007 2008/2008 2072/2072
f 2007/2007 2072/2072 2071/2071
f 2008/2008 2009/2009 2073/2073
f 2008/2008 2073/2073 2072/2072
f 2009/2009 2010/2010 2074/2074
f 2009/2009 2074/2074 2073/2073
f 2010/2010 2011/2011 2075/2075
f 2010/2010 2075/2075 2074/2074
f 2011/2011 2012/2012 2076/2076
f 2011/2011 2076/2076 2075/2075
f 2012/2012 2013/2013 2077/2077
f 2012/2012 2077/2077 2076/2076
f 2013/2013 2014/2014 2078/2078
f 2013/2013 2078/2078 2077/2077
f 2014/2014 2015/2015 2079/2079
f 2014/2014 2079/2079 2078/2078
f 2015/2015 2016/2016 2080/2080
f 2015/2015 2080/2080 2079/2079
f 2016/2016 2017/2017 2081/2081
f 2016/2016 2081/2081 2080/2080
f 2017/2017 2018/2018 2082/2082
f 2017/2017 2082/2082 2081/2081
f 2018/2018 2019/2019 2083/2083
f 2018/2018 2083/2083 2082/2082
f 2019/2019 2020/2020 2084/2084
f 2019/2019 2084/2084 2083/2083
f 2020/2020 2021/2021 2085/2085
f 2020/2020 2085/2085 2084/2084
f 2021/2021 2022/2022 2086/2086
f 2021/2021 2086/2086 2085/2085
f 2022/2022 2023/2023 2087/2087
f 2022/2022 2087/2087 2086/2086
f 2023/2023 2024/2024 2088/2088
f 2023/2023 2088/2088 2087/2087
f 2024/2024 2025/2025 2089/2089
f 2024/2024 2089/2089 2088/2088
f 2025/2025 2026/2026 2090/2090
f 2025/2025 2090/2090 2089/2089
f 2026/2026 2027/2027 2091/2091
f 2026/2026 2091/2091 2090/2090
f 2027/2027 2028/2028 2092/2092
f 2027/2027 2092/2092 2091/2091
f 2028/2028 2029/2029 2093/2093
f 2028/2028 2093/2093 2092/2092
f 2029/2029 2030/2030 2094/2094
f 2029/2029 2094/2094 2093/2093
f 2030/2030 2031/2031 2095/2095
f 2030/2030 2095/2095 2094/2094
f 2031/2031 2032/2032 2096/2096
f 2031/2031 2096/2096 2095/2095
f 2032/2032 2033/2033 2097/2097
f 2032/2032 2097/2097 2096/2096
f 2033/2033 2034/2034 2098/2098
f 2033/2033 2098/2098 2097/2097
f 2034/2034 2035/2035 2099/2099
f 2034/2034 2099/2099 2098/2098
f 2035/2035 2036/2036 2100/2100
f 2035/2035 2100/2100 2099/2099
f 2036/2036 2037/2037 2101/2101
f 2036/2036 2101/2101 2100/2100
f 2037/2037 2038/2038 2102/2102
f 2037/2037 2102/2102 2101/2101
f 2038/2038 2039/2039 2103/2103
f 2038/2038 2103/2103 2102/2102
f 2039/2039 2040/2040 2104/2104
f 2039/2039 2104/2104 2103/2103
f 2040/2040 2041/2041 2105/2105
f 2040/2040 2105/2105 2104/2104
f 2041/2041 2042/2042 2106/2106
f 2041/2041 2106/2106 2105/2105
f 2042/2042 2043/2043 2107/2107
f 2042/2042 2107/2107 2106/2106
f 2043/2043 2044/2044 2108/2108
f 2043/2043 2108/2108 2107/2107
f 2044/2044 2045/2045 2109/2109
f 2044/2044 2109/2109 2108/2108
f 2045/2045 2046/2046 2110/2110
f 2045/2045 2110/2110 2109/2109
f 2046/2046 2047/2047 2111/2111
f 2046/2046 2111/2111 2110/2110
f 2047/2047 2048/2048 2112/2112
f 2047/2047 2112/2112 2111/2111
f 2049/2049 2050/2050 2114/2114
f 2049/2049 2114/2114 2113/2113
f 2050/2050 2051/2051 2115/2115
f 2050/2050 2115/2115 2114/2114
f 2051/2051 2052/2052 2116/2116
f 2051/2051 2116/2116 2115/2115
f 2052/2052 2053/2053 2117/2117
f 2052/2052 2117/2117 2116/2116
f 2053/2053 2054/2054 2118/2118
f 2053/2053 2118/2118 2117/2117
f 2054/2054 2055/2055 2119/2119
f 2054/2054 2119/2119 2118/2118
f 2055/2055 2056/2056 2120/2120
f 2055/2055 2120/2120 2119/2119
f 2056/2056 2057/2057 2121/2121
f 2056/2056 2121/2121 2120/2120
f 2057/2057 2058/2058 2122/2122
f 2057/2057 2122/2122 2121/2121
f 2058/2058 2059/2059 2123/2123
f 2058/2058 2123/2123 2122/2122
f 2059/2059 2060/2060 2124/2124
f 2059/2059 2124/2124 2123/2123
f 2060/2060 2061/2061 2125/2125
f 2060/2060 2125/2125 2124/2124
f 2061/2061 2062/2062 2126/2126
f 2061/2061 2126/2126 2125/2125
f 2062/2062 2063/2063 2127/2127
f 2062/2062 2127/2127 2126/2126
f 2063/2063 2064/2064 2128/2128
f 2063/2063 2128/2128 2127/2127
f 2064/2064 2065/2065 2129/2129
f 2064/2064 2129/2129 2128/2128
f 2065/2065 2066/2066 2130/2130
f 2065/2065 2130/2130 2129/2129
f 2066/2066 2067/2067 2131/2131
f 2066/2066 2131/2131 2130/2130
f 2067/2067 2068/2068 2132/2132
f 2067/2067 2132/2132 2131/2131
f 2068/2068 2069/2069 2133/2133
f 2068/2068 2133/2133 2132/2132
f 2069/2069 2070/2070 2134/2134
f 2069/2069 2134/2134 2133/2133
f 2070/2070 2071/2071 2135/2135
f 2070/2070 2135/2135 2134/2134
f 2071/2071 2072/2072 2136/2136
f 2071/2071 2136/2136 2135/2135
f 2072/2072 2073/2073 2137/2137
f 2072/2072 2137/2137 2136/2136
f 2073/2073 2074/2074 2138/2138
f 2073/2073 2138/2138 2137/2137
f 2074/2074 2075/2075 2139/2139
f 2074/2074 2139/2139 2138/2138
f 2075/2075 2076/2076 2140/2140
f 2075/2075 2140/2140 2139/2139
f 2076/2076 2077/2077 2141/2141
f 2076/2076 2141/2141 2140/2140
f 2077/2077 2078/2078 2142/2142
f 2077/2077 2142/2142 2141/2141
f 2078/2078 2079/2079 2143/2143
f 2078/2078 2143/2143 2142/2142
f 2079/2079 2080/2080 2144/2144
f 2079/2079 2144/2144 2143/2143
f 2080/2080 2081/2081 2145/2145
f 2080/2080 2145/2145 2144/2144
f 2081/2081 2082/2082 2146/2146
f 2081/2081 2146/2146 2145/2145
f 2082/2082 2083/2083 2147/2147
f 2082/2082 2147/2147 2146/2146
f 2083/2083 2084/2084 2148/2148
f 2083/2083 2148/2148 2147/2147
f 2084/2084 2085/2085 2149/2149
f 2084/2084 2149/2149 2148/2148
f 2085/2085 2086/2086 2150/2150
f 2085/2085 2150/2150 2149/2149
f 2086/2086 2087/2087 2151/2151
f 2086/2086 2151/2151 2150/2150
f 2087/2087 2088/2088 2152/2152
f 2087/2087 2152/2152 2151/2151
f 2088/2088 2089/2089 2153/2153
f 2088/2088 2153/2153 2152/2152
f 2089/2089 2090/2090 2154/2154
f 2089/2089 2154/2154 2153/2153
f 2090/2090 2091/2091 2155/2155
f 2090/2090 2155/2155 2154/2154
f 2091/2091 2092/2092 2156/2156
f 2091/2091 2156/2156 2155/2155
f 2092/2092 2093/2093 2157/2157
f 2092/2092 2157/2157 2156/2156
f 2093/2093 2094/2094 2158/2158
f 2093/2093 2158/2158 2157/2157
f 2094/2094 2095/2095 2159/2159
f 2094/2094 2159/2159 2158/2158
f 2095/2095 2096/2096 2160/2160
f 2095/2095 2160/2160 2159/2159
f 2096/2096 2097/2097 2161/2161
f 2096/2096 2161/2161 2160/2160
f 2097/2097 2098/2098 2162/2162
f 2097/2097 2162/2162 2161/2161
f 2098/2098 2099/2099 2163/2163
f 2098/2098 2163/2163 2162/2162
f 2099/2099 2100/2100 2164/2164
f 2099/2099 2164/2164 2163/2163
f 2100/2100 2101/2101 2165/2165
f 2100/2100 2165/2165 2164/2164
f 2101/2101 2102/2102 2166/2166
f 2101/2101 2166/2166 2165/2165
f 2102/2102 2103/2103 2167/2167
f 2102/2102 2167/2167 2166/2166
f 2103/2103 2104/2104 2168/2168
f 2103/2103 2168/2168 2167/2167
f 2104/2104 2105/2105 2169/2169
f 2104/2104 2169/2169 2168/2168
f 2105/2105 2106/2106 2170/2170
f 2105/2105 2170/2170 2169/2169
f 2106/2106 2107/2107 2171/2171
f 2106/2106 2171/2171 2170/2170
f 2107/2107 2108/2108 2172/2172
f 2107/2107 2172/2172 2171/2171
f 2108/2108 2109/2109 2173/2173
f 2108/2108 2173/2173 2172/2172
f 2109/2109 2110/2110 2174/2174
f 2109/2109 2174/2174 2173/2173
f 2110/2110 2111/2111 2175/2175
f 2110/2110 2175/2175 2174/2174
f 2111/2111 2112/2112 2176/2176
f 2111/2111 2176/2176 2175/2175
f 2113/2113 2114/2114 2178/2178
f 2113/2113 2178/2178 2177/2177
f 2114/2114 2115/2115 2179/2179
f 2114/2114 2179/2179 2178/2178
f 2115/2115 2116/2116 2180/2180
f 2115/2115 2180/2180 2179/2179
f 2116/2116 2117/2117 2181/2181
f 2116/2116 2181/2181 2180/2180
f 2117/2117 2118/2118 2182/2182
f 2117/2117 2182/2182 2181/2181
f 2118/2118 2119/2119 2183/2183
f 2118/2118 2183/2183 2182/2182
f 2119/2119 2120/2120 2184/2184
f 2119/2119 2184/2184 2183/2183
f 2120/2120 2121/2121 2185/2185
f 2120/2120 2185/2185 2184/2184
f 2121/2121 2122/2122 2186/2186
f 2121/2121 2186/2186 2185/2185
f 2122/2122 2123/2123 2187/2187
f 2122/2122 2187/2187 2186/2186
f 2123/2123 2124/2124 2188/2188
f 2123/2123 2188/2188 2187/2187
f 2124/2124 2125/2125 2189/2189
f 2124/2124 2189/2189 2188/2188
f 2125/2125 2126/2126 2190/2190
f 2125/2125 2190/2190 2189/2189
f 2126/2126 2127/2127 2191/2191
f 2126/2126 2191/2191 2190/2190
f 2127/2127 2128/2128 2192/2192
f 2127/2127 2192/2192 2191/2191
f 2128/2128 2129/2129 2193/2193
f 2128/2128 2193/2193 2192/2192
f 2129/2129 2130/2130 2194/2194
f 2129/2129 2194/2194 2193/2193
f 2130/2130 2131/2131 2195/2195
f 2130/2130 2195/2195 2194/2194
f 2131/2131 2132/2132 2196/2196
f 2131/2131 2196/2196 2195/2195
f 2132/2132 2133/2133 2197/2197
f 2132/2132 2197/2197 2196/2196
f 2133/2133 2134/2134 2198/2198
f 2133/2133 2198/2198 2197/2197
f 2134/2134 2135/2135 2199/2199
f 2134/2134 2199/2199 2198/2198
f 2135/2135 2136/2136 2200/2200
f 2135/2135 2200/2200 2199/2199
f 2136/2136 2137/2137 2201/2201
f 2136/2136 2201/2201 2200/2200
f 2137/2137 2138/2138 2202/2202
f 2137/2137 2202/2202 2201/2201
f 2138/2138 2139/2139 2203/2203
f 2138/2138 2203/2203 2202/2202
f 2139/2139 2140/2140 2204/2204
f 2139/2139 2204/2204 2203/2203
f 2140/2140 2141/2141 2205/2205
f 2140/2140 2205/2205 2204/2204
f 2141/2141 2142/2142 2206/2206
f 2141/2141 2206/2206 2205/2205
f 2142/2142 2143/2143 2207/2207
f 2142/2142 2207/2207 2206/2206
f 2143/2143 2144/2144 2208/2208
f 2143/2143 2208/2208 2207/2207
f 2144/2144 2145/2145 2209/2209
f 2144/2144 2209/2209 2208/2208
f 2145/2145 2146/2146 2210/2210
f 2145/2145 2210/2210 2209/2209
f 2146/2146 2147/2147 2211/2211
f 2146/2146 2211/2211 2210/2210
f 2147/2147 2148/2148 2212/2212
f 2147/2147 2212/2212 2211/2211
f 2148/2148 2149/2149 2213/2213
f 2148/2148 2213/2213 2212/2212
f 2149/2149 2150/2150 2214/2214
f 2149/2149 2214/2214 2213/2213
f 2150/2150 2151/2151 2215/2215
f 2150/2150 2215/2215 2214/2214
f 2151/2151 2152/2152 2216/2216
f 2151/2151 2216/2216 2215/2215
f 2152/2152 2153/2153 2217/2217
f 2152/2152 2217/2217 2216/2216
f 2153/2153 2154/2154 2218/2218
f 2153/2153 2218/2218 2217/2217
f 2154/2154 2155/2155 2219/2219
f 2154/2154 2219/2219 2218/2218
f 2155/2155 2156/2156 2220/2220
f 2155/2155 2220/2220 2219/2219
f 2156/2156 2157/2157 2221/2221
f 2156/2156 2221/2221 2220/2220
f 2157/2157 2158/2158 2222/2222
f 2157/2157 2222/2222 2221/2221
f 2158/2158 2159/2159 2223/2223
f 2158/2158 2223/2223 2222/2222
f 2159/2159 2160/2160 2224/2224
f 2159/2159 2224/2224 2223/2223
f 2160/2160 2161/2161 2225/2225
f 2160/2160 2225/2225 2224/2224
f 2161/2161 2162/2162 2226/2226
f 2161/2161 2226/2226 2225/2225
f 2162/2162 2163/2163 2227/2227
f 2162/2162 2227/2227 2226/2226
f 2163/2163 2164/2164 2228/2228
f 2163/2163 2228/2228 2227/2227
f 2164/2164 2165/2165 2229/2229
f 2164/2164 2229/2229 2228/2228
f 2165/2165 2166/2166 2230/2230
f 2165/2165 2230/2230 2229/2229
f 2166/2166 2167/2167 2231/2231
f 2166/2166 2231/2231 2230/2230
f 2167/2167 2168/2168 2232/2232
f 2167/2167 2232/2232 2231/2231
f 2168/2168 2169/2169 2233/2233
f 2168/2168 2233/2233 2232/2232
f 2169/2169 2170/2170 2234/2234
f 2169/2169 2234/2234 2233/2233
f 2170/2170 2171/2171 2235/2235
f 2170/2170 2235/2235 2234/2234
f 2171/2171 2172/2172 2236/2236
f 2171/2171 2236/2236 2235/2235
f 2172/2172 2173/2173 2237/2237
f 2172/2172 2237/2237 2236/2236
f 2173/2173 2174/2174 2238/2238
f 2173/2173 2238/2238 2237/2237
f 2174/2174 2175/2175 2239/2239
f 2174/2174 2239/2239 2238/2238
f 2175/2175 2176/2176 2240/2240
f 2175/2175 2240/2240 2239/2239
f 2177/2177 2178/2178 2242/2242
f 2177/2177 2242/2242 2241/2241
f 2178/2178 2179/2179 2243/2243
f 2178/2178 2243/2243 2242/2242
f 2179/2179 2180/2180 2244/2244
f 2179/2179 2244/2244 2243/2243
f 2180/2180 2181/2181 2245/2245
f 2180/2180 2245/2245 2244/2244
f 2181/2181 2182/2182 2246/2246
f 2181/2181 2246/2246 2245/2245
f 2182/2182 2183/2183 2247/2247
f 2182/2182 2247/2247 2246/2246
f 2183/2183 2184/2184 2248/2248
f 2183/2183 2248/2248 2247/2247
f 2184/2184 2185/2185 2249/2249
f 2184/2184 2249/2249 2248/2248
f 2185/2185 2186/2186 2250/2250
f 2185/2185 2250/2250 2249/2249
f 2186/2186 2187/2187 2251/2251
f 2186/2186 2251/2251 2250/2250
f 2187/2187 2188/2188 2252/2252
f 2187/2187 2252/2252 2251/2251
f 2188/2188 2189/2189 2253/2253
f 2188/2188 2253/2253 2252/2252
f 2189/2189 2190/2190 2254/2254
f 2189/2189 2254/2254 2253/2253
f 2190/2190 2191/2191 2255/2255
f 2190/2190 2255/2255 2254/2254
f 2191/2191 2192/2192 2256/2256
f 2191/2191 2256/2256 2255/2255
f 2192/2192 2193/2193 2257/2257
f 2192/2192 2257/2257 2256/2256
f 2193/2193 2194/2194 2258/2258
f 2193/2193 2258/2258 2257/2257
f 2194/2194 2195/2195 2259/2259
f 2194/2194 2259/2259 2258/2258
f 2195/2195 2196/2196 2260/2260
f 2195/2195 2260/2260 2259/2259
f 2196/2196 2197/2197 2261/2261
f 2196/2196 2261/2261 2260/2260
f 2197/2197 2198/2198 2262/2262
f 2197/2197 2262/2262 2261/2261
f 2198/2198 2199/2199 2263/2263
f 2198/2198 2263/2263 2262/2262
f 2199/2199 2200/2200 2264/2264
f 2199/2199 2264/2264 2263/2263
f 2200/2200 2201/2201 2265/2265
f 2200/2200 2265/2265 2264/2264
f 2201/2201 2202/2202 2266/2266
f 2201/2201 2266/2266 2265/2265
f 2202/2202 2203/2203 2267/2267
f 2202/2202 2267/2267 2266/2266
f 2203/2203 2204/2204 2268/2268
f 2203/2203 2268/2268 2267/2267
f 2204/2204 2205/2205 2269/2269
f 2204/2204 2269/2269 2268/2268
f 2205/2205 2206/2206 2270/2270
f 2205/2205 2270/2270 2269/2269
f 2206/2206 2207/2207 2271/2271
f 2206/2206 2271/2271 2270/2270
f 2207/2207 2208/2208 2272/2272
f 2207/2207 2272/2272 2271/2271
f 2208/2208 2209/2209 2273/2273
f 2208/2208 2273/2273 2272/2272
f 2209/2209 2210/2210 2274/2274
f 2209/2209 2274/2274 2273/2273
f 2210/2210 2211/2211 2275/2275
f 2210/2210 2275/2275 2274/2274
f 2211/2211 2212/2212 2276/2276
f 2211/2211 2276/2276 2275/2275
f 2212/2212 2213/2213 2277/2277
f 2212/2212 2277/2277 2276/2276
f 2213/2213 2214/2214 2278/2278
f 2213/2213 2278/2278 2277/2277
f 2214/2214 2215/2215 2279/2279
f 2214/2214 2279/2279 2278/2278
f 2215/2215 2216/2216 2280/2280
f 2215/2215 2280/2280 2279/2279
f 2216/2216 2217/2217 2281/2281
f 2216/2216 2281/2281 2280/2280
f 2217/2217 2218/2218 2282/2282
f 2217/2217 2282/2282 2281/2281
f 2218/2218 2219/2219 2283/2283
f 2218/2218 2283/2283 2282/2282
f 2219/2219 2220/2220 2284/2284
f 2219/2219 2284/2284 2283/2283
f 2220/2220 2221/2221 2285/2285
f 2220/2220 2285/2285 2284/2284
f 2221/2221 2222/2222 2286/2286
f 2221/2221 2286/2286 2285/2285
f 2222/2222 2223/2223 2287/2287
f 2222/2222 2287/2287 2286/2286
f 2223/2223 2224/2224 2288/2288
f 2223/2223 2288/2288 2287/2287
f 2224/2224 2225/2225 2289/2289
f 2224/2224 2289/2289 2288/2288
f 2225/2225 2226/2226 2290/2290
f 2225/2225 2290/2290 2289/2289
f 2226/2226 2227/2227 2291/2291
f 2226/2226 2291/2291 2290/2290
f 2227/2227 2228/2228 2292/2292
f 2227/2227 2292/2292 2291/2291
f 2228/2228 2229/2229 2293/2293
f 2228/2228 2293/2293 2292/2292
f 2229/2229 2230/2230 2294/2294
f 2229/2229 2294/2294 2293/2293
f 2230/2230 2231/2231 2295/2295
f 2230/2230 2295/2295 2294/2294
f 2231/2231 2232/2232 2296/2296
f 2231/2231 2296/2296 2295/2295
f 2232/2232 2233/2233 2297/2297
f 2232/2232 2297/2297 2296/2296
f 2233/2233 2234/2234 2298/2298
f 2233/2233 2298/2298 2297/2297
f 2234/2234 2235/2235 2299/2299
f 2234/2234 2299/2299 2298/2298
f 2235/2235 2236/2236 2300/2300
f 2235/2235 2300/2300 2299/2299
f 2236/2236 2237/2237 2301/2301
f 2236/2236 2301/2301 2300/2300
f 2237/2237 2238/2238 2302/2302
f 2237/2237 2302/2302 2301/2301
f 2238/2238 2239/2239 2303/2303
f 2238/2238 2303/2303 2302/2302
f 2239/2239 2240/2240 2304/2304
f 2239/2239 2304/2304 2303/2303
f 2241/2241 2242/2242 2306/2306
f 2241/2241 2306/2306 2305/2305
f 2242/2242 2243/2243 2307/2307
f 2242/2242 2307/2307 2306/2306
f 2243/2243 2244/2244 2308/2308
f 2243/2243 2308/2308 2307/2307
f 2244/2244 2245/2245 2309/2309
f 2244/2244 2309/2309 2308/2308
f 2245/2245 2246/2246 2310/2310
f 2245/2245 2310/2310 2309/2309
f 2246/2246 2247/2247 2311/2311
f 2246/2246 2311/2311 2310/2310
f 2247/2247 2248/2248 2312/2312
f 2247/2247 2312/2312 2311/2311
f 2248/2248 2249/2249 2313/2313
f 2248/2248 2313/2313 2312/2312
f 2249/2249 2250/2250 2314/2314
f 2249/2249 2314/2314 2313/2313
f 2250/2250 2251/2251 2315/2315
f 2250/2250 2315/2315 2314/2314
f 2251/2251 2252/2252 2316/2316
f 2251/2251 2316/2316 2315/2315
f 2252/2252 2253/2253 2317/2317
f 2252/2252 2317/2317 2316/2316
f 2253/2253 2254/2254 2318/2318
f 2253/2253 2318/2318 2317/2317
f 2254/2254 2255/2255 2319/2319
f 2254/2254 2319/2319 2318/2318
f 2255/2255 2256/2256 2320/2320
f 2255/2255 2320/2320 2319/2319
f 2256/2256 2257/2257 2321/2321
f 2256/2256 2321/2321 2320/2320
f 2257/2257 2258/2258 2322/2322
f 2257/2257 2322/2322 2321/2321
f 2258/2258 2259/2259 2323/2323
f 2258/2258 2323/2323 2322/2322
f 2259/2259 2260/2260 2324/2324
f 2259/2259 2324/2324 2323/2323
f 2260/2260 2261/2261 2325/2325
f 2260/2260 2325/2325 2324/2324
f 2261/2261 2262/2262 2326/2326
f 2261/2261 2326/2326 2325/2325
f 2262/2262 2263/2263 2327/2327
f 2262/2262 2327/2327 2326/2326
f 2263/2263 2264/2264 2328/2328
f 2263/2263 2328/2328 2327/2327
f 2264/2264 2265/2265 2329/2329
f 2264/2264 2329/2329 2328/2328
f 2265/2265 2266/2266 2330/2330
f 2265/2265 2330/2330 2329/2329
f 2266/2266 2267/2267 2331/2331
f 2266/2266 2331/2331 2330/2330
f 2267/2267 2268/2268 2332/2332
f 2267/2267 2332/2332 2331/2331
f 2268/2268 2269/2269 2333/2333
f 2268/2268 2333/2333 2332/2332
f 2269/2269 2270/2270 2334/2334
f 2269/2269 2334/2334 2333/2333
f 2270/2270 2271/2271 2335/2335
f 2270/2270 2335/2335 2334/2334
f 2271/2271 2272/2272 2336/2336
f 2271/2271 2336/2336 2335/2335
f 2272/2272 2273/2273 2337/2337
f 2272/2272 2337/2337 2336/2336
f 2273/2273 2274/2274 2338/2338
f 2273/2273 2338/2338 2337/2337
f 2274/2274 2275/2275 2339/2339
f 2274/2274 2339/2339 2338/2338
f 2275/2275 2276/2276 2340/2340
f 2275/2275 2340/2340 2339/2339
f 2276/2276 2277/2277 2341/2341
f 2276/2276 2341/2341 2340/2340
f 2277/2277 2278/2278 2342/2342
f 2277/2277 2342/2342 2341/2341
f 2278/2278 2279/2279 2343/2343
f 2278/2278 2343/2343 2342/2342
f 2279/2279 2280/2280 2344/2344
f 2279/2279 2344/2344 2343/2343
f 2280/2280 2281/2281 2345/2345
f 2280/2280 2345/2345 2344/2344
f 2281/2281 2282/2282 2346/2346
f 2281/2281 2346/2346 2345/2345
f 2282/2282 2283/2283 2347/2347
f 2282/2282 2347/2347 2346/2346
f 2283/2283 2284/2284 2348/2348
f 2283/2283 2348/2348 2347/2347
f 2284/2284 2285/2285 2349/2349
f 2284/2284 2349/2349 2348/2348
f 2285/2285 2286/2286 2350/2350
f 2285/2285 2350/2350 2349/2349
f 2286/2286 2287/2287 2351/2351
f 2286/2286 2351/2351 2350/2350
f 2287/2287 2288/2288 2352/2352
f 2287/2287 2352/2352 2351/2351
f 2288/2288 2289/2289 2353/2353
f 2288/2288 2353/2353 2352/2352
f 2289/2289 2290/2290 2354/2354
f 2289/2289 2354/2354 2353/2353
f 2290/2290 2291/2291 2355/2355
f 2290/2290 2355/2355 2354/2354
f 2291/2291 2292/2292 2356/2356
f 2291/2291 2356/2356 2355/2355
f 2292/2292 2293/2293 2357/2357
f 2292/2292 2357/2357 2356/2356
f 2293/2293 2294/2294 2358/2358
f 2293/2293 2358/2358 2357/2357
f 2294/2294 2295/2295 2359/2359
f 2294/2294 2359/2359 2358/2358
f 2295/2295 2296/2296 2360/2360
f 2295/2295 2360/2360 2359/2359
f 2296/2296 2297/2297 2361/2361
f 2296/2296 2361/2361 2360/2360
f 2297/2297 2298/2298 2362/2362
f 2297/2297 2362/2362 2361/2361
f 2298/2298 2299/2299 2363/2363
f 2298/2298 2363/2363 2362/2362
f 2299/2299 2300/2300 2364/2364
f 2299/2299 2364/2364 2363/2363
f 2300/2300 2301/2301 2365/2365
f 2300/2300 2365/2365 2364/2364
f 2301/2301 2302/2302 2366/2366
f 2301/2301 2366/2366 2365/2365
f 2302/2302 2303/2303 2367/2367
f 2302/2302 2367/2367 2366/2366
f 2303/2303 2304/2304 2368/2368
f 2303/2303 2368/2368 2367/2367
f 2305/2305 2306/2306 2370/2370
f 2305/2305 2370/2370 2369/2369
f 2306/2306 2307/2307 2371/2371
f 2306/2306 2371/2371 2370/2370
f 2307/2307 2308/2308 2372/2372
f 2307/2307 2372/2372 2371/2371
f 2308/2308 2309/2309 2373/2373
f 2308/2308 2373/2373 2372/2372
f 2309/2309 2310/2310 2374/2374
f 2309/2309 2374/2374 2373/2373
f 2310/2310 2311/2311 2375/2375
f 2310/2310 2375/2375 2374/2374
f 2311/2311 2312/2312 2376/2376
f 2311/2311 2376/2376 2375/2375
f 2312/2312 2313/2313 2377/2377
f 2312/2312 2377/2377 2376/2376
f 2313/2313 2314/2314 2378/2378
f 2313/2313 2378/2378 2377/2377
f 2314/2314 2315/2315 2379/2379
f 2314/2314 2379/2379 2378/2378
f 2315/2315 2316/2316 2380/2380
f 2315/2315 2380/2380 2379/2379
f 2316/2316 2317/2317 2381/2381
f 2316/2316 2381/2381 2380/2380
f 2317/2317 2318/2318 2382/2382
f 2317/2317 2382/2382 2381/2381
f 2318/2318 2319/2319 2383/2383
f 2318/2318 2383/2383 2382/2382
f 2319/2319 2320/2320 2384/2384
f 2319/2319 2384/2384 2383/2383
f 2320/2320 2321/2321 2385/2385
f 2320/2320 2385/2385 2384/2384
f 2321/2321 2322/2322 2386/2386
f 2321/2321 2386/2386 2385/2385
f 2322/2322 2323/2323 2387/2387
f 2322/2322 2387/2387 2386/2386
f 2323/2323 2324/2324 2388/2388
f 2323/2323 2388/2388 2387/2387
f 2324/2324 2325/2325 2389/2389
f 2324/2324 2389/2389 2388/2388
f 2325/2325 2326/2326 2390/2390
f 2325/2325 2390/2390 2389/2389
f 2326/2326 2327/2327 2391/2391
f 2326/2326 2391/2391 2390/2390
f 2327/2327 2328/2328 2392/2392
f 2327/2327 2392/2392 2391/2391
f 2328/2328 2329/2329 2393/2393
f 2328/2328 2393/2393 2392/2392
f 2329/2329 2330/2330 2394/2394
f 2329/2329 2394/2394 2393/2393
f 2330/2330 2331/2331 2395/2395
f 2330/2330 2395/2395 2394/2394
f 2331/2331 2332/2332 2396/2396
f 2331/2331 2396/2396 2395/2395
f 2332/2332 2333/2333 2397/2397
f 2332/2332 2397/2397 2396/2396
f 2333/2333 2334/2334 2398/2398
f 2333/2333 2398/2398 2397/2397
f 2334/2334 2335/2335 2399/2399
f 2334/2334 2399/2399 2398/2398
f 2335/2335 2336/2336 2400/2400
f 2335/2335 2400/2400 2399/2399
f 2336/2336 2337/2337 2401/2401
f 2336/2336 2401/2401 2400/2400
f 2337/2337 2338/2338 2402/2402
f 2337/2337 2402/2402 2401/2401
f 2338/2338 2339/2339 2403/2403
f 2338/2338 2403/2403 2402/2402
f 2339/2339 2340/2340 2404/2404
f 2339/2339 2404/2404 2403/2403
f 2340/2340 2341/2341 2405/2405
f 2340/2340 2405/2405 2404/2404
f 2341/2341 2342/2342 2406/2406
f 2341/2341 2406/2406 2405/2405
f 2342/2342 2343/2343 2407/2407
f 2342/2342 2407/2407 2406/2406
f 2343/2343 2344/2344 2408/2408
f 2343/2343 2408/2408 2407/2407
f 2344/2344 2345/2345 2409/2409
f 2344/2344 2409/2409 2408/2408
f 2345/2345 2346/2346 2410/2410
f 2345/2345 2410/2410 2409/2409
f 2346/2346 2347/2347 2411/2411
f 2346/2346 2411/2411 2410/2410
f 2347/2347 2348/2348 2412/2412
f 2347/2347 2412/2412 2411/2411
f 2348/2348 2349/2349 2413/2413
f 2348/2348 2413/2413 2412/2412
f 2349/2349 2350/2350 2414/2414
f 2349/2349 2414/2414 2413/2413
f 2350/2350 2351/2351 2415/2415
f 2350/2350 2415/2415 2414/2414
f 2351/2351 2352/2352 2416/2416
f 2351/2351 2416/2416 2415/2415
f 2352/2352 2353/2353 2417/2417
f 2352/2352 2417/2417 2416/2416
f 2353/2353 2354/2354 2418/2418
f 2353/2353 2418/2418 2417/2417
f 2354/2354 2355/2355 2419/2419
f 2354/2354 2419/2419 2418/2418
f 2355/2355 2356/2356 2420/2420
f 2355/2355 2420/2420 2419/2419
f 2356/2356 2357/2357 2421/2421
f 2356/2356 2421/2421 2420/2420
f 2357/2357 2358/2358 2422/2422
f 2357/2357 2422/2422 2421/2421
f 2358/2358 2359/2359 2423/2423
f 2358/2358 2423/2423 2422/2422
f 2359/2359 2360/2360 2424/2424
f 2359/2359 2424/2424 2423/2423
f 2360/2360 2361/2361 2425/2425
f 2360/2360 2425/2425 2424/2424
f 2361/2361 2362/2362 2426/2426
f 2361/2361 2426/2426 2425/2425
f 2362/2362 2363/2363 2427/2427
f 2362/2362 2427/2427 2426/2426
f 2363/2363 2364/2364 2428/2428
f 2363/2363 2428/2428 2427/2427
f 2364/2364 2365/2365 2429/2429
f 2364/2364 2429/2429 2428/2428
f 2365/2365 2366/2366 2430/2430
f 2365/2365 2430/2430 2429/2429
f 2366/2366 2367/2367 2431/2431
f 2366/2366 2431/2431 2430/2430
f 2367/2367 2368/2368 2432/2432
f 2367/2367 2432/2432 2431/2431
f 2369/2369 2370/2370 2434/2434
f 2369/2369 2434/2434 2433/2433
f 2370/2370 2371/2371 2435/2435
f 2370/2370 2435/2435 2434/2434
f 2371/2371 2372/2372 2436/2436
f 2371/2371 2436/2436 2435/2435
f 2372/2372 2373/2373 2437/2437
f 2372/2372 2437/2437 2436/2436
f 2373/2373 2374/2374 2438/2438
f 2373/2373 2438/2438 2437/2437
f 2374/2374 2375/2375 2439/2439
f 2374/2374 2439/2439 2438/2438
f 2375/2375 2376/2376 2440/2440
f 2375/2375 2440/2440 2439/2439
f 2376/2376 2377/2377 2441/2441
f 2376/2376 2441/2441 2440/2440
f 2377/2377 2378/2378 2442/2442
f 2377/2377 2442/2442 2441/2441
f 2378/2378 2379/2379 2443/2443
f 2378/2378 2443/2443 2442/2442
f 2379/2379 2380/2380 2444/2444
f 2379/2379 2444/2444 2443/2443
f 2380/2380 2381/2381 2445/2445
f 2380/2380 2445/2445 2444/2444
f 2381/2381 2382/2382 2446/2446
f 2381/2381 2446/2446 2445/2445
f 2382/2382 2383/2383 2447/2447
f 2382/2382 2447/2447 2446/2446
f 2383/2383 2384/2384 2448/2448
f 2383/2383 2448/2448 2447/2447
f 2384/2384 2385/2385 2449/2449
f 2384/2384 2449/2449 2448/2448
f 2385/2385 2386/2386 2450/2450
f 2385/2385 2450/2450 2449/2449
f 2386/2386 2387/2387 2451/2451
f 2386/2386 2451/2451 2450/2450
f 2387/2387 2388/2388 2452/2452
f 2387/2387 2452/2452 2451/2451
f 2388/2388 2389/2389 2453/2453
f 2388/2388 2453/2453 2452/2452
f 2389/2389 2390/2390 2454/2454
f 2389/2389 2454/2454 2453/2453
f 2390/2390 2391/2391 2455/2455
f 2390/2390 2455/2455 2454/2454
f 2391/2391 2392/2392 2456/2456
f 2391/2391 2456/2456 2455/2455
f 2392/2392 2393/2393 2457/2457
f 2392/2392 2457/2457 2456/2456
f 2393/2393 2394/2394 2458/2458
f 2393/2393 2458/2458 2457/2457
f 2394/2394 2395/2395 2459/2459
f 2394/2394 2459/2459 2458/2458
f 2395/2395 2396/2396 2460/2460
f 2395/2395 2460/2460 2459/2459
f 2396/2396 2397/2397 2461/2461
f 2396/2396 2461/2461 2460/2460
f 2397/2397 2398/2398 2462/2462
f 2397/2397 2462/2462 2461/2461
f 2398/2398 2399/2399 2463/2463
f 2398/2398 2463/2463 2462/2462
f 2399/2399 2400/2400 2464/2464
f 2399/2399 2464/2464 2463/2463
f 2400/2400 2401/2401 2465/2465
f 2400/2400 2465/2465 2464/2464
f 2401/2401 2402/2402 2466/2466
f 2401/2401 2466/2466 2465/2465
f 2402/2402 2403/2403 2467/2467
f 2402/2402 2467/2467 2466/2466
f 2403/2403 2404/2404 2468/2468
f 2403/2403 2468/2468 2467/2467
f 2404/2404 2405/2405 2469/2469
f 2404/2404 2469/2469 2468/2468
f 2405/2405 2406/2406 2470/2470
f 2405/2405 2470/2470 2469/2469
f 2406/2406 2407/2407 2471/2471
f 2406/2406 2471/2471 2470/2470
f 2407/2407 2408/2408 2472/2472
f 2407/2407 2472/2472 2471/2471
f 2408/2408 2409/2409 2473/2473
f 2408/2408 2473/2473 2472/2472
f 2409/2409 2410/2410 2474/2474
f 2409/2409 2474/2474 2473/2473
f 2410/2410 2411/2411 2475/2475
f 2410/2410 2475/2475 2474/2474
f 2411/2411 2412/2412 2476/2476
f 2411/2411 2476/2476 2475/2475
f 2412/2412 2413/2413 2477/2477
f 2412/2412 2477/2477 2476/2476
f 2413/2413 2414/2414 2478/2478
f 2413/2413 2478/2478 2477/2477
f 2414/2414 2415/2415 2479/2479
f 2414/2414 2479/2479 2478/2478
f 2415/2415 2416/2416 2480/2480
f 2415/2415 2480/2480 2479/2479
f 2416/2416 2417/2417 2481/2481
f 2416/2416 2481/2481 2480/2480
f 2417/2417 2418/2418 2482/2482
f 2417/2417 2482/2482 2481/2481
f 2418/2418 2419/2419 2483/2483
f 2418/2418 2483/2483 2482/2482
f 2419/2419 2420/2420 2484/2484
f 2419/2419 2484/2484 2483/2483
f 2420/2420 2421/2421 2485/2485
f 2420/2420 2485/2485 2484/2484
f 2421/2421 2422/2422 2486/2486
f 2421/2421 2486/2486 2485/2485
f 2422/2422 2423/2423 2487/2487
f 2422/2422 2487/2487 2486/2486
f 2423/2423 2424/2424 2488/2488
f 2423/2423 2488/2488 2487/2487
f 2424/2424 2425/2425 2489/2489
f 2424/2424 2489/2489 2488/2488
f 2425/2425 2426/2426 2490/2490
f 2425/2425 2490/2490 2489/2489
f 2426/2426 2427/2427 2491/2491
f 2426/2426 2491/2491 2490/2490
f 2427/2427 2428/2428 2492/2492
f 2427/2427 2492/2492 2491/2491
f 2428/2428 2429/2429 2493/2493
f 2428/2428 2493/2493 2492/2492
f 2429/2429 2430/2430 2494/2494
f 2429/2429 2494/2494 2493/2493
f 2430/2430 2431/2431 2495/2495
f 2430/2430 2495/2495 2494/2494
f 2431/2431 2432/2432 2496/2496
f 2431/2431 2496/2496 2495/2495
f 2433/2433 2434/2434 2498/2498
f 2433/2433 2498/2498 2497/2497
f 2434/2434 2435/2435 2499/2499
f 2434/2434 2499/2499 2498/2498
f 2435/2435 2436/2436 2500/2500
f 2435/2435 2500/2500 2499/2499
f 2436/2436 2437/2437 2501/2501
f 2436/2436 2501/2501 2500/2500
f 2437/2437 2438/2438 2502/2502
f 2437/2437 2502/2502 2501/2501
f 2438/2438 2439/2439 2503/2503
f 2438/2438 2503/2503 2502/2502
f 2439/2439 2440/2440 2504/2504
f 2439/2439 2504/2504 2503/2503
f 2440/2440 2441/2441 2505/2505
f 2440/2440 2505/2505 2504/2504
f 2441/2441 2442/2442 2506/2506
f 2441/2441 2506/2506 2505/2505
f 2442/2442 2443/2443 2507/2507
f 2442/2442 2507/2507 2506/2506
f 2443/2443 2444/2444 2508/2508
f 2443/2443 2508/2508 2507/2507
f 2444/2444 2445/2445 2509/2509
f 2444/2444 2509/2509 2508/2508
f 2445/2445 2446/2446 2510/2510
f 2445/2445 2510/2510 2509/2509
f 2446/2446 2447/2447 2511/2511
f 2446/2446 2511/2511 2510/2510
f 2447/2447 2448/2448 2512/2512
f 2447/2447 2512/2512 2511/2511
f 2448/2448 2449/2449 2513/2513
f 2448/2448 2513/2513 2512/2512
f 2449/2449 2450/2450 2514/2514
f 2449/2449 2514/2514 2513/2513
f 2450/2450 2451/2451 2515/2515
f 2450/2450 2515/2515 2514/2514
f 2451/2451 2452/2452 2516/2516
f 2451/2451 2516/2516 2515/2515
f 2452/2452 2453/2453 2517/2517
f 2452/2452 2517/2517 2516/2516
f 2453/2453 2454/2454 2518/2518
f 2453/2453 2518/2518 2517/2517
f 2454/2454 2455/2455 2519/2519
f 2454/2454 2519/2519 2518/2518
f 2455/2455 2456/2456 2520/2520
f 2455/2455 2520/2520 2519/2519
f 2456/2456 2457/2457 2521/2521
f 2456/2456 2521/2521 2520/2520
f 2457/2457 2458/2458 2522/2522
f 2457/2457 2522/2522 2521/2521
f 2458/2458 2459/2459 2523/2523
f 2458/2458 2523/2523 2522/2522
f 2459/2459 2460/2460 2524/2524
f 2459/2459 2524/2524 2523/2523
f 2460/2460 2461/2461 2525/2525
f 2460/2460 2525/2525 2524/2524
f 2461/2461 2462/2462 2526/2526
f 2461/2461 2526/2526 2525/2525
f 2462/2462 2463/2463 2527/2527
f 2462/2462 2527/2527 2526/2526
f 2463/2463 2464/2464 2528/2528
f 2463/2463 2528/2528 2527/2527
f 2464/2464 2465/2465 2529/2529
f 2464/2464 2529/2529 2528/2528
f 2465/2465 2466/2466 2530/2530
f 2465/2465 2530/2530 2529/2529
f 2466/2466 2467/2467 2531/2531
f 2466/2466 2531/2531 2530/2530
f 2467/2467 2468/2468 2532/2532
f 2467/2467 2532/2532 2531/2531
f 2468/2468 2469/2469 2533/2533
f 2468/2468 2533/2533 2532/2532
f 2469/2469 2470/2470 2534/2534
f 2469/2469 2534/2534 2533/2533
f 2470/2470 2471/2471 2535/2535
f 2470/2470 2535/2535 2534/2534
f 2471/2471 2472/2472 2536/2536
f 2471/2471 2536/2536 2535/2535
f 2472/2472 2473/2473 2537/2537
f 2472/2472 2537/2537 2536/2536
f 2473/2473 2474/2474 2538/2538
f 2473/2473 2538/2538 2537/2537
f 2474/2474 2475/2475 2539/2539
f 2474/2474 2539/2539 2538/2538
f 2475/2475 2476/2476 2540/2540
f 2475/2475 2540/2540 2539/2539
f 2476/2476 2477/2477 2541/2541
f 2476/2476 2541/2541 2540/2540
f 2477/2477 2478/2478 2542/2542
f 2477/2477 2542/2542 2541/2541
f 2478/2478 2479/2479 2543/2543
f 2478/2478 2543/2543 2542/2542
f 2479/2479 2480/2480 2544/2544
f 2479/2479 2544/2544 2543/2543
f 2480/2480 2481/2481 2545/2545
f 2480/2480 2545/2545 2544/2544
f 2481/2481 2482/2482 2546/2546
f 2481/2481 2546/2546 2545/2545
f 2482/2482 2483/2483 2547/2547
f 2482/2482 2547/2547 2546/2546
f 2483/2483 2484/2484 2548/2548
f 2483/2483 2548/2548 2547/2547
f 2484/2484 2485/2485 2549/2549
f 2484/2484 2549/2549 2548/2548
f 2485/2485 2486/2486 2550/2550
f 2485/2485 2550/2550 2549/2549
f 2486/2486 2487/2487 2551/2551
f 2486/2486 2551/2551 2550/2550
f 2487/2487 2488/2488 2552/2552
f 2487/2487 2552/2552 2551/2551
f 2488/2488 2489/2489 2553/2553
f 2488/2488 2553/2553 2552/2552
f 2489/2489 2490/2490 2554/2554
f 2489/2489 2554/2554 2553/2553
f 2490/2490 2491/2491 2555/2555
f 2490/2490 2555/2555 2554/2554
f 2491/2491 2492/2492 2556/2556
f 2491/2491 2556/2556 2555/2555
f 2492/2492 2493/2493 2557/2557
f 2492/2492 2557/2557 2556/2556
f 2493/2493 2494/2494 2558/2558
f 2493/2493 2558/2558 2557/2557
f 2494/2494 2495/2495 2559/2559
f 2494/2494 2559/2559 2558/2558
f 2495/2495 2496/2496 2560/2560
f 2495/2495 2560/2560 2559/2559
f 2497/2497 2498/2498 2562/2562
f 2497/2497 2562/2562 2561/2561
f 2498/2498 2499/2499 2563/2563
f 2498/2498 2563/2563 2562/2562
f 2499/2499 2500/2500 2564/2564
f 2499/2499 2564/2564 2563/2563
f 2500/2500 2501/2501 2565/2565
f 2500/2500 2565/2565 2564/2564
f 2501/2501 2502/2502 2566/2566
f 2501/2501 2566/2566 2565/2565
f 2502/2502 2503/2503 2567/2567
f 2502/2502 2567/2567 2566/2566
f 2503/2503 2504/2504 2568/2568
f 2503/2503 2568/2568 2567/2567
f 2504/2504 2505/2505 2569/2569
f 2504/2504 2569/2569 2568/2568
f 2505/2505 2506/2506 2570/2570
f 2505/2505 2570/2570 2569/2569
f 2506/2506 2507/2507 2571/2571
f 2506/2506 2571/2571 2570/2570
f 2507/2507 2508/2508 2572/2572
f 2507/2507 2572/2572 2571/2571
f 2508/2508 2509/2509 2573/2573
f 2508/2508 2573/2573 2572/2572
f 2509/2509 2510/2510 2574/2574
f 2509/2509 2574/2574 2573/2573
f 2510/2510 2511/2511 2575/2575
f 2510/2510 2575/2575 2574/2574
f 2511/2511 2512/2512 2576/2576
f 2511/2511 2576/2576 2575/2575
f 2512/2512 2513/2513 2577/2577
f 2512/2512 2577/2577 2576/2576
f 2513/2513 2514/2514 2578/2578
f 2513/2513 2578/2578 2577/2577
f 2514/2514 2515/2515 2579/2579
f 2514/2514 2579/2579 2578/2578
f 2515/2515 2516/2516 2580/2580
f 2515/2515 2580/2580 2579/2579
f 2516/2516 2517/2517 2581/2581
f 2516/2516 2581/2581 2580/2580
f 2517/2517 2518/2518 2582/2582
f 2517/2517 2582/2582 2581/2581
f 2518/2518 2519/2519 2583/2583
f 2518/2518 2583/2583 2582/2582
f 2519/2519 2520/2520 2584/2584
f 2519/2519 2584/2584 2583/2583
f 2520/2520 2521/2521 2585/2585
f 2520/2520 2585/2585 2584/2584
f 2521/2521 2522/2522 2586/2586
f 2521/2521 2586/2586 2585/2585
f 2522/2522 2523/2523 2587/2587
f 2522/2522 2587/2587 2586/2586
f 2523/2523 2524/2524 2588/2588
f 2523/2523 2588/2588 2587/2587
f 2524/2524 2525/2525 2589/2589
f 2524/2524 2589/2589 2588/2588
f 2525/2525 2526/2526 2590/2590
f 2525/2525 2590/2590 2589/2589
f 2526/2526 2527/2527 2591/2591
f 2526/2526 2591/2591 2590/2590
f 2527/2527 2528/2528 2592/2592
f 2527/2527 2592/2592 2591/2591
f 2528/2528 2529/2529 2593/2593
f 2528/2528 2593/2593 2592/2592
f 2529/2529 2530/2530 2594/2594
f 2529/2529 2594/2594 2593/2593
f 2530/2530 2531/2531 2595/2595
f 2530/2530 2595/2595 2594/2594
f 2531/2531 2532/2532 2596/2596
f 2531/2531 2596/2596 2595/2595
f 2532/2532 2533/2533 2597/2597
f 2532/2532 2597/2597 2596/2596
f 2533/2533 2534/2534 2598/2598
f 2533/2533 2598/2598 2597/2597
f 2534/2534 2535/2535 2599/2599
f 2534/2534 2599/2599 2598/2598
f 2535/2535 2536/2536 2600/2600
f 2535/2535 2600/2600 2599/2599
f 2536/2536 2537/2537 2601/2601
f 2536/2536 2601/2601 2600/2600
f 2537/2537 2538/2538 2602/2602
f 2537/2537 2602/2602 2601/2601
f 2538/2538 2539/2539 2603/2603
f 2538/2538 2603/2603 2602/2602
f 2539/2539 2540/2540 2604/2604
f 2539/2539 2604/2604 2603/2603
f 2540/2540 2541/2541 2605/2605
f 2540/2540 2605/2605 2604/2604
f 2541/2541 2542/2542 2606/2606
f 2541/2541 2606/2606 2605/2605
f 2542/2542 2543/2543 2607/2607
f 2542/2542 2607/2607 2606/2606
f 2543/2543 2544/2544 2608/2608
f 2543/2543 2608/2608 2607/2607
f 2544/2544 2545/2545 2609/2609
f 2544/2544 2609/2609 2608/2608
f 2545/2545 2546/2546 2610/2610
f 2545/2545 2610/2610 2609/2609
f 2546/2546 2547/2547 2611/2611
f 2546/2546 2611/2611 2610/2610
f 2547/2547 2548/2548 2612/2612
f 2547/2547 2612/2612 2611/2611
f 2548/2548 2549/2549 2613/2613
f 2548/2548 2613/2613 2612/2612
f 2549/2549 2550/2550 2614/2614
f 2549/2549 2614/2614 2613/2613
f 2550/2550 2551/2551 2615/2615
f 2550/2550 2615/2615 2614/2614
f 2551/2551 2552/2552 2616/2616
f 2551/2551 2616/2616 2615/2615
f 2552/2552 2553/2553 2617/2617
f 2552/2552 2617/2617 2616/2616
f 2553/2553 2554/2554 2618/2618
f 2553/2553 2618/2618 2617/2617
f 2554/2554 2555/2555 2619/2619
f 2554/2554 2619/2619 2618/2618
f 2555/2555 2556/2556 2620/2620
f 2555/2555 2620/2620 2619/2619
f 2556/2556 2557/2557 2621/2621
f 2556/2556 2621/2621 2620/2620
f 2557/2557 2558/2558 2622/2622
f 2557/2557 2622/2622 2621/2621
f 2558/2558 2559/2559 2623/2623
f 2558/2558 2623/2623 2622/2622
f 2559/2559 2560/2560 2624/2624
f 2559/2559 2624/2624 2623/2623
f 2561/2561 2562/2562 2626/2626
f 2561/2561 2626/2626 2625/2625
f 2562/2562 2563/2563 2627/2627
f 2562/2562 2627/2627 2626/2626
f 2563/2563 2564/2564 2628/2628
f 2563/2563 2628/2628 2627/2627
f 2564/2564 2565/2565 2629/2629
f 2564/2564 2629/2629 2628/2628
f 2565/2565 2566/2566 2630/2630
f 2565/2565 2630/2630 2629/2629
f 2566/2566 2567/2567 2631/2631
f 2566/2566 2631/2631 2630/2630
f 2567/2567 2568/2568 2632/2632
f 2567/2567 2632/2632 2631/2631
f 2568/2568 2569/2569 2633/2633
f 2568/2568 2633/2633 2632/2632
f 2569/2569 2570/2570 2634/2634
f 2569/2569 2634/2634 2633/2633
f 2570/2570 2571/2571 2635/2635
f 2570/2570 2635/2635 2634/2634
f 2571/2571 2572/2572 2636/2636
f 2571/2571 2636/2636 2635/2635
f 2572/2572 2573/2573 2637/2637
f 2572/2572 2637/2637 2636/2636
f 2573/2573 2574/2574 2638/2638
f 2573/2573 2638/2638 2637/2637
f 2574/2574 2575/2575 2639/2639
f 2574/2574 2639/2639 2638/2638
f 2575/2575 2576/2576 2640/2640
f 2575/2575 2640/2640 2639/2639
f 2576/2576 2577/2577 2641/2641
f 2576/2576 2641/2641 2640/2640
f 2577/2577 2578/2578 2642/2642
f 2577/2577 2642/2642 2641/2641
f 2578/2578 2579/2579 2643/2643
f 2578/2578 2643/2643 2642/2642
f 2579/2579 2580/2580 2644/2644
f 2579/2579 2644/2644 2643/2643
f 2580/2580 2581/2581 2645/2645
f 2580/2580 2645/2645 2644/2644
f 2581/2581 2582/2582 2646/2646
f 2581/2581 2646/2646 2645/2645
f 2582/2582 2583/2583 2647/2647
f 2582/2582 2647/2647 2646/2646
f 2583/2583 2584/2584 2648/2648
f 2583/2583 2648/2648 2647/2647
f 2584/2584 2585/2585 2649/2649
f 2584/2584 2649/2649 2648/2648
f 2585/2585 2586/2586 2650/2650
f 2585/2585 2650/2650 2649/2649
f 2586/2586 2587/2587 2651/2651
f 2586/2586 2651/2651 2650/2650
f 2587/2587 2588/2588 2652/2652
f 2587/2587 2652/2652 2651/2651
f 2588/2588 2589/2589 2653/2653
f 2588/2588 2653/2653 2652/2652
f 2589/2589 2590/2590 2654/2654
f 2589/2589 2654/2654 2653/2653
f 2590/2590 2591/2591 2655/2655
f 2590/2590 2655/2655 2654/2654
f 2591/2591 2592/2592 2656/2656
f 2591/2591 2656/2656 2655/2655
f 2592/2592 2593/2593 2657/2657
f 2592/2592 2657/2657 2656/2656
f 2593/2593 2594/2594 2658/2658
f 2593/2593 2658/2658 2657/2657
f 2594/2594 2595/2595 2659/2659
f 2594/2594 2659/2659 2658/2658
f 2595/2595 2596/2596 2660/2660
f 2595/2595 2660/2660 2659/2659
f 2596/2596 2597/2597 2661/2661
f 2596/2596 2661/2661 2660/2660
f 2597/2597 2598/2598 2662/2662
f 2597/2597 2662/2662 2661/2661
f 2598/2598 2599/2599 2663/2663
f 2598/2598 2663/2663 2662/2662
f 2599/2599 2600/2600 2664/2664
f 2599/2599 2664/2664 2663/2663
f 2600/2600 2601/2601 2665/2665
f 2600/2600 2665/2665 2664/2664
f 2601/2601 2602/2602 2666/2666
f 2601/2601 2666/2666 2665/2665
f 2602/2602 2603/2603 2667/2667
f 2602/2602 2667/2667 2666/2666
f 2603/2603 2604/2604 2668/2668
f 2603/2603 2668/2668 2667/2667
f 2604/2604 2605/2605 2669/2669
f 2604/2604 2669/2669 2668/2668
f 2605/2605 2606/2606 2670/2670
f 2605/2605 2670/2670 2669/2669
f 2606/2606 2607/2607 2671/2671
f 2606/2606 2671/2671 2670/2670
f 2607/2607 2608/2608 2672/2672
f 2607/2607 2672/2672 2671/2671
f 2608/2608 2609/2609 2673/2673
f 2608/2608 2673/2673 2672/2672
f 2609/2609 2610/2610 2674/2674
f 2609/2609 2674/2674 2673/2673
f 2610/2610 2611/2611 2675/2675
f 2610/2610 2675/2675 2674/2674
f 2611/2611 2612/2612 2676/2676
f 2611/2611 2676/2676 2675/2675
f 2612/2612 2613/2613 2677/2677
f 2612/2612 2677/2677 2676/2676
f 2613/2613 2614/2614 2678/2678
f 2613/2613 2678/2678 2677/2677
f 2614/2614 2615/2615 2679/2679
f 2614/2614 2679/2679 2678/2678
f 2615/2615 2616/2616 2680/2680
f 2615/2615 2680/2680 2679/2679
f 2616/2616 2617/2617 2681/2681
f 2616/2616 2681/2681 2680/2680
f 2617/2617 2618/2618 2682/2682
f 2617/2617 2682/2682 2681/2681
f 2618/2618 2619/2619 2683/2683
f 2618/2618 2683/2683 2682/2682
f 2619/2619 2620/2620 2684/2684
f 2619/2619 2684/2684 2683/2683
f 2620/2620 2621/2621 2685/2685
f 2620/2620 2685/2685 2684/2684
f 2621/2621 2622/2622 2686/2686
f 2621/2621 2686/2686 2685/2685
f 2622/2622 2623/2623 2687/2687
f 2622/2622 2687/2687 2686/2686
f 2623/2623 2624/2624 2688/2688
f 2623/2623 2688/2688 2687/2687
f 2625/2625 2626/2626 2690/2690
f 2625/2625 2690/2690 2689/2689
f 2626/2626 2627/2627 2691/2691
f 2626/2626 2691/2691 2690/2690
f 2627/2627 2628/2628 2692/2692
f 2627/2627 2692/2692 2691/2691
f 2628/2628 2629/2629 2693/2693
f 2628/2628 2693/2693 2692/2692
f 2629/2629 2630/2630 2694/2694
f 2629/2629 2694/2694 2693/2693
f 2630/2630 2631/2631 2695/2695
f 2630/2630 2695/2695 2694/2694
f 2631/2631 2632/2632 2696/2696
f 2631/2631 2696/2696 2695/2695
f 2632/2632 2633/2633 2697/2697
f 2632/2632 2697/2697 2696/2696
f 2633/2633 2634/2634 2698/2698
f 2633/2633 2698/2698 2697/2697
f 2634/2634 2635/2635 2699/2699
f 2634/2634 2699/2699 2698/2698
f 2635/2635 2636/2636 2700/2700
f 2635/2635 2700/2700 2699/2699
f 2636/2636 2637/2637 2701/2701
f 2636/2636 2701/2701 2700/2700
f 2637/2637 2638/2638 2702/2702
f 2637/2637 2702/2702 2701/2701
f 2638/2638 2639/2639 2703/2703
f 2638/2638 2703/2703 2702/2702
f 2639/2639 2640/2640 2704/2704
f 2639/2639 2704/2704 2703/2703
f 2640/2640 2641/2641 2705/2705
f 2640/2640 2705/2705 2704/2704
f 2641/2641 2642/2642 2706/2706
f 2641/2641 2706/2706 2705/2705
f 2642/2642 2643/2643 2707/2707
f 2642/2642 2707/2707 2706/2706
f 2643/2643 2644/2644 2708/2708
f 2643/2643 2708/2708 2707/2707
f 2644/2644 2645/2645 2709/2709
f 2644/2644 2709/2709 2708/2708
f 2645/2645 2646/2646 2710/2710
f 2645/2645 2710/2710 2709/2709
f 2646/2646 2647/2647 2711/2711
f 2646/2646 2711/2711 2710/2710
f 2647/2647 2648/2648 2712/2712
f 2647/2647 2712/2712 2711/2711
f 2648/2648 2649/2649 2713/2713
f 2648/2648 2713/2713 2712/2712
f 2649/2649 2650/2650 2714/2714
f 2649/2649 2714/2714 2713/2713
f 2650/2650 2651/2651 2715/2715
f 2650/2650 2715/2715 2714/2714
f 2651/2651 2652/2652 2716/2716
f 2651/2651 2716/2716 2715/2715
f 2652/2652 2653/2653 2717/2717
f 2652/2652 2717/2717 2716/2716
f 2653/2653 2654/2654 2718/2718
f 2653/2653 2718/2718 2717/2717
f 2654/2654 2655/2655 2719/2719
f 2654/2654 2719/2719 2718/2718
f 2655/2655 2656/2656 2720/2720
f 2655/2655 2720/2720 2719/2719
f 2656/2656 2657/2657 2721/2721
f 2656/2656 2721/2721 2720/2720
f 2657/2657 2658/2658 2722/2722
f 2657/2657 2722/2722 2721/2721
f 2658/2658 2659/2659 2723/2723
f 2658/2658 2723/2723 2722/2722
f 2659/2659 2660/2660 2724/2724
f 2659/2659 2724/2724 2723/2723
f 2660/2660 2661/2661 2725/2725
f 2660/2660 2725/2725 2724/2724
f 2661/2661 2662/2662 2726/2726
f 2661/2661 2726/2726 2725/2725
f 2662/2662 2663/2663 2727/2727
f 2662/2662 2727/2727 2726/2726
f 2663/2663 2664/2664 2728/2728
f 2663/2663 2728/2728 2727/2727
f 2664/2664 2665/2665 2729/2729
f 2664/2664 2729/2729 2728/2728
f 2665/2665 2666/2666 2730/2730
f 2665/2665 2730/2730 2729/2729
f 2666/2666 2667/2667 2731/2731
f 2666/2666 2731/2731 2730/2730
f 2667/2667 2668/2668 2732/2732
f 2667/2667 2732/2732 2731/2731
f 2668/2668 2669/2669 2733/2733
f 2668/2668 2733/2733 2732/2732
f 2669/2669 2670/2670 2734/2734
f 2669/2669 2734/2734 2733/2733
f 2670/2670 2671/2671 2735/2735
f 2670/2670 2735/2735 2734/2734
f 2671/2671 2672/2672 2736/2736
f 2671/2671 2736/2736 2735/2735
f 2672/2672 2673/2673 2737/2737
f 2672/2672 2737/2737 2736/2736
f 2673/2673 2674/2674 2738/2738
f 2673/2673 2738/2738 2737/2737
f 2674/2674 2675/2675 2739/2739
f 2674/2674 2739/2739 2738/2738
f 2675/2675 2676/2676 2740/2740
f 2675/2675 2740/2740 2739/2739
f 2676/2676 2677/2677 2741/2741
f 2676/2676 2741/2741 2740/2740
f 2677/2677 2678/2678 2742/2742
f 2677/2677 2742/2742 2741/2741
f 2678/2678 2679/2679 2743/2743
f 2678/2678 2743/2743 2742/2742
f 2679/2679 2680/2680 2744/2744
f 2679/2679 2744/2744 2743/2743
f 2680/2680 2681/2681 2745/2745
f 2680/2680 2745/2745 2744/2744
f 2681/2681 2682/2682 2746/2746
f 2681/2681 2746/2746 2745/2745
f 2682/2682 2683/2683 2747/2747
f 2682/2682 2747/2747 2746/2746
f 2683/2683 2684/2684 2748/2748
f 2683/2683 2748/2748 2747/2747
f 2684/2684 2685/2685 2749/2749
f 2684/2684 2749/2749 2748/2748
f 2685/2685 2686/2686 2750/2750
f 2685/2685 2750/2750 2749/2749
f 2686/2686 2687/2687 2751/2751
f 2686/2686 2751/2751 2750/2750
f 2687/2687 2688/2688 2752/2752
f 2687/2687 2752/2752 2751/2751
f 2689/2689 2690/2690 2754/2754
f 2689/2689 2754/2754 2753/2753
f 2690/2690 2691/2691 2755/2755
f 2690/2690 2755/2755 2754/2754
f 2691/2691 2692/2692 2756/2756
f 2691/2691 2756/2756 2755/2755
f 2692/2692 2693/2693 2757/2757
f 2692/2692 2757/2757 2756/2756
f 2693/2693 2694/2694 2758/2758
f 2693/2693 2758/2758 2757/2757
f 2694/2694 2695/2695 2759/2759
f 2694/2694 2759/2759 2758/2758
f 2695/2695 2696/2696 2760/2760
f 2695/2695 2760/2760 2759/2759
f 2696/2696 2697/2697 2761/2761
f 2696/2696 2761/2761 2760/2760
f 2697/2697 2698/2698 2762/2762
f 2697/2697 2762/2762 2761/2761
f 2698/2698 2699/2699 2763/2763
f 2698/2698 2763/2763 2762/2762
f 2699/2699 2700/2700 2764/2764
f 2699/2699 2764/2764 2763/2763
f 2700/2700 2701/2701 2765/2765
f 2700/2700 2765/2765 2764/2764
f 2701/2701 2702/2702 2766/2766
f 2701/2701 2766/2766 2765/2765
f 2702/2702 2703/2703 2767/2767
f 2702/2702 2767/2767 2766/2766
f 2703/2703 2704/2704 2768/2768
f 2703/2703 2768/2768 2767/2767
f 2704/2704 2705/2705 2769/2769
f 2704/2704 2769/2769 2768/2768
f 2705/2705 2706/2706 2770/2770
f 2705/2705 2770/2770 2769/2769
f 2706/2706 2707/2707 2771/2771
f 2706/2706 2771/2771 2770/2770
f 2707/2707 2708/2708 2772/2772
f 2707/2707 2772/2772 2771/2771
f 2708/2708 2709/2709 2773/2773
f 2708/2708 2773/2773 2772/2772
f 2709/2709 2710/2710 2774/2774
f 2709/2709 2774/2774 2773/2773
f 2710/2710 2711/2711 2775/2775
f 2710/2710 2775/2775 2774/2774
f 2711/2711 2712/2712 2776/2776
f 2711/2711 2776/2776 2775/2775
f 2712/2712 2713/2713 2777/2777
f 2712/2712 2777/2777 2776/2776
f 2713/2713 2714/2714 2778/2778
f 2713/2713 2778/2778 2777/2777
f 2714/2714 2715/2715 2779/2779
f 2714/2714 2779/2779 2778/2778
f 2715/2715 2716/2716 2780/2780
f 2715/2715 2780/2780 2779/2779
f 2716/2716 2717/2717 2781/2781
f 2716/2716 2781/2781 2780/2780
f 2717/2717 2718/2718 2782/2782
f 2717/2717 2782/2782 2781/2781
f 2718/2718 2719/2719 2783/2783
f 2718/2718 2783/2783 2782/2782
f 2719/2719 2720/2720 2784/2784
f 2719/2719 2784/2784 2783/2783
f 2720/2720 2721/2721 2785/2785
f 2720/2720 2785/2785 2784/2784
f 2721/2721 2722/2722 2786/2786
f 2721/2721 2786/2786 2785/2785
f 2722/2722 2723/2723 2787/2787
f 2722/2722 2787/2787 2786/2786
f 2723/2723 2724/2724 2788/2788
f 2723/2723 2788/2788 2787/2787
f 2724/2724 2725/2725 2789/2789
f 2724/2724 2789/2789 2788/2788
f 2725/2725 2726/2726 2790/2790
f 2725/2725 2790/2790 2789/2789
f 2726/2726 2727/2727 2791/2791
f 2726/2726 2791/2791 2790/2790
f 2727/2727 2728/2728 2792/2792
f 2727/2727 2792/2792 2791/2791
f 2728/2728 2729/2729 2793/2793
f 2728/2728 2793/2793 2792/2792
f 2729/2729 2730/2730 2794/2794
f 2729/2729 2794/2794 2793/2793
f 2730/2730 2731/2731 2795/2795
f 2730/2730 2795/2795 2794/2794
f 2731/2731 2732/2732 2796/2796
f 2731/2731 2796/2796 2795/2795
f 2732/2732 2733/2733 2797/2797
f 2732/2732 2797/2797 2796/2796
f 2733/2733 2734/2734 2798/2798
f 2733/2733 2798/2798 2797/2797
f 2734/2734 2735/2735 2799/2799
f 2734/2734 2799/2799 2798/2798
f 2735/2735 2736/2736 2800/2800
f 2735/2735 2800/2800 2799/2799
f 2736/2736 2737/2737 2801/2801
f 2736/2736 2801/2801 2800/2800
f 2737/2737 2738/2738 2802/2802
f 2737/2737 2802/2802 2801/2801
f 2738/2738 2739/2739 2803/2803
f 2738/2738 2803/2803 2802/2802
f 2739/2739 2740/2740 2804/2804
f 2739/2739 2804/2804 2803/2803
f 2740/2740 2741/2741 2805/2805
f 2740/2740 2805/2805 2804/2804
f 2741/2741 2742/2742 2806/2806
f 2741/2741 2806/2806 2805/2805
f 2742/2742 2743/2743 2807/2807
f 2742/2742 2807/2807 2806/2806
f 2743/2743 2744/2744 2808/2808
f 2743/2743 2808/2808 2807/2807
f 2744/2744 2745/2745 2809/2809
f 2744/2744 2809/2809 2808/2808
f 2745/2745 2746/2746 2810/2810
f 2745/2745 2810/2810 2809/2809
f 2746/2746 2747/2747 2811/2811
f 2746/2746 2811/2811 2810/2810
f 2747/2747 2748/2748 2812/2812
f 2747/2747 2812/2812 2811/2811
f 2748/2748 2749/2749 2813/2813
f 2748/2748 2813/2813 2812/2812
f 2749/2749 2750/2750 2814/2814
f 2749/2749 2814/2814 2813/2813
f 2750/2750 2751/2751 2815/2815
f 2750/2750 2815/2815 2814/2814
f 2751/2751 2752/2752 2816/2816
f 2751/2751 2816/2816 2815/2815
f 2753/2753 2754/2754 2818/2818
f 2753/2753 2818/2818 2817/2817
f 2754/2754 2755/2755 2819/2819
f 2754/2754 2819/2819 2818/2818
f 2755/2755 2756/2756 2820/2820
f 2755/2755 2820/2820 2819/2819
f 2756/2756 2757/2757 2821/2821
f 2756/2756 2821/2821 2820/2820
f 2757/2757 2758/2758 2822/2822
f 2757/2757 2822/2822 2821/2821
f 2758/2758 2759/2759 2823/2823
f 2758/2758 2823/2823 2822/2822
f 2759/2759 2760/2760 2824/2824
f 2759/2759 2824/2824 2823/2823
f 2760/2760 2761/2761 2825/2825
f 2760/2760 2825/2825 2824/2824
f 2761/2761 2762/2762 2826/2826
f 2761/2761 2826/2826 2825/2825
f 2762/2762 2763/2763 2827/2827
f 2762/2762 2827/2827 2826/2826
f 2763/2763 2764/2764 2828/2828
f 2763/2763 2828/2828 2827/2827
f 2764/2764 2765/2765 2829/2829
f 2764/2764 2829/2829 2828/2828
f 2765/2765 2766/2766 2830/2830
f 2765/2765 2830/2830 2829/2829
f 2766/2766 2767/2767 2831/2831
f 2766/2766 2831/2831 2830/2830
f 2767/2767 2768/2768 2832/2832
f 2767/2767 2832/2832 2831/2831
f 2768/2768 2769/2769 2833/2833
f 2768/2768 2833/2833 2832/2832
f 2769/2769 2770/2770 2834/2834
f 2769/2769 2834/2834 2833/2833
f 2770/2770 2771/2771 2835/2835
f 2770/2770 2835/2835 2834/2834
f 2771/2771 2772/2772 2836/2836
f 2771/2771 2836/2836 2835/2835
f 2772/2772 2773/2773 2837/2837
f 2772/2772 2837/2837 2836/2836
f 2773/2773 2774/2774 2838/2838
f 2773/2773 2838/2838 2837/2837
f 2774/2774 2775/2775 2839/2839
f 2774/2774 2839/2839 2838/2838
f 2775/2775 2776/2776 2840/2840
f 2775/2775 2840/2840 2839/2839
f 2776/2776 2777/2777 2841/2841
f 2776/2776 2841/2841 2840/2840
f 2777/2777 2778/2778 2842/2842
f 2777/2777 2842/2842 2841/2841
f 2778/2778 2779/2779 2843/2843
f 2778/2778 2843/2843 2842/2842
f 2779/2779 2780/2780 2844/2844
f 2779/2779 2844/2844 2843/2843
f 2780/2780 2781/2781 2845/2845
f 2780/2780 2845/2845 2844/2844
f 2781/2781 2782/2782 2846/2846
f 2781/2781 2846/2846 2845/2845
f 2782/2782 2783/2783 2847/2847
f 2782/2782 2847/2847 2846/2846
f 2783/2783 2784/2784 2848/2848
f 2783/2783 2848/2848 2847/2847
f 2784/2784 2785/2785 2849/2849
f 2784/2784 2849/2849 2848/2848
f 2785/2785 2786/2786 2850/2850
f 2785/2785 2850/2850 2849/2849
f 2786/2786 2787/2787 2851/2851
f 2786/2786 2851/2851 2850/2850
f 2787/2787 2788/2788 2852/2852
f 2787/2787 2852/2852 2851/2851
f 2788/2788 2789/2789 2853/2853
f 2788/2788 2853/2853 2852/2852
f 2789/2789 2790/2790 2854/2854
f 2789/2789 2854/2854 2853/2853
f 2790/2790 2791/2791 2855/2855
f 2790/2790 2855/2855 2854/2854
f 2791/2791 2792/2792 2856/2856
f 2791/2791 2856/2856 2855/2855
f 2792/2792 2793/2793 2857/2857
f 2792/2792 2857/2857 2856/2856
f 2793/2793 2794/2794 2858/2858
f 2793/2793 2858/2858 2857/2857
f 2794/2794 2795/2795 2859/2859
f 2794/2794 2859/2859 2858/2858
f 2795/2795 2796/2796 2860/2860
f 2795/2795 2860/2860 2859/2859
f 2796/2796 2797/2797 2861/2861
f 2796/2796 2861/2861 2860/2860
f 2797/2797 2798/2798 2862/2862
f 2797/2797 2862/2862 2861/2861
f 2798/2798 2799/2799 2863/2863
f 2798/2798 2863/2863 2862/2862
f 2799/2799 2800/2800 2864/2864
f 2799/2799 2864/2864 2863/2863
f 2800/2800 2801/2801 2865/2865
f 2800/2800 2865/2865 2864/2864
f 2801/2801 2802/2802 2866/2866
f 2801/2801 2866/2866 2865/2865
f 2802/2802 2803/2803 2867/2867
f 2802/2802 2867/2867 2866/2866
f 2803/2803 2804/2804 2868/2868
f 2803/2803 2868/2868 2867/2867
f 2804/2804 2805/2805 2869/2869
f 2804/2804 2869/2869 2868/2868
f 2805/2805 2806/2806 2870/2870
f 2805/2805 2870/2870 2869/2869
f 2806/2806 2807/2807 2871/2871
f 2806/2806 2871/2871 2870/2870
f 2807/2807 2808/2808 2872/2872
f 2807/2807 2872/2872 2871/2871
f 2808/2808 2809/2809 2873/2873
f 2808/2808 2873/2873 2872/2872
f 2809/2809 2810/2810 2874/2874
f 2809/2809 2874/2874 2873/2873
f 2810/2810 2811/2811 2875/2875
f 2810/2810 2875/2875 2874/2874
f 2811/2811 2812/2812 2876/2876
f 2811/2811 2876/2876 2875/2875
f 2812/2812 2813/2813 2877/2877
f 2812/2812 2877/2877 2876/2876
f 2813/2813 2814/2814 2878/2878
f 2813/2813 2878/2878 2877/2877
f 2814/2814 2815/2815 2879/2879
f 2814/2814 2879/2879 2878/2878
f 2815/2815 2816/2816 2880/2880
f 2815/2815 2880/2880 2879/2879
f 2817/2817 2818/2818 2882/2882
f 2817/2817 2882/2882 2881/2881
f 2818/2818 2819/2819 2883/2883
f 2818/2818 2883/2883 2882/2882
f 2819/2819 2820/2820 2884/2884
f 2819/2819 2884/2884 2883/2883
f 2820/2820 2821/2821 2885/2885
f 2820/2820 2885/2885 2884/2884
f 2821/2821 2822/2822 2886/2886
f 2821/2821 2886/2886 2885/2885
f 2822/2822 2823/2823 2887/2887
f 2822/2822 2887/2887 2886/2886
f 2823/2823 2824/2824 2888/2888
f 2823/2823 2888/2888 2887/2887
f 2824/2824 2825/2825 2889/2889
f 2824/2824 2889/2889 2888/2888
f 2825/2825 2826/2826 2890/2890
f 2825/2825 2890/2890 2889/2889
f 2826/2826 2827/2827 2891/2891
f 2826/2826 2891/2891 2890/2890
f 2827/2827 2828/2828 2892/2892
f 2827/2827 2892/2892 2891/2891
f 2828/2828 2829/2829 2893/2893
f 2828/2828 2893/2893 2892/2892
f 2829/2829 2830/2830 2894/2894
f 2829/2829 2894/2894 2893/2893
f 2830/2830 2831/2831 2895/2895
f 2830/2830 2895/2895 2894/2894
f 2831/2831 2832/2832 2896/2896
f 2831/2831 2896/2896 2895/2895
f 2832/2832 2833/2833 2897/2897
f 2832/2832 2897/2897 2896/2896
f 2833/2833 2834/2834 2898/2898
f 2833/2833 2898/2898 2897/2897
f 2834/2834 2835/2835 2899/2899
f 2834/2834 2899/2899 2898/2898
f 2835/2835 2836/2836 2900/2900
f 2835/2835 2900/2900 2899/2899
f 2836/2836 2837/2837 2901/2901
f 2836/2836 2901/2901 2900/2900
f 2837/2837 2838/2838 2902/2902
f 2837/2837 2902/2902 2901/2901
f 2838/2838 2839/2839 2903/2903
f 2838/2838 2903/2903 2902/2902
f 2839/2839 2840/2840 2904/2904
f 2839/2839 2904/2904 2903/2903
f 2840/2840 2841/2841 2905/2905
f 2840/2840 2905/2905 2904/2904
f 2841/2841 2842/2842 2906/2906
f 2841/2841 2906/2906 2905/2905
f 2842/2842 2843/2843 2907/2907
f 2842/2842 2907/2907 2906/2906
f 2843/2843 2844/2844 2908/2908
f 2843/2843 2908/2908 2907/2907
f 2844/2844 2845/2845 2909/2909
f 2844/2844 2909/2909 2908/2908
f 2845/2845 2846/2846 2910/2910
f 2845/2845 2910/2910 2909/2909
f 2846/2846 2847/2847 2911/2911
f 2846/2846 2911/2911 2910/2910
f 2847/2847 2848/2848 2912/2912
f 2847/2847 2912/2912 2911/2911
f 2848/2848 2849/2849 2913/2913
f 2848/2848 2913/2913 2912/2912
f 2849/2849 2850/2850 2914/2914
f 2849/2849 2914/2914 2913/2913
f 2850/2850 2851/2851 2915/2915
f 2850/2850 2915/2915 2914/2914
f 2851/2851 2852/2852 2916/2916
f 2851/2851 2916/2916 2915/2915
f 2852/2852 2853/2853 2917/2917
f 2852/2852 2917/2917 2916/2916
f 2853/2853 2854/2854 2918/2918
f 2853/2853 2918/2918 2917/2917
f 2854/2854 2855/2855 2919/2919
f 2854/2854 2919/2919 2918/2918
f 2855/2855 2856/2856 2920/2920
f 2855/2855 2920/2920 2919/2919
f 2856/2856 2857/2857 2921/2921
f 2856/2856 2921/2921 2920/2920
f 2857/2857 2858/2858 2922/2922
f 2857/2857 2922/2922 2921/2921
f 2858/2858 2859/2859 2923/2923
f 2858/2858 2923/2923 2922/2922
f 2859/2859 2860/2860 2924/2924
f 2859/2859 2924/2924 2923/2923
f 2860/2860 2861/2861 2925/2925
f 2860/2860 2925/2925 2924/2924
f 2861/2861 2862/2862 2926/2926
f 2861/2861 2926/2926 2925/2925
f 2862/2862 2863/2863 2927/2927
f 2862/2862 2927/2927 2926/2926
f 2863/2863 2864/2864 2928/2928
f 2863/2863 2928/2928 2927/2927
f 2864/2864 2865/2865 2929/2929
f 2864/2864 2929/2929 2928/2928
f 2865/2865 2866/2866 2930/2930
f 2865/2865 2930/2930 2929/2929
f 2866/2866 2867/2867 2931/2931
f 2866/2866 2931/2931 2930/2930
f 2867/2867 2868/2868 2932/2932
f 2867/2867 2932/2932 2931/2931
f 2868/2868 2869/2869 2933/2933
f 2868/2868 2933/2933 2932/2932
f 2869/2869 2870/2870 2934/2934
f 2869/2869 2934/2934 2933/2933
f 2870/2870 2871/2871 2935/2935
f 2870/2870 2935/2935 2934/2934
f 2871/2871 2872/2872 2936/2936
f 2871/2871 2936/2936 2935/2935
f 2872/2872 2873/2873 2937/2937
f 2872/2872 2937/2937 2936/2936
f 2873/2873 2874/2874 2938/2938
f 2873/2873 2938/2938 2937/2937
f 2874/2874 2875/2875 2939/2939
f 2874/2874 2939/2939 2938/2938
f 2875/2875 2876/2876 2940/2940
f 2875/2875 2940/2940 2939/2939
f 2876/2876 2877/2877 2941/2941
f 2876/2876 2941/2941 2940/2940
f 2877/2877 2878/2878 2942/2942
f 2877/2877 2942/2942 2941/2941
f 2878/2878 2879/2879 2943/2943
f 2878/2878 2943/2943 2942/2942
f 2879/2879 2880/2880 2944/2944
f 2879/2879 2944/2944 2943/2943
f 2881/2881 2882/2882 2946/2946
f 2881/2881 2946/2946 2945/2945
f 2882/2882 2883/2883 2947/2947
f 2882/2882 2947/2947 2946/2946
f 2883/2883 2884/2884 2948/2948
f 2883/2883 2948/2948 2947/2947
f 2884/2884 2885/2885 2949/2949
f 2884/2884 2949/2949 2948/2948
f 2885/2885 2886/2886 2950/2950
f 2885/2885 2950/2950 2949/2949
f 2886/2886 2887/2887 2951/2951
f 2886/2886 2951/2951 2950/2950
f 2887/2887 2888/2888 2952/2952
f 2887/2887 2952/2952 2951/2951
f 2888/2888 2889/2889 2953/2953
f 2888/2888 2953/2953 2952/2952
f 2889/2889 2890/2890 2954/2954
f 2889/2889 2954/2954 2953/2953
f 2890/2890 2891/2891 2955/2955
f 2890/2890 2955/2955 2954/2954
f 2891/2891 2892/2892 2956/2956
f 2891/2891 2956/2956 2955/2955
f 2892/2892 2893/2893 2957/2957
f 2892/2892 2957/2957 2956/2956
f 2893/2893 2894/2894 2958/2958
f 2893/2893 2958/2958 2957/2957
f 2894/2894 2895/2895 2959/2959
f 2894/2894 2959/2959 2958/2958
f 2895/2895 2896/2896 2960/2960
f 2895/2895 2960/2960 2959/2959
f 2896/2896 2897/2897 2961/2961
f 2896/2896 2961/2961 2960/2960
f 2897/2897 2898/2898 2962/2962
f 2897/2897 2962/2962 2961/2961
f 2898/2898 2899/2899 2963/2963
f 2898/2898 2963/2963 2962/2962
f 2899/2899 2900/2900 2964/2964
f 2899/2899 2964/2964 2963/2963
f 2900/2900 2901/2901 2965/2965
f 2900/2900 2965/2965 2964/2964
f 2901/2901 2902/2902 2966/2966
f 2901/2901 2966/2966 2965/2965
f 2902/2902 2903/2903 2967/2967
f 2902/2902 2967/2967 2966/2966
f 2903/2903 2904/2904 2968/2968
f 2903/2903 2968/2968 2967/2967
f 2904/2904 2905/2905 2969/2969
f 2904/2904 2969/2969 2968/2968
f 2905/2905 2906/2906 2970/2970
f 2905/2905 2970/2970 2969/2969
f 2906/2906 2907/2907 2971/2971
f 2906/2906 2971/2971 2970/2970
f 2907/2907 2908/2908 2972/2972
f 2907/2907 2972/2972 2971/2971
f 2908/2908 2909/2909 2973/2973
f 2908/2908 2973/2973 2972/2972
f 2909/2909 2910/2910 2974/2974
f 2909/2909 2974/2974 2973/2973
f 2910/2910 2911/2911 2975/2975
f 2910/2910 2975/2975 2974/2974
f 2911/2911 2912/2912 2976/2976
f 2911/2911 2976/2976 2975/2975
f 2912/2912 2913/2913 2977/2977
f 2912/2912 2977/2977 2976/2976
f 2913/2913 2914/2914 2978/2978
f 2913/2913 2978/2978 2977/2977
f 2914/2914 2915/2915 2979/2979
f 2914/2914 2979/2979 2978/2978
f 2915/2915 2916/2916 2980/2980
f 2915/2915 2980/2980 2979/2979
f 2916/2916 2917/2917 2981/2981
f 2916/2916 2981/2981 2980/2980
f 2917/2917 2918/2918 2982/2982
f 2917/2917 2982/2982 2981/2981
f 2918/2918 2919/2919 2983/2983
f 2918/2918 2983/2983 2982/2982
f 2919/2919 2920/2920 2984/2984
f 2919/2919 2984/2984 2983/2983
f 2920/2920 2921/2921 2985/2985
f 2920/2920 2985/2985 2984/2984
f 2921/2921 2922/2922 2986/2986
f 2921/2921 2986/2986 2985/2985
f 2922/2922 2923/2923 2987/2987
f 2922/2922 2987/2987 2986/2986
f 2923/2923 2924/2924 2988/2988
f 2923/2923 2988/2988 2987/2987
f 2924/2924 2925/2925 2989/2989
f 2924/2924 2989/2989 2988/2988
f 2925/2925 2926/2926 2990/2990
f 2925/2925 2990/2990 2989/2989
f 2926/2926 2927/2927 2991/2991
f 2926/2926 2991/2991 2990/2990
f 2927/2927 2928/2928 2992/2992
f 2927/2927 2992/2992 2991/2991
f 2928/2928 2929/2929 2993/2993
f 2928/2928 2993/2993 2992/2992
f 2929/2929 2930/2930 2994/2994
f 2929/2929 2994/2994 2993/2993
f 2930/2930 2931/2931 2995/2995
f 2930/2930 2995/2995 2994/2994
f 2931/2931 2932/2932 2996/2996
f 2931/2931 2996/2996 2995/2995
f 2932/2932 2933/2933 2997/2997
f 2932/2932 2997/2997 2996/2996
f 2933/2933 2934/2934 2998/2998
f 2933/2933 2998/2998 2997/2997
f 2934/2934 2935/2935 2999/2999
f 2934/2934 2999/2999 2998/2998
f 2935/2935 2936/2936 3000/3000
f 2935/2935 3000/3000 2999/2999
f 2936/2936 2937/2937 3001/3001
f 2936/2936 3001/3001 3000/3000
f 2937/2937 2938/2938 3002/3002
f 2937/2937 3002/3002 3001/3001
f 2938/2938 2939/2939 3003/3003
f 2938/2938 3003/3003 3002/3002
f 2939/2939 2940/2940 3004/3004
f 2939/2939 3004/3004 3003/3003
f 2940/2940 2941/2941 3005/3005
f 2940/2940 3005/3005 3004/3004
f 2941/2941 2942/2942 3006/3006
f 2941/2941 3006/3006 3005/3005
f 2942/2942 2943/2943 3007/3007
f 2942/2942 3007/3007 3006/3006
f 2943/2943 2944/2944 3008/3008
f 2943/2943 3008/3008 3007/3007
f 2945/2945 2946/2946 3010/3010
f 2945/2945 3010/3010 3009/3009
f 2946/2946 2947/2947 3011/3011
f 2946/2946 3011/3011 3010/3010
f 2947/2947 2948/2948 3012/3012
f 2947/2947 3012/3012 3011/3011
f 2948/2948 2949/2949 3013/3013
f 2948/2948 3013/3013 3012/3012
f 2949/2949 2950/2950 3014/3014
f 2949/2949 3014/3014 3013/3013
f 2950/2950 2951/2951 3015/3015
f 2950/2950 3015/3015 3014/3014
f 2951/2951 2952/2952 3016/3016
f 2951/2951 3016/3016 3015/3015
f 2952/2952 2953/2953 3017/3017
f 2952/2952 3017/3017 3016/3016
f 2953/2953 2954/2954 3018/3018
f 2953/2953 3018/3018 3017/3017
f 2954/2954 2955/2955 3019/3019
f 2954/2954 3019/3019 3018/3018
f 2955/2955 2956/2956 3020/3020
f 2955/2955 3020/3020 3019/3019
f 2956/2956 2957/2957 3021/3021
f 2956/2956 3021/3021 3020/3020
f 2957/2957 2958/2958 3022/3022
f 2957/2957 3022/3022 3021/3021
f 2958/2958 2959/2959 3023/3023
f 2958/2958 3023/3023 3022/3022
f 2959/2959 2960/2960 3024/3024
f 2959/2959 3024/3024 3023/3023
f 2960/2960 2961/2961 3025/3025
f 2960/2960 3025/3025 3024/3024
f 2961/2961 2962/2962 3026/3026
f 2961/2961 3026/3026 3025/3025
f 2962/2962 2963/2963 3027/3027
f 2962/2962 3027/3027 3026/3026
f 2963/2963 2964/2964 3028/3028
f 2963/2963 3028/3028 3027/3027
f 2964/2964 2965/2965 3029/3029
f 2964/2964 3029/3029 3028/3028
f 2965/2965 2966/2966 3030/3030
f 2965/2965 3030/3030 3029/3029
f 2966/2966 2967/2967 3031/3031
f 2966/2966 3031/3031 3030/3030
f 2967/2967 2968/2968 3032/3032
f 2967/2967 3032/3032 3031/3031
f 2968/2968 2969/2969 3033/3033
f 2968/2968 3033/3033 3032/3032
f 2969/2969 2970/2970 3034/3034
f 2969/2969 3034/3034 3033/3033
f 2970/2970 2971/2971 3035/3035
f 2970/2970 3035/3035 3034/3034
f 2971/2971 2972/2972 3036/3036
f 2971/2971 3036/3036 3035/3035
f 2972/2972 2973/2973 3037/3037
f 2972/2972 3037/3037 3036/3036
f 2973/2973 2974/2974 3038/3038
f 2973/2973 3038/3038 3037/3037
f 2974/2974 2975/2975 3039/3039
f 2974/2974 3039/3039 3038/3038
f 2975/2975 2976/2976 3040/3040
f 2975/2975 3040/3040 3039/3039
f 2976/2976 2977/2977 3041/3041
f 2976/2976 3041/3041 3040/3040
f 2977/2977 2978/2978 3042/3042
f 2977/2977 3042/3042 3041/3041
f 2978/2978 2979/2979 3043/3043
f 2978/2978 3043/3043 3042/3042
f 2979/2979 2980/2980 3044/3044
f 2979/2979 3044/3044 3043/3043
f 2980/2980 2981/2981 3045/3045
f 2980/2980 3045/3045 3044/3044
f 2981/2981 2982/2982 3046/3046
f 2981/2981 3046/3046 3045/3045
f 2982/2982 2983/2983 3047/3047
f 2982/2982 3047/3047 3046/3046
f 2983/2983 2984/2984 3048/3048
f 2983/2983 3048/3048 3047/3047
f 2984/2984 2985/2985 3049/3049
f 2984/2984 3049/3049 3048/3048
f 2985/2985 2986/2986 3050/3050
f 2985/2985 3050/3050 3049/3049
f 2986/2986 2987/2987 3051/3051
f 2986/2986 3051/3051 3050/3050
f 2987/2987 2988/2988 3052/3052
f 2987/2987 3052/3052 3051/3051
f 2988/2988 2989/2989 3053/3053
f 2988/2988 3053/3053 3052/3052
f 2989/2989 2990/2990 3054/3054
f 2989/2989 3054/3054 3053/3053
f 2990/2990 2991/2991 3055/3055
f 2990/2990 3055/3055 3054/3054
f 2991/2991 2992/2992 3056/3056
f 2991/2991 3056/3056 3055/3055
f 2992/2992 2993/2993 3057/3057
f 2992/2992 3057/3057 3056/3056
f 2993/2993 2994/2994 3058/3058
f 2993/2993 3058/3058 3057/3057
f 2994/2994 2995/2995 3059/3059
f 2994/2994 3059/3059 3058/3058
f 2995/2995 2996/2996 3060/3060
f 2995/2995 3060/3060 3059/3059
f 2996/2996 2997/2997 3061/3061
f 2996/2996 3061/3061 3060/3060
f 2997/2997 2998/2998 3062/3062
f 2997/2997 3062/3062 3061/3061
f 2998/2998 2999/2999 3063/3063
f 2998/2998 3063/3063 3062/3062
f 2999/2999 3000/3000 3064/3064
f 2999/2999 3064/3064 3063/3063
f 3000/3000 3001/3001 3065/3065
f 3000/3000 3065/3065 3064/3064
f 3001/3001 3002/3002 3066/3066
f 3001/3001 3066/3066 3065/3065
f 3002/3002 3003/3003 3067/3067
f 3002/3002 3067/3067 3066/3066
f 3003/3003 3004/3004 3068/3068
f 3003/3003 3068/3068 3067/3067
f 3004/3004 3005/3005 3069/3069
f 3004/3004 3069/3069 3068/3068
f 3005/3005 3006/3006 3070/3070
f 3005/3005 3070/3070 3069/3069
f 3006/3006 3007/3007 3071/3071
f 3006/3006 3071/3071 3070/3070
f 3007/3007 3008/3008 3072/3072
f 3007/3007 3072/3072 3071/3071
f 3009/3009 3010/3010 3074/3074
f 3009/3009 3074/3074 3073/3073
f 3010/3010 3011/3011 3075/3075
f 3010/3010 3075/3075 3074/3074
f 3011/3011 3012/3012 3076/3076
f 3011/3011 3076/3076 3075/3075
f 3012/3012 3013/3013 3077/3077
f 3012/3012 3077/3077 3076/3076
f 3013/3013 3014/3014 3078/3078
f 3013/3013 3078/3078 3077/3077
f 3014/3014 3015/3015 3079/3079
f 3014/3014 3079/3079 3078/3078
f 3015/3015 3016/3016 3080/3080
f 3015/3015 3080/3080 3079/3079
f 3016/3016 3017/3017 3081/3081
f 3016/3016 3081/3081 3080/3080
f 3017/3017 3018/3018 3082/3082
f 3017/3017 3082/3082 3081/3081
f 3018/3018 3019/3019 3083/3083
f 3018/3018 3083/3083 3082/3082
f 3019/3019 3020/3020 3084/3084
f 3019/3019 3084/3084 3083/3083
f 3020/3020 3021/3021 3085/3085
f 3020/3020 3085/3085 3084/3084
f 3021/3021 3022/3022 3086/3086
f 3021/3021 3086/3086 3085/3085
f 3022/3022 3023/3023 3087/3087
f 3022/3022 3087/3087 3086/3086
f 3023/3023 3024/3024 3088/3088
f 3023/3023 3088/3088 3087/3087
f 3024/3024 3025/3025 3089/3089
f 3024/3024 3089/3089 3088/3088
f 3025/3025 3026/3026 3090/3090
f 3025/3025 3090/3090 3089/3089
f 3026/3026 3027/3027 3091/3091
f 3026/3026 3091/3091 3090/3090
f 3027/3027 3028/3028 3092/3092
f 3027/3027 3092/3092 3091/3091
f 3028/3028 3029/3029 3093/3093
f 3028/3028 3093/3093 3092/3092
f 3029/3029 3030/3030 3094/3094
f 3029/3029 3094/3094 3093/3093
f 3030/3030 3031/3031 3095/3095
f 3030/3030 3095/3095 3094/3094
f 3031/3031 3032/3032 3096/3096
f 3031/3031 3096/3096 3095/3095
f 3032/3032 3033/3033 3097/3097
f 3032/3032 3097/3097 3096/3096
f 3033/3033 3034/3034 3098/3098
f 3033/3033 3098/3098 3097/3097
f 3034/3034 3035/3035 3099/3099
f 3034/3034 3099/3099 3098/3098
f 3035/3035 3036/3036 3100/3100
f 3035/3035 3100/3100 3099/3099
f 3036/3036 3037/3037 3101/3101
f 3036/3036 3101/3101 3100/3100
f 3037/3037 3038/3038 3102/3102
f 3037/3037 3102/3102 3101/3101
f 3038/3038 3039/3039 3103/3103
f 3038/3038 3103/3103 3102/3102
f 3039/3039 3040/3040 3104/3104
f 3039/3039 3104/3104 3103/3103
f 3040/3040 3041/3041 3105/3105
f 3040/3040 3105/3105 3104/3104
f 3041/3041 3042/3042 3106/3106
f 3041/3041 3106/3106 3105/3105
f 3042/3042 3043/3043 3107/3107
f 3042/3042 3107/3107 3106/3106
f 3043/3043 3044/3044 3108/3108
f 3043/3043 3108/3108 3107/3107
f 3044/3044 3045/3045 3109/3109
f 3044/3044 3109/3109 3108/3108
f 3045/3045 3046/3046 3110/3110
f 3045/3045 3110/3110 3109/3109
f 3046/3046 3047/3047 3111/3111
f 3046/3046 3111/3111 3110/3110
f 3047/3047 3048/3048 3112/3112
f 3047/3047 3112/3112 3111/3111
f 3048/3048 3049/3049 3113/3113
f 3048/3048 3113/3113 3112/3112
f 3049/3049 3050/3050 3114/3114
f 3049/3049 3114/3114 3113/3113
f 3050/3050 3051/3051 3115/3115
f 3050/3050 3115/3115 3114/3114
f 3051/3051 3052/3052 3116/3116
f 3051/3051 3116/3116 3115/3115
f 3052/3052 3053/3053 3117/3117
f 3052/3052 3117/3117 3116/3116
f 3053/3053 3054/3054 3118/3118
f 3053/3053 3118/3118 3117/3117
f 3054/3054 3055/3055 3119/3119
f 3054/3054 3119/3119 3118/3118
f 3055/3055 3056/3056 3120/3120
f 3055/3055 3120/3120 3119/3119
f 3056/3056 3057/3057 3121/3121
f 3056/3056 3121/3121 3120/3120
f 3057/3057 3058/3058 3122/3122
f 3057/3057 3122/3122 3121/3121
f 3058/3058 3059/3059 3123/3123
f 3058/3058 3123/3123 3122/3122
f 3059/3059 3060/3060 3124/3124
f 3059/3059 3124/3124 3123/3123
f 3060/3060 3061/3061 3125/3125
f 3060/3060 3125/3125 3124/3124
f 3061/3061 3062/3062 3126/3126
f 3061/3061 3126/3126 3125/3125
f 3062/3062 3063/3063 3127/3127
f 3062/3062 3127/3127 3126/3126
f 3063/3063 3064/3064 3128/3128
f 3063/3063 3128/3128 3127/3127
f 3064/3064 3065/3065 3129/3129
f 3064/3064 3129/3129 3128/3128
f 3065/3065 3066/3066 3130/3130
f 3065/3065 3130/3130 3129/3129
f 3066/3066 3067/3067 3131/3131
f 3066/3066 3131/3131 3130/3130
f 3067/3067 3068/3068 3132/3132
f 3067/3067 3132/3132 3131/3131
f 3068/3068 3069/3069 3133/3133
f 3068/3068 3133/3133 3132/3132
f 3069/3069 3070/3070 3134/3134
f 3069/3069 3134/3134 3133/3133
f 3070/3070 3071/3071 3135/3135
f 3070/3070 3135/3135 3134/3134
f 3071/3071 3072/3072 3136/3136
f 3071/3071 3136/3136 3135/3135
f 3073/3073 3074/3074 3138/3138
f 3073/3073 3138/3138 3137/3137
f 3074/3074 3075/3075 3139/3139
f 3074/3074 3139/3139 3138/3138
f 3075/3075 3076/3076 3140/3140
f 3075/3075 3140/3140 3139/3139
f 3076/3076 3077/3077 3141/3141
f 3076/3076 3141/3141 3140/3140
f 3077/3077 3078/3078 3142/3142
f 3077/3077 3142/3142 3141/3141
f 3078/3078 3079/3079 3143/3143
f 3078/3078 3143/3143 3142/3142
f 3079/3079 3080/3080 3144/3144
f 3079/3079 3144/3144 3143/3143
f 3080/3080 3081/3081 3145/3145
f 3080/3080 3145/3145 3144/3144
f 3081/3081 3082/3082 3146/3146
f 3081/3081 3146/3146 3145/3145
f 3082/3082 3083/3083 3147/3147
f 3082/3082 3147/3147 3146/3146
f 3083/3083 3084/3084 3148/3148
f 3083/3083 3148/3148 3147/3147
f 3084/3084 3085/3085 3149/3149
f 3084/3084 3149/3149 3148/3148
f 3085/3085 3086/3086 3150/3150
f 3085/3085 3150/3150 3149/3149
f 3086/3086 3087/3087 3151/3151
f 3086/3086 3151/3151 3150/3150
f 3087/3087 3088/3088 3152/3152
f 3087/3087 3152/3152 3151/3151
f 3088/3088 3089/3089 3153/3153
f 3088/3088 3153/3153 3152/3152
f 3089/3089 3090/3090 3154/3154
f 3089/3089 3154/3154 3153/3153
f 3090/3090 3091/3091 3155/3155
f 3090/3090 3155/3155 3154/3154
f 3091/3091 3092/3092 3156/3156
f 3091/3091 3156/3156 3155/3155
f 3092/3092 3093/3093 3157/3157
f 3092/3092 3157/3157 3156/3156
f 3093/3093 3094/3094 3158/3158
f 3093/3093 3158/3158 3157/3157
f 3094/3094 3095/3095 3159/3159
f 3094/3094 3159/3159 3158/3158
f 3095/3095 3096/3096 3160/3160
f 3095/3095 3160/3160 3159/3159
f 3096/3096 3097/3097 3161/3161
f 3096/3096 3161/3161 3160/3160
f 3097/3097 3098/3098 3162/3162
f 3097/3097 3162/3162 3161/3161
f 3098/3098 3099/3099 3163/3163
f 3098/3098 3163/3163 3162/3162
f 3099/3099 3100/3100 3164/3164
f 3099/3099 3164/3164 3163/3163
f 3100/3100 3101/3101 3165/3165
f 3100/3100 3165/3165 3164/3164
f 3101/3101 3102/3102 3166/3166
f 3101/3101 3166/3166 3165/3165
f 3102/3102 3103/3103 3167/3167
f 3102/3102 3167/3167 3166/3166
f 3103/3103 3104/3104 3168/3168
f 3103/3103 3168/3168 3167/3167
f 3104/3104 3105/3105 3169/3169
f 3104/3104 3169/3169 3168/3168
f 3105/3105 3106/3106 3170/3170
f 3105/3105 3170/3170 3169/3169
f 3106/3106 3107/3107 3171/3171
f 3106/3106 3171/3171 3170/3170
f 3107/3107 3108/3108 3172/3172
f 3107/3107 3172/3172 3171/3171
f 3108/3108 3109/3109 3173/3173
f 3108/3108 3173/3173 3172/3172
f 3109/3109 3110/3110 3174/3174
f 3109/3109 3174/3174 3173/3173
f 3110/3110 3111/3111 3175/3175
f 3110/3110 3175/3175 3174/3174
f 3111/3111 3112/3112 3176/3176
f 3111/3111 3176/3176 3175/3175
f 3112/3112 3113/3113 3177/3177
f 3112/3112 3177/3177 3176/3176
f 3113/3113 3114/3114 3178/3178
f 3113/3113 3178/3178 3177/3177
f 3114/3114 3115/3115 3179/3179
f 3114/3114 3179/3179 3178/3178
f 3115/3115 3116/3116 3180/3180
f 3115/3115 3180/3180 3179/3179
f 3116/3116 3117/3117 3181/3181
f 3116/3116 3181/3181 3180/3180
f 3117/3117 3118/3118 3182/3182
f 3117/3117 3182/3182 3181/3181
f 3118/3118 3119/3119 3183/3183
f 3118/3118 3183/3183 3182/3182
f 3119/3119 3120/3120 3184/3184
f 3119/3119 3184/3184 3183/3183
f 3120/3120 3121/3121 3185/3185
f 3120/3120 3185/3185 3184/3184
f 3121/3121 3122/3122 3186/3186
f 3121/3121 3186/3186 3185/3185
f 3122/3122 3123/3123 3187/3187
f 3122/3122 3187/3187 3186/3186
f 3123/3123 3124/3124 3188/3188
f 3123/3123 3188/3188 3187/3187
f 3124/3124 3125/3125 3189/3189
f 3124/3124 3189/3189 3188/3188
f 3125/3125 3126/3126 3190/3190
f 3125/3125 3190/3190 3189/3189
f 3126/3126 3127/3127 3191/3191
f 3126/3126 3191/3191 3190/3190
f 3127/3127 3128/3128 3192/3192
f 3127/3127 3192/3192 3191/3191
f 3128/3128 3129/3129 3193/3193
f 3128/3128 3193/3193 3192/3192
f 3129/3129 3130/3130 3194/3194
f 3129/3129 3194/3194 3193/3193
f 3130/3130 3131/3131 3195/3195
f 3130/3130 3195/3195 3194/3194
f 3131/3131 3132/3132 3196/3196
f 3131/3131 3196/3196 3195/3195
f 3132/3132 3133/3133 3197/3197
f 3132/3132 3197/3197 3196/3196
f 3133/3133 3134/3134 3198/3198
f 3133/3133 3198/3198 3197/3197
f 3134/3134 3135/3135 3199/3199
f 3134/3134 3199/3199 3198/3198
f 3135/3135 3136/3136 3200/3200
f 3135/3135 3200/3200 3199/3199
f 3137/3137 3138/3138 3202/3202
f 3137/3137 3202/3202 3201/3201
f 3138/3138 3139/3139 3203/3203
f 3138/3138 3203/3203 3202/3202
f 3139/3139 3140/3140 3204/3204
f 3139/3139 3204/3204 3203/3203
f 3140/3140 3141/3141 3205/3205
f 3140/3140 3205/3205 3204/3204
f 3141/3141 3142/3142 3206/3206
f 3141/3141 3206/3206 3205/3205
f 3142/3142 3143/3143 3207/3207
f 3142/3142 3207/3207 3206/3206
f 3143/3143 3144/3144 3208/3208
f 3143/3143 3208/3208 3207/3207
f 3144/3144 3145/3145 3209/3209
f 3144/3144 3209/3209 3208/3208
f 3145/3145 3146/3146 3210/3210
f 3145/3145 3210/3210 3209/3209
f 3146/3146 3147/3147 3211/3211
f 3146/3146 3211/3211 3210/3210
f 3147/3147 3148/3148 3212/3212
f 3147/3147 3212/3212 3211/3211
f 3148/3148 3149/3149 3213/3213
f 3148/3148 3213/3213 3212/3212
f 3149/3149 3150/3150 3214/3214
f 3149/3149 3214/3214 3213/3213
f 3150/3150 3151/3151 3215/3215
f 3150/3150 3215/3215 3214/3214
f 3151/3151 3152/3152 3216/3216
f 3151/3151 3216/3216 3215/3215
f 3152/3152 3153/3153 3217/3217
f 3152/3152 3217/3217 3216/3216
f 3153/3153 3154/3154 3218/3218
f 3153/3153 3218/3218 3217/3217
f 3154/3154 3155/3155 3219/3219
f 3154/3154 3219/3219 3218/3218
f 3155/3155 3156/3156 3220/3220
f 3155/3155 3220/3220 3219/3219
f 3156/3156 3157/3157 3221/3221
f 3156/3156 3221/3221 3220/3220
f 3157/3157 3158/3158 3222/3222
f 3157/3157 3222/3222 3221/3221
f 3158/3158 3159/3159 3223/3223
f 3158/3158 3223/3223 3222/3222
f 3159/3159 3160/3160 3224/3224
f 3159/3159 3224/3224 3223/3223
f 3160/3160 3161/3161 3225/3225
f 3160/3160 3225/3225 3224/3224
f 3161/3161 3162/3162 3226/3226
f 3161/3161 3226/3226 3225/3225
f 3162/3162 3163/3163 3227/3227
f 3162/3162 3227/3227 3226/3226
f 3163/3163 3164/3164 3228/3228
f 3163/3163 3228/3228 3227/3227
f 3164/3164 3165/3165 3229/3229
f 3164/3164 3229/3229 3228/3228
f 3165/3165 3166/3166 3230/3230
f 3165/3165 3230/3230 3229/3229
f 3166/3166 3167/3167 3231/3231
f 3166/3166 3231/3231 3230/3230
f 3167/3167 3168/3168 3232/3232
f 3167/3167 3232/3232 3231/3231
f 3168/3168 3169/3169 3233/3233
f 3168/3168 3233/3233 3232/3232
f 3169/3169 3170/3170 3234/3234
f 3169/3169 3234/3234 3233/3233
f 3170/3170 3171/3171 3235/3235
f 3170/3170 3235/3235 3234/3234
f 3171/3171 3172/3172 3236/3236
f 3171/3171 3236/3236 3235/3235
f 3172/3172 3173/3173 3237/3237
f 3172/3172 3237/3237 3236/3236
f 3173/3173 3174/3174 3238/3238
f 3173/3173 3238/3238 3237/3237
f 3174/3174 3175/3175 3239/3239
f 3174/3174 3239/3239 3238/3238
f 3175/3175 3176/3176 3240/3240
f 3175/3175 3240/3240 3239/3239
f 3176/3176 3177/3177 3241/3241
f 3176/3176 3241/3241 3240/3240
f 3177/3177 3178/3178 3242/3242
f 3177/3177 3242/3242 3241/3241
f 3178/3178 3179/3179 3243/3243
f 3178/3178 3243/3243 3242/3242
f 3179/3179 3180/3180 3244/3244
f 3179/3179 3244/3244 3243/3243
f 3180/3180 3181/3181 3245/3245
f 3180/3180 3245/3245 3244/3244
f 3181/3181 3182/3182 3246/3246
f 3181/3181 3246/3246 3245/3245
f 3182/3182 3183/3183 3247/3247
f 3182/3182 3247/3247 3246/3246
f 3183/3183 3184/3184 3248/3248
f 3183/3183 3248/3248 3247/3247
f 3184/3184 3185/3185 3249/3249
f 3184/3184 3249/3249 3248/3248
f 3185/3185 3186/3186 3250/3250
f 3185/3185 3250/3250 3249/3249
f 3186/3186 3187/3187 3251/3251
f 3186/3186 3251/3251 3250/3250
f 3187/3187 3188/3188 3252/3252
f 3187/3187 3252/3252 3251/3251
f 3188/3188 3189/3189 3253/3253
f 3188/3188 3253/3253 3252/3252
f 3189/3189 3190/3190 3254/3254
f 3189/3189 3254/3254 3253/3253
f 3190/3190 3191/3191 3255/3255
f 3190/3190 3255/3255 3254/3254
f 3191/3191 3192/3192 3256/3256
f 3191/3191 3256/3256 3255/3255
f 3192/3192 3193/3193 3257/3257
f 3192/3192 3257/3257 3256/3256
f 3193/3193 3194/3194 3258/3258
f 3193/3193 3258/3258 3257/3257
f 3194/3194 3195/3195 3259/3259
f 3194/3194 3259/3259 3258/3258
f 3195/3195 3196/3196 3260/3260
f 3195/3195 3260/3260 3259/3259
f 3196/3196 3197/3197 3261/3261
f 3196/3196 3261/3261 3260/3260
f 3197/3197 3198/3198 3262/3262
f 3197/3197 3262/3262 3261/3261
f 3198/3198 3199/3199 3263/3263
f 3198/3198 3263/3263 3262/3262
f 3199/3199 3200/3200 3264/3264
f 3199/3199 3264/3264 3263/3263
f 3201/3201 3202/3202 3266/3266
f 3201/3201 3266/3266 3265/3265
f 3202/3202 3203/3203 3267/3267
f 3202/3202 3267/3267 3266/3266
f 3203/3203 3204/3204 3268/3268
f 3203/3203 3268/3268 3267/3267
f 3204/3204 3205/3205 3269/3269
f 3204/3204 3269/3269 3268/3268
f 3205/3205 3206/3206 3270/3270
f 3205/3205 3270/3270 3269/3269
f 3206/3206 3207/3207 3271/3271
f 3206/3206 3271/3271 3270/3270
f 3207/3207 3208/3208 3272/3272
f 3207/3207 3272/3272 3271/3271
f 3208/3208 3209/3209 3273/3273
f 3208/3208 3273/3273 3272/3272
f 3209/3209 3210/3210 3274/3274
f 3209/3209 3274/3274 3273/3273
f 3210/3210 3211/3211 3275/3275
f 3210/3210 3275/3275 3274/3274
f 3211/3211 3212/3212 3276/3276
f 3211/3211 3276/3276 3275/3275
f 3212/3212 3213/3213 3277/3277
f 3212/3212 3277/3277 3276/3276
f 3213/3213 3214/3214 3278/3278
f 3213/3213 3278/3278 3277/3277
f 3214/3214 3215/3215 3279/3279
f 3214/3214 3279/3279 3278/3278
f 3215/3215 3216/3216 3280/3280
f 3215/3215 3280/3280 3279/3279
f 3216/3216 3217/3217 3281/3281
f 3216/3216 3281/3281 3280/3280
f 3217/3217 3218/3218 3282/3282
f 3217/3217 3282/3282 3281/3281
f 3218/3218 3219/3219 3283/3283
f 3218/3218 3283/3283 3282/3282
f 3219/3219 3220/3220 3284/3284
f 3219/3219 3284/3284 3283/3283
f 3220/3220 3221/3221 3285/3285
f 3220/3220 3285/3285 3284/3284
f 3221/3221 3222/3222 3286/3286
f 3221/3221 3286/3286 3285/3285
f 3222/3222 3223/3223 3287/3287
f 3222/3222 3287/3287 3286/3286
f 3223/3223 3224/3224 3288/3288
f 3223/3223 3288/3288 3287/3287
f 3224/3224 3225/3225 3289/3289
f 3224/3224 3289/3289 3288/3288
f 3225/3225 3226/3226 3290/3290
f 3225/3225 3290/3290 3289/3289
f 3226/3226 3227/3227 3291/3291
f 3226/3226 3291/3291 3290/3290
f 3227/3227 3228/3228 3292/3292
f 3227/3227 3292/3292 3291/3291
f 3228/3228 3229/3229 3293/3293
f 3228/3228 3293/3293 3292/3292
f 3229/3229 3230/3230 3294/3294
f 3229/3229 3294/3294 3293/3293
f 3230/3230 3231/3231 3295/3295
f 3230/3230 3295/3295 3294/3294
f 3231/3231 3232/3232 3296/3296
f 3231/3231 3296/3296 3295/3295
f 3232/3232 3233/3233 3297/3297
f 3232/3232 3297/3297 3296/3296
f 3233/3233 3234/3234 3298/3298
f 3233/3233 3298/3298 3297/3297
f 3234/3234 3235/3235 3299/3299
f 3234/3234 3299/3299 3298/3298
f 3235/3235 3236/3236 3300/3300
f 3235/3235 3300/3300 3299/3299
f 3236/3236 3237/3237 3301/3301
f 3236/3236 3301/3301 3300/3300
f 3237/3237 3238/3238 3302/3302
f 3237/3237 3302/3302 3301/3301
f 3238/3238 3239/3239 3303/3303
f 3238/3238 3303/3303 3302/3302
f 3239/3239 3240/3240 3304/3304
f 3239/3239 3304/3304 3303/3303
f 3240/3240 3241/3241 3305/3305
f 3240/3240 3305/3305 3304/3304
f 3241/3241 3242/3242 3306/3306
f 3241/3241 3306/3306 3305/3305
f 3242/3242 3243/3243 3307/3307
f 3242/3242 3307/3307 3306/3306
f 3243/3243 3244/3244 3308/3308
f 3243/3243 3308/3308 3307/3307
f 3244/3244 3245/3245 3309/3309
f 3244/3244 3309/3309 3308/3308
f 3245/3245 3246/3246 3310/3310
f 3245/3245 3310/3310 3309/3309
f 3246/3246 3247/3247 3311/3311
f 3246/3246 3311/3311 3310/3310
f 3247/3247 3248/3248 3312/3312
f 3247/3247 3312/3312 3311/3311
f 3248/3248 3249/3249 3313/3313
f 3248/3248 3313/3313 3312/3312
f 3249/3249 3250/3250 3314/3314
f 3249/3249 3314/3314 3313/3313
f 3250/3250 3251/3251 3315/3315
f 3250/3250 3315/3315 3314/3314
f 3251/3251 3252/3252 3316/3316
f 3251/3251 3316/3316 3315/3315
f 3252/3252 3253/3253 3317/3317
f 3252/3252 3317/3317 3316/3316
f 3253/3253 3254/3254 3318/3318
f 3253/3253 3318/3318 3317/3317
f 3254/3254 3255/3255 3319/3319
f 3254/3254 3319/3319 3318/3318
f 3255/3255 3256/3256 3320/3320
f 3255/3255 3320/3320 3319/3319
f 3256/3256 3257/3257 3321/3321
f 3256/3256 3321/3321 3320/3320
f 3257/3257 3258/3258 3322/3322
f 3257/3257 3322/3322 3321/3321
f 3258/3258 3259/3259 3323/3323
f 3258/3258 3323/3323 3322/3322
f 3259/3259 3260/3260 3324/3324
f 3259/3259 3324/3324 3323/3323
f 3260/3260 3261/3261 3325/3325
f 3260/3260 3325/3325 3324/3324
f 3261/3261 3262/3262 3326/3326
f 3261/3261 3326/3326 3325/3325
f 3262/3262 3263/3263 3327/3327
f 3262/3262 3327/3327 3326/3326
f 3263/3263 3264/3264 3328/3328
f 3263/3263 3328/3328 3327/3327
f 3265/3265 3266/3266 3330/3330
f 3265/3265 3330/3330 3329/3329
f 3266/3266 3267/3267 3331/3331
f 3266/3266 3331/3331 3330/3330
f 3267/3267 3268/3268 3332/3332
f 3267/3267 3332/3332 3331/3331
f 3268/3268 3269/3269 3333/3333
f 3268/3268 3333/3333 3332/3332
f 3269/3269 3270/3270 3334/3334
f 3269/3269 3334/3334 3333/3333
f 3270/3270 3271/3271 3335/3335
f 3270/3270 3335/3335 3334/3334
f 3271/3271 3272/3272 3336/3336
f 3271/3271 3336/3336 3335/3335
f 3272/3272 3273/3273 3337/3337
f 3272/3272 3337/3337 3336/3336
f 3273/3273 3274/3274 3338/3338
f 3273/3273 3338/3338 3337/3337
f 3274/3274 3275/3275 3339/3339
f 3274/3274 3339/3339 3338/3338
f 3275/3275 3276/3276 3340/3340
f 3275/3275 3340/3340 3339/3339
f 3276/3276 3277/3277 3341/3341
f 3276/3276 3341/3341 3340/3340
f 3277/3277 3278/3278 3342/3342
f 3277/3277 3342/3342 3341/3341
f 3278/3278 3279/3279 3343/3343
f 3278/3278 3343/3343 3342/3342
f 3279/3279 3280/3280 3344/3344
f 3279/3279 3344/3344 3343/3343
f 3280/3280 3281/3281 3345/3345
f 3280/3280 3345/3345 3344/3344
f 3281/3281 3282/3282 3346/3346
f 3281/3281 3346/3346 3345/3345
f 3282/3282 3283/3283 3347/3347
f 3282/3282 3347/3347 3346/3346
f 3283/3283 3284/3284 3348/3348
f 3283/3283 3348/3348 3347/3347
f 3284/3284 3285/3285 3349/3349
f 3284/3284 3349/3349 3348/3348
f 3285/3285 3286/3286 3350/3350
f 3285/3285 3350/3350 3349/3349
f 3286/3286 3287/3287 3351/3351
f 3286/3286 3351/3351 3350/3350
f 3287/3287 3288/3288 3352/3352
f 3287/3287 3352/3352 3351/3351
f 3288/3288 3289/3289 3353/3353
f 3288/3288 3353/3353 3352/3352
f 3289/3289 3290/3290 3354/3354
f 3289/3289 3354/3354 3353/3353
f 3290/3290 3291/3291 3355/3355
f 3290/3290 3355/3355 3354/3354
f 3291/3291 3292/3292 3356/3356
f 3291/3291 3356/3356 3355/3355
f 3292/3292 3293/3293 3357/3357
f 3292/3292 3357/3357 3356/3356
f 3293/3293 3294/3294 3358/3358
f 3293/3293 3358/3358 3357/3357
f 3294/3294 3295/3295 3359/3359
f 3294/3294 3359/3359 3358/3358
f 3295/3295 3296/3296 3360/3360
f 3295/3295 3360/3360 3359/3359
f 3296/3296 3297/3297 3361/3361
f 3296/3296 3361/3361 3360/3360
f 3297/3297 3298/3298 3362/3362
f 3297/3297 3362/3362 3361/3361
f 3298/3298 3299/3299 3363/3363
f 3298/3298 3363/3363 3362/3362
f 3299/3299 3300/3300 3364/3364
f 3299/3299 3364/3364 3363/3363
f 3300/3300 3301/3301 3365/3365
f 3300/3300 3365/3365 3364/3364
f 3301/3301 3302/3302 3366/3366
f 3301/3301 3366/3366 3365/3365
f 3302/3302 3303/3303 3367/3367
f 3302/3302 3367/3367 3366/3366
f 3303/3303 3304/3304 3368/3368
f 3303/3303 3368/3368 3367/3367
f 3304/3304 3305/3305 3369/3369
f 3304/3304 3369/3369 3368/3368
f 3305/3305 3306/3306 3370/3370
f 3305/3305 3370/3370 3369/3369
f 3306/3306 3307/3307 3371/3371
f 3306/3306 3371/3371 3370/3370
f 3307/3307 3308/3308 3372/3372
f 3307/3307 3372/3372 3371/3371
f 3308/3308 3309/3309 3373/3373
f 3308/3308 3373/3373 3372/3372
f 3309/3309 3310/3310 3374/3374
f 3309/3309 3374/3374 3373/3373
f 3310/3310 3311/3311 3375/3375
f 3310/3310 3375/3375 3374/3374
f 3311/3311 3312/3312 3376/3376
f 3311/3311 3376/3376 3375/3375
f 3312/3312 3313/3313 3377/3377
f 3312/3312 3377/3377 3376/3376
f 3313/3313 3314/3314 3378/3378
f 3313/3313 3378/3378 3377/3377
f 3314/3314 3315/3315 3379/3379
f 3314/3314 3379/3379 3378/3378
f 3315/3315 3316/3316 3380/3380
f 3315/3315 3380/3380 3379/3379
f 3316/3316 3317/3317 3381/3381
f 3316/3316 3381/3381 3380/3380
f 3317/3317 3318/3318 3382/3382
f 3317/3317 3382/3382 3381/3381
f 3318/3318 3319/3319 3383/3383
f 3318/3318 3383/3383 3382/3382
f 3319/3319 3320/3320 3384/3384
f 3319/3319 3384/3384 3383/3383
f 3320/3320 3321/3321 3385/3385
f 3320/3320 3385/3385 3384/3384
f 3321/3321 3322/3322 3386/3386
f 3321/3321 3386/3386 3385/3385
f 3322/3322 3323/3323 3387/3387
f 3322/3322 3387/3387 3386/3386
f 3323/3323 3324/3324 3388/3388
f 3323/3323 3388/3388 3387/3387
f 3324/3324 3325/3325 3389/3389
f 3324/3324 3389/3389 3388/3388
f 3325/3325 3326/3326 3390/3390
f 3325/3325 3390/3390 3389/3389
f 3326/3326 3327/3327 3391/3391
f 3326/3326 3391/3391 3390/3390
f 3327/3327 3328/3328 3392/3392
f 3327/3327 3392/3392 3391/3391
f 3329/3329 3330/3330 3394/3394
f 3329/3329 3394/3394 3393/3393
f 3330/3330 3331/3331 3395/3395
f 3330/3330 3395/3395 3394/3394
f 3331/3331 3332/3332 3396/3396
f 3331/3331 3396/3396 3395/3395
f 3332/3332 3333/3333 3397/3397
f 3332/3332 3397/3397 3396/3396
f 3333/3333 3334/3334 3398/3398
f 3333/3333 3398/3398 3397/3397
f 3334/3334 3335/3335 3399/3399
f 3334/3334 3399/3399 3398/3398
f 3335/3335 3336/3336 3400/3400
f 3335/3335 3400/3400 3399/3399
f 3336/3336 3337/3337 3401/3401
f 3336/3336 3401/3401 3400/3400
f 3337/3337 3338/3338 3402/3402
f 3337/3337 3402/3402 3401/3401
f 3338/3338 3339/3339 3403/3403
f 3338/3338 3403/3403 3402/3402
f 3339/3339 3340/3340 3404/3404
f 3339/3339 3404/3404 3403/3403
f 3340/3340 3341/3341 3405/3405
f 3340/3340 3405/3405 3404/3404
f 3341/3341 3342/3342 3406/3406
f 3341/3341 3406/3406 3405/3405
f 3342/3342 3343/3343 3407/3407
f 3342/3342 3407/3407 3406/3406
f 3343/3343 3344/3344 3408/3408
f 3343/3343 3408/3408 3407/3407
f 3344/3344 3345/3345 3409/3409
f 3344/3344 3409/3409 3408/3408
f 3345/3345 3346/3346 3410/3410
f 3345/3345 3410/3410 3409/3409
f 3346/3346 3347/3347 3411/3411
f 3346/3346 3411/3411 3410/3410
f 3347/3347 3348/3348 3412/3412
f 3347/3347 3412/3412 3411/3411
f 3348/3348 3349/3349 3413/3413
f 3348/3348 3413/3413 3412/3412
f 3349/3349 3350/3350 3414/3414
f 3349/3349 3414/3414 3413/3413
f 3350/3350 3351/3351 3415/3415
f 3350/3350 3415/3415 3414/3414
f 3351/3351 3352/3352 3416/3416
f 3351/3351 3416/3416 3415/3415
f 3352/3352 3353/3353 3417/3417
f 3352/3352 3417/3417 3416/3416
f 3353/3353 3354/3354 3418/3418
f 3353/3353 3418/3418 3417/3417
f 3354/3354 3355/3355 3419/3419
f 3354/3354 3419/3419 3418/3418
f 3355/3355 3356/3356 3420/3420
f 3355/3355 3420/3420 3419/3419
f 3356/3356 3357/3357 3421/3421
f 3356/3356 3421/3421 3420/3420
f 3357/3357 3358/3358 3422/3422
f 3357/3357 3422/3422 3421/3421
f 3358/3358 3359/3359 3423/3423
f 3358/3358 3423/3423 3422/3422
f 3359/3359 3360/3360 3424/3424
f 3359/3359 3424/3424 3423/3423
f 3360/3360 3361/3361 3425/3425
f 3360/3360 3425/3425 3424/3424
f 3361/3361 3362/3362 3426/3426
f 3361/3361 3426/3426 3425/3425
f 3362/3362 3363/3363 3427/3427
f 3362/3362 3427/3427 3426/3426
f 3363/3363 3364/3364 3428/3428
f 3363/3363 3428/3428 3427/3427
f 3364/3364 3365/3365 3429/3429
f 3364/3364 3429/3429 3428/3428
f 3365/3365 3366/3366 3430/3430
f 3365/3365 3430/3430 3429/3429
f 3366/3366 3367/3367 3431/3431
f 3366/3366 3431/3431 3430/3430
f 3367/3367 3368/3368 3432/3432
f 3367/3367 3432/3432 3431/3431
f 3368/3368 3369/3369 3433/3433
f 3368/3368 3433/3433 3432/3432
f 3369/3369 3370/3370 3434/3434
f 3369/3369 3434/3434 3433/3433
f 3370/3370 3371/3371 3435/3435
f 3370/3370 3435/3435 3434/3434
f 3371/3371 3372/3372 3436/3436
f 3371/3371 3436/3436 3435/3435
f 3372/3372 3373/3373 3437/3437
f 3372/3372 3437/3437 3436/3436
f 3373/3373 3374/3374 3438/3438
f 3373/3373 3438/3438 3437/3437
f 3374/3374 3375/3375 3439/3439
f 3374/3374 3439/3439 3438/3438
f 3375/3375 3376/3376 3440/3440
f 3375/3375 3440/3440 3439/3439
f 3376/3376 3377/3377 3441/3441
f 3376/3376 3441/3441 3440/3440
f 3377/3377 3378/3378 3442/3442
f 3377/3377 3442/3442 3441/3441
f 3378/3378 3379/3379 3443/3443
f 3378/3378 3443/3443 3442/3442
f 3379/3379 3380/3380 3444/3444
f 3379/3379 3444/3444 3443/3443
f 3380/3380 3381/3381 3445/3445
f 3380/3380 3445/3445 3444/3444
f 3381/3381 3382/3382 3446/3446
f 3381/3381 3446/3446 3445/3445
f 3382/3382 3383/3383 3447/3447
f 3382/3382 3447/3447 3446/3446
f 3383/3383 3384/3384 3448/3448
f 3383/3383 3448/3448 3447/3447
f 3384/3384 3385/3385 3449/3449
f 3384/3384 3449/3449 3448/3448
f 3385/3385 3386/3386 3450/3450
f 3385/3385 3450/3450 3449/3449
f 3386/3386 3387/3387 3451/3451
f 3386/3386 3451/3451 3450/3450
f 3387/3387 3388/3388 3452/3452
f 3387/3387 3452/3452 3451/3451
f 3388/3388 3389/3389 3453/3453
f 3388/3388 3453/3453 3452/3452
f 3389/3389 3390/3390 3454/3454
f 3389/3389 3454/3454 3453/3453
f 3390/3390 3391/3391 3455/3455
f 3390/3390 3455/3455 3454/3454
f 3391/3391 3392/3392 3456/3456
f 3391/3391 3456/3456 3455/3455
f 3393/3393 3394/3394 3458/3458
f 3393/3393 3458/3458 3457/3457
f 3394/3394 3395/3395 3459/3459
f 3394/3394 3459/3459 3458/3458
f 3395/3395 3396/3396 3460/3460
f 3395/3395 3460/3460 3459/3459
f 3396/3396 3397/3397 3461/3461
f 3396/3396 3461/3461 3460/3460
f 3397/3397 3398/3398 3462/3462
f 3397/3397 3462/3462 3461/3461
f 3398/3398 3399/3399 3463/3463
f 3398/3398 3463/3463 3462/3462
f 3399/3399 3400/3400 3464/3464
f 3399/3399 3464/3464 3463/3463
f 3400/3400 3401/3401 3465/3465
f 3400/3400 3465/3465 3464/3464
f 3401/3401 3402/3402 3466/3466
f 3401/3401 3466/3466 3465/3465
f 3402/3402 3403/3403 3467/3467
f 3402/3402 3467/3467 3466/3466
f 3403/3403 3404/3404 3468/3468
f 3403/3403 3468/3468 3467/3467
f 3404/3404 3405/3405 3469/3469
f 3404/3404 3469/3469 3468/3468
f 3405/3405 3406/3406 3470/3470
f 3405/3405 3470/3470 3469/3469
f 3406/3406 3407/3407 3471/3471
f 3406/3406 3471/3471 3470/3470
f 3407/3407 3408/3408 3472/3472
f 3407/3407 3472/3472 3471/3471
f 3408/3408 3409/3409 3473/3473
f 3408/3408 3473/3473 3472/3472
f 3409/3409 3410/3410 3474/3474
f 3409/3409 3474/3474 3473/3473
f 3410/3410 3411/3411 3475/3475
f 3410/3410 3475/3475 3474/3474
f 3411/3411 3412/3412 3476/3476
f 3411/3411 3476/3476 3475/3475
f 3412/3412 3413/3413 3477/3477
f 3412/3412 3477/3477 3476/3476
f 3413/3413 3414/3414 3478/3478
f 3413/3413 3478/3478 3477/3477
f 3414/3414 3415/3415 3479/3479
f 3414/3414 3479/3479 3478/3478
f 3415/3415 3416/3416 3480/3480
f 3415/3415 3480/3480 3479/3479
f 3416/3416 3417/3417 3481/3481
f 3416/3416 3481/3481 3480/3480
f 3417/3417 3418/3418 3482/3482
f 3417/3417 3482/3482 3481/3481
f 3418/3418 3419/3419 3483/3483
f 3418/3418 3483/3483 3482/3482
f 3419/3419 3420/3420 3484/3484
f 3419/3419 3484/3484 3483/3483
f 3420/3420 3421/3421 3485/3485
f 3420/3420 3485/3485 3484/3484
f 3421/3421 3422/3422 3486/3486
f 3421/3421 3486/3486 3485/3485
f 3422/3422 3423/3423 3487/3487
f 3422/3422 3487/3487 3486/3486
f 3423/3423 3424/3424 3488/3488
f 3423/3423 3488/3488 3487/3487
f 3424/3424 3425/3425 3489/3489
f 3424/3424 3489/3489 3488/3488
f 3425/3425 3426/3426 3490/3490
f 3425/3425 3490/3490 3489/3489
f 3426/3426 3427/3427 3491/3491
f 3426/3426 3491/3491 3490/3490
f 3427/3427 3428/3428 3492/3492
f 3427/3427 3492/3492 3491/3491
f 3428/3428 3429/3429 3493/3493
f 3428/3428 3493/3493 3492/3492
f 3429/3429 3430/3430 3494/3494
f 3429/3429 3494/3494 3493/3493
f 3430/3430 3431/3431 3495/3495
f 3430/3430 3495/3495 3494/3494
f 3431/3431 3432/3432 3496/3496
f 3431/3431 3496/3496 3495/3495
f 3432/3432 3433/3433 3497/3497
f 3432/3432 3497/3497 3496/3496
f 3433/3433 3434/3434 3498/3498
f 3433/3433 3498/3498 3497/3497
f 3434/3434 3435/3435 3499/3499
f 3434/3434 3499/3499 3498/3498
f 3435/3435 3436/3436 3500/3500
f 3435/3435 3500/3500 3499/3499
f 3436/3436 3437/3437 3501/3501
f 3436/3436 3501/3501 3500/3500
f 3437/3437 3438/3438 3502/3502
f 3437/3437 3502/3502 3501/3501
f 3438/3438 3439/3439 3503/3503
f 3438/3438 3503/3503 3502/3502
f 3439/3439 3440/3440 3504/3504
f 3439/3439 3504/3504 3503/3503
f 3440/3440 3441/3441 3505/3505
f 3440/3440 3505/3505 3504/3504
f 3441/3441 3442/3442 3506/3506
f 3441/3441 3506/3506 3505/3505
f 3442/3442 3443/3443 3507/3507
f 3442/3442 3507/3507 3506/3506
f 3443/3443 3444/3444 3508/3508
f 3443/3443 3508/3508 3507/3507
f 3444/3444 3445/3445 3509/3509
f 3444/3444 3509/3509 3508/3508
f 3445/3445 3446/3446 3510/3510
f 3445/3445 3510/3510 3509/3509
f 3446/3446 3447/3447 3511/3511
f 3446/3446 3511/3511 3510/3510
f 3447/3447 3448/3448 3512/3512
f 3447/3447 3512/3512 3511/3511
f 3448/3448 3449/3449 3513/3513
f 3448/3448 3513/3513 3512/3512
f 3449/3449 3450/3450 3514/3514
f 3449/3449 3514/3514 3513/3513
f 3450/3450 3451/3451 3515/3515
f 3450/3450 3515/3515 3514/3514
f 3451/3451 3452/3452 3516/3516
f 3451/3451 3516/3516 3515/3515
f 3452/3452 3453/3453 3517/3517
f 3452/3452 3517/3517 3516/3516
f 3453/3453 3454/3454 3518/3518
f 3453/3453 3518/3518 3517/3517
f 3454/3454 3455/3455 3519/3519
f 3454/3454 3519/3519 3518/3518
f 3455/3455 3456/3456 3520/3520
f 3455/3455 3520/3520 3519/3519
f 3457/3457 3458/3458 3522/3522
f 3457/3457 3522/3522 3521/3521
f 3458/3458 3459/3459 3523/3523
f 3458/3458 3523/3523 3522/3522
f 3459/3459 3460/3460 3524/3524
f 3459/3459 3524/3524 3523/3523
f 3460/3460 3461/3461 3525/3525
f 3460/3460 3525/3525 3524/3524
f 3461/3461 3462/3462 3526/3526
f 3461/3461 3526/3526 3525/3525
f 3462/3462 3463/3463 3527/3527
f 3462/3462 3527/3527 3526/3526
f 3463/3463 3464/3464 3528/3528
f 3463/3463 3528/3528 3527/3527
f 3464/3464 3465/3465 3529/3529
f 3464/3464 3529/3529 3528/3528
f 3465/3465 3466/3466 3530/3530
f 3465/3465 3530/3530 3529/3529
f 3466/3466 3467/3467 3531/3531
f 3466/3466 3531/3531 3530/3530
f 3467/3467 3468/3468 3532/3532
f 3467/3467 3532/3532 3531/3531
f 3468/3468 3469/3469 3533/3533
f 3468/3468 3533/3533 3532/3532
f 3469/3469 3470/3470 3534/3534
f 3469/3469 3534/3534 3533/3533
f 3470/3470 3471/3471 3535/3535
f 3470/3470 3535/3535 3534/3534
f 3471/3471 3472/3472 3536/3536
f 3471/3471 3536/3536 3535/3535
f 3472/3472 3473/3473 3537/3537
f 3472/3472 3537/3537 3536/3536
f 3473/3473 3474/3474 3538/3538
f 3473/3473 3538/3538 3537/3537
f 3474/3474 3475/3475 3539/3539
f 3474/3474 3539/3539 3538/3538
f 3475/3475 3476/3476 3540/3540
f 3475/3475 3540/3540 3539/3539
f 3476/3476 3477/3477 3541/3541
f 3476/3476 3541/3541 3540/3540
f 3477/3477 3478/3478 3542/3542
f 3477/3477 3542/3542 3541/3541
f 3478/3478 3479/3479 3543/3543
f 3478/3478 3543/3543 3542/3542
f 3479/3479 3480/3480 3544/3544
f 3479/3479 3544/3544 3543/3543
f 3480/3480 3481/3481 3545/3545
f 3480/3480 3545/3545 3544/3544
f 3481/3481 3482/3482 3546/3546
f 3481/3481 3546/3546 3545/3545
f 3482/3482 3483/3483 3547/3547
f 3482/3482 3547/3547 3546/3546
f 3483/3483 3484/3484 3548/3548
f 3483/3483 3548/3548 3547/3547
f 3484/3484 3485/3485 3549/3549
f 3484/3484 3549/3549 3548/3548
f 3485/3485 3486/3486 3550/3550
f 3485/3485 3550/3550 3549/3549
f 3486/3486 3487/3487 3551/3551
f 3486/3486 3551/3551 3550/3550
f 3487/3487 3488/3488 3552/3552
f 3487/3487 3552/3552 3551/3551
f 3488/3488 3489/3489 3553/3553
f 3488/3488 3553/3553 3552/3552
f 3489/3489 3490/3490 3554/3554
f 3489/3489 3554/3554 3553/3553
f 3490/3490 3491/3491 3555/3555
f 3490/3490 3555/3555 3554/3554
f 3491/3491 3492/3492 3556/3556
f 3491/3491 3556/3556 3555/3555
f 3492/3492 3493/3493 3557/3557
f 3492/3492 3557/3557 3556/3556
f 3493/3493 3494/3494 3558/3558
f 3493/3493 3558/3558 3557/3557
f 3494/3494 3495/3495 3559/3559
f 3494/3494 3559/3559 3558/3558
f 3495/3495 3496/3496 3560/3560
f 3495/3495 3560/3560 3559/3559
f 3496/3496 3497/3497 3561/3561
f 3496/3496 3561/3561 3560/3560
f 3497/3497 3498/3498 3562/3562
f 3497/3497 3562/3562 3561/3561
f 3498/3498 3499/3499 3563/3563
f 3498/3498 3563/3563 3562/3562
f 3499/3499 3500/3500 3564/3564
f 3499/3499 3564/3564 3563/3563
f 3500/3500 3501/3501 3565/3565
f 3500/3500 3565/3565 3564/3564
f 3501/3501 3502/3502 3566/3566
f 3501/3501 3566/3566 3565/3565
f 3502/3502 3503/3503 3567/3567
f 3502/3502 3567/3567 3566/3566
f 3503/3503 3504/3504 3568/3568
f 3503/3503 3568/3568 3567/3567
f 3504/3504 3505/3505 3569/3569
f 3504/3504 3569/3569 3568/3568
f 3505/3505 3506/3506 3570/3570
f 3505/3505 3570/3570 3569/3569
f 3506/3506 3507/3507 3571/3571
f 3506/3506 3571/3571 3570/3570
f 3507/3507 3508/3508 3572/3572
f 3507/3507 3572/3572 3571/3571
f 3508/3508 3509/3509 3573/3573
f 3508/3508 3573/3573 3572/3572
f 3509/3509 3510/3510 3574/3574
f 3509/3509 3574/3574 3573/3573
f 3510/3510 3511/3511 3575/3575
f 3510/3510 3575/3575 3574/3574
f 3511/3511 3512/3512 3576/3576
f 3511/3511 3576/3576 3575/3575
f 3512/3512 3513/3513 3577/3577
f 3512/3512 3577/3577 3576/3576
f 3513/3513 3514/3514 3578/3578
f 3513/3513 3578/3578 3577/3577
f 3514/3514 3515/3515 3579/3579
f 3514/3514 3579/3579 3578/3578
f 3515/3515 3516/3516 3580/3580
f 3515/3515 3580/3580 3579/3579
f 3516/3516 3517/3517 3581/3581
f 3516/3516 3581/3581 3580/3580
f 3517/3517 3518/3518 3582/3582
f 3517/3517 3582/3582 3581/3581
f 3518/3518 3519/3519 3583/3583
f 3518/3518 3583/3583 3582/3582
f 3519/3519 3520/3520 3584/3584
f 3519/3519 3584/3584 3583/3583
f 3521/3521 3522/3522 3586/3586
f 3521/3521 3586/3586 3585/3585
f 3522/3522 3523/3523 3587/3587
f 3522/3522 3587/3587 3586/3586
f 3523/3523 3524/3524 3588/3588
f 3523/3523 3588/3588 3587/3587
f 3524/3524 3525/3525 3589/3589
f 3524/3524 3589/3589 3588/3588
f 3525/3525 3526/3526 3590/3590
f 3525/3525 3590/3590 3589/3589
f 3526/3526 3527/3527 3591/3591
f 3526/3526 3591/3591 3590/3590
f 3527/3527 3528/3528 3592/3592
f 3527/3527 3592/3592 3591/3591
f 3528/3528 3529/3529 3593/3593
f 3528/3528 3593/3593 3592/3592
f 3529/3529 3530/3530 3594/3594
f 3529/3529 3594/3594 3593/3593
f 3530/3530 3531/3531 3595/3595
f 3530/3530 3595/3595 3594/3594
f 3531/3531 3532/3532 3596/3596
f 3531/3531 3596/3596 3595/3595
f 3532/3532 3533/3533 3597/3597
f 3532/3532 3597/3597 3596/3596
f 3533/3533 3534/3534 3598/3598
f 3533/3533 3598/3598 3597/3597
f 3534/3534 3535/3535 3599/3599
f 3534/3534 3599/3599 3598/3598
f 3535/3535 3536/3536 3600/3600
f 3535/3535 3600/3600 3599/3599
f 3536/3536 3537/3537 3601/3601
f 3536/3536 3601/3601 3600/3600
f 3537/3537 3538/3538 3602/3602
f 3537/3537 3602/3602 3601/3601
f 3538/3538 3539/3539 3603/3603
f 3538/3538 3603/3603 3602/3602
f 3539/3539 3540/3540 3604/3604
f 3539/3539 3604/3604 3603/3603
f 3540/3540 3541/3541 3605/3605
f 3540/3540 3605/3605 3604/3604
f 3541/3541 3542/3542 3606/3606
f 3541/3541 3606/3606 3605/3605
f 3542/3542 3543/3543 3607/3607
f 3542/3542 3607/3607 3606/3606
f 3543/3543 3544/3544 3608/3608
f 3543/3543 3608/3608 3607/3607
f 3544/3544 3545/3545 3609/3609
f 3544/3544 3609/3609 3608/3608
f 3545/3545 3546/3546 3610/3610
f 3545/3545 3610/3610 3609/3609
f 3546/3546 3547/3547 3611/3611
f 3546/3546 3611/3611 3610/3610
f 3547/3547 3548/3548 3612/3612
f 3547/3547 3612/3612 3611/3611
f 3548/3548 3549/3549 3613/3613
f 3548/3548 3613/3613 3612/3612
f 3549/3549 3550/3550 3614/3614
f 3549/3549 3614/3614 3613/3613
f 3550/3550 3551/3551 3615/3615
f 3550/3550 3615/3615 3614/3614
f 3551/3551 3552/3552 3616/3616
f 3551/3551 3616/3616 3615/3615
f 3552/3552 3553/3553 3617/3617
f 3552/3552 3617/3617 3616/3616
f 3553/3553 3554/3554 3618/3618
f 3553/3553 3618/3618 3617/3617
f 3554/3554 3555/3555 3619/3619
f 3554/3554 3619/3619 3618/3618
f 3555/3555 3556/3556 3620/3620
f 3555/3555 3620/3620 3619/3619
f 3556/3556 3557/3557 3621/3621
f 3556/3556 3621/3621 3620/3620
f 3557/3557 3558/3558 3622/3622
f 3557/3557 3622/3622 3621/3621
f 3558/3558 3559/3559 3623/3623
f 3558/3558 3623/3623 3622/3622
f 3559/3559 3560/3560 3624/3624
f 3559/3559 3624/3624 3623/3623
f 3560/3560 3561/3561 3625/3625
f 3560/3560 3625/3625 3624/3624
f 3561/3561 3562/3562 3626/3626
f 3561/3561 3626/3626 3625/3625
f 3562/3562 3563/3563 3627/3627
f 3562/3562 3627/3627 3626/3626
f 3563/3563 3564/3564 3628/3628
f 3563/3563 3628/3628 3627/3627
f 3564/3564 3565/3565 3629/3629
f 3564/3564 3629/3629 3628/3628
f 3565/3565 3566/3566 3630/3630
f 3565/3565 3630/3630 3629/3629
f 3566/3566 3567/3567 3631/3631
f 3566/3566 3631/3631 3630/3630
f 3567/3567 3568/3568 3632/3632
f 3567/3567 3632/3632 3631/3631
f 3568/3568 3569/3569 3633/3633
f 3568/3568 3633/3633 3632/3632
f 3569/3569 3570/3570 3634/3634
f 3569/3569 3634/3634 3633/3633
f 3570/3570 3571/3571 3635/3635
f 3570/3570 3635/3635 3634/3634
f 3571/3571 3572/3572 3636/3636
f 3571/3571 3636/3636 3635/3635
f 3572/3572 3573/3573 3637/3637
f 3572/3572 3637/3637 3636/3636
f 3573/3573 3574/3574 3638/3638
f 3573/3573 3638/3638 3637/3637
f 3574/3574 3575/3575 3639/3639
f 3574/3574 3639/3639 3638/3638
f 3575/3575 3576/3576 3640/3640
f 3575/3575 3640/3640 3639/3639
f 3576/3576 3577/3577 3641/3641
f 3576/3576 3641/3641 3640/3640
f 3577/3577 3578/3578 3642/3642
f 3577/3577 3642/3642 3641/3641
f 3578/3578 3579/3579 3643/3643
f 3578/3578 3643/3643 3642/3642
f 3579/3579 3580/3580 3644/3644
f 3579/3579 3644/3644 3643/3643
f 3580/3580 3581/3581 3645/3645
f 3580/3580 3645/3645 3644/3644
f 3581/3581 3582/3582 3646/3646
f 3581/3581 3646/3646 3645/3645
f 3582/3582 3583/3583 3647/3647
f 3582/3582 3647/3647 3646/3646
f 3583/3583 3584/3584 3648/3648
f 3583/3583 3648/3648 3647/3647
f 3585/3585 3586/3586 3650/3650
f 3585/3585 3650/3650 3649/3649
f 3586/3586 3587/3587 3651/3651
f 3586/3586 3651/3651 3650/3650
f 3587/3587 3588/3588 3652/3652
f 3587/3587 3652/3652 3651/3651
f 3588/3588 3589/3589 3653/3653
f 3588/3588 3653/3653 3652/3652
f 3589/3589 3590/3590 3654/3654
f 3589/3589 3654/3654 3653/3653
f 3590/3590 3591/3591 3655/3655
f 3590/3590 3655/3655 3654/3654
f 3591/3591 3592/3592 3656/3656
f 3591/3591 3656/3656 3655/3655
f 3592/3592 3593/3593 3657/3657
f 3592/3592 3657/3657 3656/3656
f 3593/3593 3594/3594 3658/3658
f 3593/3593 3658/3658 3657/3657
f 3594/3594 3595/3595 3659/3659
f 3594/3594 3659/3659 3658/3658
f 3595/3595 3596/3596 3660/3660
f 3595/3595 3660/3660 3659/3659
f 3596/3596 3597/3597 3661/3661
f 3596/3596 3661/3661 3660/3660
f 3597/3597 3598/3598 3662/3662
f 3597/3597 3662/3662 3661/3661
f 3598/3598 3599/3599 3663/3663
f 3598/3598 3663/3663 3662/3662
f 3599/3599 3600/3600 3664/3664
f 3599/3599 3664/3664 3663/3663
f 3600/3600 3601/3601 3665/3665
f 3600/3600 3665/3665 3664/3664
f 3601/3601 3602/3602 3666/3666
f 3601/3601 3666/3666 3665/3665
f 3602/3602 3603/3603 3667/3667
f 3602/3602 3667/3667 3666/3666
f 3603/3603 3604/3604 3668/3668
f 3603/3603 3668/3668 3667/3667
f 3604/3604 3605/3605 3669/3669
f 3604/3604 3669/3669 3668/3668
f 3605/3605 3606/3606 3670/3670
f 3605/3605 3670/3670 3669/3669
f 3606/3606 3607/3607 3671/3671
f 3606/3606 3671/3671 3670/3670
f 3607/3607 3608/3608 3672/3672
f 3607/3607 3672/3672 3671/3671
f 3608/3608 3609/3609 3673/3673
f 3608/3608 3673/3673 3672/3672
f 3609/3609 3610/3610 3674/3674
f 3609/3609 3674/3674 3673/3673
f 3610/3610 3611/3611 3675/3675
f 3610/3610 3675/3675 3674/3674
f 3611/3611 3612/3612 3676/3676
f 3611/3611 3676/3676 3675/3675
f 3612/3612 3613/3613 3677/3677
f 3612/3612 3677/3677 3676/3676
f 3613/3613 3614/3614 3678/3678
f 3613/3613 3678/3678 3677/3677
f 3614/3614 3615/3615 3679/3679
f 3614/3614 3679/3679 3678/3678
f 3615/3615 3616/3616 3680/3680
f 3615/3615 3680/3680 3679/3679
f 3616/3616 3617/3617 3681/3681
f 3616/3616 3681/3681 3680/3680
f 3617/3617 3618/3618 3682/3682
f 3617/3617 3682/3682 3681/3681
f 3618/3618 3619/3619 3683/3683
f 3618/3618 3683/3683 3682/3682
f 3619/3619 3620/3620 3684/3684
f 3619/3619 3684/3684 3683/3683
f 3620/3620 3621/3621 3685/3685
f 3620/3620 3685/3685 3684/3684
f 3621/3621 3622/3622 3686/3686
f 3621/3621 3686/3686 3685/3685
f 3622/3622 3623/3623 3687/3687
f 3622/3622 3687/3687 3686/3686
f 3623/3623 3624/3624 3688/3688
f 3623/3623 3688/3688 3687/3687
f 3624/3624 3625/3625 3689/3689
f 3624/3624 3689/3689 3688/3688
f 3625/3625 3626/3626 3690/3690
f 3625/3625 3690/3690 3689/3689
f 3626/3626 3627/3627 3691/3691
f 3626/3626 3691/3691 3690/3690
f 3627/3627 3628/3628 3692/3692
f 3627/3627 3692/3692 3691/3691
f 3628/3628 3629/3629 3693/3693
f 3628/3628 3693/3693 3692/3692
f 3629/3629 3630/3630 3694/3694
f 3629/3629 3694/3694 3693/3693
f 3630/3630 3631/3631 3695/3695
f 3630/3630 3695/3695 3694/3694
f 3631/3631 3632/3632 3696/3696
f 3631/3631 3696/3696 3695/3695
f 3632/3632 3633/3633 3697/3697
f 3632/3632 3697/3697 3696/3696
f 3633/3633 3634/3634 3698/3698
f 3633/3633 3698/3698 3697/3697
f 3634/3634 3635/3635 3699/3699
f 3634/3634 3699/3699 3698/3698
f 3635/3635 3636/3636 3700/3700
f 3635/3635 3700/3700 3699/3699
f 3636/3636 3637/3637 3701/3701
f 3636/3636 3701/3701 3700/3700
f 3637/3637 3638/3638 3702/3702
f 3637/3637 3702/3702 3701/3701
f 3638/3638 3639/3639 3703/3703
f 3638/3638 3703/3703 3702/3702
f 3639/3639 3640/3640 3704/3704
f 3639/3639 3704/3704 3703/3703
f 3640/3640 3641/3641 3705/3705
f 3640/3640 3705/3705 3704/3704
f 3641/3641 3642/3642 3706/3706
f 3641/3641 3706/3706 3705/3705
f 3642/3642 3643/3643 3707/3707
f 3642/3642 3707/3707 3706/3706
f 3643/3643 3644/3644 3708/3708
f 3643/3643 3708/3708 3707/3707
f 3644/3644 3645/3645 3709/3709
f 3644/3644 3709/3709 3708/3708
f 3645/3645 3646/3646 3710/3710
f 3645/3645 3710/3710 3709/3709
f 3646/3646 3647/3647 3711/3711
f 3646/3646 3711/3711 3710/3710
f 3647/3647 3648/3648 3712/3712
f 3647/3647 3712/3712 3711/3711
f 3649/3649 3650/3650 3714/3714
f 3649/3649 3714/3714 3713/3713
f 3650/3650 3651/3651 3715/3715
f 3650/3650 3715/3715 3714/3714
f 3651/3651 3652/3652 3716/3716
f 3651/3651 3716/3716 3715/3715
f 3652/3652 3653/3653 3717/3717
f 3652/3652 3717/3717 3716/3716
f 3653/3653 3654/3654 3718/3718
f 3653/3653 3718/3718 3717/3717
f 3654/3654 3655/3655 3719/3719
f 3654/3654 3719/3719 3718/3718
f 3655/3655 3656/3656 3720/3720
f 3655/3655 3720/3720 3719/3719
f 3656/3656 3657/3657 3721/3721
f 3656/3656 3721/3721 3720/3720
f 3657/3657 3658/3658 3722/3722
f 3657/3657 3722/3722 3721/3721
f 3658/3658 3659/3659 3723/3723
f 3658/3658 3723/3723 3722/3722
f 3659/3659 3660/3660 3724/3724
f 3659/3659 3724/3724 3723/3723
f 3660/3660 3661/3661 3725/3725
f 3660/3660 3725/3725 3724/3724
f 3661/3661 3662/3662 3726/3726
f 3661/3661 3726/3726 3725/3725
f 3662/3662 3663/3663 3727/3727
f 3662/3662 3727/3727 3726/3726
f 3663/3663 3664/3664 3728/3728
f 3663/3663 3728/3728 3727/3727
f 3664/3664 3665/3665 3729/3729
f 3664/3664 3729/3729 3728/3728
f 3665/3665 3666/3666 3730/3730
f 3665/3665 3730/3730 3729/3729
f 3666/3666 3667/3667 3731/3731
f 3666/3666 3731/3731 3730/3730
f 3667/3667 3668/3668 3732/3732
f 3667/3667 3732/3732 3731/3731
f 3668/3668 3669/3669 3733/3733
f 3668/3668 3733/3733 3732/3732
f 3669/3669 3670/3670 3734/3734
f 3669/3669 3734/3734 3733/3733
f 3670/3670 3671/3671 3735/3735
f 3670/3670 3735/3735 3734/3734
f 3671/3671 3672/3672 3736/3736
f 3671/3671 3736/3736 3735/3735
f 3672/3672 3673/3673 3737/3737
f 3672/3672 3737/3737 3736/3736
f 3673/3673 3674/3674 3738/3738
f 3673/3673 3738/3738 3737/3737
f 3674/3674 3675/3675 3739/3739
f 3674/3674 3739/3739 3738/3738
f 3675/3675 3676/3676 3740/3740
f 3675/3675 3740/3740 3739/3739
f 3676/3676 3677/3677 3741/3741
f 3676/3676 3741/3741 3740/3740
f 3677/3677 3678/3678 3742/3742
f 3677/3677 3742/3742 3741/3741
f 3678/3678 3679/3679 3743/3743
f 3678/3678 3743/3743 3742/3742
f 3679/3679 3680/3680 3744/3744
f 3679/3679 3744/3744 3743/3743
f 3680/3680 3681/3681 3745/3745
f 3680/3680 3745/3745 3744/3744
f 3681/3681 3682/3682 3746/3746
f 3681/3681 3746/3746 3745/3745
f 3682/3682 3683/3683 3747/3747
f 3682/3682 3747/3747 3746/3746
f 3683/3683 3684/3684 3748/3748
f 3683/3683 3748/3748 3747/3747
f 3684/3684 3685/3685 3749/3749
f 3684/3684 3749/3749 3748/3748
f 3685/3685 3686/3686 3750/3750
f 3685/3685 3750/3750 3749/3749
f 3686/3686 3687/3687 3751/3751
f 3686/3686 3751/3751 3750/3750
f 3687/3687 3688/3688 3752/3752
f 3687/3687 3752/3752 3751/3751
f 3688/3688 3689/3689 3753/3753
f 3688/3688 3753/3753 3752/3752
f 3689/3689 3690/3690 3754/3754
f 3689/3689 3754/3754 3753/3753
f 3690/3690 3691/3691 3755/3755
f 3690/3690 3755/3755 3754/3754
f 3691/3691 3692/3692 3756/3756
f 3691/3691 3756/3756 3755/3755
f 3692/3692 3693/3693 3757/3757
f 3692/3692 3757/3757 3756/3756
f 3693/3693 3694/3694 3758/3758
f 3693/3693 3758/3758 3757/3757
f 3694/3694 3695/3695 3759/3759
f 3694/3694 3759/3759 3758/3758
f 3695/3695 3696/3696 3760/3760
f 3695/3695 3760/3760 3759/3759
f 3696/3696 3697/3697 3761/3761
f 3696/3696 3761/3761 3760/3760
f 3697/3697 3698/3698 3762/3762
f 3697/3697 3762/3762 3761/3761
f 3698/3698 3699/3699 3763/3763
f 3698/3698 3763/3763 3762/3762
f 3699/3699 3700/3700 3764/3764
f 3699/3699 3764/3764 3763/3763
f 3700/3700 3701/3701 3765/3765
f 3700/3700 3765/3765 3764/3764
f 3701/3701 3702/3702 3766/3766
f 3701/3701 3766/3766 3765/3765
f 3702/3702 3703/3703 3767/3767
f 3702/3702 3767/3767 3766/3766
f 3703/3703 3704/3704 3768/3768
f 3703/3703 3768/3768 3767/3767
f 3704/3704 3705/3705 3769/3769
f 3704/3704 3769/3769 3768/3768
f 3705/3705 3706/3706 3770/3770
f 3705/3705 3770/3770 3769/3769
f 3706/3706 3707/3707 3771/3771
f 3706/3706 3771/3771 3770/3770
f 3707/3707 3708/3708 3772/3772
f 3707/3707 3772/3772 3771/3771
f 3708/3708 3709/3709 3773/3773
f 3708/3708 3773/3773 3772/3772
f 3709/3709 3710/3710 3774/3774
f 3709/3709 3774/3774 3773/3773
f 3710/3710 3711/3711 3775/3775
f 3710/3710 3775/3775 3774/3774
f 3711/3711 3712/3712 3776/3776
f 3711/3711 3776/3776 3775/3775
f 3713/3713 3714/3714 3778/3778
f 3713/3713 3778/3778 3777/3777
f 3714/3714 3715/3715 3779/3779
f 3714/3714 3779/3779 3778/3778
f 3715/3715 3716/3716 3780/3780
f 3715/3715 3780/3780 3779/3779
f 3716/3716 3717/3717 3781/3781
f 3716/3716 3781/3781 3780/3780
f 3717/3717 3718/3718 3782/3782
f 3717/3717 3782/3782 3781/3781
f 3718/3718 3719/3719 3783/3783
f 3718/3718 3783/3783 3782/3782
f 3719/3719 3720/3720 3784/3784
f 3719/3719 3784/3784 3783/3783
f 3720/3720 3721/3721 3785/3785
f 3720/3720 3785/3785 3784/3784
f 3721/3721 3722/3722 3786/3786
f 3721/3721 3786/3786 3785/3785
f 3722/3722 3723/3723 3787/3787
f 3722/3722 3787/3787 3786/3786
f 3723/3723 3724/3724 3788/3788
f 3723/3723 3788/3788 3787/3787
f 3724/3724 3725/3725 3789/3789
f 3724/3724 3789/3789 3788/3788
f 3725/3725 3726/3726 3790/3790
f 3725/3725 3790/3790 3789/3789
f 3726/3726 3727/3727 3791/3791
f 3726/3726 3791/3791 3790/3790
f 3727/3727 3728/3728 3792/3792
f 3727/3727 3792/3792 3791/3791
f 3728/3728 3729/3729 3793/3793
f 3728/3728 3793/3793 3792/3792
f 3729/3729 3730/3730 3794/3794
f 3729/3729 3794/3794 3793/3793
f 3730/3730 3731/3731 3795/3795
f 3730/3730 3795/3795 3794/3794
f 3731/3731 3732/3732 3796/3796
f 3731/3731 3796/3796 3795/3795
f 3732/3732 3733/3733 3797/3797
f 3732/3732 3797/3797 3796/3796
f 3733/3733 3734/3734 3798/3798
f 3733/3733 3798/3798 3797/3797
f 3734/3734 3735/3735 3799/3799
f 3734/3734 3799/3799 3798/3798
f 3735/3735 3736/3736 3800/3800
f 3735/3735 3800/3800 3799/3799
f 3736/3736 3737/3737 3801/3801
f 3736/3736 3801/3801 3800/3800
f 3737/3737 3738/3738 3802/3802
f 3737/3737 3802/3802 3801/3801
f 3738/3738 3739/3739 3803/3803
f 3738/3738 3803/3803 3802/3802
f 3739/3739 3740/3740 3804/3804
f 3739/3739 3804/3804 3803/3803
f 3740/3740 3741/3741 3805/3805
f 3740/3740 3805/3805 3804/3804
f 3741/3741 3742/3742 3806/3806
f 3741/3741 3806/3806 3805/3805
f 3742/3742 3743/3743 3807/3807
f 3742/3742 3807/3807 3806/3806
f 3743/3743 3744/3744 3808/3808
f 3743/3743 3808/3808 3807/3807
f 3744/3744 3745/3745 3809/3809
f 3744/3744 3809/3809 3808/3808
f 3745/3745 3746/3746 3810/3810
f 3745/3745 3810/3810 3809/3809
f 3746/3746 3747/3747 3811/3811
f 3746/3746 3811/3811 3810/3810
f 3747/3747 3748/3748 3812/3812
f 3747/3747 3812/3812 3811/3811
f 3748/3748 3749/3749 3813/3813
f 3748/3748 3813/3813 3812/3812
f 3749/3749 3750/3750 3814/3814
f 3749/3749 3814/3814 3813/3813
f 3750/3750 3751/3751 3815/3815
f 3750/3750 3815/3815 3814/3814
f 3751/3751 3752/3752 3816/3816
f 3751/3751 3816/3816 3815/3815
f 3752/3752 3753/3753 3817/3817
f 3752/3752 3817/3817 3816/3816
f 3753/3753 3754/3754 3818/3818
f 3753/3753 3818/3818 3817/3817
f 3754/3754 3755/3755 3819/3819
f 3754/3754 3819/3819 3818/3818
f 3755/3755 3756/3756 3820/3820
f 3755/3755 3820/3820 3819/3819
f 3756/3756 3757/3757 3821/3821
f 3756/3756 3821/3821 3820/3820
f 3757/3757 3758/3758 3822/3822
f 3757/3757 3822/3822 3821/3821
f 3758/3758 3759/3759 3823/3823
f 3758/3758 3823/3823 3822/3822
f 3759/3759 3760/3760 3824/3824
f 3759/3759 3824/3824 3823/3823
f 3760/3760 3761/3761 3825/3825
f 3760/3760 3825/3825 3824/3824
f 3761/3761 3762/3762 3826/3826
f 3761/3761 3826/3826 3825/3825
f 3762/3762 3763/3763 3827/3827
f 3762/3762 3827/3827 3826/3826
f 3763/3763 3764/3764 3828/3828
f 3763/3763 3828/3828 3827/3827
f 3764/3764 3765/3765 3829/3829
f 3764/3764 3829/3829 3828/3828
f 3765/3765 3766/3766 3830/3830
f 3765/3765 3830/3830 3829/3829
f 3766/3766 3767/3767 3831/3831
f 3766/3766 3831/3831 3830/3830
f 3767/3767 3768/3768 3832/3832
f 3767/3767 3832/3832 3831/3831
f 3768/3768 3769/3769 3833/3833
f 3768/3768 3833/3833 3832/3832
f 3769/3769 3770/3770 3834/3834
f 3769/3769 3834/3834 3833/3833
f 3770/3770 3771/3771 3835/3835
f 3770/3770 3835/3835 3834/3834
f 3771/3771 3772/3772 3836/3836
f 3771/3771 3836/3836 3835/3835
f 3772/3772 3773/3773 3837/3837
f 3772/3772 3837/3837 3836/3836
f 3773/3773 3774/3774 3838/3838
f 3773/3773 3838/3838 3837/3837
f 3774/3774 3775/3775 3839/3839
f 3774/3774 3839/3839 3838/3838
f 3775/3775 3776/3776 3840/3840
f 3775/3775 3840/3840 3839/3839
f 3777/3777 3778/3778 3842/3842
f 3777/3777 3842/3842 3841/3841
f 3778/3778 3779/3779 3843/3843
f 3778/3778 3843/3843 3842/3842
f 3779/3779 3780/3780 3844/3844
f 3779/3779 3844/3844 3843/3843
f 3780/3780 3781/3781 3845/3845
f 3780/3780 3845/3845 3844/3844
f 3781/3781 3782/3782 3846/3846
f 3781/3781 3846/3846 3845/3845
f 3782/3782 3783/3783 3847/3847
f 3782/3782 3847/3847 3846/3846
f 3783/3783 3784/3784 3848/3848
f 3783/3783 3848/3848 3847/3847
f 3784/3784 3785/3785 3849/3849
f 3784/3784 3849/3849 3848/3848
f 3785/3785 3786/3786 3850/3850
f 3785/3785 3850/3850 3849/3849
f 3786/3786 3787/3787 3851/3851
f 3786/3786 3851/3851 3850/3850
f 3787/3787 3788/3788 3852/3852
f 3787/3787 3852/3852 3851/3851
f 3788/3788 3789/3789 3853/3853
f 3788/3788 3853/3853 3852/3852
f 3789/3789 3790/3790 3854/3854
f 3789/3789 3854/3854 3853/3853
f 3790/3790 3791/3791 3855/3855
f 3790/3790 3855/3855 3854/3854
f 3791/3791 3792/3792 3856/3856
f 3791/3791 3856/3856 3855/3855
f 3792/3792 3793/3793 3857/3857
f 3792/3792 3857/3857 3856/3856
f 3793/3793 3794/3794 3858/3858
f 3793/3793 3858/3858 3857/3857
f 3794/3794 3795/3795 3859/3859
f 3794/3794 3859/3859 3858/3858
f 3795/3795 3796/3796 3860/3860
f 3795/3795 3860/3860 3859/3859
f 3796/3796 3797/3797 3861/3861
f 3796/3796 3861/3861 3860/3860
f 3797/3797 3798/3798 3862/3862
f 3797/3797 3862/3862 3861/3861
f 3798/3798 3799/3799 3863/3863
f 3798/3798 3863/3863 3862/3862
f 3799/3799 3800/3800 3864/3864
f 3799/3799 3864/3864 3863/3863
f 3800/3800 3801/3801 3865/3865
f 3800/3800 3865/3865 3864/3864
f 3801/3801 3802/3802 3866/3866
f 3801/3801 3866/3866 3865/3865
f 3802/3802 3803/3803 3867/3867
f 3802/3802 3867/3867 3866/3866
f 3803/3803 3804/3804 3868/3868
f 3803/3803 3868/3868 3867/3867
f 3804/3804 3805/3805 3869/3869
f 3804/3804 3869/3869 3868/3868
f 3805/3805 3806/3806 3870/3870
f 3805/3805 3870/3870 3869/3869
f 3806/3806 3807/3807 3871/3871
f 3806/3806 3871/3871 3870/3870
f 3807/3807 3808/3808 3872/3872
f 3807/3807 3872/3872 3871/3871
f 3808/3808 3809/3809 3873/3873
f 3808/3808 3873/3873 3872/3872
f 3809/3809 3810/3810 3874/3874
f 3809/3809 3874/3874 3873/3873
f 3810/3810 3811/3811 3875/3875
f 3810/3810 3875/3875 3874/3874
f 3811/3811 3812/3812 3876/3876
f 3811/3811 3876/3876 3875/3875
f 3812/3812 3813/3813 3877/3877
f 3812/3812 3877/3877 3876/3876
f 3813/3813 3814/3814 3878/3878
f 3813/3813 3878/3878 3877/3877
f 3814/3814 3815/3815 3879/3879
f 3814/3814 3879/3879 3878/3878
f 3815/3815 3816/3816 3880/3880
f 3815/3815 3880/3880 3879/3879
f 3816/3816 3817/3817 3881/3881
f 3816/3816 3881/3881 3880/3880
f 3817/3817 3818/3818 3882/3882
f 3817/3817 3882/3882 3881/3881
f 3818/3818 3819/3819 3883/3883
f 3818/3818 3883/3883 3882/3882
f 3819/3819 3820/3820 3884/3884
f 3819/3819 3884/3884 3883/3883
f 3820/3820 3821/3821 3885/3885
f 3820/3820 3885/3885 3884/3884
f 3821/3821 3822/3822 3886/3886
f 3821/3821 3886/3886 3885/3885
f 3822/3822 3823/3823 3887/3887
f 3822/3822 3887/3887 3886/3886
f 3823/3823 3824/3824 3888/3888
f 3823/3823 3888/3888 3887/3887
f 3824/3824 3825/3825 3889/3889
f 3824/3824 3889/3889 3888/3888
f 3825/3825 3826/3826 3890/3890
f 3825/3825 3890/3890 3889/3889
f 3826/3826 3827/3827 3891/3891
f 3826/3826 3891/3891 3890/3890
f 3827/3827 3828/3828 3892/3892
f 3827/3827 3892/3892 3891/3891
f 3828/3828 3829/3829 3893/3893
f 3828/3828 3893/3893 3892/3892
f 3829/3829 3830/3830 3894/3894
f 3829/3829 3894/3894 3893/3893
f 3830/3830 3831/3831 3895/3895
f 3830/3830 3895/3895 3894/3894
f 3831/3831 3832/3832 3896/3896
f 3831/3831 3896/3896 3895/3895
f 3832/3832 3833/3833 3897/3897
f 3832/3832 3897/3897 3896/3896
f 3833/3833 3834/3834 3898/3898
f 3833/3833 3898/3898 3897/3897
f 3834/3834 3835/3835 3899/3899
f 3834/3834 3899/3899 3898/3898
f 3835/3835 3836/3836 3900/3900
f 3835/3835 3900/3900 3899/3899
f 3836/3836 3837/3837 3901/3901
f 3836/3836 3901/3901 3900/3900
f 3837/3837 3838/3838 3902/3902
f 3837/3837 3902/3902 3901/3901
f 3838/3838 3839/3839 3903/3903
f 3838/3838 3903/3903 3902/3902
f 3839/3839 3840/3840 3904/3904
f 3839/3839 3904/3904 3903/3903
f 3841/3841 3842/3842 3906/3906
f 3841/3841 3906/3906 3905/3905
f 3842/3842 3843/3843 3907/3907
f 3842/3842 3907/3907 3906/3906
f 3843/3843 3844/3844 3908/3908
f 3843/3843 3908/3908 3907/3907
f 3844/3844 3845/3845 3909/3909
f 3844/3844 3909/3909 3908/3908
f 3845/3845 3846/3846 3910/3910
f 3845/3845 3910/3910 3909/3909
f 3846/3846 3847/3847 3911/3911
f 3846/3846 3911/3911 3910/3910
f 3847/3847 3848/3848 3912/3912
f 3847/3847 3912/3912 3911/3911
f 3848/3848 3849/3849 3913/3913
f 3848/3848 3913/3913 3912/3912
f 3849/3849 3850/3850 3914/3914
f 3849/3849 3914/3914 3913/3913
f 3850/3850 3851/3851 3915/3915
f 3850/3850 3915/3915 3914/3914
f 3851/3851 3852/3852 3916/3916
f 3851/3851 3916/3916 3915/3915
f 3852/3852 3853/3853 3917/3917
f 3852/3852 3917/3917 3916/3916
f 3853/3853 3854/3854 3918/3918
f 3853/3853 3918/3918 3917/3917
f 3854/3854 3855/3855 3919/3919
f 3854/3854 3919/3919 3918/3918
f 3855/3855 3856/3856 3920/3920
f 3855/3855 3920/3920 3919/3919
f 3856/3856 3857/3857 3921/3921
f 3856/3856 3921/3921 3920/3920
f 3857/3857 3858/3858 3922/3922
f 3857/3857 3922/3922 3921/3921
f 3858/3858 3859/3859 3923/3923
f 3858/3858 3923/3923 3922/3922
f 3859/3859 3860/3860 3924/3924
f 3859/3859 3924/3924 3923/3923
f 3860/3860 3861/3861 3925/3925
f 3860/3860 3925/3925 3924/3924
f 3861/3861 3862/3862 3926/3926
f 3861/3861 3926/3926 3925/3925
f 3862/3862 3863/3863 3927/3927
f 3862/3862 3927/3927 3926/3926
f 3863/3863 3864/3864 3928/3928
f 3863/3863 3928/3928 3927/3927
f 3864/3864 3865/3865 3929/3929
f 3864/3864 3929/3929 3928/3928
f 3865/3865 3866/3866 3930/3930
f 3865/3865 3930/3930 3929/3929
f 3866/3866 3867/3867 3931/3931
f 3866/3866 3931/3931 3930/3930
f 3867/3867 3868/3868 3932/3932
f 3867/3867 3932/3932 3931/3931
f 3868/3868 3869/3869 3933/3933
f 3868/3868 3933/3933 3932/3932
f 3869/3869 3870/3870 3934/3934
f 3869/3869 3934/3934 3933/3933
f 3870/3870 3871/3871 3935/3935
f 3870/3870 3935/3935 3934/3934
f 3871/3871 3872/3872 3936/3936
f 3871/3871 3936/3936 3935/3935
f 3872/3872 3873/3873 3937/3937
f 3872/3872 3937/3937 3936/3936
f 3873/3873 3874/3874 3938/3938
f 3873/3873 3938/3938 3937/3937
f 3874/3874 3875/3875 3939/3939
f 3874/3874 3939/3939 3938/3938
f 3875/3875 3876/3876 3940/3940
f 3875/3875 3940/3940 3939/3939
f 3876/3876 3877/3877 3941/3941
f 3876/3876 3941/3941 3940/3940
f 3877/3877 3878/3878 3942/3942
f 3877/3877 3942/3942 3941/3941
f 3878/3878 3879/3879 3943/3943
f 3878/3878 3943/3943 3942/3942
f 3879/3879 3880/3880 3944/3944
f 3879/3879 3944/3944 3943/3943
f 3880/3880 3881/3881 3945/3945
f 3880/3880 3945/3945 3944/3944
f 3881/3881 3882/3882 3946/3946
f 3881/3881 3946/3946 3945/3945
f 3882/3882 3883/3883 3947/3947
f 3882/3882 3947/3947 3946/3946
f 3883/3883 3884/3884 3948/3948
f 3883/3883 3948/3948 3947/3947
f 3884/3884 3885/3885 3949/3949
f 3884/3884 3949/3949 3948/3948
f 3885/3885 3886/3886 3950/3950
f 3885/3885 3950/3950 3949/3949
f 3886/3886 3887/3887 3951/3951
f 3886/3886 3951/3951 3950/3950
f 3887/3887 3888/3888 3952/3952
f 3887/3887 3952/3952 3951/3951
f 3888/3888 3889/3889 3953/3953
f 3888/3888 3953/3953 3952/3952
f 3889/3889 3890/3890 3954/3954
f 3889/3889 3954/3954 3953/3953
f 3890/3890 3891/3891 3955/3955
f 3890/3890 3955/3955 3954/3954
f 3891/3891 3892/3892 3956/3956
f 3891/3891 3956/3956 3955/3955
f 3892/3892 3893/3893 3957/3957
f 3892/3892 3957/3957 3956/3956
f 3893/3893 3894/3894 3958/3958
f 3893/3893 3958/3958 3957/3957
f 3894/3894 3895/3895 3959/3959
f 3894/3894 3959/3959 3958/3958
f 3895/3895 3896/3896 3960/3960
f 3895/3895 3960/3960 3959/3959
f 3896/3896 3897/3897 3961/3961
f 3896/3896 3961/3961 3960/3960
f 3897/3897 3898/3898 3962/3962
f 3897/3897 3962/3962 3961/3961
f 3898/3898 3899/3899 3963/3963
f 3898/3898 3963/3963 3962/3962
f 3899/3899 3900/3900 3964/3964
f 3899/3899 3964/3964 3963/3963
f 3900/3900 3901/3901 3965/3965
f 3900/3900 3965/3965 3964/3964
f 3901/3901 3902/3902 3966/3966
f 3901/3901 3966/3966 3965/3965
f 3902/3902 3903/3903 3967/3967
f 3902/3902 3967/3967 3966/3966
f 3903/3903 3904/3904 3968/3968
f 3903/3903 3968/3968 3967/3967
f 3905/3905 3906/3906 3970/3970
f 3905/3905 3970/3970 3969/3969
f 3906/3906 3907/3907 3971/3971
f 3906/3906 3971/3971 3970/3970
f 3907/3907 3908/3908 3972/3972
f 3907/3907 3972/3972 3971/3971
f 3908/3908 3909/3909 3973/3973
f 3908/3908 3973/3973 3972/3972
f 3909/3909 3910/3910 3974/3974
f 3909/3909 3974/3974 3973/3973
f 3910/3910 3911/3911 3975/3975
f 3910/3910 3975/3975 3974/3974
f 3911/3911 3912/3912 3976/3976
f 3911/3911 3976/3976 3975/3975
f 3912/3912 3913/3913 3977/3977
f 3912/3912 3977/3977 3976/3976
f 3913/3913 3914/3914 3978/3978
f 3913/3913 3978/3978 3977/3977
f 3914/3914 3915/3915 3979/3979
f 3914/3914 3979/3979 3978/3978
f 3915/3915 3916/3916 3980/3980
f 3915/3915 3980/3980 3979/3979
f 3916/3916 3917/3917 3981/3981
f 3916/3916 3981/3981 3980/3980
f 3917/3917 3918/3918 3982/3982
f 3917/3917 3982/3982 3981/3981
f 3918/3918 3919/3919 3983/3983
f 3918/3918 3983/3983 3982/3982
f 3919/3919 3920/3920 3984/3984
f 3919/3919 3984/3984 3983/3983
f 3920/3920 3921/3921 3985/3985
f 3920/3920 3985/3985 3984/3984
f 3921/3921 3922/3922 3986/3986
f 3921/3921 3986/3986 3985/3985
f 3922/3922 3923/3923 3987/3987
f 3922/3922 3987/3987 3986/3986
f 3923/3923 3924/3924 3988/3988
f 3923/3923 3988/3988 3987/3987
f 3924/3924 3925/3925 3989/3989
f 3924/3924 3989/3989 3988/3988
f 3925/3925 3926/3926 3990/3990
f 3925/3925 3990/3990 3989/3989
f 3926/3926 3927/3927 3991/3991
f 3926/3926 3991/3991 3990/3990
f 3927/3927 3928/3928 3992/3992
f 3927/3927 3992/3992 3991/3991
f 3928/3928 3929/3929 3993/3993
f 3928/3928 3993/3993 3992/3992
f 3929/3929 3930/3930 3994/3994
f 3929/3929 3994/3994 3993/3993
f 3930/3930 3931/3931 3995/3995
f 3930/3930 3995/3995 3994/3994
f 3931/3931 3932/3932 3996/3996
f 3931/3931 3996/3996 3995/3995
f 3932/3932 3933/3933 3997/3997
f 3932/3932 3997/3997 3996/3996
f 3933/3933 3934/3934 3998/3998
f 3933/3933 3998/3998 3997/3997
f 3934/3934 3935/3935 3999/3999
f 3934/3934 3999/3999 3998/3998
f 3935/3935 3936/3936 4000/4000
f 3935/3935 4000/4000 3999/3999
f 3936/3936 3937/3937 4001/4001
f 3936/3936 4001/4001 4000/4000
f 3937/3937 3938/3938 4002/4002
f 3937/3937 4002/4002 4001/4001
f 3938/3938 3939/3939 4003/4003
f 3938/3938 4003/4003 4002/4002
f 3939/3939 3940/3940 4004/4004
f 3939/3939 4004/4004 4003/4003
f 3940/3940 3941/3941 4005/4005
f 3940/3940 4005/4005 4004/4004
f 3941/3941 3942/3942 4006/4006
f 3941/3941 4006/4006 4005/4005
f 3942/3942 3943/3943 4007/4007
f 3942/3942 4007/4007 4006/4006
f 3943/3943 3944/3944 4008/4008
f 3943/3943 4008/4008 4007/4007
f 3944/3944 3945/3945 4009/4009
f 3944/3944 4009/4009 4008/4008
f 3945/3945 3946/3946 4010/4010
f 3945/3945 4010/4010 4009/4009
f 3946/3946 3947/3947 4011/4011
f 3946/3946 4011/4011 4010/4010
f 3947/3947 3948/3948 4012/4012
f 3947/3947 4012/4012 4011/4011
f 3948/3948 3949/3949 4013/4013
f 3948/3948 4013/4013 4012/4012
f 3949/3949 3950/3950 4014/4014
f 3949/3949 4014/4014 4013/4013
f 3950/3950 3951/3951 4015/4015
f 3950/3950 4015/4015 4014/4014
f 3951/3951 3952/3952 4016/4016
f 3951/3951 4016/4016 4015/4015
f 3952/3952 3953/3953 4017/4017
f 3952/3952 4017/4017 4016/4016
f 3953/3953 3954/3954 4018/4018
f 3953/3953 4018/4018 4017/4017
f 3954/3954 3955/3955 4019/4019
f 3954/3954 4019/4019 4018/4018
f 3955/3955 3956/3956 4020/4020
f 3955/3955 4020/4020 4019/4019
f 3956/3956 3957/3957 4021/4021
f 3956/3956 4021/4021 4020/4020
f 3957/3957 3958/3958 4022/4022
f 3957/3957 4022/4022 4021/4021
f 3958/3958 3959/3959 4023/4023
f 3958/3958 4023/4023 4022/4022
f 3959/3959 3960/3960 4024/4024
f 3959/3959 4024/4024 4023/4023
f 3960/3960 3961/3961 4025/4025
f 3960/3960 4025/4025 4024/4024
f 3961/3961 3962/3962 4026/4026
f 3961/3961 4026/4026 4025/4025
f 3962/3962 3963/3963 4027/4027
f 3962/3962 4027/4027 4026/4026
f 3963/3963 3964/3964 4028/4028
f 3963/3963 4028/4028 4027/4027
f 3964/3964 3965/3965 4029/4029
f 3964/3964 4029/4029 4028/4028
f 3965/3965 3966/3966 4030/4030
f 3965/3965 4030/4030 4029/4029
f 3966/3966 3967/3967 4031/4031
f 3966/3966 4031/4031 4030/4030
f 3967/3967 3968/3968 4032/4032
f 3967/3967 4032/4032 4031/4031
f 3969/3969 3970/3970 4034/4034
f 3969/3969 4034/4034 4033/4033
f 3970/3970 3971/3971 4035/4035
f 3970/3970 4035/4035 4034/4034
f 3971/3971 3972/3972 4036/4036
f 3971/3971 4036/4036 4035/4035
f 3972/3972 3973/3973 4037/4037
f 3972/3972 4037/4037 4036/4036
f 3973/3973 3974/3974 4038/4038
f 3973/3973 4038/4038 4037/4037
f 3974/3974 3975/3975 4039/4039
f 3974/3974 4039/4039 4038/4038
f 3975/3975 3976/3976 4040/4040
f 3975/3975 4040/4040 4039/4039
f 3976/3976 3977/3977 4041/4041
f 3976/3976 4041/4041 4040/4040
f 3977/3977 3978/3978 4042/4042
f 3977/3977 4042/4042 4041/4041
f 3978/3978 3979/3979 4043/4043
f 3978/3978 4043/4043 4042/4042
f 3979/3979 3980/3980 4044/4044
f 3979/3979 4044/4044 4043/4043
f 3980/3980 3981/3981 4045/4045
f 3980/3980 4045/4045 4044/4044
f 3981/3981 3982/3982 4046/4046
f 3981/3981 4046/4046 4045/4045
f 3982/3982 3983/3983 4047/4047
f 3982/3982 4047/4047 4046/4046
f 3983/3983 3984/3984 4048/4048
f 3983/3983 4048/4048 4047/4047
f 3984/3984 3985/3985 4049/4049
f 3984/3984 4049/4049 4048/4048
f 3985/3985 3986/3986 4050/4050
f 3985/3985 4050/4050 4049/4049
f 3986/3986 3987/3987 4051/4051
f 3986/3986 4051/4051 4050/4050
f 3987/3987 3988/3988 4052/4052
f 3987/3987 4052/4052 4051/4051
f 3988/3988 3989/3989 4053/4053
f 3988/3988 4053/4053 4052/4052
f 3989/3989 3990/3990 4054/4054
f 3989/3989 4054/4054 4053/4053
f 3990/3990 3991/3991 4055/4055
f 3990/3990 4055/4055 4054/4054
f 3991/3991 3992/3992 4056/4056
f 3991/3991 4056/4056 4055/4055
f 3992/3992 3993/3993 4057/4057
f 3992/3992 4057/4057 4056/4056
f 3993/3993 3994/3994 4058/4058
f 3993/3993 4058/4058 4057/4057
f 3994/3994 3995/3995 4059/4059
f 3994/3994 4059/4059 4058/4058
f 3995/3995 3996/3996 4060/4060
f 3995/3995 4060/4060 4059/4059
f 3996/3996 3997/3997 4061/4061
f 3996/3996 4061/4061 4060/4060
f 3997/3997 3998/3998 4062/4062
f 3997/3997 4062/4062 4061/4061
f 3998/3998 3999/3999 4063/4063
f 3998/3998 4063/4063 4062/4062
f 3999/3999 4000/4000 4064/4064
f 3999/3999 4064/4064 4063/4063
f 4000/4000 4001/4001 4065/4065
f 4000/4000 4065/4065 4064/4064
f 4001/4001 4002/4002 4066/4066
f 4001/4001 4066/4066 4065/4065
f 4002/4002 4003/4003 4067/4067
f 4002/4002 4067/4067 4066/4066
f 4003/4003 4004/4004 4068/4068
f 4003/4003 4068/4068 4067/4067
f 4004/4004 4005/4005 4069/4069
f 4004/4004 4069/4069 4068/4068
f 4005/4005 4006/4006 4070/4070
f 4005/4005 4070/4070 4069/4069
f 4006/4006 4007/4007 4071/4071
f 4006/4006 4071/4071 4070/4070
f 4007/4007 4008/4008 4072/4072
f 4007/4007 4072/4072 4071/4071
f 4008/4008 4009/4009 4073/4073
f 4008/4008 4073/4073 4072/4072
f 4009/4009 4010/4010 4074/4074
f 4009/4009 4074/4074 4073/4073
f 4010/4010 4011/4011 4075/4075
f 4010/4010 4075/4075 4074/4074
f 4011/4011 4012/4012 4076/4076
f 4011/4011 4076/4076 4075/4075
f 4012/4012 4013/4013 4077/4077
f 4012/4012 4077/4077 4076/4076
f 4013/4013 4014/4014 4078/4078
f 4013/4013 4078/4078 4077/4077
f 4014/4014 4015/4015 4079/4079
f 4014/4014 4079/4079 4078/4078
f 4015/4015 4016/4016 4080/4080
f 4015/4015 4080/4080 4079/4079
f 4016/4016 4017/4017 4081/4081
f 4016/4016 4081/4081 4080/4080
f 4017/4017 4018/4018 4082/4082
f 4017/4017 4082/4082 4081/4081
f 4018/4018 4019/4019 4083/4083
f 4018/4018 4083/4083 4082/4082
f 4019/4019 4020/4020 4084/4084
f 4019/4019 4084/4084 4083/4083
f 4020/4020 4021/4021 4085/4085
f 4020/4020 4085/4085 4084/4084
f 4021/4021 4022/4022 4086/4086
f 4021/4021 4086/4086 4085/4085
f 4022/4022 4023/4023 4087/4087
f 4022/4022 4087/4087 4086/4086
f 4023/4023 4024/4024 4088/4088
f 4023/4023 4088/4088 4087/4087
f 4024/4024 4025/4025 4089/4089
f 4024/4024 4089/4089 4088/4088
f 4025/4025 4026/4026 4090/4090
f 4025/4025 4090/4090 4089/4089
f 4026/4026 4027/4027 4091/4091
f 4026/4026 4091/4091 4090/4090
f 4027/4027 4028/4028 4092/4092
f 4027/4027 4092/4092 4091/4091
f 4028/4028 4029/4029 4093/4093
f 4028/4028 4093/4093 4092/4092
f 4029/4029 4030/4030 4094/4094
f 4029/4029 4094/4094 4093/4093
f 4030/4030 4031/4031 4095/4095
f 4030/4030 4095/4095 4094/4094
f 4031/4031 4032/4032 4096/4096
f 4031/4031 4096/4096 4095/4095
