# DepthWizard 3D Terrain Model
# Quality: low (64 x 40)
v -50.0000 18.0000 -31.2500
v -48.4127 18.0000 -31.2500
v -46.8254 18.0000 -31.2500
v -45.2381 18.0000 -31.2500
v -43.6508 18.0000 -31.2500
v -42.0635 18.0000 -31.2500
v -40.4762 17.9111 -31.2500
v -38.8889 17.7238 -31.2500
v -37.3016 17.4952 -31.2500
v -35.7143 17.1983 -31.2500
v -34.1270 16.8672 -31.2500
v -32.5397 16.5648 -31.2500
v -30.9524 16.2867 -31.2500
v -29.3651 15.9599 -31.2500
v -27.7778 15.5983 -31.2500
v -26.1905 15.2753 -31.2500
v -24.6032 14.9960 -31.2500
v -23.0159 14.6794 -31.2500
v -21.4286 14.3325 -31.2500
v -19.8413 14.0277 -31.2500
v -18.2540 13.7706 -31.2500
v -16.6667 13.4780 -31.2500
v -15.0794 13.1525 -31.2500
v -13.4921 12.8629 -31.2500
v -11.9048 12.6161 -31.2500
v -10.3175 12.3334 -31.2500
v -8.7302 12.0172 -31.2500
v -7.1429 11.7338 -31.2500
v -5.5556 11.4917 -31.2500
v -3.9683 11.2194 -31.2500
v -2.3810 10.9204 -31.2500
v -0.7937 10.6570 -31.2500
v 0.7937 10.4369 -31.2500
v 2.3810 10.1927 -31.2500
v 3.9683 9.9273 -31.2500
v 5.5556 9.6975 -31.2500
v 7.1429 9.5063 -31.2500
v 8.7302 9.2847 -31.2500
v 10.3175 9.0302 -31.2500
v 11.9048 8.7962 -31.2500
v 13.4921 8.5938 -31.2500
v 15.0794 8.3707 -31.2500
v 16.6667 8.1327 -31.2500
v 18.2540 7.9293 -31.2500
v 19.8413 7.7640 -31.2500
v 21.4286 7.5789 -31.2500
v 23.0159 7.3703 -31.2500
v 24.6032 7.1817 -31.2500
v 26.1905 7.0246 -31.2500
v 27.7778 6.8590 -31.2500
v 29.3651 6.6872 -31.2500
v 30.9524 6.5450 -31.2500
v 32.5397 6.4366 -31.2500
v 34.1270 6.3222 -31.2500
v 35.7143 6.1998 -31.2500
v 37.3016 6.0974 -31.2500
v 38.8889 6.0147 -31.2500
v 40.4762 5.9117 -31.2500
v 42.0635 5.7781 -31.2500
v 43.6508 5.6392 -31.2500
v 45.2381 5.5176 -31.2500
v 46.8254 5.4149 -31.2500
v 48.4127 5.3438 -31.2500
v 50.0000 5.3177 -31.2500
v -50.0000 18.0000 -29.6474
v -48.4127 18.0000 -29.6474
v -46.8254 18.0000 -29.6474
v -45.2381 18.0000 -29.6474
v -43.6508 18.0000 -29.6474
v -42.0635 17.9897 -29.6474
v -40.4762 17.8443 -29.6474
v -38.8889 17.6538 -29.6474
v -37.3016 17.4246 -29.6474
v -35.7143 17.1275 -29.6474
v -34.1270 16.7952 -29.6474
v -32.5397 16.4913 -29.6474
v -30.9524 16.2118 -29.6474
v -29.3651 15.8834 -29.6474
v -27.7778 15.5199 -29.6474
v -26.1905 15.1951 -29.6474
v -24.6032 14.9144 -29.6474
v -23.0159 14.5965 -29.6474
v -21.4286 14.2486 -29.6474
v -19.8413 13.9432 -29.6474
v -18.2540 13.6859 -29.6474
v -16.6667 13.3930 -29.6474
v -15.0794 13.0667 -29.6474
v -13.4921 12.7760 -29.6474
v -11.9048 12.5281 -29.6474
v -10.3175 12.2446 -29.6474
v -8.7302 11.9281 -29.6474
v -7.1429 11.6448 -29.6474
v -5.5556 11.4034 -29.6474
v -3.9683 11.1318 -29.6474
v -2.3810 10.8337 -29.6474
v -0.7937 10.5710 -29.6474
v 0.7937 10.3516 -29.6474
v 2.3810 10.1081 -29.6474
v 3.9683 9.8433 -29.6474
v 5.5556 9.6138 -29.6474
v 7.1429 9.4229 -29.6474
v 8.7302 9.2016 -29.6474
v 10.3175 8.9479 -29.6474
v 11.9048 8.7147 -29.6474
v 13.4921 8.5132 -29.6474
v 15.0794 8.2907 -29.6474
v 16.6667 8.0531 -29.6474
v 18.2540 7.8498 -29.6474
v 19.8413 7.6842 -29.6474
v 21.4286 7.4987 -29.6474
v 23.0159 7.2901 -29.6474
v 24.6032 7.1018 -29.6474
v 26.1905 6.9450 -29.6474
v 27.7778 6.7798 -29.6474
v 29.3651 6.6084 -29.6474
v 30.9524 6.4665 -29.6474
v 32.5397 6.3584 -29.6474
v 34.1270 6.2439 -29.6474
v 35.7143 6.1211 -29.6474
v 37.3016 6.0179 -29.6474
v 38.8889 5.9345 -29.6474
v 40.4762 5.8307 -29.6474
v 42.0635 5.6965 -29.6474
v 43.6508 5.5572 -29.6474
v 45.2381 5.4355 -29.6474
v 46.8254 5.3328 -29.6474
v 48.4127 5.2616 -29.6474
v 50.0000 5.2355 -29.6474
v -50.0000 17.9780 -28.0449
v -48.4127 17.9704 -28.0449
v -46.8254 17.9598 -28.0449
v -45.2381 17.9541 -28.0449
v -43.6508 17.9282 -28.0449
v -42.0635 17.8326 -28.0449
v -40.4762 17.6675 -28.0449
v -38.8889 17.4680 -28.0449
v -37.3016 17.2379 -28.0449
v -35.7143 16.9406 -28.0449
v -34.1270 16.6056 -28.0449
v -32.5397 16.2978 -28.0449
v -30.9524 16.0145 -28.0449
v -29.3651 15.6816 -28.0449
v -27.7778 15.3129 -28.0449
v -26.1905 14.9832 -28.0449
v -24.6032 14.6985 -28.0449
v -23.0159 14.3769 -28.0449
v -21.4286 14.0261 -28.0449
v -19.8413 13.7194 -28.0449
v -18.2540 13.4619 -28.0449
v -16.6667 13.1680 -28.0449
v -15.0794 12.8394 -28.0449
v -13.4921 12.5454 -28.0449
v -11.9048 12.2942 -28.0449
v -10.3175 12.0082 -28.0449
v -8.7302 11.6905 -28.0449
v -7.1429 11.4076 -28.0449
v -5.5556 11.1677 -28.0449
v -3.9683 10.8984 -28.0449
v -2.3810 10.6026 -28.0449
v -0.7937 10.3420 -28.0449
v 0.7937 10.1245 -28.0449
v 2.3810 9.8828 -28.0449
v 3.9683 9.6197 -28.0449
v 5.5556 9.3913 -28.0449
v 7.1429 9.2011 -28.0449
v 8.7302 8.9811 -28.0449
v 10.3175 8.7294 -28.0449
v 11.9048 8.4989 -28.0449
v 13.4921 8.2998 -28.0449
v 15.0794 8.0793 -28.0449
v 16.6667 7.8427 -28.0449
v 18.2540 7.6392 -28.0449
v 19.8413 7.4727 -28.0449
v 21.4286 7.2866 -28.0449
v 23.0159 7.0779 -28.0449
v 24.6032 6.8902 -28.0449
v 26.1905 6.7343 -28.0449
v 27.7778 6.5701 -28.0449
v 29.3651 6.3996 -28.0449
v 30.9524 6.2586 -28.0449
v 32.5397 6.1508 -28.0449
v 34.1270 6.0359 -28.0449
v 35.7143 5.9118 -28.0449
v 37.3016 5.8065 -28.0449
v 38.8889 5.7206 -28.0449
v 40.4762 5.6143 -28.0449
v 42.0635 5.4782 -28.0449
v 43.6508 5.3379 -28.0449
v 45.2381 5.2157 -28.0449
v 46.8254 5.1128 -28.0449
v 48.4127 5.0414 -28.0449
v 50.0000 5.0152 -28.0449
v -50.0000 17.9143 -26.4423
v -48.4127 17.8977 -26.4423
v -46.8254 17.8612 -26.4423
v -45.2381 17.8169 -26.4423
v -43.6508 17.7477 -26.4423
v -42.0635 17.6115 -26.4423
v -40.4762 17.4172 -26.4423
v -38.8889 17.2048 -26.4423
v -37.3016 16.9738 -26.4423
v -35.7143 16.6767 -26.4423
v -34.1270 16.3382 -26.4423
v -32.5397 16.0247 -26.4423
v -30.9524 15.7360 -26.4423
v -29.3651 15.3967 -26.4423
v -27.7778 15.0205 -26.4423
v -26.1905 14.6836 -26.4423
v -24.6032 14.3927 -26.4423
v -23.0159 14.0658 -26.4423
v -21.4286 13.7110 -26.4423
v -19.8413 13.4025 -26.4423
v -18.2540 13.1447 -26.4423
v -16.6667 12.8496 -26.4423
v -15.0794 12.5175 -26.4423
v -13.4921 12.2185 -26.4423
v -11.9048 11.9623 -26.4423
v -10.3175 11.6723 -26.4423
v -8.7302 11.3528 -26.4423
v -7.1429 11.0703 -26.4423
v -5.5556 10.8327 -26.4423
v -3.9683 10.5666 -26.4423
v -2.3810 10.2741 -26.4423
v -0.7937 10.0165 -26.4423
v 0.7937 9.8018 -26.4423
v 2.3810 9.5629 -26.4423
v 3.9683 9.3023 -26.4423
v 5.5556 9.0755 -26.4423
v 7.1429 8.8864 -26.4423
v 8.7302 8.6683 -26.4423
v 10.3175 8.4198 -26.4423
v 11.9048 8.1931 -26.4423
v 13.4921 7.9977 -26.4423
v 15.0794 7.7801 -26.4423
v 16.6667 7.5450 -26.4423
v 18.2540 7.3412 -26.4423
v 19.8413 7.1734 -26.4423
v 21.4286 6.9862 -26.4423
v 23.0159 6.7775 -26.4423
v 24.6032 6.5906 -26.4423
v 26.1905 6.4361 -26.4423
v 27.7778 6.2732 -26.4423
v 29.3651 6.1039 -26.4423
v 30.9524 5.9640 -26.4423
v 32.5397 5.8567 -26.4423
v 34.1270 5.7411 -26.4423
v 35.7143 5.6148 -26.4423
v 37.3016 5.5062 -26.4423
v 38.8889 5.4163 -26.4423
v 40.4762 5.3063 -26.4423
v 42.0635 5.1672 -26.4423
v 43.6508 5.0251 -26.4423
v 45.2381 4.9023 -26.4423
v 46.8254 4.7990 -26.4423
v 48.4127 4.7273 -26.4423
v 50.0000 4.7010 -26.4423
v -50.0000 17.8174 -24.8397
v -48.4127 17.7907 -24.8397
v -46.8254 17.7253 -24.8397
v -45.2381 17.6377 -24.8397
v -43.6508 17.5201 -24.8397
v -42.0635 17.3383 -24.8397
v -40.4762 17.1106 -24.8397
v -38.8889 16.8830 -24.8397
v -37.3016 16.6499 -24.8397
v -35.7143 16.3521 -24.8397
v -34.1270 16.0087 -24.8397
v -32.5397 15.6883 -24.8397
v -30.9524 15.3931 -24.8397
v -29.3651 15.0462 -24.8397
v -27.7778 14.6612 -24.8397
v -26.1905 14.3160 -24.8397
v -24.6032 14.0182 -24.8397
v -23.0159 13.6851 -24.8397
v -21.4286 13.3255 -24.8397
v -19.8413 13.0147 -24.8397
v -18.2540 12.7562 -24.8397
v -16.6667 12.4595 -24.8397
v -15.0794 12.1235 -24.8397
v -13.4921 11.8190 -24.8397
v -11.9048 11.5574 -24.8397
v -10.3175 11.2634 -24.8397
v -8.7302 10.9421 -24.8397
v -7.1429 10.6604 -24.8397
v -5.5556 10.4254 -24.8397
v -3.9683 10.1632 -24.8397
v -2.3810 9.8746 -24.8397
v -0.7937 9.6206 -24.8397
v 0.7937 9.4090 -24.8397
v 2.3810 9.1734 -24.8397
v 3.9683 8.9155 -24.8397
v 5.5556 8.6905 -24.8397
v 7.1429 8.5026 -24.8397
v 8.7302 8.2865 -24.8397
v 10.3175 8.0414 -24.8397
v 11.9048 7.8189 -24.8397
v 13.4921 7.6276 -24.8397
v 15.0794 7.4134 -24.8397
v 16.6667 7.1800 -24.8397
v 18.2540 6.9760 -24.8397
v 19.8413 6.8068 -24.8397
v 21.4286 6.6183 -24.8397
v 23.0159 6.4096 -24.8397
v 24.6032 6.2238 -24.8397
v 26.1905 6.0708 -24.8397
v 27.7778 5.9095 -24.8397
v 29.3651 5.7420 -24.8397
v 30.9524 5.6035 -24.8397
v 32.5397 5.4971 -24.8397
v 34.1270 5.3810 -24.8397
v 35.7143 5.2526 -24.8397
v 37.3016 5.1405 -24.8397
v 38.8889 5.0466 -24.8397
v 40.4762 4.9327 -24.8397
v 42.0635 4.7904 -24.8397
v 43.6508 4.6466 -24.8397
v 45.2381 4.5231 -24.8397
v 46.8254 4.4195 -24.8397
v 48.4127 4.3475 -24.8397
v 50.0000 4.3210 -24.8397
v -50.0000 17.6313 -23.2372
v -48.4127 17.5952 -23.2372
v -46.8254 17.5027 -23.2372
v -45.2381 17.3749 -23.2372
v -43.6508 17.2119 -23.2372
v -42.0635 16.9862 -23.2372
v -40.4762 16.7250 -23.2372
v -38.8889 16.4799 -23.2372
v -37.3016 16.2413 -23.2372
v -35.7143 15.9391 -23.2372
v -34.1270 15.5876 -23.2372
v -32.5397 15.2583 -23.2372
v -30.9524 14.9553 -23.2372
v -29.3651 14.5999 -23.2372
v -27.7778 14.2054 -23.2372
v -26.1905 13.8516 -23.2372
v -24.6032 13.5470 -23.2372
v -23.0159 13.2075 -23.2372
v -21.4286 12.8421 -23.2372
v -19.8413 12.5276 -23.2372
v -18.2540 12.2671 -23.2372
v -16.6667 11.9681 -23.2372
v -15.0794 11.6282 -23.2372
v -13.4921 11.3192 -23.2372
v -11.9048 11.0537 -23.2372
v -10.3175 10.7572 -23.2372
v -8.7302 10.4355 -23.2372
v -7.1429 10.1555 -23.2372
v -5.5556 9.9239 -23.2372
v -3.9683 9.6659 -23.2372
v -2.3810 9.3819 -23.2372
v -0.7937 9.1318 -23.2372
v 0.7937 8.9236 -23.2372
v 2.3810 8.6911 -23.2372
v 3.9683 8.4359 -23.2372
v 5.5556 8.2123 -23.2372
v 7.1429 8.0250 -23.2372
v 8.7302 7.8104 -23.2372
v 10.3175 7.5683 -23.2372
v 11.9048 7.3497 -23.2372
v 13.4921 7.1622 -23.2372
v 15.0794 6.9511 -23.2372
v 16.6667 6.7195 -23.2372
v 18.2540 6.5155 -23.2372
v 19.8413 6.3452 -23.2372
v 21.4286 6.1560 -23.2372
v 23.0159 5.9475 -23.2372
v 24.6032 5.7628 -23.2372
v 26.1905 5.6113 -23.2372
v 27.7778 5.4520 -23.2372
v 29.3651 5.2868 -23.2372
v 30.9524 5.1507 -23.2372
v 32.5397 5.0462 -23.2372
v 34.1270 4.9310 -23.2372
v 35.7143 4.8020 -23.2372
v 37.3016 4.6880 -23.2372
v 38.8889 4.5914 -23.2372
v 40.4762 4.4747 -23.2372
v 42.0635 4.3305 -23.2372
v 43.6508 4.1856 -23.2372
v 45.2381 4.0619 -23.2372
v 46.8254 3.9583 -23.2372
v 48.4127 3.8861 -23.2372
v 50.0000 3.8595 -23.2372
v -50.0000 17.3596 -21.6346
v -48.4127 17.3166 -21.6346
v -46.8254 17.2050 -21.6346
v -45.2381 17.0489 -21.6346
v -43.6508 16.8536 -21.6346
v -42.0635 16.5952 -21.6346
v -40.4762 16.3066 -21.6346
v -38.8889 16.0444 -21.6346
v -37.3016 15.7967 -21.6346
v -35.7143 15.4856 -21.6346
v -34.1270 15.1233 -21.6346
v -32.5397 14.7839 -21.6346
v -30.9524 14.4729 -21.6346
v -29.3651 14.1092 -21.6346
v -27.7778 13.7059 -21.6346
v -26.1905 13.3448 -21.6346
v -24.6032 13.0346 -21.6346
v -23.0159 12.6896 -21.6346
v -21.4286 12.3184 -21.6346
v -19.8413 11.9990 -21.6346
v -18.2540 11.7351 -21.6346
v -16.6667 11.4330 -21.6346
v -15.0794 11.0901 -21.6346
v -13.4921 10.7786 -21.6346
v -11.9048 10.5119 -21.6346
v -10.3175 10.2158 -21.6346
v -8.7302 9.8957 -21.6346
v -7.1429 9.6184 -21.6346
v -5.5556 9.3905 -21.6346
v -3.9683 9.1368 -21.6346
v -2.3810 8.8572 -21.6346
v -0.7937 8.6108 -21.6346
v 0.7937 8.4056 -21.6346
v 2.3810 8.1756 -21.6346
v 3.9683 7.9221 -21.6346
v 5.5556 7.6991 -21.6346
v 7.1429 7.5116 -21.6346
v 8.7302 7.2974 -21.6346
v 10.3175 7.0570 -21.6346
v 11.9048 6.8410 -21.6346
v 13.4921 6.6563 -21.6346
v 15.0794 6.4477 -21.6346
v 16.6667 6.2177 -21.6346
v 18.2540 6.0140 -21.6346
v 19.8413 5.8432 -21.6346
v 21.4286 5.6538 -21.6346
v 23.0159 5.4457 -21.6346
v 24.6032 5.2617 -21.6346
v 26.1905 5.1113 -21.6346
v 27.7778 4.9540 -21.6346
v 29.3651 4.7916 -21.6346
v 30.9524 4.6587 -21.6346
v 32.5397 4.5574 -21.6346
v 34.1270 4.4449 -21.6346
v 35.7143 4.3177 -21.6346
v 37.3016 4.2043 -21.6346
v 38.8889 4.1074 -21.6346
v 40.4762 3.9902 -21.6346
v 42.0635 3.8459 -21.6346
v 43.6508 3.7013 -21.6346
v 45.2381 3.5778 -21.6346
v 46.8254 3.4745 -21.6346
v 48.4127 3.4026 -21.6346
v 50.0000 3.3760 -21.6346
v -50.0000 17.0539 -20.0321
v -48.4127 17.0080 -20.0321
v -46.8254 16.8885 -20.0321
v -45.2381 16.7210 -20.0321
v -43.6508 16.5122 -20.0321
v -42.0635 16.2378 -20.0321
v -40.4762 15.9330 -20.0321
v -38.8889 15.6571 -20.0321
v -37.3016 15.3982 -20.0321
v -35.7143 15.0757 -20.0321
v -34.1270 14.7018 -20.0321
v -32.5397 14.3528 -20.0321
v -30.9524 14.0349 -20.0321
v -29.3651 13.6647 -20.0321
v -27.7778 13.2551 -20.0321
v -26.1905 12.8890 -20.0321
v -24.6032 12.5756 -20.0321
v -23.0159 12.2269 -20.0321
v -21.4286 11.8508 -20.0321
v -19.8413 11.5262 -20.0321
v -18.2540 11.2580 -20.0321
v -16.6667 10.9528 -20.0321
v -15.0794 10.6082 -20.0321
v -13.4921 10.2968 -20.0321
v -11.9048 10.0319 -20.0321
v -10.3175 9.7386 -20.0321
v -8.7302 9.4220 -20.0321
v -7.1429 9.1480 -20.0321
v -5.5556 8.9234 -20.0321
v -3.9683 8.6733 -20.0321
v -2.3810 8.3971 -20.0321
v -0.7937 8.1537 -20.0321
v 0.7937 7.9505 -20.0321
v 2.3810 7.7218 -20.0321
v 3.9683 7.4689 -20.0321
v 5.5556 7.2454 -20.0321
v 7.1429 7.0569 -20.0321
v 8.7302 6.8419 -20.0321
v 10.3175 6.6016 -20.0321
v 11.9048 6.3866 -20.0321
v 13.4921 6.2033 -20.0321
v 15.0794 5.9961 -20.0321
v 16.6667 5.7671 -20.0321
v 18.2540 5.5640 -20.0321
v 19.8413 5.3936 -20.0321
v 21.4286 5.2045 -20.0321
v 23.0159 4.9967 -20.0321
v 24.6032 4.8129 -20.0321
v 26.1905 4.6629 -20.0321
v 27.7778 4.5069 -20.0321
v 29.3651 4.3472 -20.0321
v 30.9524 4.2179 -20.0321
v 32.5397 4.1204 -20.0321
v 34.1270 4.0121 -20.0321
v 35.7143 3.8888 -20.0321
v 37.3016 3.7783 -20.0321
v 38.8889 3.6835 -20.0321
v 40.4762 3.5682 -20.0321
v 42.0635 3.4257 -20.0321
v 43.6508 3.2826 -20.0321
v 45.2381 3.1599 -20.0321
v 46.8254 3.0572 -20.0321
v 48.4127 2.9857 -20.0321
v 50.0000 2.9593 -20.0321
v -50.0000 16.7351 -18.4295
v -48.4127 16.6890 -18.4295
v -46.8254 16.5693 -18.4295
v -45.2381 16.4022 -18.4295
v -43.6508 16.1927 -18.4295
v -42.0635 15.9143 -18.4295
v -40.4762 15.6011 -18.4295
v -38.8889 15.3144 -18.4295
v -37.3016 15.0435 -18.4295
v -35.7143 14.7083 -18.4295
v -34.1270 14.3228 -18.4295
v -32.5397 13.9652 -18.4295
v -30.9524 13.6418 -18.4295
v -29.3651 13.2666 -18.4295
v -27.7778 12.8525 -18.4295
v -26.1905 12.4835 -18.4295
v -24.6032 12.1686 -18.4295
v -23.0159 11.8176 -18.4295
v -21.4286 11.4375 -18.4295
v -19.8413 11.1079 -18.4295
v -18.2540 10.8351 -18.4295
v -16.6667 10.5268 -18.4295
v -15.0794 10.1815 -18.4295
v -13.4921 9.8719 -18.4295
v -11.9048 9.6106 -18.4295
v -10.3175 9.3219 -18.4295
v -8.7302 9.0095 -18.4295
v -7.1429 8.7390 -18.4295
v -5.5556 8.5171 -18.4295
v -3.9683 8.2698 -18.4295
v -2.3810 7.9963 -18.4295
v -0.7937 7.7550 -18.4295
v 0.7937 7.5532 -18.4295
v 2.3810 7.3251 -18.4295
v 3.9683 7.0721 -18.4295
v 5.5556 6.8477 -18.4295
v 7.1429 6.6578 -18.4295
v 8.7302 6.4414 -18.4295
v 10.3175 6.2002 -18.4295
v 11.9048 5.9848 -18.4295
v 13.4921 5.8016 -18.4295
v 15.0794 5.5949 -18.4295
v 16.6667 5.3666 -18.4295
v 18.2540 5.1642 -18.4295
v 19.8413 4.9945 -18.4295
v 21.4286 4.8064 -18.4295
v 23.0159 4.5993 -18.4295
v 24.6032 4.4156 -18.4295
v 26.1905 4.2658 -18.4295
v 27.7778 4.1112 -18.4295
v 29.3651 3.9541 -18.4295
v 30.9524 3.8283 -18.4295
v 32.5397 3.7346 -18.4295
v 34.1270 3.6309 -18.4295
v 35.7143 3.5125 -18.4295
v 37.3016 3.4064 -18.4295
v 38.8889 3.3150 -18.4295
v 40.4762 3.2030 -18.4295
v 42.0635 3.0636 -18.4295
v 43.6508 2.9226 -18.4295
v 45.2381 2.8011 -18.4295
v 46.8254 2.6991 -18.4295
v 48.4127 2.6282 -18.4295
v 50.0000 2.6021 -18.4295
v -50.0000 16.3765 -16.8269
v -48.4127 16.3301 -16.8269
v -46.8254 16.2100 -16.8269
v -45.2381 16.0428 -16.8269
v -43.6508 15.8323 -16.8269
v -42.0635 15.5489 -16.8269
v -40.4762 15.2264 -16.8269
v -38.8889 14.9276 -16.8269
v -37.3016 14.6435 -16.8269
v -35.7143 14.2945 -16.8269
v -34.1270 13.8965 -16.8269
v -32.5397 13.5300 -16.8269
v -30.9524 13.2009 -16.8269
v -29.3651 12.8208 -16.8269
v -27.7778 12.4022 -16.8269
v -26.1905 12.0303 -16.8269
v -24.6032 11.7138 -16.8269
v -23.0159 11.3607 -16.8269
v -21.4286 10.9764 -16.8269
v -19.8413 10.6415 -16.8269
v -18.2540 10.3638 -16.8269
v -16.6667 10.0524 -16.8269
v -15.0794 9.7065 -16.8269
v -13.4921 9.3989 -16.8269
v -11.9048 9.1415 -16.8269
v -10.3175 8.8575 -16.8269
v -8.7302 8.5494 -16.8269
v -7.1429 8.2823 -16.8269
v -5.5556 8.0631 -16.8269
v -3.9683 7.8183 -16.8269
v -2.3810 7.5475 -16.8269
v -0.7937 7.3085 -16.8269
v 0.7937 7.1080 -16.8269
v 2.3810 6.8809 -16.8269
v 3.9683 6.6283 -16.8269
v 5.5556 6.4037 -16.8269
v 7.1429 6.2130 -16.8269
v 8.7302 5.9957 -16.8269
v 10.3175 5.7535 -16.8269
v 11.9048 5.5373 -16.8269
v 13.4921 5.3535 -16.8269
v 15.0794 5.1466 -16.8269
v 16.6667 4.9185 -16.8269
v 18.2540 4.7169 -16.8269
v 19.8413 4.5484 -16.8269
v 21.4286 4.3617 -16.8269
v 23.0159 4.1562 -16.8269
v 24.6032 3.9738 -16.8269
v 26.1905 3.8254 -16.8269
v 27.7778 3.6731 -16.8269
v 29.3651 3.5192 -16.8269
v 30.9524 3.3968 -16.8269
v 32.5397 3.3068 -16.8269
v 34.1270 3.2073 -16.8269
v 35.7143 3.0935 -16.8269
v 37.3016 2.9916 -16.8269
v 38.8889 2.9038 -16.8269
v 40.4762 2.7951 -16.8269
v 42.0635 2.6588 -16.8269
v 43.6508 2.5200 -16.8269
v 45.2381 2.3997 -16.8269
v 46.8254 2.2985 -16.8269
v 48.4127 2.2283 -16.8269
v 50.0000 2.2025 -16.8269
v -50.0000 16.0119 -15.2244
v -48.4127 15.9637 -15.2244
v -46.8254 15.8391 -15.2244
v -45.2381 15.6658 -15.2244
v -43.6508 15.4473 -15.2244
v -42.0635 15.1526 -15.2244
v -40.4762 14.8162 -15.2244
v -38.8889 14.5033 -15.2244
v -37.3016 14.2060 -15.2244
v -35.7143 13.8438 -15.2244
v -34.1270 13.4335 -15.2244
v -32.5397 13.0582 -15.2244
v -30.9524 12.7235 -15.2244
v -29.3651 12.3386 -15.2244
v -27.7778 11.9152 -15.2244
v -26.1905 11.5400 -15.2244
v -24.6032 11.2216 -15.2244
v -23.0159 10.8659 -15.2244
v -21.4286 10.4775 -15.2244
v -19.8413 10.1378 -15.2244
v -18.2540 9.8558 -15.2244
v -16.6667 9.5415 -15.2244
v -15.0794 9.1948 -15.2244
v -13.4921 8.8885 -15.2244
v -11.9048 8.6341 -15.2244
v -10.3175 8.3539 -15.2244
v -8.7302 8.0495 -15.2244
v -7.1429 7.7853 -15.2244
v -5.5556 7.5685 -15.2244
v -3.9683 7.3263 -15.2244
v -2.3810 7.0582 -15.2244
v -0.7937 6.8214 -15.2244
v 0.7937 6.6228 -15.2244
v 2.3810 6.3972 -15.2244
v 3.9683 6.1461 -15.2244
v 5.5556 5.9226 -15.2244
v 7.1429 5.7324 -15.2244
v 8.7302 5.5151 -15.2244
v 10.3175 5.2726 -15.2244
v 11.9048 5.0554 -15.2244
v 13.4921 4.8705 -15.2244
v 15.0794 4.6629 -15.2244
v 16.6667 4.4347 -15.2244
v 18.2540 4.2335 -15.2244
v 19.8413 4.0659 -15.2244
v 21.4286 3.8811 -15.2244
v 23.0159 3.6781 -15.2244
v 24.6032 3.4986 -15.2244
v 26.1905 3.3532 -15.2244
v 27.7778 3.2044 -15.2244
v 29.3651 3.0542 -15.2244
v 30.9524 2.9349 -15.2244
v 32.5397 2.8474 -15.2244
v 34.1270 2.7508 -15.2244
v 35.7143 2.6404 -15.2244
v 37.3016 2.5415 -15.2244
v 38.8889 2.4561 -15.2244
v 40.4762 2.3497 -15.2244
v 42.0635 2.2152 -15.2244
v 43.6508 2.0774 -15.2244
v 45.2381 1.9574 -15.2244
v 46.8254 1.8563 -15.2244
v 48.4127 1.7862 -15.2244
v 50.0000 1.7605 -15.2244
v -50.0000 15.7086 -13.6218
v -48.4127 15.6577 -13.6218
v -46.8254 15.5260 -13.6218
v -45.2381 15.3425 -13.6218
v -43.6508 15.1118 -13.6218
v -42.0635 14.8025 -13.6218
v -40.4762 14.4509 -13.6218
v -38.8889 14.1247 -13.6218
v -37.3016 13.8165 -13.6218
v -35.7143 13.4438 -13.6218
v -34.1270 13.0237 -13.6218
v -32.5397 12.6413 -13.6218
v -30.9524 12.3024 -13.6218
v -29.3651 11.9139 -13.6218
v -27.7778 11.4867 -13.6218
v -26.1905 11.1085 -13.6218
v -24.6032 10.7883 -13.6218
v -23.0159 10.4304 -13.6218
v -21.4286 10.0390 -13.6218
v -19.8413 9.6959 -13.6218
v -18.2540 9.4110 -13.6218
v -16.6667 9.0947 -13.6218
v -15.0794 8.7472 -13.6218
v -13.4921 8.4415 -13.6218
v -11.9048 8.1888 -13.6218
v -10.3175 7.9109 -13.6218
v -8.7302 7.6088 -13.6218
v -7.1429 7.3466 -13.6218
v -5.5556 7.1317 -13.6218
v -3.9683 6.8916 -13.6218
v -2.3810 6.6257 -13.6218
v -0.7937 6.3909 -13.6218
v 0.7937 6.1938 -13.6218
v 2.3810 5.9701 -13.6218
v 3.9683 5.7212 -13.6218
v 5.5556 5.4999 -13.6218
v 7.1429 5.3115 -13.6218
v 8.7302 5.0953 -13.6218
v 10.3175 4.8528 -13.6218
v 11.9048 4.6348 -13.6218
v 13.4921 4.4484 -13.6218
v 15.0794 4.2394 -13.6218
v 16.6667 4.0105 -13.6218
v 18.2540 3.8091 -13.6218
v 19.8413 3.6421 -13.6218
v 21.4286 3.4592 -13.6218
v 23.0159 3.2593 -13.6218
v 24.6032 3.0836 -13.6218
v 26.1905 2.9423 -13.6218
v 27.7778 2.7975 -13.6218
v 29.3651 2.6507 -13.6218
v 30.9524 2.5335 -13.6218
v 32.5397 2.4472 -13.6218
v 34.1270 2.3517 -13.6218
v 35.7143 2.2426 -13.6218
v 37.3016 2.1453 -13.6218
v 38.8889 2.0612 -13.6218
v 40.4762 1.9555 -13.6218
v 42.0635 1.8210 -13.6218
v 43.6508 1.6827 -13.6218
v 45.2381 1.5617 -13.6218
v 46.8254 1.4596 -13.6218
v 48.4127 1.3889 -13.6218
v 50.0000 1.3630 -13.6218
v -50.0000 15.4713 -12.0192
v -48.4127 15.4177 -12.0192
v -46.8254 15.2787 -12.0192
v -45.2381 15.0845 -12.0192
v -43.6508 14.8413 -12.0192
v -42.0635 14.5181 -12.0192
v -40.4762 14.1530 -12.0192
v -38.8889 13.8161 -12.0192
v -37.3016 13.5000 -12.0192
v -35.7143 13.1199 -12.0192
v -34.1270 12.6928 -12.0192
v -32.5397 12.3053 -12.0192
v -30.9524 11.9634 -12.0192
v -29.3651 11.5723 -12.0192
v -27.7778 11.1422 -12.0192
v -26.1905 10.7615 -12.0192
v -24.6032 10.4396 -12.0192
v -23.0159 10.0799 -12.0192
v -21.4286 9.6862 -12.0192
v -19.8413 9.3407 -12.0192
v -18.2540 9.0540 -12.0192
v -16.6667 8.7362 -12.0192
v -15.0794 8.3880 -12.0192
v -13.4921 8.0824 -12.0192
v -11.9048 7.8304 -12.0192
v -10.3175 7.5536 -12.0192
v -8.7302 7.2527 -12.0192
v -7.1429 6.9914 -12.0192
v -5.5556 6.7774 -12.0192
v -3.9683 6.5385 -12.0192
v -2.3810 6.2741 -12.0192
v -0.7937 6.0407 -12.0192
v 0.7937 5.8450 -12.0192
v 2.3810 5.6232 -12.0192
v 3.9683 5.3767 -12.0192
v 5.5556 5.1579 -12.0192
v 7.1429 4.9717 -12.0192
v 8.7302 4.7570 -12.0192
v 10.3175 4.5149 -12.0192
v 11.9048 4.2959 -12.0192
v 13.4921 4.1079 -12.0192
v 15.0794 3.8975 -12.0192
v 16.6667 3.6679 -12.0192
v 18.2540 3.4664 -12.0192
v 19.8413 3.3001 -12.0192
v 21.4286 3.1191 -12.0192
v 23.0159 2.9226 -12.0192
v 24.6032 2.7511 -12.0192
v 26.1905 2.6141 -12.0192
v 27.7778 2.4734 -12.0192
v 29.3651 2.3295 -12.0192
v 30.9524 2.2136 -12.0192
v 32.5397 2.1272 -12.0192
v 34.1270 2.0315 -12.0192
v 35.7143 1.9226 -12.0192
v 37.3016 1.8255 -12.0192
v 38.8889 1.7415 -12.0192
v 40.4762 1.6357 -12.0192
v 42.0635 1.5011 -12.0192
v 43.6508 1.3625 -12.0192
v 45.2381 1.2411 -12.0192
v 46.8254 1.1386 -12.0192
v 48.4127 1.0677 -12.0192
v 50.0000 1.0416 -12.0192
v -50.0000 15.2342 -10.4167
v -48.4127 15.1780 -10.4167
v -46.8254 15.0317 -10.4167
v -45.2381 14.8269 -10.4167
v -43.6508 14.5713 -10.4167
v -42.0635 14.2348 -10.4167
v -40.4762 13.8574 -10.4167
v -38.8889 13.5116 -10.4167
v -37.3016 13.1894 -10.4167
v -35.7143 12.8034 -10.4167
v -34.1270 12.3703 -10.4167
v -32.5397 11.9779 -10.4167
v -30.9524 11.6326 -10.4167
v -29.3651 11.2381 -10.4167
v -27.7778 10.8042 -10.4167
v -26.1905 10.4203 -10.4167
v -24.6032 10.0958 -10.4167
v -23.0159 9.7333 -10.4167
v -21.4286 9.3364 -10.4167
v -19.8413 8.9878 -10.4167
v -18.2540 8.6986 -10.4167
v -16.6667 8.3789 -10.4167
v -15.0794 8.0294 -10.4167
v -13.4921 7.7234 -10.4167
v -11.9048 7.4719 -10.4167
v -10.3175 7.1957 -10.4167
v -8.7302 6.8950 -10.4167
v -7.1429 6.6337 -10.4167
v -5.5556 6.4195 -10.4167
v -3.9683 6.1812 -10.4167
v -2.3810 5.9179 -10.4167
v -0.7937 5.6860 -10.4167
v 0.7937 5.4920 -10.4167
v 2.3810 5.2723 -10.4167
v 3.9683 5.0280 -10.4167
v 5.5556 4.8113 -10.4167
v 7.1429 4.6267 -10.4167
v 8.7302 4.4131 -10.4167
v 10.3175 4.1713 -10.4167
v 11.9048 3.9518 -10.4167
v 13.4921 3.7627 -10.4167
v 15.0794 3.5518 -10.4167
v 16.6667 3.3225 -10.4167
v 18.2540 3.1219 -10.4167
v 19.8413 2.9571 -10.4167
v 21.4286 2.7788 -10.4167
v 23.0159 2.5861 -10.4167
v 24.6032 2.4190 -10.4167
v 26.1905 2.2862 -10.4167
v 27.7778 2.1492 -10.4167
v 29.3651 2.0082 -10.4167
v 30.9524 1.8937 -10.4167
v 32.5397 1.8075 -10.4167
v 34.1270 1.7115 -10.4167
v 35.7143 1.6021 -10.4167
v 37.3016 1.5044 -10.4167
v 38.8889 1.4198 -10.4167
v 40.4762 1.3145 -10.4167
v 42.0635 1.1818 -10.4167
v 43.6508 1.0462 -10.4167
v 45.2381 0.9284 -10.4167
v 46.8254 0.8292 -10.4167
v 48.4127 0.7603 -10.4167
v 50.0000 0.7350 -10.4167
v -50.0000 14.9915 -8.8141
v -48.4127 14.9331 -8.8141
v -46.8254 14.7805 -8.8141
v -45.2381 14.5664 -8.8141
v -43.6508 14.3002 -8.8141
v -42.0635 13.9526 -8.8141
v -40.4762 13.5656 -8.8141
v -38.8889 13.2133 -8.8141
v -37.3016 12.8871 -8.8141
v -35.7143 12.4969 -8.8141
v -34.1270 12.0586 -8.8141
v -32.5397 11.6613 -8.8141
v -30.9524 11.3119 -8.8141
v -29.3651 10.9127 -8.8141
v -27.7778 10.4737 -8.8141
v -26.1905 10.0853 -8.8141
v -24.6032 9.7571 -8.8141
v -23.0159 9.3906 -8.8141
v -21.4286 8.9890 -8.8141
v -19.8413 8.6362 -8.8141
v -18.2540 8.3436 -8.8141
v -16.6667 8.0213 -8.8141
v -15.0794 7.6698 -8.8141
v -13.4921 7.3632 -8.8141
v -11.9048 7.1120 -8.8141
v -10.3175 6.8360 -8.8141
v -8.7302 6.5349 -8.8141
v -7.1429 6.2725 -8.8141
v -5.5556 6.0573 -8.8141
v -3.9683 5.8186 -8.8141
v -2.3810 5.5562 -8.8141
v -0.7937 5.3260 -8.8141
v 0.7937 5.1343 -8.8141
v 2.3810 4.9167 -8.8141
v 3.9683 4.6741 -8.8141
v 5.5556 4.4583 -8.8141
v 7.1429 4.2740 -8.8141
v 8.7302 4.0607 -8.8141
v 10.3175 3.8191 -8.8141
v 11.9048 3.5995 -8.8141
v 13.4921 3.4105 -8.8141
v 15.0794 3.2005 -8.8141
v 16.6667 2.9728 -8.8141
v 18.2540 2.7744 -8.8141
v 19.8413 2.6121 -8.8141
v 21.4286 2.4371 -8.8141
v 23.0159 2.2482 -8.8141
v 24.6032 2.0847 -8.8141
v 26.1905 1.9551 -8.8141
v 27.7778 1.8212 -8.8141
v 29.3651 1.6828 -8.8141
v 30.9524 1.5701 -8.8141
v 32.5397 1.4848 -8.8141
v 34.1270 1.3892 -8.8141
v 35.7143 1.2794 -8.8141
v 37.3016 1.1803 -8.8141
v 38.8889 1.0945 -8.8141
v 40.4762 0.9903 -8.8141
v 42.0635 0.8623 -8.8141
v 43.6508 0.7340 -8.8141
v 45.2381 0.6244 -8.8141
v 46.8254 0.5326 -8.8141
v 48.4127 0.4687 -8.8141
v 50.0000 0.4451 -8.8141
v -50.0000 14.7924 -7.2115
v -48.4127 14.7325 -7.2115
v -46.8254 14.5758 -7.2115
v -45.2381 14.3557 -7.2115
v -43.6508 14.0826 -7.2115
v -42.0635 13.7283 -7.2115
v -40.4762 13.3363 -7.2115
v -38.8889 12.9816 -7.2115
v -37.3016 12.6545 -7.2115
v -35.7143 12.2627 -7.2115
v -34.1270 11.8214 -7.2115
v -32.5397 11.4203 -7.2115
v -30.9524 11.0669 -7.2115
v -29.3651 10.6628 -7.2115
v -27.7778 10.2184 -7.2115
v -26.1905 9.8252 -7.2115
v -24.6032 9.4928 -7.2115
v -23.0159 9.1216 -7.2115
v -21.4286 8.7149 -7.2115
v -19.8413 8.3576 -7.2115
v -18.2540 8.0616 -7.2115
v -16.6667 7.7363 -7.2115
v -15.0794 7.3826 -7.2115
v -13.4921 7.0752 -7.2115
v -11.9048 6.8241 -7.2115
v -10.3175 6.5480 -7.2115
v -8.7302 6.2457 -7.2115
v -7.1429 5.9814 -7.2115
v -5.5556 5.7643 -7.2115
v -3.9683 5.5245 -7.2115
v -2.3810 5.2623 -7.2115
v -0.7937 5.0337 -7.2115
v 0.7937 4.8443 -7.2115
v 2.3810 4.6287 -7.2115
v 3.9683 4.3870 -7.2115
v 5.5556 4.1708 -7.2115
v 7.1429 3.9855 -7.2115
v 8.7302 3.7715 -7.2115
v 10.3175 3.5299 -7.2115
v 11.9048 3.3109 -7.2115
v 13.4921 3.1230 -7.2115
v 15.0794 2.9149 -7.2115
v 16.6667 2.6900 -7.2115
v 18.2540 2.4945 -7.2115
v 19.8413 2.3352 -7.2115
v 21.4286 2.1634 -7.2115
v 23.0159 1.9775 -7.2115
v 24.6032 1.8162 -7.2115
v 26.1905 1.6882 -7.2115
v 27.7778 1.5560 -7.2115
v 29.3651 1.4196 -7.2115
v 30.9524 1.3088 -7.2115
v 32.5397 1.2249 -7.2115
v 34.1270 1.1301 -7.2115
v 35.7143 1.0200 -7.2115
v 37.3016 0.9190 -7.2115
v 38.8889 0.8314 -7.2115
v 40.4762 0.7288 -7.2115
v 42.0635 0.6069 -7.2115
v 43.6508 0.4886 -7.2115
v 45.2381 0.3901 -7.2115
v 46.8254 0.3084 -7.2115
v 48.4127 0.2512 -7.2115
v 50.0000 0.2299 -7.2115
v -50.0000 14.6558 -5.6090
v -48.4127 14.5952 -5.6090
v -46.8254 14.4362 -5.6090
v -45.2381 14.2126 -5.6090
v -43.6508 13.9357 -5.6090
v -42.0635 13.5783 -5.6090
v -40.4762 13.1849 -5.6090
v -38.8889 12.8308 -5.6090
v -37.3016 12.5053 -5.6090
v -35.7143 12.1142 -5.6090
v -34.1270 11.6716 -5.6090
v -32.5397 11.2680 -5.6090
v -30.9524 10.9111 -5.6090
v -29.3651 10.5025 -5.6090
v -27.7778 10.0532 -5.6090
v -26.1905 9.6555 -5.6090
v -24.6032 9.3191 -5.6090
v -23.0159 8.9435 -5.6090
v -21.4286 8.5321 -5.6090
v -19.8413 8.1706 -5.6090
v -18.2540 7.8713 -5.6090
v -16.6667 7.5432 -5.6090
v -15.0794 7.1873 -5.6090
v -13.4921 6.8788 -5.6090
v -11.9048 6.6274 -5.6090
v -10.3175 6.3507 -5.6090
v -8.7302 6.0468 -5.6090
v -7.1429 5.7799 -5.6090
v -5.5556 5.5605 -5.6090
v -3.9683 5.3190 -5.6090
v -2.3810 5.0566 -5.6090
v -0.7937 4.8293 -5.6090
v 0.7937 4.6418 -5.6090
v 2.3810 4.4278 -5.6090
v 3.9683 4.1862 -5.6090
v 5.5556 3.9688 -5.6090
v 7.1429 3.7817 -5.6090
v 8.7302 3.5665 -5.6090
v 10.3175 3.3249 -5.6090
v 11.9048 3.1068 -5.6090
v 13.4921 2.9207 -5.6090
v 15.0794 2.7152 -5.6090
v 16.6667 2.4936 -5.6090
v 18.2540 2.3016 -5.6090
v 19.8413 2.1456 -5.6090
v 21.4286 1.9769 -5.6090
v 23.0159 1.7934 -5.6090
v 24.6032 1.6335 -5.6090
v 26.1905 1.5060 -5.6090
v 27.7778 1.3744 -5.6090
v 29.3651 1.2392 -5.6090
v 30.9524 1.1299 -5.6090
v 32.5397 1.0474 -5.6090
v 34.1270 0.9535 -5.6090
v 35.7143 0.8428 -5.6090
v 37.3016 0.7396 -5.6090
v 38.8889 0.6501 -5.6090
v 40.4762 0.5494 -5.6090
v 42.0635 0.4349 -5.6090
v 43.6508 0.3282 -5.6090
v 45.2381 0.2429 -5.6090
v 46.8254 0.1731 -5.6090
v 48.4127 0.1238 -5.6090
v 50.0000 0.1052 -5.6090
v -50.0000 14.5441 -4.0064
v -48.4127 14.4826 -4.0064
v -46.8254 14.3212 -4.0064
v -45.2381 14.0939 -4.0064
v -43.6508 13.8130 -4.0064
v -42.0635 13.4521 -4.0064
v -40.4762 13.0569 -4.0064
v -38.8889 12.7031 -4.0064
v -37.3016 12.3789 -4.0064
v -35.7143 11.9880 -4.0064
v -34.1270 11.5440 -4.0064
v -32.5397 11.1375 -4.0064
v -30.9524 10.7769 -4.0064
v -29.3651 10.3638 -4.0064
v -27.7778 9.9099 -4.0064
v -26.1905 9.5082 -4.0064
v -24.6032 9.1684 -4.0064
v -23.0159 8.7888 -4.0064
v -21.4286 8.3730 -4.0064
v -19.8413 8.0072 -4.0064
v -18.2540 7.7045 -4.0064
v -16.6667 7.3732 -4.0064
v -15.0794 7.0147 -4.0064
v -13.4921 6.7047 -4.0064
v -11.9048 6.4528 -4.0064
v -10.3175 6.1752 -4.0064
v -8.7302 5.8694 -4.0064
v -7.1429 5.6002 -4.0064
v -5.5556 5.3785 -4.0064
v -3.9683 5.1355 -4.0064
v -2.3810 4.8727 -4.0064
v -0.7937 4.6463 -4.0064
v 0.7937 4.4605 -4.0064
v 2.3810 4.2476 -4.0064
v 3.9683 4.0059 -4.0064
v 5.5556 3.7872 -4.0064
v 7.1429 3.5984 -4.0064
v 8.7302 3.3821 -4.0064
v 10.3175 3.1405 -4.0064
v 11.9048 2.9234 -4.0064
v 13.4921 2.7392 -4.0064
v 15.0794 2.5367 -4.0064
v 16.6667 2.3190 -4.0064
v 18.2540 2.1311 -4.0064
v 19.8413 1.9791 -4.0064
v 21.4286 1.8141 -4.0064
v 23.0159 1.6338 -4.0064
v 24.6032 1.4756 -4.0064
v 26.1905 1.3488 -4.0064
v 27.7778 1.2179 -4.0064
v 29.3651 1.0837 -4.0064
v 30.9524 0.9754 -4.0064
v 32.5397 0.8937 -4.0064
v 34.1270 0.8003 -4.0064
v 35.7143 0.6889 -4.0064
v 37.3016 0.5835 -4.0064
v 38.8889 0.4924 -4.0064
v 40.4762 0.3948 -4.0064
v 42.0635 0.2901 -4.0064
v 43.6508 0.1981 -4.0064
v 45.2381 0.1290 -4.0064
v 46.8254 0.0738 -4.0064
v 48.4127 0.0343 -4.0064
v 50.0000 0.0191 -4.0064
v -50.0000 14.4445 -2.4038
v -48.4127 14.3819 -2.4038
v -46.8254 14.2172 -2.4038
v -45.2381 13.9849 -2.4038
v -43.6508 13.6984 -2.4038
v -42.0635 13.3321 -2.4038
v -40.4762 12.9329 -2.4038
v -38.8889 12.5772 -2.4038
v -37.3016 12.2525 -2.4038
v -35.7143 11.8603 -2.4038
v -34.1270 11.4136 -2.4038
v -32.5397 11.0036 -2.4038
v -30.9524 10.6393 -2.4038
v -29.3651 10.2221 -2.4038
v -27.7778 9.7644 -2.4038
v -26.1905 9.3599 -2.4038
v -24.6032 9.0179 -2.4038
v -23.0159 8.6356 -2.4038
v -21.4286 8.2160 -2.4038
v -19.8413 7.8464 -2.4038
v -18.2540 7.5402 -2.4038
v -16.6667 7.2056 -2.4038
v -15.0794 6.8444 -2.4038
v -13.4921 6.5327 -2.4038
v -11.9048 6.2801 -2.4038
v -10.3175 6.0017 -2.4038
v -8.7302 5.6945 -2.4038
v -7.1429 5.4236 -2.4038
v -5.5556 5.2005 -2.4038
v -3.9683 4.9566 -2.4038
v -2.3810 4.6935 -2.4038
v -0.7937 4.4677 -2.4038
v 0.7937 4.2829 -2.4038
v 2.3810 4.0707 -2.4038
v 3.9683 3.8290 -2.4038
v 5.5556 3.6095 -2.4038
v 7.1429 3.4197 -2.4038
v 8.7302 3.2028 -2.4038
v 10.3175 2.9614 -2.4038
v 11.9048 2.7451 -2.4038
v 13.4921 2.5623 -2.4038
v 15.0794 2.3625 -2.4038
v 16.6667 2.1487 -2.4038
v 18.2540 1.9651 -2.4038
v 19.8413 1.8174 -2.4038
v 21.4286 1.6568 -2.4038
v 23.0159 1.4802 -2.4038
v 24.6032 1.3247 -2.4038
v 26.1905 1.1994 -2.4038
v 27.7778 1.0695 -2.4038
v 29.3651 0.9361 -2.4038
v 30.9524 0.8281 -2.4038
v 32.5397 0.7463 -2.4038
v 34.1270 0.6526 -2.4038
v 35.7143 0.5402 -2.4038
v 37.3016 0.4326 -2.4038
v 38.8889 0.3405 -2.4038
v 40.4762 0.2475 -2.4038
v 42.0635 0.1550 -2.4038
v 43.6508 0.0807 -2.4038
v 45.2381 0.0310 -2.4038
v 46.8254 0.0000 -2.4038
v 48.4127 0.0000 -2.4038
v 50.0000 0.0000 -2.4038
v -50.0000 14.3778 -0.8013
v -48.4127 14.3140 -0.8013
v -46.8254 14.1457 -0.8013
v -45.2381 13.9083 -0.8013
v -43.6508 13.6159 -0.8013
v -42.0635 13.2434 -0.8013
v -40.4762 12.8390 -0.8013
v -38.8889 12.4800 -0.8013
v -37.3016 12.1533 -0.8013
v -35.7143 11.7588 -0.8013
v -34.1270 11.3089 -0.8013
v -32.5397 10.8955 -0.8013
v -30.9524 10.5282 -0.8013
v -29.3651 10.1083 -0.8013
v -27.7778 9.6483 -0.8013
v -26.1905 9.2427 -0.8013
v -24.6032 8.9004 -0.8013
v -23.0159 8.5170 -0.8013
v -21.4286 8.0954 -0.8013
v -19.8413 7.7230 -0.8013
v -18.2540 7.4139 -0.8013
v -16.6667 7.0764 -0.8013
v -15.0794 6.7129 -0.8013
v -13.4921 6.3997 -0.8013
v -11.9048 6.1464 -0.8013
v -10.3175 5.8674 -0.8013
v -8.7302 5.5594 -0.8013
v -7.1429 5.2880 -0.8013
v -5.5556 5.0644 -0.8013
v -3.9683 4.8203 -0.8013
v -2.3810 4.5571 -0.8013
v -0.7937 4.3314 -0.8013
v 0.7937 4.1468 -0.8013
v 2.3810 3.9349 -0.8013
v 3.9683 3.6932 -0.8013
v 5.5556 3.4734 -0.8013
v 7.1429 3.2833 -0.8013
v 8.7302 3.0666 -0.8013
v 10.3175 2.8255 -0.8013
v 11.9048 2.6096 -0.8013
v 13.4921 2.4276 -0.8013
v 15.0794 2.2298 -0.8013
v 16.6667 2.0190 -0.8013
v 18.2540 1.8392 -0.8013
v 19.8413 1.6954 -0.8013
v 21.4286 1.5388 -0.8013
v 23.0159 1.3660 -0.8013
v 24.6032 1.2134 -0.8013
v 26.1905 1.0900 -0.8013
v 27.7778 0.9612 -0.8013
v 29.3651 0.8282 -0.8013
v 30.9524 0.7197 -0.8013
v 32.5397 0.6367 -0.8013
v 34.1270 0.5421 -0.8013
v 35.7143 0.4283 -0.8013
v 37.3016 0.3187 -0.8013
v 38.8889 0.2261 -0.8013
v 40.4762 0.1384 -0.8013
v 42.0635 0.0588 -0.8013
v 43.6508 0.0029 -0.8013
v 45.2381 0.0000 -0.8013
v 46.8254 0.0000 -0.8013
v 48.4127 0.0000 -0.8013
v 50.0000 0.0000 -0.8013
v -50.0000 14.3606 0.8013
v -48.4127 14.2957 0.8013
v -46.8254 14.1245 0.8013
v -45.2381 13.8829 0.8013
v -43.6508 13.5856 0.8013
v -42.0635 13.2078 0.8013
v -40.4762 12.7984 0.8013
v -38.8889 12.4357 0.8013
v -37.3016 12.1063 0.8013
v -35.7143 11.7091 0.8013
v -34.1270 11.2559 0.8013
v -32.5397 10.8396 0.8013
v -30.9524 10.4701 0.8013
v -29.3651 10.0484 0.8013
v -27.7778 9.5875 0.8013
v -26.1905 9.1819 0.8013
v -24.6032 8.8402 0.8013
v -23.0159 8.4570 0.8013
v -21.4286 8.0345 0.8013
v -19.8413 7.6604 0.8013
v -18.2540 7.3491 0.8013
v -16.6667 7.0095 0.8013
v -15.0794 6.6440 0.8013
v -13.4921 6.3294 0.8013
v -11.9048 6.0751 0.8013
v -10.3175 5.7955 0.8013
v -8.7302 5.4872 0.8013
v -7.1429 5.2157 0.8013
v -5.5556 4.9924 0.8013
v -3.9683 4.7485 0.8013
v -2.3810 4.4852 0.8013
v -0.7937 4.2591 0.8013
v 0.7937 4.0741 0.8013
v 2.3810 3.8618 0.8013
v 3.9683 3.6199 0.8013
v 5.5556 3.4001 0.8013
v 7.1429 3.2102 0.8013
v 8.7302 2.9938 0.8013
v 10.3175 2.7531 0.8013
v 11.9048 2.5375 0.8013
v 13.4921 2.3560 0.8013
v 15.0794 2.1596 0.8013
v 16.6667 1.9513 0.8013
v 18.2540 1.7746 0.8013
v 19.8413 1.6341 0.8013
v 21.4286 1.4811 0.8013
v 23.0159 1.3118 0.8013
v 24.6032 1.1619 0.8013
v 26.1905 1.0403 0.8013
v 27.7778 0.9126 0.8013
v 29.3651 0.7797 0.8013
v 30.9524 0.6702 0.8013
v 32.5397 0.5857 0.8013
v 34.1270 0.4899 0.8013
v 35.7143 0.3752 0.8013
v 37.3016 0.2647 0.8013
v 38.8889 0.1726 0.8013
v 40.4762 0.0900 0.8013
v 42.0635 0.0211 0.8013
v 43.6508 0.0000 0.8013
v 45.2381 0.0000 0.8013
v 46.8254 0.0000 0.8013
v 48.4127 0.0000 0.8013
v 50.0000 0.0000 0.8013
v -50.0000 14.3842 2.4038
v -48.4127 14.3185 2.4038
v -46.8254 14.1452 2.4038
v -45.2381 13.9005 2.4038
v -43.6508 13.5995 2.4038
v -42.0635 13.2173 2.4038
v -40.4762 12.8035 2.4038
v -38.8889 12.4369 2.4038
v -37.3016 12.1043 2.4038
v -35.7143 11.7037 2.4038
v -34.1270 11.2469 2.4038
v -32.5397 10.8274 2.4038
v -30.9524 10.4554 2.4038
v -29.3651 10.0317 2.4038
v -27.7778 9.5693 2.4038
v -26.1905 9.1632 2.4038
v -24.6032 8.8216 2.4038
v -23.0159 8.4381 2.4038
v -21.4286 8.0144 2.4038
v -19.8413 7.6387 2.4038
v -18.2540 7.3256 2.4038
v -16.6667 6.9839 2.4038
v -15.0794 6.6162 2.4038
v -13.4921 6.2999 2.4038
v -11.9048 6.0442 2.4038
v -10.3175 5.7635 2.4038
v -8.7302 5.4545 2.4038
v -7.1429 5.1827 2.4038
v -5.5556 4.9596 2.4038
v -3.9683 4.7157 2.4038
v -2.3810 4.4522 2.4038
v -0.7937 4.2255 2.4038
v 0.7937 4.0399 2.4038
v 2.3810 3.8270 2.4038
v 3.9683 3.5845 2.4038
v 5.5556 3.3643 2.4038
v 7.1429 3.1743 2.4038
v 8.7302 2.9580 2.4038
v 10.3175 2.7176 2.4038
v 11.9048 2.5023 2.4038
v 13.4921 2.3214 2.4038
v 15.0794 2.1267 2.4038
v 16.6667 1.9213 2.4038
v 18.2540 1.7480 2.4038
v 19.8413 1.6112 2.4038
v 21.4286 1.4621 2.4038
v 23.0159 1.2964 2.4038
v 24.6032 1.1493 2.4038
v 26.1905 1.0294 2.4038
v 27.7778 0.9029 2.4038
v 29.3651 0.7704 2.4038
v 30.9524 0.6605 2.4038
v 32.5397 0.5750 2.4038
v 34.1270 0.4789 2.4038
v 35.7143 0.3649 2.4038
v 37.3016 0.2558 2.4038
v 38.8889 0.1660 2.4038
v 40.4762 0.0873 2.4038
v 42.0635 0.0241 2.4038
v 43.6508 0.0000 2.4038
v 45.2381 0.0000 2.4038
v 46.8254 0.0000 2.4038
v 48.4127 0.0000 2.4038
v 50.0000 0.0000 2.4038
v -50.0000 14.4297 4.0064
v -48.4127 14.3636 4.0064
v -46.8254 14.1893 4.0064
v -45.2381 13.9433 4.0064
v -43.6508 13.6405 4.0064
v -42.0635 13.2558 4.0064
v -40.4762 12.8387 4.0064
v -38.8889 12.4689 4.0064
v -37.3016 12.1332 4.0064
v -35.7143 11.7289 4.0064
v -34.1270 11.2682 4.0064
v -32.5397 10.8453 4.0064
v -30.9524 10.4705 4.0064
v -29.3651 10.0441 4.0064
v -27.7778 9.5790 4.0064
v -26.1905 9.1709 4.0064
v -24.6032 8.8279 4.0064
v -23.0159 8.4428 4.0064
v -21.4286 8.0172 4.0064
v -19.8413 7.6396 4.0064
v -18.2540 7.3249 4.0064
v -16.6667 6.9813 4.0064
v -15.0794 6.6113 4.0064
v -13.4921 6.2927 4.0064
v -11.9048 6.0352 4.0064
v -10.3175 5.7528 4.0064
v -8.7302 5.4423 4.0064
v -7.1429 5.1698 4.0064
v -5.5556 4.9465 4.0064
v -3.9683 4.7023 4.0064
v -2.3810 4.4383 4.0064
v -0.7937 4.2112 4.0064
v 0.7937 4.0251 4.0064
v 2.3810 3.8115 4.0064
v 3.9683 3.5682 4.0064
v 5.5556 3.3469 4.0064
v 7.1429 3.1559 4.0064
v 8.7302 2.9392 4.0064
v 10.3175 2.6989 4.0064
v 11.9048 2.4840 4.0064
v 13.4921 2.3042 4.0064
v 15.0794 2.1116 4.0064
v 16.6667 1.9095 4.0064
v 18.2540 1.7400 4.0064
v 19.8413 1.6072 4.0064
v 21.4286 1.4621 4.0064
v 23.0159 1.3001 4.0064
v 24.6032 1.1556 4.0064
v 26.1905 1.0374 4.0064
v 27.7778 0.9122 4.0064
v 29.3651 0.7807 4.0064
v 30.9524 0.6710 4.0064
v 32.5397 0.5855 4.0064
v 34.1270 0.4903 4.0064
v 35.7143 0.3791 4.0064
v 37.3016 0.2742 4.0064
v 38.8889 0.1885 4.0064
v 40.4762 0.1114 4.0064
v 42.0635 0.0460 4.0064
v 43.6508 0.0056 4.0064
v 45.2381 0.0000 4.0064
v 46.8254 0.0000 4.0064
v 48.4127 0.0000 4.0064
v 50.0000 0.0000 4.0064
v -50.0000 14.4874 5.6090
v -48.4127 14.4214 5.6090
v -46.8254 14.2476 5.6090
v -45.2381 14.0025 5.6090
v -43.6508 13.7004 5.6090
v -42.0635 13.3156 5.6090
v -40.4762 12.8973 5.6090
v -38.8889 12.5256 5.6090
v -37.3016 12.1874 5.6090
v -35.7143 11.7800 5.6090
v -34.1270 11.3160 5.6090
v -32.5397 10.8902 5.6090
v -30.9524 10.5130 5.6090
v -29.3651 10.0836 5.6090
v -27.7778 9.6152 5.6090
v -26.1905 9.2040 5.6090
v -24.6032 8.8584 5.6090
v -23.0159 8.4708 5.6090
v -21.4286 8.0428 5.6090
v -19.8413 7.6637 5.6090
v -18.2540 7.3480 5.6090
v -16.6667 7.0030 5.6090
v -15.0794 6.6310 5.6090
v -13.4921 6.3101 5.6090
v -11.9048 6.0504 5.6090
v -10.3175 5.7660 5.6090
v -8.7302 5.4538 5.6090
v -7.1429 5.1801 5.6090
v -5.5556 4.9562 5.6090
v -3.9683 4.7116 5.6090
v -2.3810 4.4471 5.6090
v -0.7937 4.2197 5.6090
v 0.7937 4.0333 5.6090
v 2.3810 3.8192 5.6090
v 3.9683 3.5747 5.6090
v 5.5556 3.3519 5.6090
v 7.1429 3.1595 5.6090
v 8.7302 2.9419 5.6090
v 10.3175 2.7013 5.6090
v 11.9048 2.4868 5.6090
v 13.4921 2.3081 5.6090
v 15.0794 2.1177 5.6090
v 16.6667 1.9187 5.6090
v 18.2540 1.7528 5.6090
v 19.8413 1.6235 5.6090
v 21.4286 1.4820 5.6090
v 23.0159 1.3230 5.6090
v 24.6032 1.1805 5.6090
v 26.1905 1.0634 5.6090
v 27.7778 0.9393 5.6090
v 29.3651 0.8090 5.6090
v 30.9524 0.7003 5.6090
v 32.5397 0.6157 5.6090
v 34.1270 0.5224 5.6090
v 35.7143 0.4154 5.6090
v 37.3016 0.3168 5.6090
v 38.8889 0.2362 5.6090
v 40.4762 0.1579 5.6090
v 42.0635 0.0824 5.6090
v 43.6508 0.0245 5.6090
v 45.2381 0.0000 5.6090
v 46.8254 0.0000 5.6090
v 48.4127 0.0000 5.6090
v 50.0000 0.0000 5.6090
v -50.0000 14.5749 7.2115
v -48.4127 14.5094 7.2115
v -46.8254 14.3369 7.2115
v -45.2381 14.0937 7.2115
v -43.6508 13.7937 7.2115
v -42.0635 13.4101 7.2115
v -40.4762 12.9918 7.2115
v -38.8889 12.6188 7.2115
v -37.3016 12.2784 7.2115
v -35.7143 11.8682 7.2115
v -34.1270 11.4015 7.2115
v -32.5397 10.9734 7.2115
v -30.9524 10.5941 7.2115
v -29.3651 10.1622 7.2115
v -27.7778 9.6906 7.2115
v -26.1905 9.2762 7.2115
v -24.6032 8.9278 7.2115
v -23.0159 8.5376 7.2115
v -21.4286 8.1075 7.2115
v -19.8413 7.7273 7.2115
v -18.2540 7.4111 7.2115
v -16.6667 7.0653 7.2115
v -15.0794 6.6917 7.2115
v -13.4921 6.3689 7.2115
v -11.9048 6.1073 7.2115
v -10.3175 5.8208 7.2115
v -8.7302 5.5069 7.2115
v -7.1429 5.2320 7.2115
v -5.5556 5.0075 7.2115
v -3.9683 4.7623 7.2115
v -2.3810 4.4972 7.2115
v -0.7937 4.2693 7.2115
v 0.7937 4.0826 7.2115
v 2.3810 3.8678 7.2115
v 3.9683 3.6222 7.2115
v 5.5556 3.3978 7.2115
v 7.1429 3.2039 7.2115
v 8.7302 2.9853 7.2115
v 10.3175 2.7444 7.2115
v 11.9048 2.5303 7.2115
v 13.4921 2.3528 7.2115
v 15.0794 2.1644 7.2115
v 16.6667 1.9679 7.2115
v 18.2540 1.8047 7.2115
v 19.8413 1.6781 7.2115
v 21.4286 1.5392 7.2115
v 23.0159 1.3825 7.2115
v 24.6032 1.2412 7.2115
v 26.1905 1.1248 7.2115
v 27.7778 1.0015 7.2115
v 29.3651 0.8727 7.2115
v 30.9524 0.7655 7.2115
v 32.5397 0.6825 7.2115
v 34.1270 0.5918 7.2115
v 35.7143 0.4899 7.2115
v 37.3016 0.3988 7.2115
v 38.8889 0.3238 7.2115
v 40.4762 0.2432 7.2115
v 42.0635 0.1539 7.2115
v 43.6508 0.0732 7.2115
v 45.2381 0.0113 7.2115
v 46.8254 0.0000 7.2115
v 48.4127 0.0000 7.2115
v 50.0000 0.0000 7.2115
v -50.0000 14.7224 8.8141
v -48.4127 14.6569 8.8141
v -46.8254 14.4850 8.8141
v -45.2381 14.2429 8.8141
v -43.6508 13.9438 8.8141
v -42.0635 13.5601 8.8141
v -40.4762 13.1405 8.8141
v -38.8889 12.7653 8.8141
v -37.3016 12.4219 8.8141
v -35.7143 12.0084 8.8141
v -34.1270 11.5383 8.8141
v -32.5397 11.1076 8.8141
v -30.9524 10.7261 8.8141
v -29.3651 10.2918 8.8141
v -27.7778 9.8175 8.8141
v -26.1905 9.4006 8.8141
v -24.6032 9.0500 8.8141
v -23.0159 8.6579 8.8141
v -21.4286 8.2262 8.8141
v -19.8413 7.8449 8.8141
v -18.2540 7.5282 8.8141
v -16.6667 7.1815 8.8141
v -15.0794 6.8067 8.8141
v -13.4921 6.4824 8.8141
v -11.9048 6.2193 8.8141
v -10.3175 5.9313 8.8141
v -8.7302 5.6158 8.8141
v -7.1429 5.3399 8.8141
v -5.5556 5.1145 8.8141
v -3.9683 4.8684 8.8141
v -2.3810 4.6023 8.8141
v -0.7937 4.3735 8.8141
v 0.7937 4.1861 8.8141
v 2.3810 3.9704 8.8141
v 3.9683 3.7235 8.8141
v 5.5556 3.4978 8.8141
v 7.1429 3.3027 8.8141
v 8.7302 3.0835 8.8141
v 10.3175 2.8428 8.8141
v 11.9048 2.6295 8.8141
v 13.4921 2.4534 8.8141
v 15.0794 2.2670 8.8141
v 16.6667 2.0728 8.8141
v 18.2540 1.9118 8.8141
v 19.8413 1.7873 8.8141
v 21.4286 1.6504 8.8141
v 23.0159 1.4953 8.8141
v 24.6032 1.3550 8.8141
v 26.1905 1.2391 8.8141
v 27.7778 1.1170 8.8141
v 29.3651 0.9900 8.8141
v 30.9524 0.8849 8.8141
v 32.5397 0.8043 8.8141
v 34.1270 0.7172 8.8141
v 35.7143 0.6214 8.8141
v 37.3016 0.5382 8.8141
v 38.8889 0.4696 8.8141
v 40.4762 0.3883 8.8141
v 42.0635 0.2884 8.8141
v 43.6508 0.1889 8.8141
v 45.2381 0.1047 8.8141
v 46.8254 0.0345 8.8141
v 48.4127 0.0000 8.8141
v 50.0000 0.0000 8.8141
v -50.0000 14.9114 10.4167
v -48.4127 14.8456 10.4167
v -46.8254 14.6728 10.4167
v -45.2381 14.4294 10.4167
v -43.6508 14.1286 10.4167
v -42.0635 13.7422 10.4167
v -40.4762 13.3190 10.4167
v -38.8889 12.9399 10.4167
v -37.3016 12.5928 10.4167
v -35.7143 12.1752 10.4167
v -34.1270 11.7011 10.4167
v -32.5397 11.2671 10.4167
v -30.9524 10.8833 10.4167
v -29.3651 10.4469 10.4167
v -27.7778 9.9708 10.4167
v -26.1905 9.5527 10.4167
v -24.6032 9.2017 10.4167
v -23.0159 8.8089 10.4167
v -21.4286 8.3763 10.4167
v -19.8413 7.9939 10.4167
v -18.2540 7.6762 10.4167
v -16.6667 7.3286 10.4167
v -15.0794 6.9528 10.4167
v -13.4921 6.6278 10.4167
v -11.9048 6.3642 10.4167
v -10.3175 6.0756 10.4167
v -8.7302 5.7593 10.4167
v -7.1429 5.4825 10.4167
v -5.5556 5.2563 10.4167
v -3.9683 5.0091 10.4167
v -2.3810 4.7417 10.4167
v -0.7937 4.5116 10.4167
v 0.7937 4.3230 10.4167
v 2.3810 4.1061 10.4167
v 3.9683 3.8580 10.4167
v 5.5556 3.6314 10.4167
v 7.1429 3.4358 10.4167
v 8.7302 3.2168 10.4167
v 10.3175 2.9768 10.4167
v 11.9048 2.7648 10.4167
v 13.4921 2.5903 10.4167
v 15.0794 2.4059 10.4167
v 16.6667 2.2137 10.4167
v 18.2540 2.0544 10.4167
v 19.8413 1.9312 10.4167
v 21.4286 1.7957 10.4167
v 23.0159 1.6418 10.4167
v 24.6032 1.5023 10.4167
v 26.1905 1.3870 10.4167
v 27.7778 1.2663 10.4167
v 29.3651 1.1416 10.4167
v 30.9524 1.0391 10.4167
v 32.5397 0.9615 10.4167
v 34.1270 0.8787 10.4167
v 35.7143 0.7891 10.4167
v 37.3016 0.7133 10.4167
v 38.8889 0.6509 10.4167
v 40.4762 0.5720 10.4167
v 42.0635 0.4692 10.4167
v 43.6508 0.3617 10.4167
v 45.2381 0.2670 10.4167
v 46.8254 0.1868 10.4167
v 48.4127 0.1314 10.4167
v 50.0000 0.1111 10.4167
v -50.0000 15.1027 12.0192
v -48.4127 15.0360 12.0192
v -46.8254 14.8609 12.0192
v -45.2381 14.6143 12.0192
v -43.6508 14.3097 12.0192
v -42.0635 13.9185 12.0192
v -40.4762 13.4902 12.0192
v -38.8889 13.1065 12.0192
v -37.3016 12.7555 12.0192
v -35.7143 12.3339 12.0192
v -34.1270 11.8558 12.0192
v -32.5397 11.4186 12.0192
v -30.9524 11.0326 12.0192
v -29.3651 10.5949 12.0192
v -27.7778 10.1182 12.0192
v -26.1905 9.7006 12.0192
v -24.6032 9.3508 12.0192
v -23.0159 8.9590 12.0192
v -21.4286 8.5264 12.0192
v -19.8413 8.1431 12.0192
v -18.2540 7.8242 12.0192
v -16.6667 7.4755 12.0192
v -15.0794 7.0993 12.0192
v -13.4921 6.7747 12.0192
v -11.9048 6.5118 12.0192
v -10.3175 6.2236 12.0192
v -8.7302 5.9075 12.0192
v -7.1429 5.6304 12.0192
v -5.5556 5.4036 12.0192
v -3.9683 5.1553 12.0192
v -2.3810 4.8865 12.0192
v -0.7937 4.6548 12.0192
v 0.7937 4.4647 12.0192
v 2.3810 4.2466 12.0192
v 3.9683 3.9977 12.0192
v 5.5556 3.7706 12.0192
v 7.1429 3.5753 12.0192
v 8.7302 3.3570 12.0192
v 10.3175 3.1182 12.0192
v 11.9048 2.9077 12.0192
v 13.4921 2.7349 12.0192
v 15.0794 2.5521 12.0192
v 16.6667 2.3612 12.0192
v 18.2540 2.2026 12.0192
v 19.8413 2.0799 12.0192
v 21.4286 1.9449 12.0192
v 23.0159 1.7915 12.0192
v 24.6032 1.6524 12.0192
v 26.1905 1.5375 12.0192
v 27.7778 1.4183 12.0192
v 29.3651 1.2959 12.0192
v 30.9524 1.1961 12.0192
v 32.5397 1.1217 12.0192
v 34.1270 1.0433 12.0192
v 35.7143 0.9590 12.0192
v 37.3016 0.8885 12.0192
v 38.8889 0.8311 12.0192
v 40.4762 0.7573 12.0192
v 42.0635 0.6593 12.0192
v 43.6508 0.5555 12.0192
v 45.2381 0.4632 12.0192
v 46.8254 0.3848 12.0192
v 48.4127 0.3307 12.0192
v 50.0000 0.3110 12.0192
v -50.0000 15.3075 13.6218
v -48.4127 15.2398 13.6218
v -46.8254 15.0620 13.6218
v -45.2381 14.8114 13.6218
v -43.6508 14.5020 13.6218
v -42.0635 14.1054 13.6218
v -40.4762 13.6715 13.6218
v -38.8889 13.2832 13.6218
v -37.3016 12.9286 13.6218
v -35.7143 12.5035 13.6218
v -34.1270 12.0220 13.6218
v -32.5397 11.5822 13.6218
v -30.9524 11.1947 13.6218
v -29.3651 10.7563 13.6218
v -27.7778 10.2800 13.6218
v -26.1905 9.8639 13.6218
v -24.6032 9.5160 13.6218
v -23.0159 9.1259 13.6218
v -21.4286 8.6939 13.6218
v -19.8413 8.3101 13.6218
v -18.2540 7.9901 13.6218
v -16.6667 7.6406 13.6218
v -15.0794 7.2645 13.6218
v -13.4921 6.9407 13.6218
v -11.9048 6.6790 13.6218
v -10.3175 6.3918 13.6218
v -8.7302 6.0761 13.6218
v -7.1429 5.7989 13.6218
v -5.5556 5.5715 13.6218
v -3.9683 5.3222 13.6218
v -2.3810 5.0520 13.6218
v -0.7937 4.8186 13.6218
v 0.7937 4.6269 13.6218
v 2.3810 4.4076 13.6218
v 3.9683 4.1582 13.6218
v 5.5556 3.9313 13.6218
v 7.1429 3.7367 13.6218
v 8.7302 3.5197 13.6218
v 10.3175 3.2824 13.6218
v 11.9048 3.0734 13.6218
v 13.4921 2.9019 13.6218
v 15.0794 2.7202 13.6218
v 16.6667 2.5297 13.6218
v 18.2540 2.3710 13.6218
v 19.8413 2.2477 13.6218
v 21.4286 2.1121 13.6218
v 23.0159 1.9585 13.6218
v 24.6032 1.8193 13.6218
v 26.1905 1.7048 13.6218
v 27.7778 1.5867 13.6218
v 29.3651 1.4664 13.6218
v 30.9524 1.3691 13.6218
v 32.5397 1.2975 13.6218
v 34.1270 1.2229 13.6218
v 35.7143 1.1429 13.6218
v 37.3016 1.0760 13.6218
v 38.8889 1.0224 13.6218
v 40.4762 0.9550 13.6218
v 42.0635 0.8666 13.6218
v 43.6508 0.7740 13.6218
v 45.2381 0.6924 13.6218
v 46.8254 0.6235 13.6218
v 48.4127 0.5758 13.6218
v 50.0000 0.5583 13.6218
v -50.0000 15.5879 15.2244
v -48.4127 15.5192 15.2244
v -46.8254 15.3385 15.2244
v -45.2381 15.0839 15.2244
v -43.6508 14.7697 15.2244
v -42.0635 14.3676 15.2244
v -40.4762 13.9282 15.2244
v -38.8889 13.5353 15.2244
v -37.3016 13.1770 15.2244
v -35.7143 12.7487 15.2244
v -34.1270 12.2645 15.2244
v -32.5397 11.8227 15.2244
v -30.9524 11.4345 15.2244
v -29.3651 10.9961 15.2244
v -27.7778 10.5201 15.2244
v -26.1905 10.1048 15.2244
v -24.6032 9.7581 15.2244
v -23.0159 9.3690 15.2244
v -21.4286 8.9375 15.2244
v -19.8413 8.5536 15.2244
v -18.2540 8.2331 15.2244
v -16.6667 7.8833 15.2244
v -15.0794 7.5071 15.2244
v -13.4921 7.1836 15.2244
v -11.9048 6.9223 15.2244
v -10.3175 6.6352 15.2244
v -8.7302 6.3191 15.2244
v -7.1429 6.0413 15.2244
v -5.5556 5.8130 15.2244
v -3.9683 5.5625 15.2244
v -2.3810 5.2904 15.2244
v -0.7937 5.0551 15.2244
v 0.7937 4.8617 15.2244
v 2.3810 4.6413 15.2244
v 3.9683 4.3916 15.2244
v 5.5556 4.1653 15.2244
v 7.1429 3.9721 15.2244
v 8.7302 3.7567 15.2244
v 10.3175 3.5210 15.2244
v 11.9048 3.3135 15.2244
v 13.4921 3.1431 15.2244
v 15.0794 2.9619 15.2244
v 16.6667 2.7714 15.2244
v 18.2540 2.6117 15.2244
v 19.8413 2.4870 15.2244
v 21.4286 2.3503 15.2244
v 23.0159 2.1959 15.2244
v 24.6032 2.0564 15.2244
v 26.1905 1.9422 15.2244
v 27.7778 1.8252 15.2244
v 29.3651 1.7066 15.2244
v 30.9524 1.6111 15.2244
v 32.5397 1.5418 15.2244
v 34.1270 1.4707 15.2244
v 35.7143 1.3944 15.2244
v 37.3016 1.3306 15.2244
v 38.8889 1.2806 15.2244
v 40.4762 1.2201 15.2244
v 42.0635 1.1426 15.2244
v 43.6508 1.0631 15.2244
v 45.2381 0.9944 15.2244
v 46.8254 0.9368 15.2244
v 48.4127 0.8968 15.2244
v 50.0000 0.8820 15.2244
v -50.0000 15.9339 16.8269
v -48.4127 15.8640 16.8269
v -46.8254 15.6800 16.8269
v -45.2381 15.4205 16.8269
v -43.6508 15.1007 16.8269
v -42.0635 14.6925 16.8269
v -40.4762 14.2474 16.8269
v -38.8889 13.8500 16.8269
v -37.3016 13.4888 16.8269
v -35.7143 13.0582 16.8269
v -34.1270 12.5723 16.8269
v -32.5397 12.1299 16.8269
v -30.9524 11.7420 16.8269
v -29.3651 11.3039 16.8269
v -27.7778 10.8279 16.8269
v -26.1905 10.4122 16.8269
v -24.6032 10.0651 16.8269
v -23.0159 9.6757 16.8269
v -21.4286 9.2441 16.8269
v -19.8413 8.8606 16.8269
v -18.2540 8.5405 16.8269
v -16.6667 8.1907 16.8269
v -15.0794 7.8142 16.8269
v -13.4921 7.4899 16.8269
v -11.9048 7.2276 16.8269
v -10.3175 6.9391 16.8269
v -8.7302 6.6216 16.8269
v -7.1429 6.3425 16.8269
v -5.5556 6.1130 16.8269
v -3.9683 5.8609 16.8269
v -2.3810 5.5870 16.8269
v -0.7937 5.3498 16.8269
v 0.7937 5.1547 16.8269
v 2.3810 4.9334 16.8269
v 3.9683 4.6838 16.8269
v 5.5556 4.4587 16.8269
v 7.1429 4.2673 16.8269
v 8.7302 4.0538 16.8269
v 10.3175 3.8198 16.8269
v 11.9048 3.6135 16.8269
v 13.4921 3.4439 16.8269
v 15.0794 3.2627 16.8269
v 16.6667 3.0714 16.8269
v 18.2540 2.9104 16.8269
v 19.8413 2.7840 16.8269
v 21.4286 2.6457 16.8269
v 23.0159 2.4904 16.8269
v 24.6032 2.3506 16.8269
v 26.1905 2.2368 16.8269
v 27.7778 2.1207 16.8269
v 29.3651 2.0032 16.8269
v 30.9524 1.9087 16.8269
v 32.5397 1.8408 16.8269
v 34.1270 1.7721 16.8269
v 35.7143 1.6990 16.8269
v 37.3016 1.6384 16.8269
v 38.8889 1.5921 16.8269
v 40.4762 1.5379 16.8269
v 42.0635 1.4698 16.8269
v 43.6508 1.4011 16.8269
v 45.2381 1.3430 16.8269
v 46.8254 1.2945 16.8269
v 48.4127 1.2607 16.8269
v 50.0000 1.2482 16.8269
v -50.0000 16.2798 18.4295
v -48.4127 16.2086 18.4295
v -46.8254 16.0208 18.4295
v -45.2381 15.7556 18.4295
v -43.6508 15.4293 18.4295
v -42.0635 15.0147 18.4295
v -40.4762 14.5643 18.4295
v -38.8889 14.1635 18.4295
v -37.3016 13.8007 18.4295
v -35.7143 13.3694 18.4295
v -34.1270 12.8833 18.4295
v -32.5397 12.4416 18.4295
v -30.9524 12.0550 18.4295
v -29.3651 11.6178 18.4295
v -27.7778 11.1415 18.4295
v -26.1905 10.7245 18.4295
v -24.6032 10.3756 18.4295
v -23.0159 9.9848 18.4295
v -21.4286 9.5529 18.4295
v -19.8413 9.1700 18.4295
v -18.2540 8.8511 18.4295
v -16.6667 8.5018 18.4295
v -15.0794 8.1247 18.4295
v -13.4921 7.7988 18.4295
v -11.9048 7.5343 18.4295
v -10.3175 7.2434 18.4295
v -8.7302 6.9236 18.4295
v -7.1429 6.6428 18.4295
v -5.5556 6.4121 18.4295
v -3.9683 6.1587 18.4295
v -2.3810 5.8832 18.4295
v -0.7937 5.6444 18.4295
v 0.7937 5.4482 18.4295
v 2.3810 5.2265 18.4295
v 3.9683 4.9775 18.4295
v 5.5556 4.7539 18.4295
v 7.1429 4.5645 18.4295
v 8.7302 4.3530 18.4295
v 10.3175 4.1205 18.4295
v 11.9048 3.9150 18.4295
v 13.4921 3.7454 18.4295
v 15.0794 3.5638 18.4295
v 16.6667 3.3713 18.4295
v 18.2540 3.2085 18.4295
v 19.8413 3.0803 18.4295
v 21.4286 2.9404 18.4295
v 23.0159 2.7841 18.4295
v 24.6032 2.6441 18.4295
v 26.1905 2.5306 18.4295
v 27.7778 2.4151 18.4295
v 29.3651 2.2979 18.4295
v 30.9524 2.2034 18.4295
v 32.5397 2.1357 18.4295
v 34.1270 2.0681 18.4295
v 35.7143 1.9971 18.4295
v 37.3016 1.9390 18.4295
v 38.8889 1.8957 18.4295
v 40.4762 1.8463 18.4295
v 42.0635 1.7849 18.4295
v 43.6508 1.7235 18.4295
v 45.2381 1.6723 18.4295
v 46.8254 1.6298 18.4295
v 48.4127 1.6001 18.4295
v 50.0000 1.5890 18.4295
v -50.0000 16.6043 20.0321
v -48.4127 16.5325 20.0321
v -46.8254 16.3428 20.0321
v -45.2381 16.0750 20.0321
v -43.6508 15.7457 20.0321
v -42.0635 15.3279 20.0321
v -40.4762 14.8748 20.0321
v -38.8889 14.4721 20.0321
v -37.3016 14.1081 20.0321
v -35.7143 13.6766 20.0321
v -34.1270 13.1911 20.0321
v -32.5397 12.7511 20.0321
v -30.9524 12.3664 20.0321
v -29.3651 11.9303 20.0321
v -27.7778 11.4534 20.0321
v -26.1905 11.0342 20.0321
v -24.6032 10.6826 20.0321
v -23.0159 10.2896 20.0321
v -21.4286 9.8569 20.0321
v -19.8413 9.4750 20.0321
v -18.2540 9.1577 20.0321
v -16.6667 8.8093 20.0321
v -15.0794 8.4315 20.0321
v -13.4921 8.1035 20.0321
v -11.9048 7.8362 20.0321
v -10.3175 7.5423 20.0321
v -8.7302 7.2198 20.0321
v -7.1429 6.9370 20.0321
v -5.5556 6.7050 20.0321
v -3.9683 6.4503 20.0321
v -2.3810 6.1734 20.0321
v -0.7937 5.9332 20.0321
v 0.7937 5.7361 20.0321
v 2.3810 5.5142 20.0321
v 3.9683 5.2658 20.0321
v 5.5556 5.0437 20.0321
v 7.1429 4.8562 20.0321
v 8.7302 4.6463 20.0321
v 10.3175 4.4148 20.0321
v 11.9048 4.2097 20.0321
v 13.4921 4.0398 20.0321
v 15.0794 3.8572 20.0321
v 16.6667 3.6632 20.0321
v 18.2540 3.4986 20.0321
v 19.8413 3.3684 20.0321
v 21.4286 3.2268 20.0321
v 23.0159 3.0693 20.0321
v 24.6032 2.9290 20.0321
v 26.1905 2.8158 20.0321
v 27.7778 2.7004 20.0321
v 29.3651 2.5828 20.0321
v 30.9524 2.4875 20.0321
v 32.5397 2.4189 20.0321
v 34.1270 2.3512 20.0321
v 35.7143 2.2809 20.0321
v 37.3016 2.2240 20.0321
v 38.8889 2.1827 20.0321
v 40.4762 2.1364 20.0321
v 42.0635 2.0793 20.0321
v 43.6508 2.0227 20.0321
v 45.2381 1.9761 20.0321
v 46.8254 1.9376 20.0321
v 48.4127 1.9106 20.0321
v 50.0000 1.9004 20.0321
v -50.0000 16.9517 21.6346
v -48.4127 16.8814 21.6346
v -46.8254 16.6963 21.6346
v -45.2381 16.4354 21.6346
v -43.6508 16.1136 21.6346
v -42.0635 15.7022 21.6346
v -40.4762 15.2522 21.6346
v -38.8889 14.8492 21.6346
v -37.3016 14.4827 21.6346
v -35.7143 14.0486 21.6346
v -34.1270 13.5626 21.6346
v -32.5397 13.1238 21.6346
v -30.9524 12.7409 21.6346
v -29.3651 12.3055 21.6346
v -27.7778 11.8273 21.6346
v -26.1905 11.4050 21.6346
v -24.6032 11.0495 21.6346
v -23.0159 10.6533 21.6346
v -21.4286 10.2194 21.6346
v -19.8413 9.8385 21.6346
v -18.2540 9.5231 21.6346
v -16.6667 9.1757 21.6346
v -15.0794 8.7971 21.6346
v -13.4921 8.4667 21.6346
v -11.9048 8.1961 21.6346
v -10.3175 7.8985 21.6346
v -8.7302 7.5727 21.6346
v -7.1429 7.2874 21.6346
v -5.5556 7.0536 21.6346
v -3.9683 6.7972 21.6346
v -2.3810 6.5183 21.6346
v -0.7937 6.2764 21.6346
v 0.7937 6.0781 21.6346
v 2.3810 5.8555 21.6346
v 3.9683 5.6070 21.6346
v 5.5556 5.3853 21.6346
v 7.1429 5.1987 21.6346
v 8.7302 4.9897 21.6346
v 10.3175 4.7587 21.6346
v 11.9048 4.5538 21.6346
v 13.4921 4.3838 21.6346
v 15.0794 4.2003 21.6346
v 16.6667 4.0048 21.6346
v 18.2540 3.8381 21.6346
v 19.8413 3.7058 21.6346
v 21.4286 3.5622 21.6346
v 23.0159 3.4034 21.6346
v 24.6032 3.2626 21.6346
v 26.1905 3.1495 21.6346
v 27.7778 3.0339 21.6346
v 29.3651 2.9154 21.6346
v 30.9524 2.8187 21.6346
v 32.5397 2.7487 21.6346
v 34.1270 2.6801 21.6346
v 35.7143 2.6094 21.6346
v 37.3016 2.5527 21.6346
v 38.8889 2.5123 21.6346
v 40.4762 2.4682 21.6346
v 42.0635 2.4141 21.6346
v 43.6508 2.3612 21.6346
v 45.2381 2.3183 21.6346
v 46.8254 2.2830 21.6346
v 48.4127 2.2582 21.6346
v 50.0000 2.2489 21.6346
v -50.0000 17.3063 23.2372
v -48.4127 17.2403 23.2372
v -46.8254 17.0682 23.2372
v -45.2381 16.8268 23.2372
v -43.6508 16.5264 23.2372
v -42.0635 16.1333 23.2372
v -40.4762 15.6942 23.2372
v -38.8889 15.2925 23.2372
v -37.3016 14.9209 23.2372
v -35.7143 14.4811 23.2372
v -34.1270 13.9923 23.2372
v -32.5397 13.5536 23.2372
v -30.9524 13.1719 23.2372
v -29.3651 12.7364 23.2372
v -27.7778 12.2559 23.2372
v -26.1905 11.8295 23.2372
v -24.6032 11.4696 23.2372
v -23.0159 11.0696 23.2372
v -21.4286 10.6340 23.2372
v -19.8413 10.2536 23.2372
v -18.2540 9.9401 23.2372
v -16.6667 9.5937 23.2372
v -15.0794 9.2142 23.2372
v -13.4921 8.8814 23.2372
v -11.9048 8.6075 23.2372
v -10.3175 8.3061 23.2372
v -8.7302 7.9765 23.2372
v -7.1429 7.6884 23.2372
v -5.5556 7.4523 23.2372
v -3.9683 7.1935 23.2372
v -2.3810 6.9120 23.2372
v -0.7937 6.6678 23.2372
v 0.7937 6.4679 23.2372
v 2.3810 6.2437 23.2372
v 3.9683 5.9938 23.2372
v 5.5556 5.7712 23.2372
v 7.1429 5.5841 23.2372
v 8.7302 5.3748 23.2372
v 10.3175 5.1437 23.2372
v 11.9048 4.9389 23.2372
v 13.4921 4.7691 23.2372
v 15.0794 4.5852 23.2372
v 16.6667 4.3885 23.2372
v 18.2540 4.2200 23.2372
v 19.8413 4.0856 23.2372
v 21.4286 3.9400 23.2372
v 23.0159 3.7797 23.2372
v 24.6032 3.6382 23.2372
v 26.1905 3.5249 23.2372
v 27.7778 3.4088 23.2372
v 29.3651 3.2892 23.2372
v 30.9524 3.1909 23.2372
v 32.5397 3.1193 23.2372
v 34.1270 3.0492 23.2372
v 35.7143 2.9774 23.2372
v 37.3016 2.9200 23.2372
v 38.8889 2.8796 23.2372
v 40.4762 2.8363 23.2372
v 42.0635 2.7843 23.2372
v 43.6508 2.7341 23.2372
v 45.2381 2.6941 23.2372
v 46.8254 2.6616 23.2372
v 48.4127 2.6385 23.2372
v 50.0000 2.6298 23.2372
v -50.0000 17.6036 24.8397
v -48.4127 17.5442 24.8397
v -46.8254 17.3912 24.8397
v -45.2381 17.1787 24.8397
v -43.6508 16.9100 24.8397
v -42.0635 16.5446 24.8397
v -40.4762 16.1221 24.8397
v -38.8889 15.7236 24.8397
v -37.3016 15.3454 24.8397
v -35.7143 14.8975 24.8397
v -34.1270 14.4041 24.8397
v -32.5397 13.9647 24.8397
v -30.9524 13.5832 24.8397
v -29.3651 13.1469 24.8397
v -27.7778 12.6636 24.8397
v -26.1905 12.2330 24.8397
v -24.6032 11.8685 24.8397
v -23.0159 11.4647 24.8397
v -21.4286 11.0270 24.8397
v -19.8413 10.6469 24.8397
v -18.2540 10.3348 24.8397
v -16.6667 9.9893 24.8397
v -15.0794 9.6090 24.8397
v -13.4921 9.2741 24.8397
v -11.9048 8.9975 24.8397
v -10.3175 8.6927 24.8397
v -8.7302 8.3597 24.8397
v -7.1429 8.0687 24.8397
v -5.5556 7.8302 24.8397
v -3.9683 7.5689 24.8397
v -2.3810 7.2847 24.8397
v -0.7937 7.0382 24.8397
v 0.7937 6.8363 24.8397
v 2.3810 6.6102 24.8397
v 3.9683 6.3578 24.8397
v 5.5556 6.1329 24.8397
v 7.1429 5.9440 24.8397
v 8.7302 5.7332 24.8397
v 10.3175 5.5013 24.8397
v 11.9048 5.2966 24.8397
v 13.4921 5.1273 24.8397
v 15.0794 4.9435 24.8397
v 16.6667 4.7460 24.8397
v 18.2540 4.5762 24.8397
v 19.8413 4.4400 24.8397
v 21.4286 4.2927 24.8397
v 23.0159 4.1311 24.8397
v 24.6032 3.9889 24.8397
v 26.1905 3.8751 24.8397
v 27.7778 3.7584 24.8397
v 29.3651 3.6374 24.8397
v 30.9524 3.5375 24.8397
v 32.5397 3.4643 24.8397
v 34.1270 3.3925 24.8397
v 35.7143 3.3188 24.8397
v 37.3016 3.2598 24.8397
v 38.8889 3.2183 24.8397
v 40.4762 3.1745 24.8397
v 42.0635 3.1227 24.8397
v 43.6508 3.0736 24.8397
v 45.2381 3.0352 24.8397
v 46.8254 3.0041 24.8397
v 48.4127 2.9821 24.8397
v 50.0000 2.9736 24.8397
v -50.0000 17.8192 26.4423
v -48.4127 17.7670 26.4423
v -46.8254 17.6352 26.4423
v -45.2381 17.4547 26.4423
v -43.6508 17.2212 26.4423
v -42.0635 16.8866 26.4423
v -40.4762 16.4831 26.4423
v -38.8889 16.0885 26.4423
v -37.3016 15.7037 26.4423
v -35.7143 15.2472 26.4423
v -34.1270 14.7489 26.4423
v -32.5397 14.3081 26.4423
v -30.9524 13.9263 26.4423
v -29.3651 13.4888 26.4423
v -27.7778 13.0026 26.4423
v -26.1905 12.5681 26.4423
v -24.6032 12.1995 26.4423
v -23.0159 11.7923 26.4423
v -21.4286 11.3527 26.4423
v -19.8413 10.9725 26.4423
v -18.2540 10.6616 26.4423
v -16.6667 10.3167 26.4423
v -15.0794 9.9357 26.4423
v -13.4921 9.5993 26.4423
v -11.9048 9.3205 26.4423
v -10.3175 9.0130 26.4423
v -8.7302 8.6772 26.4423
v -7.1429 8.3838 26.4423
v -5.5556 8.1431 26.4423
v -3.9683 7.8794 26.4423
v -2.3810 7.5927 26.4423
v -0.7937 7.3442 26.4423
v 0.7937 7.1407 26.4423
v 2.3810 6.9123 26.4423
v 3.9683 6.6572 26.4423
v 5.5556 6.4294 26.4423
v 7.1429 6.2379 26.4423
v 8.7302 6.0251 26.4423
v 10.3175 5.7920 26.4423
v 11.9048 5.5871 26.4423
v 13.4921 5.4184 26.4423
v 15.0794 5.2351 26.4423
v 16.6667 5.0373 26.4423
v 18.2540 4.8665 26.4423
v 19.8413 4.7291 26.4423
v 21.4286 4.5805 26.4423
v 23.0159 4.4178 26.4423
v 24.6032 4.2749 26.4423
v 26.1905 4.1606 26.4423
v 27.7778 4.0429 26.4423
v 29.3651 3.9207 26.4423
v 30.9524 3.8193 26.4423
v 32.5397 3.7446 26.4423
v 34.1270 3.6708 26.4423
v 35.7143 3.5949 26.4423
v 37.3016 3.5337 26.4423
v 38.8889 3.4902 26.4423
v 40.4762 3.4448 26.4423
v 42.0635 3.3919 26.4423
v 43.6508 3.3423 26.4423
v 45.2381 3.3040 26.4423
v 46.8254 3.2732 26.4423
v 48.4127 3.2512 26.4423
v 50.0000 3.2428 26.4423
v -50.0000 17.9891 28.0449
v -48.4127 17.9435 28.0449
v -46.8254 17.8308 28.0449
v -45.2381 17.6792 28.0449
v -43.6508 17.4775 28.0449
v -42.0635 17.1706 28.0449
v -40.4762 16.7843 28.0449
v -38.8889 16.3935 28.0449
v -37.3016 16.0028 28.0449
v -35.7143 15.5387 28.0449
v -34.1270 15.0359 28.0449
v -32.5397 14.5938 28.0449
v -30.9524 14.2116 28.0449
v -29.3651 13.7730 28.0449
v -27.7778 13.2843 28.0449
v -26.1905 12.8464 28.0449
v -24.6032 12.4743 28.0449
v -23.0159 12.0641 28.0449
v -21.4286 11.6228 28.0449
v -19.8413 11.2426 28.0449
v -18.2540 10.9326 28.0449
v -16.6667 10.5882 28.0449
v -15.0794 10.2067 28.0449
v -13.4921 9.8690 28.0449
v -11.9048 9.5884 28.0449
v -10.3175 9.2788 28.0449
v -8.7302 8.9406 28.0449
v -7.1429 8.6451 28.0449
v -5.5556 8.4026 28.0449
v -3.9683 8.1369 28.0449
v -2.3810 7.8481 28.0449
v -0.7937 7.5978 28.0449
v 0.7937 7.3929 28.0449
v 2.3810 7.1626 28.0449
v 3.9683 6.9050 28.0449
v 5.5556 6.6745 28.0449
v 7.1429 6.4805 28.0449
v 8.7302 6.2657 28.0449
v 10.3175 6.0315 28.0449
v 11.9048 5.8265 28.0449
v 13.4921 5.6584 28.0449
v 15.0794 5.4754 28.0449
v 16.6667 5.2774 28.0449
v 18.2540 5.1059 28.0449
v 19.8413 4.9676 28.0449
v 21.4286 4.8179 28.0449
v 23.0159 4.6543 28.0449
v 24.6032 4.5108 28.0449
v 26.1905 4.3960 28.0449
v 27.7778 4.2776 28.0449
v 29.3651 4.1541 28.0449
v 30.9524 4.0515 28.0449
v 32.5397 3.9754 28.0449
v 34.1270 3.8999 28.0449
v 35.7143 3.8219 28.0449
v 37.3016 3.7586 28.0449
v 38.8889 3.7133 28.0449
v 40.4762 3.6662 28.0449
v 42.0635 3.6118 28.0449
v 43.6508 3.5615 28.0449
v 45.2381 3.5229 28.0449
v 46.8254 3.4919 28.0449
v 48.4127 3.4698 28.0449
v 50.0000 3.4613 28.0449
v -50.0000 18.0000 29.6474
v -48.4127 18.0000 29.6474
v -46.8254 17.9705 29.6474
v -45.2381 17.8381 29.6474
v -43.6508 17.6576 29.6474
v -42.0635 17.3693 29.6474
v -40.4762 16.9944 29.6474
v -38.8889 16.6059 29.6474
v -37.3016 16.2113 29.6474
v -35.7143 15.7421 29.6474
v -34.1270 15.2363 29.6474
v -32.5397 14.7934 29.6474
v -30.9524 14.4110 29.6474
v -29.3651 13.9716 29.6474
v -27.7778 13.4813 29.6474
v -26.1905 13.0410 29.6474
v -24.6032 12.6665 29.6474
v -23.0159 12.2543 29.6474
v -21.4286 11.8119 29.6474
v -19.8413 11.4317 29.6474
v -18.2540 11.1222 29.6474
v -16.6667 10.7782 29.6474
v -15.0794 10.3964 29.6474
v -13.4921 10.0577 29.6474
v -11.9048 9.7759 29.6474
v -10.3175 9.4647 29.6474
v -8.7302 9.1250 29.6474
v -7.1429 8.8280 29.6474
v -5.5556 8.5843 29.6474
v -3.9683 8.3171 29.6474
v -2.3810 8.0269 29.6474
v -0.7937 7.7754 29.6474
v 0.7937 7.5694 29.6474
v 2.3810 7.3380 29.6474
v 3.9683 7.0786 29.6474
v 5.5556 6.8463 29.6474
v 7.1429 6.6508 29.6474
v 8.7302 6.4348 29.6474
v 10.3175 6.1997 29.6474
v 11.9048 5.9947 29.6474
v 13.4921 5.8269 29.6474
v 15.0794 5.6443 29.6474
v 16.6667 5.4460 29.6474
v 18.2540 5.2740 29.6474
v 19.8413 5.1351 29.6474
v 21.4286 4.9846 29.6474
v 23.0159 4.8203 29.6474
v 24.6032 4.6764 29.6474
v 26.1905 4.5613 29.6474
v 27.7778 4.4424 29.6474
v 29.3651 4.3181 29.6474
v 30.9524 4.2147 29.6474
v 32.5397 4.1377 29.6474
v 34.1270 4.0610 29.6474
v 35.7143 3.9816 29.6474
v 37.3016 3.9169 29.6474
v 38.8889 3.8704 29.6474
v 40.4762 3.8223 29.6474
v 42.0635 3.7671 29.6474
v 43.6508 3.7164 29.6474
v 45.2381 3.6777 29.6474
v 46.8254 3.6468 29.6474
v 48.4127 3.6247 29.6474
v 50.0000 3.6162 29.6474
v -50.0000 18.0000 31.2500
v -48.4127 18.0000 31.2500
v -46.8254 18.0000 31.2500
v -45.2381 17.8984 31.2500
v -43.6508 17.7251 31.2500
v -42.0635 17.4432 31.2500
v -40.4762 17.0721 31.2500
v -38.8889 16.6845 31.2500
v -37.3016 16.2885 31.2500
v -35.7143 15.8176 31.2500
v -34.1270 15.3106 31.2500
v -32.5397 14.8675 31.2500
v -30.9524 14.4850 31.2500
v -29.3651 14.0454 31.2500
v -27.7778 13.5545 31.2500
v -26.1905 13.1134 31.2500
v -24.6032 12.7381 31.2500
v -23.0159 12.3251 31.2500
v -21.4286 11.8823 31.2500
v -19.8413 11.5021 31.2500
v -18.2540 11.1928 31.2500
v -16.6667 10.8489 31.2500
v -15.0794 10.4670 31.2500
v -13.4921 10.1280 31.2500
v -11.9048 9.8458 31.2500
v -10.3175 9.5340 31.2500
v -8.7302 9.1936 31.2500
v -7.1429 8.8961 31.2500
v -5.5556 8.6519 31.2500
v -3.9683 8.3842 31.2500
v -2.3810 8.0935 31.2500
v -0.7937 7.8416 31.2500
v 0.7937 7.6353 31.2500
v 2.3810 7.4033 31.2500
v 3.9683 7.1434 31.2500
v 5.5556 6.9106 31.2500
v 7.1429 6.7145 31.2500
v 8.7302 6.4980 31.2500
v 10.3175 6.2627 31.2500
v 11.9048 6.0577 31.2500
v 13.4921 5.8901 31.2500
v 15.0794 5.7075 31.2500
v 16.6667 5.5092 31.2500
v 18.2540 5.3369 31.2500
v 19.8413 5.1977 31.2500
v 21.4286 5.0470 31.2500
v 23.0159 4.8824 31.2500
v 24.6032 4.7384 31.2500
v 26.1905 4.6232 31.2500
v 27.7778 4.5041 31.2500
v 29.3651 4.3796 31.2500
v 30.9524 4.2758 31.2500
v 32.5397 4.1985 31.2500
v 34.1270 4.1214 31.2500
v 35.7143 4.0416 31.2500
v 37.3016 3.9764 31.2500
v 38.8889 3.9295 31.2500
v 40.4762 3.8811 31.2500
v 42.0635 3.8257 31.2500
v 43.6508 3.7749 31.2500
v 45.2381 3.7364 31.2500
v 46.8254 3.7055 31.2500
v 48.4127 3.6835 31.2500
v 50.0000 3.6750 31.2500
vt 0.0000 1.0000
vt 0.0159 1.0000
vt 0.0317 1.0000
vt 0.0476 1.0000
vt 0.0635 1.0000
vt 0.0794 1.0000
vt 0.0952 1.0000
vt 0.1111 1.0000
vt 0.1270 1.0000
vt 0.1429 1.0000
vt 0.1587 1.0000
vt 0.1746 1.0000
vt 0.1905 1.0000
vt 0.2063 1.0000
vt 0.2222 1.0000
vt 0.2381 1.0000
vt 0.2540 1.0000
vt 0.2698 1.0000
vt 0.2857 1.0000
vt 0.3016 1.0000
vt 0.3175 1.0000
vt 0.3333 1.0000
vt 0.3492 1.0000
vt 0.3651 1.0000
vt 0.3810 1.0000
vt 0.3968 1.0000
vt 0.4127 1.0000
vt 0.4286 1.0000
vt 0.4444 1.0000
vt 0.4603 1.0000
vt 0.4762 1.0000
vt 0.4921 1.0000
vt 0.5079 1.0000
vt 0.5238 1.0000
vt 0.5397 1.0000
vt 0.5556 1.0000
vt 0.5714 1.0000
vt 0.5873 1.0000
vt 0.6032 1.0000
vt 0.6190 1.0000
vt 0.6349 1.0000
vt 0.6508 1.0000
vt 0.6667 1.0000
vt 0.6825 1.0000
vt 0.6984 1.0000
vt 0.7143 1.0000
vt 0.7302 1.0000
vt 0.7460 1.0000
vt 0.7619 1.0000
vt 0.7778 1.0000
vt 0.7937 1.0000
vt 0.8095 1.0000
vt 0.8254 1.0000
vt 0.8413 1.0000
vt 0.8571 1.0000
vt 0.8730 1.0000
vt 0.8889 1.0000
vt 0.9048 1.0000
vt 0.9206 1.0000
vt 0.9365 1.0000
vt 0.9524 1.0000
vt 0.9683 1.0000
vt 0.9841 1.0000
vt 1.0000 1.0000
vt 0.0000 0.9744
vt 0.0159 0.9744
vt 0.0317 0.9744
vt 0.0476 0.9744
vt 0.0635 0.9744
vt 0.0794 0.9744
vt 0.0952 0.9744
vt 0.1111 0.9744
vt 0.1270 0.9744
vt 0.1429 0.9744
vt 0.1587 0.9744
vt 0.1746 0.9744
vt 0.1905 0.9744
vt 0.2063 0.9744
vt 0.2222 0.9744
vt 0.2381 0.9744
vt 0.2540 0.9744
vt 0.2698 0.9744
vt 0.2857 0.9744
vt 0.3016 0.9744
vt 0.3175 0.9744
vt 0.3333 0.9744
vt 0.3492 0.9744
vt 0.3651 0.9744
vt 0.3810 0.9744
vt 0.3968 0.9744
vt 0.4127 0.9744
vt 0.4286 0.9744
vt 0.4444 0.9744
vt 0.4603 0.9744
vt 0.4762 0.9744
vt 0.4921 0.9744
vt 0.5079 0.9744
vt 0.5238 0.9744
vt 0.5397 0.9744
vt 0.5556 0.9744
vt 0.5714 0.9744
vt 0.5873 0.9744
vt 0.6032 0.9744
vt 0.6190 0.9744
vt 0.6349 0.9744
vt 0.6508 0.9744
vt 0.6667 0.9744
vt 0.6825 0.9744
vt 0.6984 0.9744
vt 0.7143 0.9744
vt 0.7302 0.9744
vt 0.7460 0.9744
vt 0.7619 0.9744
vt 0.7778 0.9744
vt 0.7937 0.9744
vt 0.8095 0.9744
vt 0.8254 0.9744
vt 0.8413 0.9744
vt 0.8571 0.9744
vt 0.8730 0.9744
vt 0.8889 0.9744
vt 0.9048 0.9744
vt 0.9206 0.9744
vt 0.9365 0.9744
vt 0.9524 0.9744
vt 0.9683 0.9744
vt 0.9841 0.9744
vt 1.0000 0.9744
vt 0.0000 0.9487
vt 0.0159 0.9487
vt 0.0317 0.9487
vt 0.0476 0.9487
vt 0.0635 0.9487
vt 0.0794 0.9487
vt 0.0952 0.9487
vt 0.1111 0.9487
vt 0.1270 0.9487
vt 0.1429 0.9487
vt 0.1587 0.9487
vt 0.1746 0.9487
vt 0.1905 0.9487
vt 0.2063 0.9487
vt 0.2222 0.9487
vt 0.2381 0.9487
vt 0.2540 0.9487
vt 0.2698 0.9487
vt 0.2857 0.9487
vt 0.3016 0.9487
vt 0.3175 0.9487
vt 0.3333 0.9487
vt 0.3492 0.9487
vt 0.3651 0.9487
vt 0.3810 0.9487
vt 0.3968 0.9487
vt 0.4127 0.9487
vt 0.4286 0.9487
vt 0.4444 0.9487
vt 0.4603 0.9487
vt 0.4762 0.9487
vt 0.4921 0.9487
vt 0.5079 0.9487
vt 0.5238 0.9487
vt 0.5397 0.9487
vt 0.5556 0.9487
vt 0.5714 0.9487
vt 0.5873 0.9487
vt 0.6032 0.9487
vt 0.6190 0.9487
vt 0.6349 0.9487
vt 0.6508 0.9487
vt 0.6667 0.9487
vt 0.6825 0.9487
vt 0.6984 0.9487
vt 0.7143 0.9487
vt 0.7302 0.9487
vt 0.7460 0.9487
vt 0.7619 0.9487
vt 0.7778 0.9487
vt 0.7937 0.9487
vt 0.8095 0.9487
vt 0.8254 0.9487
vt 0.8413 0.9487
vt 0.8571 0.9487
vt 0.8730 0.9487
vt 0.8889 0.9487
vt 0.9048 0.9487
vt 0.9206 0.9487
vt 0.9365 0.9487
vt 0.9524 0.9487
vt 0.9683 0.9487
vt 0.9841 0.9487
vt 1.0000 0.9487
vt 0.0000 0.9231
vt 0.0159 0.9231
vt 0.0317 0.9231
vt 0.0476 0.9231
vt 0.0635 0.9231
vt 0.0794 0.9231
vt 0.0952 0.9231
vt 0.1111 0.9231
vt 0.1270 0.9231
vt 0.1429 0.9231
vt 0.1587 0.9231
vt 0.1746 0.9231
vt 0.1905 0.9231
vt 0.2063 0.9231
vt 0.2222 0.9231
vt 0.2381 0.9231
vt 0.2540 0.9231
vt 0.2698 0.9231
vt 0.2857 0.9231
vt 0.3016 0.9231
vt 0.3175 0.9231
vt 0.3333 0.9231
vt 0.3492 0.9231
vt 0.3651 0.9231
vt 0.3810 0.9231
vt 0.3968 0.9231
vt 0.4127 0.9231
vt 0.4286 0.9231
vt 0.4444 0.9231
vt 0.4603 0.9231
vt 0.4762 0.9231
vt 0.4921 0.9231
vt 0.5079 0.9231
vt 0.5238 0.9231
vt 0.5397 0.9231
vt 0.5556 0.9231
vt 0.5714 0.9231
vt 0.5873 0.9231
vt 0.6032 0.9231
vt 0.6190 0.9231
vt 0.6349 0.9231
vt 0.6508 0.9231
vt 0.6667 0.9231
vt 0.6825 0.9231
vt 0.6984 0.9231
vt 0.7143 0.9231
vt 0.7302 0.9231
vt 0.7460 0.9231
vt 0.7619 0.9231
vt 0.7778 0.9231
vt 0.7937 0.9231
vt 0.8095 0.9231
vt 0.8254 0.9231
vt 0.8413 0.9231
vt 0.8571 0.9231
vt 0.8730 0.9231
vt 0.8889 0.9231
vt 0.9048 0.9231
vt 0.9206 0.9231
vt 0.9365 0.9231
vt 0.9524 0.9231
vt 0.9683 0.9231
vt 0.9841 0.9231
vt 1.0000 0.9231
vt 0.0000 0.8974
vt 0.0159 0.8974
vt 0.0317 0.8974
vt 0.0476 0.8974
vt 0.0635 0.8974
vt 0.0794 0.8974
vt 0.0952 0.8974
vt 0.1111 0.8974
vt 0.1270 0.8974
vt 0.1429 0.8974
vt 0.1587 0.8974
vt 0.1746 0.8974
vt 0.1905 0.8974
vt 0.2063 0.8974
vt 0.2222 0.8974
vt 0.2381 0.8974
vt 0.2540 0.8974
vt 0.2698 0.8974
vt 0.2857 0.8974
vt 0.3016 0.8974
vt 0.3175 0.8974
vt 0.3333 0.8974
vt 0.3492 0.8974
vt 0.3651 0.8974
vt 0.3810 0.8974
vt 0.3968 0.8974
vt 0.4127 0.8974
vt 0.4286 0.8974
vt 0.4444 0.8974
vt 0.4603 0.8974
vt 0.4762 0.8974
vt 0.4921 0.8974
vt 0.5079 0.8974
vt 0.5238 0.8974
vt 0.5397 0.8974
vt 0.5556 0.8974
vt 0.5714 0.8974
vt 0.5873 0.8974
vt 0.6032 0.8974
vt 0.6190 0.8974
vt 0.6349 0.8974
vt 0.6508 0.8974
vt 0.6667 0.8974
vt 0.6825 0.8974
vt 0.6984 0.8974
vt 0.7143 0.8974
vt 0.7302 0.8974
vt 0.7460 0.8974
vt 0.7619 0.8974
vt 0.7778 0.8974
vt 0.7937 0.8974
vt 0.8095 0.8974
vt 0.8254 0.8974
vt 0.8413 0.8974
vt 0.8571 0.8974
vt 0.8730 0.8974
vt 0.8889 0.8974
vt 0.9048 0.8974
vt 0.9206 0.8974
vt 0.9365 0.8974
vt 0.9524 0.8974
vt 0.9683 0.8974
vt 0.9841 0.8974
vt 1.0000 0.8974
vt 0.0000 0.8718
vt 0.0159 0.8718
vt 0.0317 0.8718
vt 0.0476 0.8718
vt 0.0635 0.8718
vt 0.0794 0.8718
vt 0.0952 0.8718
vt 0.1111 0.8718
vt 0.1270 0.8718
vt 0.1429 0.8718
vt 0.1587 0.8718
vt 0.1746 0.8718
vt 0.1905 0.8718
vt 0.2063 0.8718
vt 0.2222 0.8718
vt 0.2381 0.8718
vt 0.2540 0.8718
vt 0.2698 0.8718
vt 0.2857 0.8718
vt 0.3016 0.8718
vt 0.3175 0.8718
vt 0.3333 0.8718
vt 0.3492 0.8718
vt 0.3651 0.8718
vt 0.3810 0.8718
vt 0.3968 0.8718
vt 0.4127 0.8718
vt 0.4286 0.8718
vt 0.4444 0.8718
vt 0.4603 0.8718
vt 0.4762 0.8718
vt 0.4921 0.8718
vt 0.5079 0.8718
vt 0.5238 0.8718
vt 0.5397 0.8718
vt 0.5556 0.8718
vt 0.5714 0.8718
vt 0.5873 0.8718
vt 0.6032 0.8718
vt 0.6190 0.8718
vt 0.6349 0.8718
vt 0.6508 0.8718
vt 0.6667 0.8718
vt 0.6825 0.8718
vt 0.6984 0.8718
vt 0.7143 0.8718
vt 0.7302 0.8718
vt 0.7460 0.8718
vt 0.7619 0.8718
vt 0.7778 0.8718
vt 0.7937 0.8718
vt 0.8095 0.8718
vt 0.8254 0.8718
vt 0.8413 0.8718
vt 0.8571 0.8718
vt 0.8730 0.8718
vt 0.8889 0.8718
vt 0.9048 0.8718
vt 0.9206 0.8718
vt 0.9365 0.8718
vt 0.9524 0.8718
vt 0.9683 0.8718
vt 0.9841 0.8718
vt 1.0000 0.8718
vt 0.0000 0.8462
vt 0.0159 0.8462
vt 0.0317 0.8462
vt 0.0476 0.8462
vt 0.0635 0.8462
vt 0.0794 0.8462
vt 0.0952 0.8462
vt 0.1111 0.8462
vt 0.1270 0.8462
vt 0.1429 0.8462
vt 0.1587 0.8462
vt 0.1746 0.8462
vt 0.1905 0.8462
vt 0.2063 0.8462
vt 0.2222 0.8462
vt 0.2381 0.8462
vt 0.2540 0.8462
vt 0.2698 0.8462
vt 0.2857 0.8462
vt 0.3016 0.8462
vt 0.3175 0.8462
vt 0.3333 0.8462
vt 0.3492 0.8462
vt 0.3651 0.8462
vt 0.3810 0.8462
vt 0.3968 0.8462
vt 0.4127 0.8462
vt 0.4286 0.8462
vt 0.4444 0.8462
vt 0.4603 0.8462
vt 0.4762 0.8462
vt 0.4921 0.8462
vt 0.5079 0.8462
vt 0.5238 0.8462
vt 0.5397 0.8462
vt 0.5556 0.8462
vt 0.5714 0.8462
vt 0.5873 0.8462
vt 0.6032 0.8462
vt 0.6190 0.8462
vt 0.6349 0.8462
vt 0.6508 0.8462
vt 0.6667 0.8462
vt 0.6825 0.8462
vt 0.6984 0.8462
vt 0.7143 0.8462
vt 0.7302 0.8462
vt 0.7460 0.8462
vt 0.7619 0.8462
vt 0.7778 0.8462
vt 0.7937 0.8462
vt 0.8095 0.8462
vt 0.8254 0.8462
vt 0.8413 0.8462
vt 0.8571 0.8462
vt 0.8730 0.8462
vt 0.8889 0.8462
vt 0.9048 0.8462
vt 0.9206 0.8462
vt 0.9365 0.8462
vt 0.9524 0.8462
vt 0.9683 0.8462
vt 0.9841 0.8462
vt 1.0000 0.8462
vt 0.0000 0.8205
vt 0.0159 0.8205
vt 0.0317 0.8205
vt 0.0476 0.8205
vt 0.0635 0.8205
vt 0.0794 0.8205
vt 0.0952 0.8205
vt 0.1111 0.8205
vt 0.1270 0.8205
vt 0.1429 0.8205
vt 0.1587 0.8205
vt 0.1746 0.8205
vt 0.1905 0.8205
vt 0.2063 0.8205
vt 0.2222 0.8205
vt 0.2381 0.8205
vt 0.2540 0.8205
vt 0.2698 0.8205
vt 0.2857 0.8205
vt 0.3016 0.8205
vt 0.3175 0.8205
vt 0.3333 0.8205
vt 0.3492 0.8205
vt 0.3651 0.8205
vt 0.3810 0.8205
vt 0.3968 0.8205
vt 0.4127 0.8205
vt 0.4286 0.8205
vt 0.4444 0.8205
vt 0.4603 0.8205
vt 0.4762 0.8205
vt 0.4921 0.8205
vt 0.5079 0.8205
vt 0.5238 0.8205
vt 0.5397 0.8205
vt 0.5556 0.8205
vt 0.5714 0.8205
vt 0.5873 0.8205
vt 0.6032 0.8205
vt 0.6190 0.8205
vt 0.6349 0.8205
vt 0.6508 0.8205
vt 0.6667 0.8205
vt 0.6825 0.8205
vt 0.6984 0.8205
vt 0.7143 0.8205
vt 0.7302 0.8205
vt 0.7460 0.8205
vt 0.7619 0.8205
vt 0.7778 0.8205
vt 0.7937 0.8205
vt 0.8095 0.8205
vt 0.8254 0.8205
vt 0.8413 0.8205
vt 0.8571 0.8205
vt 0.8730 0.8205
vt 0.8889 0.8205
vt 0.9048 0.8205
vt 0.9206 0.8205
vt 0.9365 0.8205
vt 0.9524 0.8205
vt 0.9683 0.8205
vt 0.9841 0.8205
vt 1.0000 0.8205
vt 0.0000 0.7949
vt 0.0159 0.7949
vt 0.0317 0.7949
vt 0.0476 0.7949
vt 0.0635 0.7949
vt 0.0794 0.7949
vt 0.0952 0.7949
vt 0.1111 0.7949
vt 0.1270 0.7949
vt 0.1429 0.7949
vt 0.1587 0.7949
vt 0.1746 0.7949
vt 0.1905 0.7949
vt 0.2063 0.7949
vt 0.2222 0.7949
vt 0.2381 0.7949
vt 0.2540 0.7949
vt 0.2698 0.7949
vt 0.2857 0.7949
vt 0.3016 0.7949
vt 0.3175 0.7949
vt 0.3333 0.7949
vt 0.3492 0.7949
vt 0.3651 0.7949
vt 0.3810 0.7949
vt 0.3968 0.7949
vt 0.4127 0.7949
vt 0.4286 0.7949
vt 0.4444 0.7949
vt 0.4603 0.7949
vt 0.4762 0.7949
vt 0.4921 0.7949
vt 0.5079 0.7949
vt 0.5238 0.7949
vt 0.5397 0.7949
vt 0.5556 0.7949
vt 0.5714 0.7949
vt 0.5873 0.7949
vt 0.6032 0.7949
vt 0.6190 0.7949
vt 0.6349 0.7949
vt 0.6508 0.7949
vt 0.6667 0.7949
vt 0.6825 0.7949
vt 0.6984 0.7949
vt 0.7143 0.7949
vt 0.7302 0.7949
vt 0.7460 0.7949
vt 0.7619 0.7949
vt 0.7778 0.7949
vt 0.7937 0.7949
vt 0.8095 0.7949
vt 0.8254 0.7949
vt 0.8413 0.7949
vt 0.8571 0.7949
vt 0.8730 0.7949
vt 0.8889 0.7949
vt 0.9048 0.7949
vt 0.9206 0.7949
vt 0.9365 0.7949
vt 0.9524 0.7949
vt 0.9683 0.7949
vt 0.9841 0.7949
vt 1.0000 0.7949
vt 0.0000 0.7692
vt 0.0159 0.7692
vt 0.0317 0.7692
vt 0.0476 0.7692
vt 0.0635 0.7692
vt 0.0794 0.7692
vt 0.0952 0.7692
vt 0.1111 0.7692
vt 0.1270 0.7692
vt 0.1429 0.7692
vt 0.1587 0.7692
vt 0.1746 0.7692
vt 0.1905 0.7692
vt 0.2063 0.7692
vt 0.2222 0.7692
vt 0.2381 0.7692
vt 0.2540 0.7692
vt 0.2698 0.7692
vt 0.2857 0.7692
vt 0.3016 0.7692
vt 0.3175 0.7692
vt 0.3333 0.7692
vt 0.3492 0.7692
vt 0.3651 0.7692
vt 0.3810 0.7692
vt 0.3968 0.7692
vt 0.4127 0.7692
vt 0.4286 0.7692
vt 0.4444 0.7692
vt 0.4603 0.7692
vt 0.4762 0.7692
vt 0.4921 0.7692
vt 0.5079 0.7692
vt 0.5238 0.7692
vt 0.5397 0.7692
vt 0.5556 0.7692
vt 0.5714 0.7692
vt 0.5873 0.7692
vt 0.6032 0.7692
vt 0.6190 0.7692
vt 0.6349 0.7692
vt 0.6508 0.7692
vt 0.6667 0.7692
vt 0.6825 0.7692
vt 0.6984 0.7692
vt 0.7143 0.7692
vt 0.7302 0.7692
vt 0.7460 0.7692
vt 0.7619 0.7692
vt 0.7778 0.7692
vt 0.7937 0.7692
vt 0.8095 0.7692
vt 0.8254 0.7692
vt 0.8413 0.7692
vt 0.8571 0.7692
vt 0.8730 0.7692
vt 0.8889 0.7692
vt 0.9048 0.7692
vt 0.9206 0.7692
vt 0.9365 0.7692
vt 0.9524 0.7692
vt 0.9683 0.7692
vt 0.9841 0.7692
vt 1.0000 0.7692
vt 0.0000 0.7436
vt 0.0159 0.7436
vt 0.0317 0.7436
vt 0.0476 0.7436
vt 0.0635 0.7436
vt 0.0794 0.7436
vt 0.0952 0.7436
vt 0.1111 0.7436
vt 0.1270 0.7436
vt 0.1429 0.7436
vt 0.1587 0.7436
vt 0.1746 0.7436
vt 0.1905 0.7436
vt 0.2063 0.7436
vt 0.2222 0.7436
vt 0.2381 0.7436
vt 0.2540 0.7436
vt 0.2698 0.7436
vt 0.2857 0.7436
vt 0.3016 0.7436
vt 0.3175 0.7436
vt 0.3333 0.7436
vt 0.3492 0.7436
vt 0.3651 0.7436
vt 0.3810 0.7436
vt 0.3968 0.7436
vt 0.4127 0.7436
vt 0.4286 0.7436
vt 0.4444 0.7436
vt 0.4603 0.7436
vt 0.4762 0.7436
vt 0.4921 0.7436
vt 0.5079 0.7436
vt 0.5238 0.7436
vt 0.5397 0.7436
vt 0.5556 0.7436
vt 0.5714 0.7436
vt 0.5873 0.7436
vt 0.6032 0.7436
vt 0.6190 0.7436
vt 0.6349 0.7436
vt 0.6508 0.7436
vt 0.6667 0.7436
vt 0.6825 0.7436
vt 0.6984 0.7436
vt 0.7143 0.7436
vt 0.7302 0.7436
vt 0.7460 0.7436
vt 0.7619 0.7436
vt 0.7778 0.7436
vt 0.7937 0.7436
vt 0.8095 0.7436
vt 0.8254 0.7436
vt 0.8413 0.7436
vt 0.8571 0.7436
vt 0.8730 0.7436
vt 0.8889 0.7436
vt 0.9048 0.7436
vt 0.9206 0.7436
vt 0.9365 0.7436
vt 0.9524 0.7436
vt 0.9683 0.7436
vt 0.9841 0.7436
vt 1.0000 0.7436
vt 0.0000 0.7179
vt 0.0159 0.7179
vt 0.0317 0.7179
vt 0.0476 0.7179
vt 0.0635 0.7179
vt 0.0794 0.7179
vt 0.0952 0.7179
vt 0.1111 0.7179
vt 0.1270 0.7179
vt 0.1429 0.7179
vt 0.1587 0.7179
vt 0.1746 0.7179
vt 0.1905 0.7179
vt 0.2063 0.7179
vt 0.2222 0.7179
vt 0.2381 0.7179
vt 0.2540 0.7179
vt 0.2698 0.7179
vt 0.2857 0.7179
vt 0.3016 0.7179
vt 0.3175 0.7179
vt 0.3333 0.7179
vt 0.3492 0.7179
vt 0.3651 0.7179
vt 0.3810 0.7179
vt 0.3968 0.7179
vt 0.4127 0.7179
vt 0.4286 0.7179
vt 0.4444 0.7179
vt 0.4603 0.7179
vt 0.4762 0.7179
vt 0.4921 0.7179
vt 0.5079 0.7179
vt 0.5238 0.7179
vt 0.5397 0.7179
vt 0.5556 0.7179
vt 0.5714 0.7179
vt 0.5873 0.7179
vt 0.6032 0.7179
vt 0.6190 0.7179
vt 0.6349 0.7179
vt 0.6508 0.7179
vt 0.6667 0.7179
vt 0.6825 0.7179
vt 0.6984 0.7179
vt 0.7143 0.7179
vt 0.7302 0.7179
vt 0.7460 0.7179
vt 0.7619 0.7179
vt 0.7778 0.7179
vt 0.7937 0.7179
vt 0.8095 0.7179
vt 0.8254 0.7179
vt 0.8413 0.7179
vt 0.8571 0.7179
vt 0.8730 0.7179
vt 0.8889 0.7179
vt 0.9048 0.7179
vt 0.9206 0.7179
vt 0.9365 0.7179
vt 0.9524 0.7179
vt 0.9683 0.7179
vt 0.9841 0.7179
vt 1.0000 0.7179
vt 0.0000 0.6923
vt 0.0159 0.6923
vt 0.0317 0.6923
vt 0.0476 0.6923
vt 0.0635 0.6923
vt 0.0794 0.6923
vt 0.0952 0.6923
vt 0.1111 0.6923
vt 0.1270 0.6923
vt 0.1429 0.6923
vt 0.1587 0.6923
vt 0.1746 0.6923
vt 0.1905 0.6923
vt 0.2063 0.6923
vt 0.2222 0.6923
vt 0.2381 0.6923
vt 0.2540 0.6923
vt 0.2698 0.6923
vt 0.2857 0.6923
vt 0.3016 0.6923
vt 0.3175 0.6923
vt 0.3333 0.6923
vt 0.3492 0.6923
vt 0.3651 0.6923
vt 0.3810 0.6923
vt 0.3968 0.6923
vt 0.4127 0.6923
vt 0.4286 0.6923
vt 0.4444 0.6923
vt 0.4603 0.6923
vt 0.4762 0.6923
vt 0.4921 0.6923
vt 0.5079 0.6923
vt 0.5238 0.6923
vt 0.5397 0.6923
vt 0.5556 0.6923
vt 0.5714 0.6923
vt 0.5873 0.6923
vt 0.6032 0.6923
vt 0.6190 0.6923
vt 0.6349 0.6923
vt 0.6508 0.6923
vt 0.6667 0.6923
vt 0.6825 0.6923
vt 0.6984 0.6923
vt 0.7143 0.6923
vt 0.7302 0.6923
vt 0.7460 0.6923
vt 0.7619 0.6923
vt 0.7778 0.6923
vt 0.7937 0.6923
vt 0.8095 0.6923
vt 0.8254 0.6923
vt 0.8413 0.6923
vt 0.8571 0.6923
vt 0.8730 0.6923
vt 0.8889 0.6923
vt 0.9048 0.6923
vt 0.9206 0.6923
vt 0.9365 0.6923
vt 0.9524 0.6923
vt 0.9683 0.6923
vt 0.9841 0.6923
vt 1.0000 0.6923
vt 0.0000 0.6667
vt 0.0159 0.6667
vt 0.0317 0.6667
vt 0.0476 0.6667
vt 0.0635 0.6667
vt 0.0794 0.6667
vt 0.0952 0.6667
vt 0.1111 0.6667
vt 0.1270 0.6667
vt 0.1429 0.6667
vt 0.1587 0.6667
vt 0.1746 0.6667
vt 0.1905 0.6667
vt 0.2063 0.6667
vt 0.2222 0.6667
vt 0.2381 0.6667
vt 0.2540 0.6667
vt 0.2698 0.6667
vt 0.2857 0.6667
vt 0.3016 0.6667
vt 0.3175 0.6667
vt 0.3333 0.6667
vt 0.3492 0.6667
vt 0.3651 0.6667
vt 0.3810 0.6667
vt 0.3968 0.6667
vt 0.4127 0.6667
vt 0.4286 0.6667
vt 0.4444 0.6667
vt 0.4603 0.6667
vt 0.4762 0.6667
vt 0.4921 0.6667
vt 0.5079 0.6667
vt 0.5238 0.6667
vt 0.5397 0.6667
vt 0.5556 0.6667
vt 0.5714 0.6667
vt 0.5873 0.6667
vt 0.6032 0.6667
vt 0.6190 0.6667
vt 0.6349 0.6667
vt 0.6508 0.6667
vt 0.6667 0.6667
vt 0.6825 0.6667
vt 0.6984 0.6667
vt 0.7143 0.6667
vt 0.7302 0.6667
vt 0.7460 0.6667
vt 0.7619 0.6667
vt 0.7778 0.6667
vt 0.7937 0.6667
vt 0.8095 0.6667
vt 0.8254 0.6667
vt 0.8413 0.6667
vt 0.8571 0.6667
vt 0.8730 0.6667
vt 0.8889 0.6667
vt 0.9048 0.6667
vt 0.9206 0.6667
vt 0.9365 0.6667
vt 0.9524 0.6667
vt 0.9683 0.6667
vt 0.9841 0.6667
vt 1.0000 0.6667
vt 0.0000 0.6410
vt 0.0159 0.6410
vt 0.0317 0.6410
vt 0.0476 0.6410
vt 0.0635 0.6410
vt 0.0794 0.6410
vt 0.0952 0.6410
vt 0.1111 0.6410
vt 0.1270 0.6410
vt 0.1429 0.6410
vt 0.1587 0.6410
vt 0.1746 0.6410
vt 0.1905 0.6410
vt 0.2063 0.6410
vt 0.2222 0.6410
vt 0.2381 0.6410
vt 0.2540 0.6410
vt 0.2698 0.6410
vt 0.2857 0.6410
vt 0.3016 0.6410
vt 0.3175 0.6410
vt 0.3333 0.6410
vt 0.3492 0.6410
vt 0.3651 0.6410
vt 0.3810 0.6410
vt 0.3968 0.6410
vt 0.4127 0.6410
vt 0.4286 0.6410
vt 0.4444 0.6410
vt 0.4603 0.6410
vt 0.4762 0.6410
vt 0.4921 0.6410
vt 0.5079 0.6410
vt 0.5238 0.6410
vt 0.5397 0.6410
vt 0.5556 0.6410
vt 0.5714 0.6410
vt 0.5873 0.6410
vt 0.6032 0.6410
vt 0.6190 0.6410
vt 0.6349 0.6410
vt 0.6508 0.6410
vt 0.6667 0.6410
vt 0.6825 0.6410
vt 0.6984 0.6410
vt 0.7143 0.6410
vt 0.7302 0.6410
vt 0.7460 0.6410
vt 0.7619 0.6410
vt 0.7778 0.6410
vt 0.7937 0.6410
vt 0.8095 0.6410
vt 0.8254 0.6410
vt 0.8413 0.6410
vt 0.8571 0.6410
vt 0.8730 0.6410
vt 0.8889 0.6410
vt 0.9048 0.6410
vt 0.9206 0.6410
vt 0.9365 0.6410
vt 0.9524 0.6410
vt 0.9683 0.6410
vt 0.9841 0.6410
vt 1.0000 0.6410
vt 0.0000 0.6154
vt 0.0159 0.6154
vt 0.0317 0.6154
vt 0.0476 0.6154
vt 0.0635 0.6154
vt 0.0794 0.6154
vt 0.0952 0.6154
vt 0.1111 0.6154
vt 0.1270 0.6154
vt 0.1429 0.6154
vt 0.1587 0.6154
vt 0.1746 0.6154
vt 0.1905 0.6154
vt 0.2063 0.6154
vt 0.2222 0.6154
vt 0.2381 0.6154
vt 0.2540 0.6154
vt 0.2698 0.6154
vt 0.2857 0.6154
vt 0.3016 0.6154
vt 0.3175 0.6154
vt 0.3333 0.6154
vt 0.3492 0.6154
vt 0.3651 0.6154
vt 0.3810 0.6154
vt 0.3968 0.6154
vt 0.4127 0.6154
vt 0.4286 0.6154
vt 0.4444 0.6154
vt 0.4603 0.6154
vt 0.4762 0.6154
vt 0.4921 0.6154
vt 0.5079 0.6154
vt 0.5238 0.6154
vt 0.5397 0.6154
vt 0.5556 0.6154
vt 0.5714 0.6154
vt 0.5873 0.6154
vt 0.6032 0.6154
vt 0.6190 0.6154
vt 0.6349 0.6154
vt 0.6508 0.6154
vt 0.6667 0.6154
vt 0.6825 0.6154
vt 0.6984 0.6154
vt 0.7143 0.6154
vt 0.7302 0.6154
vt 0.7460 0.6154
vt 0.7619 0.6154
vt 0.7778 0.6154
vt 0.7937 0.6154
vt 0.8095 0.6154
vt 0.8254 0.6154
vt 0.8413 0.6154
vt 0.8571 0.6154
vt 0.8730 0.6154
vt 0.8889 0.6154
vt 0.9048 0.6154
vt 0.9206 0.6154
vt 0.9365 0.6154
vt 0.9524 0.6154
vt 0.9683 0.6154
vt 0.9841 0.6154
vt 1.0000 0.6154
vt 0.0000 0.5897
vt 0.0159 0.5897
vt 0.0317 0.5897
vt 0.0476 0.5897
vt 0.0635 0.5897
vt 0.0794 0.5897
vt 0.0952 0.5897
vt 0.1111 0.5897
vt 0.1270 0.5897
vt 0.1429 0.5897
vt 0.1587 0.5897
vt 0.1746 0.5897
vt 0.1905 0.5897
vt 0.2063 0.5897
vt 0.2222 0.5897
vt 0.2381 0.5897
vt 0.2540 0.5897
vt 0.2698 0.5897
vt 0.2857 0.5897
vt 0.3016 0.5897
vt 0.3175 0.5897
vt 0.3333 0.5897
vt 0.3492 0.5897
vt 0.3651 0.5897
vt 0.3810 0.5897
vt 0.3968 0.5897
vt 0.4127 0.5897
vt 0.4286 0.5897
vt 0.4444 0.5897
vt 0.4603 0.5897
vt 0.4762 0.5897
vt 0.4921 0.5897
vt 0.5079 0.5897
vt 0.5238 0.5897
vt 0.5397 0.5897
vt 0.5556 0.5897
vt 0.5714 0.5897
vt 0.5873 0.5897
vt 0.6032 0.5897
vt 0.6190 0.5897
vt 0.6349 0.5897
vt 0.6508 0.5897
vt 0.6667 0.5897
vt 0.6825 0.5897
vt 0.6984 0.5897
vt 0.7143 0.5897
vt 0.7302 0.5897
vt 0.7460 0.5897
vt 0.7619 0.5897
vt 0.7778 0.5897
vt 0.7937 0.5897
vt 0.8095 0.5897
vt 0.8254 0.5897
vt 0.8413 0.5897
vt 0.8571 0.5897
vt 0.8730 0.5897
vt 0.8889 0.5897
vt 0.9048 0.5897
vt 0.9206 0.5897
vt 0.9365 0.5897
vt 0.9524 0.5897
vt 0.9683 0.5897
vt 0.9841 0.5897
vt 1.0000 0.5897
vt 0.0000 0.5641
vt 0.0159 0.5641
vt 0.0317 0.5641
vt 0.0476 0.5641
vt 0.0635 0.5641
vt 0.0794 0.5641
vt 0.0952 0.5641
vt 0.1111 0.5641
vt 0.1270 0.5641
vt 0.1429 0.5641
vt 0.1587 0.5641
vt 0.1746 0.5641
vt 0.1905 0.5641
vt 0.2063 0.5641
vt 0.2222 0.5641
vt 0.2381 0.5641
vt 0.2540 0.5641
vt 0.2698 0.5641
vt 0.2857 0.5641
vt 0.3016 0.5641
vt 0.3175 0.5641
vt 0.3333 0.5641
vt 0.3492 0.5641
vt 0.3651 0.5641
vt 0.3810 0.5641
vt 0.3968 0.5641
vt 0.4127 0.5641
vt 0.4286 0.5641
vt 0.4444 0.5641
vt 0.4603 0.5641
vt 0.4762 0.5641
vt 0.4921 0.5641
vt 0.5079 0.5641
vt 0.5238 0.5641
vt 0.5397 0.5641
vt 0.5556 0.5641
vt 0.5714 0.5641
vt 0.5873 0.5641
vt 0.6032 0.5641
vt 0.6190 0.5641
vt 0.6349 0.5641
vt 0.6508 0.5641
vt 0.6667 0.5641
vt 0.6825 0.5641
vt 0.6984 0.5641
vt 0.7143 0.5641
vt 0.7302 0.5641
vt 0.7460 0.5641
vt 0.7619 0.5641
vt 0.7778 0.5641
vt 0.7937 0.5641
vt 0.8095 0.5641
vt 0.8254 0.5641
vt 0.8413 0.5641
vt 0.8571 0.5641
vt 0.8730 0.5641
vt 0.8889 0.5641
vt 0.9048 0.5641
vt 0.9206 0.5641
vt 0.9365 0.5641
vt 0.9524 0.5641
vt 0.9683 0.5641
vt 0.9841 0.5641
vt 1.0000 0.5641
vt 0.0000 0.5385
vt 0.0159 0.5385
vt 0.0317 0.5385
vt 0.0476 0.5385
vt 0.0635 0.5385
vt 0.0794 0.5385
vt 0.0952 0.5385
vt 0.1111 0.5385
vt 0.1270 0.5385
vt 0.1429 0.5385
vt 0.1587 0.5385
vt 0.1746 0.5385
vt 0.1905 0.5385
vt 0.2063 0.5385
vt 0.2222 0.5385
vt 0.2381 0.5385
vt 0.2540 0.5385
vt 0.2698 0.5385
vt 0.2857 0.5385
vt 0.3016 0.5385
vt 0.3175 0.5385
vt 0.3333 0.5385
vt 0.3492 0.5385
vt 0.3651 0.5385
vt 0.3810 0.5385
vt 0.3968 0.5385
vt 0.4127 0.5385
vt 0.4286 0.5385
vt 0.4444 0.5385
vt 0.4603 0.5385
vt 0.4762 0.5385
vt 0.4921 0.5385
vt 0.5079 0.5385
vt 0.5238 0.5385
vt 0.5397 0.5385
vt 0.5556 0.5385
vt 0.5714 0.5385
vt 0.5873 0.5385
vt 0.6032 0.5385
vt 0.6190 0.5385
vt 0.6349 0.5385
vt 0.6508 0.5385
vt 0.6667 0.5385
vt 0.6825 0.5385
vt 0.6984 0.5385
vt 0.7143 0.5385
vt 0.7302 0.5385
vt 0.7460 0.5385
vt 0.7619 0.5385
vt 0.7778 0.5385
vt 0.7937 0.5385
vt 0.8095 0.5385
vt 0.8254 0.5385
vt 0.8413 0.5385
vt 0.8571 0.5385
vt 0.8730 0.5385
vt 0.8889 0.5385
vt 0.9048 0.5385
vt 0.9206 0.5385
vt 0.9365 0.5385
vt 0.9524 0.5385
vt 0.9683 0.5385
vt 0.9841 0.5385
vt 1.0000 0.5385
vt 0.0000 0.5128
vt 0.0159 0.5128
vt 0.0317 0.5128
vt 0.0476 0.5128
vt 0.0635 0.5128
vt 0.0794 0.5128
vt 0.0952 0.5128
vt 0.1111 0.5128
vt 0.1270 0.5128
vt 0.1429 0.5128
vt 0.1587 0.5128
vt 0.1746 0.5128
vt 0.1905 0.5128
vt 0.2063 0.5128
vt 0.2222 0.5128
vt 0.2381 0.5128
vt 0.2540 0.5128
vt 0.2698 0.5128
vt 0.2857 0.5128
vt 0.3016 0.5128
vt 0.3175 0.5128
vt 0.3333 0.5128
vt 0.3492 0.5128
vt 0.3651 0.5128
vt 0.3810 0.5128
vt 0.3968 0.5128
vt 0.4127 0.5128
vt 0.4286 0.5128
vt 0.4444 0.5128
vt 0.4603 0.5128
vt 0.4762 0.5128
vt 0.4921 0.5128
vt 0.5079 0.5128
vt 0.5238 0.5128
vt 0.5397 0.5128
vt 0.5556 0.5128
vt 0.5714 0.5128
vt 0.5873 0.5128
vt 0.6032 0.5128
vt 0.6190 0.5128
vt 0.6349 0.5128
vt 0.6508 0.5128
vt 0.6667 0.5128
vt 0.6825 0.5128
vt 0.6984 0.5128
vt 0.7143 0.5128
vt 0.7302 0.5128
vt 0.7460 0.5128
vt 0.7619 0.5128
vt 0.7778 0.5128
vt 0.7937 0.5128
vt 0.8095 0.5128
vt 0.8254 0.5128
vt 0.8413 0.5128
vt 0.8571 0.5128
vt 0.8730 0.5128
vt 0.8889 0.5128
vt 0.9048 0.5128
vt 0.9206 0.5128
vt 0.9365 0.5128
vt 0.9524 0.5128
vt 0.9683 0.5128
vt 0.9841 0.5128
vt 1.0000 0.5128
vt 0.0000 0.4872
vt 0.0159 0.4872
vt 0.0317 0.4872
vt 0.0476 0.4872
vt 0.0635 0.4872
vt 0.0794 0.4872
vt 0.0952 0.4872
vt 0.1111 0.4872
vt 0.1270 0.4872
vt 0.1429 0.4872
vt 0.1587 0.4872
vt 0.1746 0.4872
vt 0.1905 0.4872
vt 0.2063 0.4872
vt 0.2222 0.4872
vt 0.2381 0.4872
vt 0.2540 0.4872
vt 0.2698 0.4872
vt 0.2857 0.4872
vt 0.3016 0.4872
vt 0.3175 0.4872
vt 0.3333 0.4872
vt 0.3492 0.4872
vt 0.3651 0.4872
vt 0.3810 0.4872
vt 0.3968 0.4872
vt 0.4127 0.4872
vt 0.4286 0.4872
vt 0.4444 0.4872
vt 0.4603 0.4872
vt 0.4762 0.4872
vt 0.4921 0.4872
vt 0.5079 0.4872
vt 0.5238 0.4872
vt 0.5397 0.4872
vt 0.5556 0.4872
vt 0.5714 0.4872
vt 0.5873 0.4872
vt 0.6032 0.4872
vt 0.6190 0.4872
vt 0.6349 0.4872
vt 0.6508 0.4872
vt 0.6667 0.4872
vt 0.6825 0.4872
vt 0.6984 0.4872
vt 0.7143 0.4872
vt 0.7302 0.4872
vt 0.7460 0.4872
vt 0.7619 0.4872
vt 0.7778 0.4872
vt 0.7937 0.4872
vt 0.8095 0.4872
vt 0.8254 0.4872
vt 0.8413 0.4872
vt 0.8571 0.4872
vt 0.8730 0.4872
vt 0.8889 0.4872
vt 0.9048 0.4872
vt 0.9206 0.4872
vt 0.9365 0.4872
vt 0.9524 0.4872
vt 0.9683 0.4872
vt 0.9841 0.4872
vt 1.0000 0.4872
vt 0.0000 0.4615
vt 0.0159 0.4615
vt 0.0317 0.4615
vt 0.0476 0.4615
vt 0.0635 0.4615
vt 0.0794 0.4615
vt 0.0952 0.4615
vt 0.1111 0.4615
vt 0.1270 0.4615
vt 0.1429 0.4615
vt 0.1587 0.4615
vt 0.1746 0.4615
vt 0.1905 0.4615
vt 0.2063 0.4615
vt 0.2222 0.4615
vt 0.2381 0.4615
vt 0.2540 0.4615
vt 0.2698 0.4615
vt 0.2857 0.4615
vt 0.3016 0.4615
vt 0.3175 0.4615
vt 0.3333 0.4615
vt 0.3492 0.4615
vt 0.3651 0.4615
vt 0.3810 0.4615
vt 0.3968 0.4615
vt 0.4127 0.4615
vt 0.4286 0.4615
vt 0.4444 0.4615
vt 0.4603 0.4615
vt 0.4762 0.4615
vt 0.4921 0.4615
vt 0.5079 0.4615
vt 0.5238 0.4615
vt 0.5397 0.4615
vt 0.5556 0.4615
vt 0.5714 0.4615
vt 0.5873 0.4615
vt 0.6032 0.4615
vt 0.6190 0.4615
vt 0.6349 0.4615
vt 0.6508 0.4615
vt 0.6667 0.4615
vt 0.6825 0.4615
vt 0.6984 0.4615
vt 0.7143 0.4615
vt 0.7302 0.4615
vt 0.7460 0.4615
vt 0.7619 0.4615
vt 0.7778 0.4615
vt 0.7937 0.4615
vt 0.8095 0.4615
vt 0.8254 0.4615
vt 0.8413 0.4615
vt 0.8571 0.4615
vt 0.8730 0.4615
vt 0.8889 0.4615
vt 0.9048 0.4615
vt 0.9206 0.4615
vt 0.9365 0.4615
vt 0.9524 0.4615
vt 0.9683 0.4615
vt 0.9841 0.4615
vt 1.0000 0.4615
vt 0.0000 0.4359
vt 0.0159 0.4359
vt 0.0317 0.4359
vt 0.0476 0.4359
vt 0.0635 0.4359
vt 0.0794 0.4359
vt 0.0952 0.4359
vt 0.1111 0.4359
vt 0.1270 0.4359
vt 0.1429 0.4359
vt 0.1587 0.4359
vt 0.1746 0.4359
vt 0.1905 0.4359
vt 0.2063 0.4359
vt 0.2222 0.4359
vt 0.2381 0.4359
vt 0.2540 0.4359
vt 0.2698 0.4359
vt 0.2857 0.4359
vt 0.3016 0.4359
vt 0.3175 0.4359
vt 0.3333 0.4359
vt 0.3492 0.4359
vt 0.3651 0.4359
vt 0.3810 0.4359
vt 0.3968 0.4359
vt 0.4127 0.4359
vt 0.4286 0.4359
vt 0.4444 0.4359
vt 0.4603 0.4359
vt 0.4762 0.4359
vt 0.4921 0.4359
vt 0.5079 0.4359
vt 0.5238 0.4359
vt 0.5397 0.4359
vt 0.5556 0.4359
vt 0.5714 0.4359
vt 0.5873 0.4359
vt 0.6032 0.4359
vt 0.6190 0.4359
vt 0.6349 0.4359
vt 0.6508 0.4359
vt 0.6667 0.4359
vt 0.6825 0.4359
vt 0.6984 0.4359
vt 0.7143 0.4359
vt 0.7302 0.4359
vt 0.7460 0.4359
vt 0.7619 0.4359
vt 0.7778 0.4359
vt 0.7937 0.4359
vt 0.8095 0.4359
vt 0.8254 0.4359
vt 0.8413 0.4359
vt 0.8571 0.4359
vt 0.8730 0.4359
vt 0.8889 0.4359
vt 0.9048 0.4359
vt 0.9206 0.4359
vt 0.9365 0.4359
vt 0.9524 0.4359
vt 0.9683 0.4359
vt 0.9841 0.4359
vt 1.0000 0.4359
vt 0.0000 0.4103
vt 0.0159 0.4103
vt 0.0317 0.4103
vt 0.0476 0.4103
vt 0.0635 0.4103
vt 0.0794 0.4103
vt 0.0952 0.4103
vt 0.1111 0.4103
vt 0.1270 0.4103
vt 0.1429 0.4103
vt 0.1587 0.4103
vt 0.1746 0.4103
vt 0.1905 0.4103
vt 0.2063 0.4103
vt 0.2222 0.4103
vt 0.2381 0.4103
vt 0.2540 0.4103
vt 0.2698 0.4103
vt 0.2857 0.4103
vt 0.3016 0.4103
vt 0.3175 0.4103
vt 0.3333 0.4103
vt 0.3492 0.4103
vt 0.3651 0.4103
vt 0.3810 0.4103
vt 0.3968 0.4103
vt 0.4127 0.4103
vt 0.4286 0.4103
vt 0.4444 0.4103
vt 0.4603 0.4103
vt 0.4762 0.4103
vt 0.4921 0.4103
vt 0.5079 0.4103
vt 0.5238 0.4103
vt 0.5397 0.4103
vt 0.5556 0.4103
vt 0.5714 0.4103
vt 0.5873 0.4103
vt 0.6032 0.4103
vt 0.6190 0.4103
vt 0.6349 0.4103
vt 0.6508 0.4103
vt 0.6667 0.4103
vt 0.6825 0.4103
vt 0.6984 0.4103
vt 0.7143 0.4103
vt 0.7302 0.4103
vt 0.7460 0.4103
vt 0.7619 0.4103
vt 0.7778 0.4103
vt 0.7937 0.4103
vt 0.8095 0.4103
vt 0.8254 0.4103
vt 0.8413 0.4103
vt 0.8571 0.4103
vt 0.8730 0.4103
vt 0.8889 0.4103
vt 0.9048 0.4103
vt 0.9206 0.4103
vt 0.9365 0.4103
vt 0.9524 0.4103
vt 0.9683 0.4103
vt 0.9841 0.4103
vt 1.0000 0.4103
vt 0.0000 0.3846
vt 0.0159 0.3846
vt 0.0317 0.3846
vt 0.0476 0.3846
vt 0.0635 0.3846
vt 0.0794 0.3846
vt 0.0952 0.3846
vt 0.1111 0.3846
vt 0.1270 0.3846
vt 0.1429 0.3846
vt 0.1587 0.3846
vt 0.1746 0.3846
vt 0.1905 0.3846
vt 0.2063 0.3846
vt 0.2222 0.3846
vt 0.2381 0.3846
vt 0.2540 0.3846
vt 0.2698 0.3846
vt 0.2857 0.3846
vt 0.3016 0.3846
vt 0.3175 0.3846
vt 0.3333 0.3846
vt 0.3492 0.3846
vt 0.3651 0.3846
vt 0.3810 0.3846
vt 0.3968 0.3846
vt 0.4127 0.3846
vt 0.4286 0.3846
vt 0.4444 0.3846
vt 0.4603 0.3846
vt 0.4762 0.3846
vt 0.4921 0.3846
vt 0.5079 0.3846
vt 0.5238 0.3846
vt 0.5397 0.3846
vt 0.5556 0.3846
vt 0.5714 0.3846
vt 0.5873 0.3846
vt 0.6032 0.3846
vt 0.6190 0.3846
vt 0.6349 0.3846
vt 0.6508 0.3846
vt 0.6667 0.3846
vt 0.6825 0.3846
vt 0.6984 0.3846
vt 0.7143 0.3846
vt 0.7302 0.3846
vt 0.7460 0.3846
vt 0.7619 0.3846
vt 0.7778 0.3846
vt 0.7937 0.3846
vt 0.8095 0.3846
vt 0.8254 0.3846
vt 0.8413 0.3846
vt 0.8571 0.3846
vt 0.8730 0.3846
vt 0.8889 0.3846
vt 0.9048 0.3846
vt 0.9206 0.3846
vt 0.9365 0.3846
vt 0.9524 0.3846
vt 0.9683 0.3846
vt 0.9841 0.3846
vt 1.0000 0.3846
vt 0.0000 0.3590
vt 0.0159 0.3590
vt 0.0317 0.3590
vt 0.0476 0.3590
vt 0.0635 0.3590
vt 0.0794 0.3590
vt 0.0952 0.3590
vt 0.1111 0.3590
vt 0.1270 0.3590
vt 0.1429 0.3590
vt 0.1587 0.3590
vt 0.1746 0.3590
vt 0.1905 0.3590
vt 0.2063 0.3590
vt 0.2222 0.3590
vt 0.2381 0.3590
vt 0.2540 0.3590
vt 0.2698 0.3590
vt 0.2857 0.3590
vt 0.3016 0.3590
vt 0.3175 0.3590
vt 0.3333 0.3590
vt 0.3492 0.3590
vt 0.3651 0.3590
vt 0.3810 0.3590
vt 0.3968 0.3590
vt 0.4127 0.3590
vt 0.4286 0.3590
vt 0.4444 0.3590
vt 0.4603 0.3590
vt 0.4762 0.3590
vt 0.4921 0.3590
vt 0.5079 0.3590
vt 0.5238 0.3590
vt 0.5397 0.3590
vt 0.5556 0.3590
vt 0.5714 0.3590
vt 0.5873 0.3590
vt 0.6032 0.3590
vt 0.6190 0.3590
vt 0.6349 0.3590
vt 0.6508 0.3590
vt 0.6667 0.3590
vt 0.6825 0.3590
vt 0.6984 0.3590
vt 0.7143 0.3590
vt 0.7302 0.3590
vt 0.7460 0.3590
vt 0.7619 0.3590
vt 0.7778 0.3590
vt 0.7937 0.3590
vt 0.8095 0.3590
vt 0.8254 0.3590
vt 0.8413 0.3590
vt 0.8571 0.3590
vt 0.8730 0.3590
vt 0.8889 0.3590
vt 0.9048 0.3590
vt 0.9206 0.3590
vt 0.9365 0.3590
vt 0.9524 0.3590
vt 0.9683 0.3590
vt 0.9841 0.3590
vt 1.0000 0.3590
vt 0.0000 0.3333
vt 0.0159 0.3333
vt 0.0317 0.3333
vt 0.0476 0.3333
vt 0.0635 0.3333
vt 0.0794 0.3333
vt 0.0952 0.3333
vt 0.1111 0.3333
vt 0.1270 0.3333
vt 0.1429 0.3333
vt 0.1587 0.3333
vt 0.1746 0.3333
vt 0.1905 0.3333
vt 0.2063 0.3333
vt 0.2222 0.3333
vt 0.2381 0.3333
vt 0.2540 0.3333
vt 0.2698 0.3333
vt 0.2857 0.3333
vt 0.3016 0.3333
vt 0.3175 0.3333
vt 0.3333 0.3333
vt 0.3492 0.3333
vt 0.3651 0.3333
vt 0.3810 0.3333
vt 0.3968 0.3333
vt 0.4127 0.3333
vt 0.4286 0.3333
vt 0.4444 0.3333
vt 0.4603 0.3333
vt 0.4762 0.3333
vt 0.4921 0.3333
vt 0.5079 0.3333
vt 0.5238 0.3333
vt 0.5397 0.3333
vt 0.5556 0.3333
vt 0.5714 0.3333
vt 0.5873 0.3333
vt 0.6032 0.3333
vt 0.6190 0.3333
vt 0.6349 0.3333
vt 0.6508 0.3333
vt 0.6667 0.3333
vt 0.6825 0.3333
vt 0.6984 0.3333
vt 0.7143 0.3333
vt 0.7302 0.3333
vt 0.7460 0.3333
vt 0.7619 0.3333
vt 0.7778 0.3333
vt 0.7937 0.3333
vt 0.8095 0.3333
vt 0.8254 0.3333
vt 0.8413 0.3333
vt 0.8571 0.3333
vt 0.8730 0.3333
vt 0.8889 0.3333
vt 0.9048 0.3333
vt 0.9206 0.3333
vt 0.9365 0.3333
vt 0.9524 0.3333
vt 0.9683 0.3333
vt 0.9841 0.3333
vt 1.0000 0.3333
vt 0.0000 0.3077
vt 0.0159 0.3077
vt 0.0317 0.3077
vt 0.0476 0.3077
vt 0.0635 0.3077
vt 0.0794 0.3077
vt 0.0952 0.3077
vt 0.1111 0.3077
vt 0.1270 0.3077
vt 0.1429 0.3077
vt 0.1587 0.3077
vt 0.1746 0.3077
vt 0.1905 0.3077
vt 0.2063 0.3077
vt 0.2222 0.3077
vt 0.2381 0.3077
vt 0.2540 0.3077
vt 0.2698 0.3077
vt 0.2857 0.3077
vt 0.3016 0.3077
vt 0.3175 0.3077
vt 0.3333 0.3077
vt 0.3492 0.3077
vt 0.3651 0.3077
vt 0.3810 0.3077
vt 0.3968 0.3077
vt 0.4127 0.3077
vt 0.4286 0.3077
vt 0.4444 0.3077
vt 0.4603 0.3077
vt 0.4762 0.3077
vt 0.4921 0.3077
vt 0.5079 0.3077
vt 0.5238 0.3077
vt 0.5397 0.3077
vt 0.5556 0.3077
vt 0.5714 0.3077
vt 0.5873 0.3077
vt 0.6032 0.3077
vt 0.6190 0.3077
vt 0.6349 0.3077
vt 0.6508 0.3077
vt 0.6667 0.3077
vt 0.6825 0.3077
vt 0.6984 0.3077
vt 0.7143 0.3077
vt 0.7302 0.3077
vt 0.7460 0.3077
vt 0.7619 0.3077
vt 0.7778 0.3077
vt 0.7937 0.3077
vt 0.8095 0.3077
vt 0.8254 0.3077
vt 0.8413 0.3077
vt 0.8571 0.3077
vt 0.8730 0.3077
vt 0.8889 0.3077
vt 0.9048 0.3077
vt 0.9206 0.3077
vt 0.9365 0.3077
vt 0.9524 0.3077
vt 0.9683 0.3077
vt 0.9841 0.3077
vt 1.0000 0.3077
vt 0.0000 0.2821
vt 0.0159 0.2821
vt 0.0317 0.2821
vt 0.0476 0.2821
vt 0.0635 0.2821
vt 0.0794 0.2821
vt 0.0952 0.2821
vt 0.1111 0.2821
vt 0.1270 0.2821
vt 0.1429 0.2821
vt 0.1587 0.2821
vt 0.1746 0.2821
vt 0.1905 0.2821
vt 0.2063 0.2821
vt 0.2222 0.2821
vt 0.2381 0.2821
vt 0.2540 0.2821
vt 0.2698 0.2821
vt 0.2857 0.2821
vt 0.3016 0.2821
vt 0.3175 0.2821
vt 0.3333 0.2821
vt 0.3492 0.2821
vt 0.3651 0.2821
vt 0.3810 0.2821
vt 0.3968 0.2821
vt 0.4127 0.2821
vt 0.4286 0.2821
vt 0.4444 0.2821
vt 0.4603 0.2821
vt 0.4762 0.2821
vt 0.4921 0.2821
vt 0.5079 0.2821
vt 0.5238 0.2821
vt 0.5397 0.2821
vt 0.5556 0.2821
vt 0.5714 0.2821
vt 0.5873 0.2821
vt 0.6032 0.2821
vt 0.6190 0.2821
vt 0.6349 0.2821
vt 0.6508 0.2821
vt 0.6667 0.2821
vt 0.6825 0.2821
vt 0.6984 0.2821
vt 0.7143 0.2821
vt 0.7302 0.2821
vt 0.7460 0.2821
vt 0.7619 0.2821
vt 0.7778 0.2821
vt 0.7937 0.2821
vt 0.8095 0.2821
vt 0.8254 0.2821
vt 0.8413 0.2821
vt 0.8571 0.2821
vt 0.8730 0.2821
vt 0.8889 0.2821
vt 0.9048 0.2821
vt 0.9206 0.2821
vt 0.9365 0.2821
vt 0.9524 0.2821
vt 0.9683 0.2821
vt 0.9841 0.2821
vt 1.0000 0.2821
vt 0.0000 0.2564
vt 0.0159 0.2564
vt 0.0317 0.2564
vt 0.0476 0.2564
vt 0.0635 0.2564
vt 0.0794 0.2564
vt 0.0952 0.2564
vt 0.1111 0.2564
vt 0.1270 0.2564
vt 0.1429 0.2564
vt 0.1587 0.2564
vt 0.1746 0.2564
vt 0.1905 0.2564
vt 0.2063 0.2564
vt 0.2222 0.2564
vt 0.2381 0.2564
vt 0.2540 0.2564
vt 0.2698 0.2564
vt 0.2857 0.2564
vt 0.3016 0.2564
vt 0.3175 0.2564
vt 0.3333 0.2564
vt 0.3492 0.2564
vt 0.3651 0.2564
vt 0.3810 0.2564
vt 0.3968 0.2564
vt 0.4127 0.2564
vt 0.4286 0.2564
vt 0.4444 0.2564
vt 0.4603 0.2564
vt 0.4762 0.2564
vt 0.4921 0.2564
vt 0.5079 0.2564
vt 0.5238 0.2564
vt 0.5397 0.2564
vt 0.5556 0.2564
vt 0.5714 0.2564
vt 0.5873 0.2564
vt 0.6032 0.2564
vt 0.6190 0.2564
vt 0.6349 0.2564
vt 0.6508 0.2564
vt 0.6667 0.2564
vt 0.6825 0.2564
vt 0.6984 0.2564
vt 0.7143 0.2564
vt 0.7302 0.2564
vt 0.7460 0.2564
vt 0.7619 0.2564
vt 0.7778 0.2564
vt 0.7937 0.2564
vt 0.8095 0.2564
vt 0.8254 0.2564
vt 0.8413 0.2564
vt 0.8571 0.2564
vt 0.8730 0.2564
vt 0.8889 0.2564
vt 0.9048 0.2564
vt 0.9206 0.2564
vt 0.9365 0.2564
vt 0.9524 0.2564
vt 0.9683 0.2564
vt 0.9841 0.2564
vt 1.0000 0.2564
vt 0.0000 0.2308
vt 0.0159 0.2308
vt 0.0317 0.2308
vt 0.0476 0.2308
vt 0.0635 0.2308
vt 0.0794 0.2308
vt 0.0952 0.2308
vt 0.1111 0.2308
vt 0.1270 0.2308
vt 0.1429 0.2308
vt 0.1587 0.2308
vt 0.1746 0.2308
vt 0.1905 0.2308
vt 0.2063 0.2308
vt 0.2222 0.2308
vt 0.2381 0.2308
vt 0.2540 0.2308
vt 0.2698 0.2308
vt 0.2857 0.2308
vt 0.3016 0.2308
vt 0.3175 0.2308
vt 0.3333 0.2308
vt 0.3492 0.2308
vt 0.3651 0.2308
vt 0.3810 0.2308
vt 0.3968 0.2308
vt 0.4127 0.2308
vt 0.4286 0.2308
vt 0.4444 0.2308
vt 0.4603 0.2308
vt 0.4762 0.2308
vt 0.4921 0.2308
vt 0.5079 0.2308
vt 0.5238 0.2308
vt 0.5397 0.2308
vt 0.5556 0.2308
vt 0.5714 0.2308
vt 0.5873 0.2308
vt 0.6032 0.2308
vt 0.6190 0.2308
vt 0.6349 0.2308
vt 0.6508 0.2308
vt 0.6667 0.2308
vt 0.6825 0.2308
vt 0.6984 0.2308
vt 0.7143 0.2308
vt 0.7302 0.2308
vt 0.7460 0.2308
vt 0.7619 0.2308
vt 0.7778 0.2308
vt 0.7937 0.2308
vt 0.8095 0.2308
vt 0.8254 0.2308
vt 0.8413 0.2308
vt 0.8571 0.2308
vt 0.8730 0.2308
vt 0.8889 0.2308
vt 0.9048 0.2308
vt 0.9206 0.2308
vt 0.9365 0.2308
vt 0.9524 0.2308
vt 0.9683 0.2308
vt 0.9841 0.2308
vt 1.0000 0.2308
vt 0.0000 0.2051
vt 0.0159 0.2051
vt 0.0317 0.2051
vt 0.0476 0.2051
vt 0.0635 0.2051
vt 0.0794 0.2051
vt 0.0952 0.2051
vt 0.1111 0.2051
vt 0.1270 0.2051
vt 0.1429 0.2051
vt 0.1587 0.2051
vt 0.1746 0.2051
vt 0.1905 0.2051
vt 0.2063 0.2051
vt 0.2222 0.2051
vt 0.2381 0.2051
vt 0.2540 0.2051
vt 0.2698 0.2051
vt 0.2857 0.2051
vt 0.3016 0.2051
vt 0.3175 0.2051
vt 0.3333 0.2051
vt 0.3492 0.2051
vt 0.3651 0.2051
vt 0.3810 0.2051
vt 0.3968 0.2051
vt 0.4127 0.2051
vt 0.4286 0.2051
vt 0.4444 0.2051
vt 0.4603 0.2051
vt 0.4762 0.2051
vt 0.4921 0.2051
vt 0.5079 0.2051
vt 0.5238 0.2051
vt 0.5397 0.2051
vt 0.5556 0.2051
vt 0.5714 0.2051
vt 0.5873 0.2051
vt 0.6032 0.2051
vt 0.6190 0.2051
vt 0.6349 0.2051
vt 0.6508 0.2051
vt 0.6667 0.2051
vt 0.6825 0.2051
vt 0.6984 0.2051
vt 0.7143 0.2051
vt 0.7302 0.2051
vt 0.7460 0.2051
vt 0.7619 0.2051
vt 0.7778 0.2051
vt 0.7937 0.2051
vt 0.8095 0.2051
vt 0.8254 0.2051
vt 0.8413 0.2051
vt 0.8571 0.2051
vt 0.8730 0.2051
vt 0.8889 0.2051
vt 0.9048 0.2051
vt 0.9206 0.2051
vt 0.9365 0.2051
vt 0.9524 0.2051
vt 0.9683 0.2051
vt 0.9841 0.2051
vt 1.0000 0.2051
vt 0.0000 0.1795
vt 0.0159 0.1795
vt 0.0317 0.1795
vt 0.0476 0.1795
vt 0.0635 0.1795
vt 0.0794 0.1795
vt 0.0952 0.1795
vt 0.1111 0.1795
vt 0.1270 0.1795
vt 0.1429 0.1795
vt 0.1587 0.1795
vt 0.1746 0.1795
vt 0.1905 0.1795
vt 0.2063 0.1795
vt 0.2222 0.1795
vt 0.2381 0.1795
vt 0.2540 0.1795
vt 0.2698 0.1795
vt 0.2857 0.1795
vt 0.3016 0.1795
vt 0.3175 0.1795
vt 0.3333 0.1795
vt 0.3492 0.1795
vt 0.3651 0.1795
vt 0.3810 0.1795
vt 0.3968 0.1795
vt 0.4127 0.1795
vt 0.4286 0.1795
vt 0.4444 0.1795
vt 0.4603 0.1795
vt 0.4762 0.1795
vt 0.4921 0.1795
vt 0.5079 0.1795
vt 0.5238 0.1795
vt 0.5397 0.1795
vt 0.5556 0.1795
vt 0.5714 0.1795
vt 0.5873 0.1795
vt 0.6032 0.1795
vt 0.6190 0.1795
vt 0.6349 0.1795
vt 0.6508 0.1795
vt 0.6667 0.1795
vt 0.6825 0.1795
vt 0.6984 0.1795
vt 0.7143 0.1795
vt 0.7302 0.1795
vt 0.7460 0.1795
vt 0.7619 0.1795
vt 0.7778 0.1795
vt 0.7937 0.1795
vt 0.8095 0.1795
vt 0.8254 0.1795
vt 0.8413 0.1795
vt 0.8571 0.1795
vt 0.8730 0.1795
vt 0.8889 0.1795
vt 0.9048 0.1795
vt 0.9206 0.1795
vt 0.9365 0.1795
vt 0.9524 0.1795
vt 0.9683 0.1795
vt 0.9841 0.1795
vt 1.0000 0.1795
vt 0.0000 0.1538
vt 0.0159 0.1538
vt 0.0317 0.1538
vt 0.0476 0.1538
vt 0.0635 0.1538
vt 0.0794 0.1538
vt 0.0952 0.1538
vt 0.1111 0.1538
vt 0.1270 0.1538
vt 0.1429 0.1538
vt 0.1587 0.1538
vt 0.1746 0.1538
vt 0.1905 0.1538
vt 0.2063 0.1538
vt 0.2222 0.1538
vt 0.2381 0.1538
vt 0.2540 0.1538
vt 0.2698 0.1538
vt 0.2857 0.1538
vt 0.3016 0.1538
vt 0.3175 0.1538
vt 0.3333 0.1538
vt 0.3492 0.1538
vt 0.3651 0.1538
vt 0.3810 0.1538
vt 0.3968 0.1538
vt 0.4127 0.1538
vt 0.4286 0.1538
vt 0.4444 0.1538
vt 0.4603 0.1538
vt 0.4762 0.1538
vt 0.4921 0.1538
vt 0.5079 0.1538
vt 0.5238 0.1538
vt 0.5397 0.1538
vt 0.5556 0.1538
vt 0.5714 0.1538
vt 0.5873 0.1538
vt 0.6032 0.1538
vt 0.6190 0.1538
vt 0.6349 0.1538
vt 0.6508 0.1538
vt 0.6667 0.1538
vt 0.6825 0.1538
vt 0.6984 0.1538
vt 0.7143 0.1538
vt 0.7302 0.1538
vt 0.7460 0.1538
vt 0.7619 0.1538
vt 0.7778 0.1538
vt 0.7937 0.1538
vt 0.8095 0.1538
vt 0.8254 0.1538
vt 0.8413 0.1538
vt 0.8571 0.1538
vt 0.8730 0.1538
vt 0.8889 0.1538
vt 0.9048 0.1538
vt 0.9206 0.1538
vt 0.9365 0.1538
vt 0.9524 0.1538
vt 0.9683 0.1538
vt 0.9841 0.1538
vt 1.0000 0.1538
vt 0.0000 0.1282
vt 0.0159 0.1282
vt 0.0317 0.1282
vt 0.0476 0.1282
vt 0.0635 0.1282
vt 0.0794 0.1282
vt 0.0952 0.1282
vt 0.1111 0.1282
vt 0.1270 0.1282
vt 0.1429 0.1282
vt 0.1587 0.1282
vt 0.1746 0.1282
vt 0.1905 0.1282
vt 0.2063 0.1282
vt 0.2222 0.1282
vt 0.2381 0.1282
vt 0.2540 0.1282
vt 0.2698 0.1282
vt 0.2857 0.1282
vt 0.3016 0.1282
vt 0.3175 0.1282
vt 0.3333 0.1282
vt 0.3492 0.1282
vt 0.3651 0.1282
vt 0.3810 0.1282
vt 0.3968 0.1282
vt 0.4127 0.1282
vt 0.4286 0.1282
vt 0.4444 0.1282
vt 0.4603 0.1282
vt 0.4762 0.1282
vt 0.4921 0.1282
vt 0.5079 0.1282
vt 0.5238 0.1282
vt 0.5397 0.1282
vt 0.5556 0.1282
vt 0.5714 0.1282
vt 0.5873 0.1282
vt 0.6032 0.1282
vt 0.6190 0.1282
vt 0.6349 0.1282
vt 0.6508 0.1282
vt 0.6667 0.1282
vt 0.6825 0.1282
vt 0.6984 0.1282
vt 0.7143 0.1282
vt 0.7302 0.1282
vt 0.7460 0.1282
vt 0.7619 0.1282
vt 0.7778 0.1282
vt 0.7937 0.1282
vt 0.8095 0.1282
vt 0.8254 0.1282
vt 0.8413 0.1282
vt 0.8571 0.1282
vt 0.8730 0.1282
vt 0.8889 0.1282
vt 0.9048 0.1282
vt 0.9206 0.1282
vt 0.9365 0.1282
vt 0.9524 0.1282
vt 0.9683 0.1282
vt 0.9841 0.1282
vt 1.0000 0.1282
vt 0.0000 0.1026
vt 0.0159 0.1026
vt 0.0317 0.1026
vt 0.0476 0.1026
vt 0.0635 0.1026
vt 0.0794 0.1026
vt 0.0952 0.1026
vt 0.1111 0.1026
vt 0.1270 0.1026
vt 0.1429 0.1026
vt 0.1587 0.1026
vt 0.1746 0.1026
vt 0.1905 0.1026
vt 0.2063 0.1026
vt 0.2222 0.1026
vt 0.2381 0.1026
vt 0.2540 0.1026
vt 0.2698 0.1026
vt 0.2857 0.1026
vt 0.3016 0.1026
vt 0.3175 0.1026
vt 0.3333 0.1026
vt 0.3492 0.1026
vt 0.3651 0.1026
vt 0.3810 0.1026
vt 0.3968 0.1026
vt 0.4127 0.1026
vt 0.4286 0.1026
vt 0.4444 0.1026
vt 0.4603 0.1026
vt 0.4762 0.1026
vt 0.4921 0.1026
vt 0.5079 0.1026
vt 0.5238 0.1026
vt 0.5397 0.1026
vt 0.5556 0.1026
vt 0.5714 0.1026
vt 0.5873 0.1026
vt 0.6032 0.1026
vt 0.6190 0.1026
vt 0.6349 0.1026
vt 0.6508 0.1026
vt 0.6667 0.1026
vt 0.6825 0.1026
vt 0.6984 0.1026
vt 0.7143 0.1026
vt 0.7302 0.1026
vt 0.7460 0.1026
vt 0.7619 0.1026
vt 0.7778 0.1026
vt 0.7937 0.1026
vt 0.8095 0.1026
vt 0.8254 0.1026
vt 0.8413 0.1026
vt 0.8571 0.1026
vt 0.8730 0.1026
vt 0.8889 0.1026
vt 0.9048 0.1026
vt 0.9206 0.1026
vt 0.9365 0.1026
vt 0.9524 0.1026
vt 0.9683 0.1026
vt 0.9841 0.1026
vt 1.0000 0.1026
vt 0.0000 0.0769
vt 0.0159 0.0769
vt 0.0317 0.0769
vt 0.0476 0.0769
vt 0.0635 0.0769
vt 0.0794 0.0769
vt 0.0952 0.0769
vt 0.1111 0.0769
vt 0.1270 0.0769
vt 0.1429 0.0769
vt 0.1587 0.0769
vt 0.1746 0.0769
vt 0.1905 0.0769
vt 0.2063 0.0769
vt 0.2222 0.0769
vt 0.2381 0.0769
vt 0.2540 0.0769
vt 0.2698 0.0769
vt 0.2857 0.0769
vt 0.3016 0.0769
vt 0.3175 0.0769
vt 0.3333 0.0769
vt 0.3492 0.0769
vt 0.3651 0.0769
vt 0.3810 0.0769
vt 0.3968 0.0769
vt 0.4127 0.0769
vt 0.4286 0.0769
vt 0.4444 0.0769
vt 0.4603 0.0769
vt 0.4762 0.0769
vt 0.4921 0.0769
vt 0.5079 0.0769
vt 0.5238 0.0769
vt 0.5397 0.0769
vt 0.5556 0.0769
vt 0.5714 0.0769
vt 0.5873 0.0769
vt 0.6032 0.0769
vt 0.6190 0.0769
vt 0.6349 0.0769
vt 0.6508 0.0769
vt 0.6667 0.0769
vt 0.6825 0.0769
vt 0.6984 0.0769
vt 0.7143 0.0769
vt 0.7302 0.0769
vt 0.7460 0.0769
vt 0.7619 0.0769
vt 0.7778 0.0769
vt 0.7937 0.0769
vt 0.8095 0.0769
vt 0.8254 0.0769
vt 0.8413 0.0769
vt 0.8571 0.0769
vt 0.8730 0.0769
vt 0.8889 0.0769
vt 0.9048 0.0769
vt 0.9206 0.0769
vt 0.9365 0.0769
vt 0.9524 0.0769
vt 0.9683 0.0769
vt 0.9841 0.0769
vt 1.0000 0.0769
vt 0.0000 0.0513
vt 0.0159 0.0513
vt 0.0317 0.0513
vt 0.0476 0.0513
vt 0.0635 0.0513
vt 0.0794 0.0513
vt 0.0952 0.0513
vt 0.1111 0.0513
vt 0.1270 0.0513
vt 0.1429 0.0513
vt 0.1587 0.0513
vt 0.1746 0.0513
vt 0.1905 0.0513
vt 0.2063 0.0513
vt 0.2222 0.0513
vt 0.2381 0.0513
vt 0.2540 0.0513
vt 0.2698 0.0513
vt 0.2857 0.0513
vt 0.3016 0.0513
vt 0.3175 0.0513
vt 0.3333 0.0513
vt 0.3492 0.0513
vt 0.3651 0.0513
vt 0.3810 0.0513
vt 0.3968 0.0513
vt 0.4127 0.0513
vt 0.4286 0.0513
vt 0.4444 0.0513
vt 0.4603 0.0513
vt 0.4762 0.0513
vt 0.4921 0.0513
vt 0.5079 0.0513
vt 0.5238 0.0513
vt 0.5397 0.0513
vt 0.5556 0.0513
vt 0.5714 0.0513
vt 0.5873 0.0513
vt 0.6032 0.0513
vt 0.6190 0.0513
vt 0.6349 0.0513
vt 0.6508 0.0513
vt 0.6667 0.0513
vt 0.6825 0.0513
vt 0.6984 0.0513
vt 0.7143 0.0513
vt 0.7302 0.0513
vt 0.7460 0.0513
vt 0.7619 0.0513
vt 0.7778 0.0513
vt 0.7937 0.0513
vt 0.8095 0.0513
vt 0.8254 0.0513
vt 0.8413 0.0513
vt 0.8571 0.0513
vt 0.8730 0.0513
vt 0.8889 0.0513
vt 0.9048 0.0513
vt 0.9206 0.0513
vt 0.9365 0.0513
vt 0.9524 0.0513
vt 0.9683 0.0513
vt 0.9841 0.0513
vt 1.0000 0.0513
vt 0.0000 0.0256
vt 0.0159 0.0256
vt 0.0317 0.0256
vt 0.0476 0.0256
vt 0.0635 0.0256
vt 0.0794 0.0256
vt 0.0952 0.0256
vt 0.1111 0.0256
vt 0.1270 0.0256
vt 0.1429 0.0256
vt 0.1587 0.0256
vt 0.1746 0.0256
vt 0.1905 0.0256
vt 0.2063 0.0256
vt 0.2222 0.0256
vt 0.2381 0.0256
vt 0.2540 0.0256
vt 0.2698 0.0256
vt 0.2857 0.0256
vt 0.3016 0.0256
vt 0.3175 0.0256
vt 0.3333 0.0256
vt 0.3492 0.0256
vt 0.3651 0.0256
vt 0.3810 0.0256
vt 0.3968 0.0256
vt 0.4127 0.0256
vt 0.4286 0.0256
vt 0.4444 0.0256
vt 0.4603 0.0256
vt 0.4762 0.0256
vt 0.4921 0.0256
vt 0.5079 0.0256
vt 0.5238 0.0256
vt 0.5397 0.0256
vt 0.5556 0.0256
vt 0.5714 0.0256
vt 0.5873 0.0256
vt 0.6032 0.0256
vt 0.6190 0.0256
vt 0.6349 0.0256
vt 0.6508 0.0256
vt 0.6667 0.0256
vt 0.6825 0.0256
vt 0.6984 0.0256
vt 0.7143 0.0256
vt 0.7302 0.0256
vt 0.7460 0.0256
vt 0.7619 0.0256
vt 0.7778 0.0256
vt 0.7937 0.0256
vt 0.8095 0.0256
vt 0.8254 0.0256
vt 0.8413 0.0256
vt 0.8571 0.0256
vt 0.8730 0.0256
vt 0.8889 0.0256
vt 0.9048 0.0256
vt 0.9206 0.0256
vt 0.9365 0.0256
vt 0.9524 0.0256
vt 0.9683 0.0256
vt 0.9841 0.0256
vt 1.0000 0.0256
vt 0.0000 0.0000
vt 0.0159 0.0000
vt 0.0317 0.0000
vt 0.0476 0.0000
vt 0.0635 0.0000
vt 0.0794 0.0000
vt 0.0952 0.0000
vt 0.1111 0.0000
vt 0.1270 0.0000
vt 0.1429 0.0000
vt 0.1587 0.0000
vt 0.1746 0.0000
vt 0.1905 0.0000
vt 0.2063 0.0000
vt 0.2222 0.0000
vt 0.2381 0.0000
vt 0.2540 0.0000
vt 0.2698 0.0000
vt 0.2857 0.0000
vt 0.3016 0.0000
vt 0.3175 0.0000
vt 0.3333 0.0000
vt 0.3492 0.0000
vt 0.3651 0.0000
vt 0.3810 0.0000
vt 0.3968 0.0000
vt 0.4127 0.0000
vt 0.4286 0.0000
vt 0.4444 0.0000
vt 0.4603 0.0000
vt 0.4762 0.0000
vt 0.4921 0.0000
vt 0.5079 0.0000
vt 0.5238 0.0000
vt 0.5397 0.0000
vt 0.5556 0.0000
vt 0.5714 0.0000
vt 0.5873 0.0000
vt 0.6032 0.0000
vt 0.6190 0.0000
vt 0.6349 0.0000
vt 0.6508 0.0000
vt 0.6667 0.0000
vt 0.6825 0.0000
vt 0.6984 0.0000
vt 0.7143 0.0000
vt 0.7302 0.0000
vt 0.7460 0.0000
vt 0.7619 0.0000
vt 0.7778 0.0000
vt 0.7937 0.0000
vt 0.8095 0.0000
vt 0.8254 0.0000
vt 0.8413 0.0000
vt 0.8571 0.0000
vt 0.8730 0.0000
vt 0.8889 0.0000
vt 0.9048 0.0000
vt 0.9206 0.0000
vt 0.9365 0.0000
vt 0.9524 0.0000
vt 0.9683 0.0000
vt 0.9841 0.0000
vt 1.0000 0.0000
f 1/1 2/2 66/66
f 1/1 66/66 65/65
f 2/2 3/3 67/67
f 2/2 67/67 66/66
f 3/3 4/4 68/68
f 3/3 68/68 67/67
f 4/4 5/5 69/69
f 4/4 69/69 68/68
f 5/5 6/6 70/70
f 5/5 70/70 69/69
f 6/6 7/7 71/71
f 6/6 71/71 70/70
f 7/7 8/8 72/72
f 7/7 72/72 71/71
f 8/8 9/9 73/73
f 8/8 73/73 72/72
f 9/9 10/10 74/74
f 9/9 74/74 73/73
f 10/10 11/11 75/75
f 10/10 75/75 74/74
f 11/11 12/12 76/76
f 11/11 76/76 75/75
f 12/12 13/13 77/77
f 12/12 77/77 76/76
f 13/13 14/14 78/78
f 13/13 78/78 77/77
f 14/14 15/15 79/79
f 14/14 79/79 78/78
f 15/15 16/16 80/80
f 15/15 80/80 79/79
f 16/16 17/17 81/81
f 16/16 81/81 80/80
f 17/17 18/18 82/82
f 17/17 82/82 81/81
f 18/18 19/19 83/83
f 18/18 83/83 82/82
f 19/19 20/20 84/84
f 19/19 84/84 83/83
f 20/20 21/21 85/85
f 20/20 85/85 84/84
f 21/21 22/22 86/86
f 21/21 86/86 85/85
f 22/22 23/23 87/87
f 22/22 87/87 86/86
f 23/23 24/24 88/88
f 23/23 88/88 87/87
f 24/24 25/25 89/89
f 24/24 89/89 88/88
f 25/25 26/26 90/90
f 25/25 90/90 89/89
f 26/26 27/27 91/91
f 26/26 91/91 90/90
f 27/27 28/28 92/92
f 27/27 92/92 91/91
f 28/28 29/29 93/93
f 28/28 93/93 92/92
f 29/29 30/30 94/94
f 29/29 94/94 93/93
f 30/30 31/31 95/95
f 30/30 95/95 94/94
f 31/31 32/32 96/96
f 31/31 96/96 95/95
f 32/32 33/33 97/97
f 32/32 97/97 96/96
f 33/33 34/34 98/98
f 33/33 98/98 97/97
f 34/34 35/35 99/99
f 34/34 99/99 98/98
f 35/35 36/36 100/100
f 35/35 100/100 99/99
f 36/36 37/37 101/101
f 36/36 101/101 100/100
f 37/37 38/38 102/102
f 37/37 102/102 101/101
f 38/38 39/39 103/103
f 38/38 103/103 102/102
f 39/39 40/40 104/104
f 39/39 104/104 103/103
f 40/40 41/41 105/105
f 40/40 105/105 104/104
f 41/41 42/42 106/106
f 41/41 106/106 105/105
f 42/42 43/43 107/107
f 42/42 107/107 106/106
f 43/43 44/44 108/108
f 43/43 108/108 107/107
f 44/44 45/45 109/109
f 44/44 109/109 108/108
f 45/45 46/46 110/110
f 45/45 110/110 109/109
f 46/46 47/47 111/111
f 46/46 111/111 110/110
f 47/47 48/48 112/112
f 47/47 112/112 111/111
f 48/48 49/49 113/113
f 48/48 113/113 112/112
f 49/49 50/50 114/114
f 49/49 114/114 113/113
f 50/50 51/51 115/115
f 50/50 115/115 114/114
f 51/51 52/52 116/116
f 51/51 116/116 115/115
f 52/52 53/53 117/117
f 52/52 117/117 116/116
f 53/53 54/54 118/118
f 53/53 118/118 117/117
f 54/54 55/55 119/119
f 54/54 119/119 118/118
f 55/55 56/56 120/120
f 55/55 120/120 119/119
f 56/56 57/57 121/121
f 56/56 121/121 120/120
f 57/57 58/58 122/122
f 57/57 122/122 121/121
f 58/58 59/59 123/123
f 58/58 123/123 122/122
f 59/59 60/60 124/124
f 59/59 124/124 123/123
f 60/60 61/61 125/125
f 60/60 125/125 124/124
f 61/61 62/62 126/126
f 61/61 126/126 125/125
f 62/62 63/63 127/127
f 62/62 127/127 126/126
f 63/63 64/64 128/128
f 63/63 128/128 127/127
f 65/65 66/66 130/130
f 65/65 130/130 129/129
f 66/66 67/67 131/131
f 66/66 131/131 130/130
f 67/67 68/68 132/132
f 67/67 132/132 131/131
f 68/68 69/69 133/133
f 68/68 133/133 132/132
f 69/69 70/70 134/134
f 69/69 134/134 133/133
f 70/70 71/71 135/135
f 70/70 135/135 134/134
f 71/71 72/72 136/136
f 71/71 136/136 135/135
f 72/72 73/73 137/137
f 72/72 137/137 136/136
f 73/73 74/74 138/138
f 73/73 138/138 137/137
f 74/74 75/75 139/139
f 74/74 139/139 138/138
f 75/75 76/76 140/140
f 75/75 140/140 139/139
f 76/76 77/77 141/141
f 76/76 141/141 140/140
f 77/77 78/78 142/142
f 77/77 142/142 141/141
f 78/78 79/79 143/143
f 78/78 143/143 142/142
f 79/79 80/80 144/144
f 79/79 144/144 143/143
f 80/80 81/81 145/145
f 80/80 145/145 144/144
f 81/81 82/82 146/146
f 81/81 146/146 145/145
f 82/82 83/83 147/147
f 82/82 147/147 146/146
f 83/83 84/84 148/148
f 83/83 148/148 147/147
f 84/84 85/85 149/149
f 84/84 149/149 148/148
f 85/85 86/86 150/150
f 85/85 150/150 149/149
f 86/86 87/87 151/151
f 86/86 151/151 150/150
f 87/87 88/88 152/152
f 87/87 152/152 151/151
f 88/88 89/89 153/153
f 88/88 153/153 152/152
f 89/89 90/90 154/154
f 89/89 154/154 153/153
f 90/90 91/91 155/155
f 90/90 155/155 154/154
f 91/91 92/92 156/156
f 91/91 156/156 155/155
f 92/92 93/93 157/157
f 92/92 157/157 156/156
f 93/93 94/94 158/158
f 93/93 158/158 157/157
f 94/94 95/95 159/159
f 94/94 159/159 158/158
f 95/95 96/96 160/160
f 95/95 160/160 159/159
f 96/96 97/97 161/161
f 96/96 161/161 160/160
f 97/97 98/98 162/162
f 97/97 162/162 161/161
f 98/98 99/99 163/163
f 98/98 163/163 162/162
f 99/99 100/100 164/164
f 99/99 164/164 163/163
f 100/100 101/101 165/165
f 100/100 165/165 164/164
f 101/101 102/102 166/166
f 101/101 166/166 165/165
f 102/102 103/103 167/167
f 102/102 167/167 166/166
f 103/103 104/104 168/168
f 103/103 168/168 167/167
f 104/104 105/105 169/169
f 104/104 169/169 168/168
f 105/105 106/106 170/170
f 105/105 170/170 169/169
f 106/106 107/107 171/171
f 106/106 171/171 170/170
f 107/107 108/108 172/172
f 107/107 172/172 171/171
f 108/108 109/109 173/173
f 108/108 173/173 172/172
f 109/109 110/110 174/174
f 109/109 174/174 173/173
f 110/110 111/111 175/175
f 110/110 175/175 174/174
f 111/111 112/112 176/176
f 111/111 176/176 175/175
f 112/112 113/113 177/177
f 112/112 177/177 176/176
f 113/113 114/114 178/178
f 113/113 178/178 177/177
f 114/114 115/115 179/179
f 114/114 179/179 178/178
f 115/115 116/116 180/180
f 115/115 180/180 179/179
f 116/116 117/117 181/181
f 116/116 181/181 180/180
f 117/117 118/118 182/182
f 117/117 182/182 181/181
f 118/118 119/119 183/183
f 118/118 183/183 182/182
f 119/119 120/120 184/184
f 119/119 184/184 183/183
f 120/120 121/121 185/185
f 120/120 185/185 184/184
f 121/121 122/122 186/186
f 121/121 186/186 185/185
f 122/122 123/123 187/187
f 122/122 187/187 186/186
f 123/123 124/124 188/188
f 123/123 188/188 187/187
f 124/124 125/125 189/189
f 124/124 189/189 188/188
f 125/125 126/126 190/190
f 125/125 190/190 189/189
f 126/126 127/127 191/191
f 126/126 191/191 190/190
f 127/127 128/128 192/192
f 127/127 192/192 191/191
f 129/129 130/130 194/194
f 129/129 194/194 193/193
f 130/130 131/131 195/195
f 130/130 195/195 194/194
f 131/131 132/132 196/196
f 131/131 196/196 195/195
f 132/132 133/133 197/197
f 132/132 197/197 196/196
f 133/133 134/134 198/198
f 133/133 198/198 197/197
f 134/134 135/135 199/199
f 134/134 199/199 198/198
f 135/135 136/136 200/200
f 135/135 200/200 199/199
f 136/136 137/137 201/201
f 136/136 201/201 200/200
f 137/137 138/138 202/202
f 137/137 202/202 201/201
f 138/138 139/139 203/203
f 138/138 203/203 202/202
f 139/139 140/140 204/204
f 139/139 204/204 203/203
f 140/140 141/141 205/205
f 140/140 205/205 204/204
f 141/141 142/142 206/206
f 141/141 206/206 205/205
f 142/142 143/143 207/207
f 142/142 207/207 206/206
f 143/143 144/144 208/208
f 143/143 208/208 207/207
f 144/144 145/145 209/209
f 144/144 209/209 208/208
f 145/145 146/146 210/210
f 145/145 210/210 209/209
f 146/146 147/147 211/211
f 146/146 211/211 210/210
f 147/147 148/148 212/212
f 147/147 212/212 211/211
f 148/148 149/149 213/213
f 148/148 213/213 212/212
f 149/149 150/150 214/214
f 149/149 214/214 213/213
f 150/150 151/151 215/215
f 150/150 215/215 214/214
f 151/151 152/152 216/216
f 151/151 216/216 215/215
f 152/152 153/153 217/217
f 152/152 217/217 216/216
f 153/153 154/154 218/218
f 153/153 218/218 217/217
f 154/154 155/155 219/219
f 154/154 219/219 218/218
f 155/155 156/156 220/220
f 155/155 220/220 219/219
f 156/156 157/157 221/221
f 156/156 221/221 220/220
f 157/157 158/158 222/222
f 157/157 222/222 221/221
f 158/158 159/159 223/223
f 158/158 223/223 222/222
f 159/159 160/160 224/224
f 159/159 224/224 223/223
f 160/160 161/161 225/225
f 160/160 225/225 224/224
f 161/161 162/162 226/226
f 161/161 226/226 225/225
f 162/162 163/163 227/227
f 162/162 227/227 226/226
f 163/163 164/164 228/228
f 163/163 228/228 227/227
f 164/164 165/165 229/229
f 164/164 229/229 228/228
f 165/165 166/166 230/230
f 165/165 230/230 229/229
f 166/166 167/167 231/231
f 166/166 231/231 230/230
f 167/167 168/168 232/232
f 167/167 232/232 231/231
f 168/168 169/169 233/233
f 168/168 233/233 232/232
f 169/169 170/170 234/234
f 169/169 234/234 233/233
f 170/170 171/171 235/235
f 170/170 235/235 234/234
f 171/171 172/172 236/236
f 171/171 236/236 235/235
f 172/172 173/173 237/237
f 172/172 237/237 236/236
f 173/173 174/174 238/238
f 173/173 238/238 237/237
f 174/174 175/175 239/239
f 174/174 239/239 238/238
f 175/175 176/176 240/240
f 175/175 240/240 239/239
f 176/176 177/177 241/241
f 176/176 241/241 240/240
f 177/177 178/178 242/242
f 177/177 242/242 241/241
f 178/178 179/179 243/243
f 178/178 243/243 242/242
f 179/179 180/180 244/244
f 179/179 244/244 243/243
f 180/180 181/181 245/245
f 180/180 245/245 244/244
f 181/181 182/182 246/246
f 181/181 246/246 245/245
f 182/182 183/183 247/247
f 182/182 247/247 246/246
f 183/183 184/184 248/248
f 183/183 248/248 247/247
f 184/184 185/185 249/249
f 184/184 249/249 248/248
f 185/185 186/186 250/250
f 185/185 250/250 249/249
f 186/186 187/187 251/251
f 186/186 251/251 250/250
f 187/187 188/188 252/252
f 187/187 252/252 251/251
f 188/188 189/189 253/253
f 188/188 253/253 252/252
f 189/189 190/190 254/254
f 189/189 254/254 253/253
f 190/190 191/191 255/255
f 190/190 255/255 254/254
f 191/191 192/192 256/256
f 191/191 256/256 255/255
f 193/193 194/194 258/258
f 193/193 258/258 257/257
f 194/194 195/195 259/259
f 194/194 259/259 258/258
f 195/195 196/196 260/260
f 195/195 260/260 259/259
f 196/196 197/197 261/261
f 196/196 261/261 260/260
f 197/197 198/198 262/262
f 197/197 262/262 261/261
f 198/198 199/199 263/263
f 198/198 263/263 262/262
f 199/199 200/200 264/264
f 199/199 264/264 263/263
f 200/200 201/201 265/265
f 200/200 265/265 264/264
f 201/201 202/202 266/266
f 201/201 266/266 265/265
f 202/202 203/203 267/267
f 202/202 267/267 266/266
f 203/203 204/204 268/268
f 203/203 268/268 267/267
f 204/204 205/205 269/269
f 204/204 269/269 268/268
f 205/205 206/206 270/270
f 205/205 270/270 269/269
f 206/206 207/207 271/271
f 206/206 271/271 270/270
f 207/207 208/208 272/272
f 207/207 272/272 271/271
f 208/208 209/209 273/273
f 208/208 273/273 272/272
f 209/209 210/210 274/274
f 209/209 274/274 273/273
f 210/210 211/211 275/275
f 210/210 275/275 274/274
f 211/211 212/212 276/276
f 211/211 276/276 275/275
f 212/212 213/213 277/277
f 212/212 277/277 276/276
f 213/213 214/214 278/278
f 213/213 278/278 277/277
f 214/214 215/215 279/279
f 214/214 279/279 278/278
f 215/215 216/216 280/280
f 215/215 280/280 279/279
f 216/216 217/217 281/281
f 216/216 281/281 280/280
f 217/217 218/218 282/282
f 217/217 282/282 281/281
f 218/218 219/219 283/283
f 218/218 283/283 282/282
f 219/219 220/220 284/284
f 219/219 284/284 283/283
f 220/220 221/221 285/285
f 220/220 285/285 284/284
f 221/221 222/222 286/286
f 221/221 286/286 285/285
f 222/222 223/223 287/287
f 222/222 287/287 286/286
f 223/223 224/224 288/288
f 223/223 288/288 287/287
f 224/224 225/225 289/289
f 224/224 289/289 288/288
f 225/225 226/226 290/290
f 225/225 290/290 289/289
f 226/226 227/227 291/291
f 226/226 291/291 290/290
f 227/227 228/228 292/292
f 227/227 292/292 291/291
f 228/228 229/229 293/293
f 228/228 293/293 292/292
f 229/229 230/230 294/294
f 229/229 294/294 293/293
f 230/230 231/231 295/295
f 230/230 295/295 294/294
f 231/231 232/232 296/296
f 231/231 296/296 295/295
f 232/232 233/233 297/297
f 232/232 297/297 296/296
f 233/233 234/234 298/298
f 233/233 298/298 297/297
f 234/234 235/235 299/299
f 234/234 299/299 298/298
f 235/235 236/236 300/300
f 235/235 300/300 299/299
f 236/236 237/237 301/301
f 236/236 301/301 300/300
f 237/237 238/238 302/302
f 237/237 302/302 301/301
f 238/238 239/239 303/303
f 238/238 303/303 302/302
f 239/239 240/240 304/304
f 239/239 304/304 303/303
f 240/240 241/241 305/305
f 240/240 305/305 304/304
f 241/241 242/242 306/306
f 241/241 306/306 305/305
f 242/242 243/243 307/307
f 242/242 307/307 306/306
f 243/243 244/244 308/308
f 243/243 308/308 307/307
f 244/244 245/245 309/309
f 244/244 309/309 308/308
f 245/245 246/246 310/310
f 245/245 310/310 309/309
f 246/246 247/247 311/311
f 246/246 311/311 310/310
f 247/247 248/248 312/312
f 247/247 312/312 311/311
f 248/248 249/249 313/313
f 248/248 313/313 312/312
f 249/249 250/250 314/314
f 249/249 314/314 313/313
f 250/250 251/251 315/315
f 250/250 315/315 314/314
f 251/251 252/252 316/316
f 251/251 316/316 315/315
f 252/252 253/253 317/317
f 252/252 317/317 316/316
f 253/253 254/254 318/318
f 253/253 318/318 317/317
f 254/254 255/255 319/319
f 254/254 319/319 318/318
f 255/255 256/256 320/320
f 255/255 320/320 319/319
f 257/257 258/258 322/322
f 257/257 322/322 321/321
f 258/258 259/259 323/323
f 258/258 323/323 322/322
f 259/259 260/260 324/324
f 259/259 324/324 323/323
f 260/260 261/261 325/325
f 260/260 325/325 324/324
f 261/261 262/262 326/326
f 261/261 326/326 325/325
f 262/262 263/263 327/327
f 262/262 327/327 326/326
f 263/263 264/264 328/328
f 263/263 328/328 327/327
f 264/264 265/265 329/329
f 264/264 329/329 328/328
f 265/265 266/266 330/330
f 265/265 330/330 329/329
f 266/266 267/267 331/331
f 266/266 331/331 330/330
f 267/267 268/268 332/332
f 267/267 332/332 331/331
f 268/268 269/269 333/333
f 268/268 333/333 332/332
f 269/269 270/270 334/334
f 269/269 334/334 333/333
f 270/270 271/271 335/335
f 270/270 335/335 334/334
f 271/271 272/272 336/336
f 271/271 336/336 335/335
f 272/272 273/273 337/337
f 272/272 337/337 336/336
f 273/273 274/274 338/338
f 273/273 338/338 337/337
f 274/274 275/275 339/339
f 274/274 339/339 338/338
f 275/275 276/276 340/340
f 275/275 340/340 339/339
f 276/276 277/277 341/341
f 276/276 341/341 340/340
f 277/277 278/278 342/342
f 277/277 342/342 341/341
f 278/278 279/279 343/343
f 278/278 343/343 342/342
f 279/279 280/280 344/344
f 279/279 344/344 343/343
f 280/280 281/281 345/345
f 280/280 345/345 344/344
f 281/281 282/282 346/346
f 281/281 346/346 345/345
f 282/282 283/283 347/347
f 282/282 347/347 346/346
f 283/283 284/284 348/348
f 283/283 348/348 347/347
f 284/284 285/285 349/349
f 284/284 349/349 348/348
f 285/285 286/286 350/350
f 285/285 350/350 349/349
f 286/286 287/287 351/351
f 286/286 351/351 350/350
f 287/287 288/288 352/352
f 287/287 352/352 351/351
f 288/288 289/289 353/353
f 288/288 353/353 352/352
f 289/289 290/290 354/354
f 289/289 354/354 353/353
f 290/290 291/291 355/355
f 290/290 355/355 354/354
f 291/291 292/292 356/356
f 291/291 356/356 355/355
f 292/292 293/293 357/357
f 292/292 357/357 356/356
f 293/293 294/294 358/358
f 293/293 358/358 357/357
f 294/294 295/295 359/359
f 294/294 359/359 358/358
f 295/295 296/296 360/360
f 295/295 360/360 359/359
f 296/296 297/297 361/361
f 296/296 361/361 360/360
f 297/297 298/298 362/362
f 297/297 362/362 361/361
f 298/298 299/299 363/363
f 298/298 363/363 362/362
f 299/299 300/300 364/364
f 299/299 364/364 363/363
f 300/300 301/301 365/365
f 300/300 365/365 364/364
f 301/301 302/302 366/366
f 301/301 366/366 365/365
f 302/302 303/303 367/367
f 302/302 367/367 366/366
f 303/303 304/304 368/368
f 303/303 368/368 367/367
f 304/304 305/305 369/369
f 304/304 369/369 368/368
f 305/305 306/306 370/370
f 305/305 370/370 369/369
f 306/306 307/307 371/371
f 306/306 371/371 370/370
f 307/307 308/308 372/372
f 307/307 372/372 371/371
f 308/308 309/309 373/373
f 308/308 373/373 372/372
f 309/309 310/310 374/374
f 309/309 374/374 373/373
f 310/310 311/311 375/375
f 310/310 375/375 374/374
f 311/311 312/312 376/376
f 311/311 376/376 375/375
f 312/312 313/313 377/377
f 312/312 377/377 376/376
f 313/313 314/314 378/378
f 313/313 378/378 377/377
f 314/314 315/315 379/379
f 314/314 379/379 378/378
f 315/315 316/316 380/380
f 315/315 380/380 379/379
f 316/316 317/317 381/381
f 316/316 381/381 380/380
f 317/317 318/318 382/382
f 317/317 382/382 381/381
f 318/318 319/319 383/383
f 318/318 383/383 382/382
f 319/319 320/320 384/384
f 319/319 384/384 383/383
f 321/321 322/322 386/386
f 321/321 386/386 385/385
f 322/322 323/323 387/387
f 322/322 387/387 386/386
f 323/323 324/324 388/388
f 323/323 388/388 387/387
f 324/324 325/325 389/389
f 324/324 389/389 388/388
f 325/325 326/326 390/390
f 325/325 390/390 389/389
f 326/326 327/327 391/391
f 326/326 391/391 390/390
f 327/327 328/328 392/392
f 327/327 392/392 391/391
f 328/328 329/329 393/393
f 328/328 393/393 392/392
f 329/329 330/330 394/394
f 329/329 394/394 393/393
f 330/330 331/331 395/395
f 330/330 395/395 394/394
f 331/331 332/332 396/396
f 331/331 396/396 395/395
f 332/332 333/333 397/397
f 332/332 397/397 396/396
f 333/333 334/334 398/398
f 333/333 398/398 397/397
f 334/334 335/335 399/399
f 334/334 399/399 398/398
f 335/335 336/336 400/400
f 335/335 400/400 399/399
f 336/336 337/337 401/401
f 336/336 401/401 400/400
f 337/337 338/338 402/402
f 337/337 402/402 401/401
f 338/338 339/339 403/403
f 338/338 403/403 402/402
f 339/339 340/340 404/404
f 339/339 404/404 403/403
f 340/340 341/341 405/405
f 340/340 405/405 404/404
f 341/341 342/342 406/406
f 341/341 406/406 405/405
f 342/342 343/343 407/407
f 342/342 407/407 406/406
f 343/343 344/344 408/408
f 343/343 408/408 407/407
f 344/344 345/345 409/409
f 344/344 409/409 408/408
f 345/345 346/346 410/410
f 345/345 410/410 409/409
f 346/346 347/347 411/411
f 346/346 411/411 410/410
f 347/347 348/348 412/412
f 347/347 412/412 411/411
f 348/348 349/349 413/413
f 348/348 413/413 412/412
f 349/349 350/350 414/414
f 349/349 414/414 413/413
f 350/350 351/351 415/415
f 350/350 415/415 414/414
f 351/351 352/352 416/416
f 351/351 416/416 415/415
f 352/352 353/353 417/417
f 352/352 417/417 416/416
f 353/353 354/354 418/418
f 353/353 418/418 417/417
f 354/354 355/355 419/419
f 354/354 419/419 418/418
f 355/355 356/356 420/420
f 355/355 420/420 419/419
f 356/356 357/357 421/421
f 356/356 421/421 420/420
f 357/357 358/358 422/422
f 357/357 422/422 421/421
f 358/358 359/359 423/423
f 358/358 423/423 422/422
f 359/359 360/360 424/424
f 359/359 424/424 423/423
f 360/360 361/361 425/425
f 360/360 425/425 424/424
f 361/361 362/362 426/426
f 361/361 426/426 425/425
f 362/362 363/363 427/427
f 362/362 427/427 426/426
f 363/363 364/364 428/428
f 363/363 428/428 427/427
f 364/364 365/365 429/429
f 364/364 429/429 428/428
f 365/365 366/366 430/430
f 365/365 430/430 429/429
f 366/366 367/367 431/431
f 366/366 431/431 430/430
f 367/367 368/368 432/432
f 367/367 432/432 431/431
f 368/368 369/369 433/433
f 368/368 433/433 432/432
f 369/369 370/370 434/434
f 369/369 434/434 433/433
f 370/370 371/371 435/435
f 370/370 435/435 434/434
f 371/371 372/372 436/436
f 371/371 436/436 435/435
f 372/372 373/373 437/437
f 372/372 437/437 436/436
f 373/373 374/374 438/438
f 373/373 438/438 437/437
f 374/374 375/375 439/439
f 374/374 439/439 438/438
f 375/375 376/376 440/440
f 375/375 440/440 439/439
f 376/376 377/377 441/441
f 376/376 441/441 440/440
f 377/377 378/378 442/442
f 377/377 442/442 441/441
f 378/378 379/379 443/443
f 378/378 443/443 442/442
f 379/379 380/380 444/444
f 379/379 444/444 443/443
f 380/380 381/381 445/445
f 380/380 445/445 444/444
f 381/381 382/382 446/446
f 381/381 446/446 445/445
f 382/382 383/383 447/447
f 382/382 447/447 446/446
f 383/383 384/384 448/448
f 383/383 448/448 447/447
f 385/385 386/386 450/450
f 385/385 450/450 449/449
f 386/386 387/387 451/451
f 386/386 451/451 450/450
f 387/387 388/388 452/452
f 387/387 452/452 451/451
f 388/388 389/389 453/453
f 388/388 453/453 452/452
f 389/389 390/390 454/454
f 389/389 454/454 453/453
f 390/390 391/391 455/455
f 390/390 455/455 454/454
f 391/391 392/392 456/456
f 391/391 456/456 455/455
f 392/392 393/393 457/457
f 392/392 457/457 456/456
f 393/393 394/394 458/458
f 393/393 458/458 457/457
f 394/394 395/395 459/459
f 394/394 459/459 458/458
f 395/395 396/396 460/460
f 395/395 460/460 459/459
f 396/396 397/397 461/461
f 396/396 461/461 460/460
f 397/397 398/398 462/462
f 397/397 462/462 461/461
f 398/398 399/399 463/463
f 398/398 463/463 462/462
f 399/399 400/400 464/464
f 399/399 464/464 463/463
f 400/400 401/401 465/465
f 400/400 465/465 464/464
f 401/401 402/402 466/466
f 401/401 466/466 465/465
f 402/402 403/403 467/467
f 402/402 467/467 466/466
f 403/403 404/404 468/468
f 403/403 468/468 467/467
f 404/404 405/405 469/469
f 404/404 469/469 468/468
f 405/405 406/406 470/470
f 405/405 470/470 469/469
f 406/406 407/407 471/471
f 406/406 471/471 470/470
f 407/407 408/408 472/472
f 407/407 472/472 471/471
f 408/408 409/409 473/473
f 408/408 473/473 472/472
f 409/409 410/410 474/474
f 409/409 474/474 473/473
f 410/410 411/411 475/475
f 410/410 475/475 474/474
f 411/411 412/412 476/476
f 411/411 476/476 475/475
f 412/412 413/413 477/477
f 412/412 477/477 476/476
f 413/413 414/414 478/478
f 413/413 478/478 477/477
f 414/414 415/415 479/479
f 414/414 479/479 478/478
f 415/415 416/416 480/480
f 415/415 480/480 479/479
f 416/416 417/417 481/481
f 416/416 481/481 480/480
f 417/417 418/418 482/482
f 417/417 482/482 481/481
f 418/418 419/419 483/483
f 418/418 483/483 482/482
f 419/419 420/420 484/484
f 419/419 484/484 483/483
f 420/420 421/421 485/485
f 420/420 485/485 484/484
f 421/421 422/422 486/486
f 421/421 486/486 485/485
f 422/422 423/423 487/487
f 422/422 487/487 486/486
f 423/423 424/424 488/488
f 423/423 488/488 487/487
f 424/424 425/425 489/489
f 424/424 489/489 488/488
f 425/425 426/426 490/490
f 425/425 490/490 489/489
f 426/426 427/427 491/491
f 426/426 491/491 490/490
f 427/427 428/428 492/492
f 427/427 492/492 491/491
f 428/428 429/429 493/493
f 428/428 493/493 492/492
f 429/429 430/430 494/494
f 429/429 494/494 493/493
f 430/430 431/431 495/495
f 430/430 495/495 494/494
f 431/431 432/432 496/496
f 431/431 496/496 495/495
f 432/432 433/433 497/497
f 432/432 497/497 496/496
f 433/433 434/434 498/498
f 433/433 498/498 497/497
f 434/434 435/435 499/499
f 434/434 499/499 498/498
f 435/435 436/436 500/500
f 435/435 500/500 499/499
f 436/436 437/437 501/501
f 436/436 501/501 500/500
f 437/437 438/438 502/502
f 437/437 502/502 501/501
f 438/438 439/439 503/503
f 438/438 503/503 502/502
f 439/439 440/440 504/504
f 439/439 504/504 503/503
f 440/440 441/441 505/505
f 440/440 505/505 504/504
f 441/441 442/442 506/506
f 441/441 506/506 505/505
f 442/442 443/443 507/507
f 442/442 507/507 506/506
f 443/443 444/444 508/508
f 443/443 508/508 507/507
f 444/444 445/445 509/509
f 444/444 509/509 508/508
f 445/445 446/446 510/510
f 445/445 510/510 509/509
f 446/446 447/447 511/511
f 446/446 511/511 510/510
f 447/447 448/448 512/512
f 447/447 512/512 511/511
f 449/449 450/450 514/514
f 449/449 514/514 513/513
f 450/450 451/451 515/515
f 450/450 515/515 514/514
f 451/451 452/452 516/516
f 451/451 516/516 515/515
f 452/452 453/453 517/517
f 452/452 517/517 516/516
f 453/453 454/454 518/518
f 453/453 518/518 517/517
f 454/454 455/455 519/519
f 454/454 519/519 518/518
f 455/455 456/456 520/520
f 455/455 520/520 519/519
f 456/456 457/457 521/521
f 456/456 521/521 520/520
f 457/457 458/458 522/522
f 457/457 522/522 521/521
f 458/458 459/459 523/523
f 458/458 523/523 522/522
f 459/459 460/460 524/524
f 459/459 524/524 523/523
f 460/460 461/461 525/525
f 460/460 525/525 524/524
f 461/461 462/462 526/526
f 461/461 526/526 525/525
f 462/462 463/463 527/527
f 462/462 527/527 526/526
f 463/463 464/464 528/528
f 463/463 528/528 527/527
f 464/464 465/465 529/529
f 464/464 529/529 528/528
f 465/465 466/466 530/530
f 465/465 530/530 529/529
f 466/466 467/467 531/531
f 466/466 531/531 530/530
f 467/467 468/468 532/532
f 467/467 532/532 531/531
f 468/468 469/469 533/533
f 468/468 533/533 532/532
f 469/469 470/470 534/534
f 469/469 534/534 533/533
f 470/470 471/471 535/535
f 470/470 535/535 534/534
f 471/471 472/472 536/536
f 471/471 536/536 535/535
f 472/472 473/473 537/537
f 472/472 537/537 536/536
f 473/473 474/474 538/538
f 473/473 538/538 537/537
f 474/474 475/475 539/539
f 474/474 539/539 538/538
f 475/475 476/476 540/540
f 475/475 540/540 539/539
f 476/476 477/477 541/541
f 476/476 541/541 540/540
f 477/477 478/478 542/542
f 477/477 542/542 541/541
f 478/478 479/479 543/543
f 478/478 543/543 542/542
f 479/479 480/480 544/544
f 479/479 544/544 543/543
f 480/480 481/481 545/545
f 480/480 545/545 544/544
f 481/481 482/482 546/546
f 481/481 546/546 545/545
f 482/482 483/483 547/547
f 482/482 547/547 546/546
f 483/483 484/484 548/548
f 483/483 548/548 547/547
f 484/484 485/485 549/549
f 484/484 549/549 548/548
f 485/485 486/486 550/550
f 485/485 550/550 549/549
f 486/486 487/487 551/551
f 486/486 551/551 550/550
f 487/487 488/488 552/552
f 487/487 552/552 551/551
f 488/488 489/489 553/553
f 488/488 553/553 552/552
f 489/489 490/490 554/554
f 489/489 554/554 553/553
f 490/490 491/491 555/555
f 490/490 555/555 554/554
f 491/491 492/492 556/556
f 491/491 556/556 555/555
f 492/492 493/493 557/557
f 492/492 557/557 556/556
f 493/493 494/494 558/558
f 493/493 558/558 557/557
f 494/494 495/495 559/559
f 494/494 559/559 558/558
f 495/495 496/496 560/560
f 495/495 560/560 559/559
f 496/496 497/497 561/561
f 496/496 561/561 560/560
f 497/497 498/498 562/562
f 497/497 562/562 561/561
f 498/498 499/499 563/563
f 498/498 563/563 562/562
f 499/499 500/500 564/564
f 499/499 564/564 563/563
f 500/500 501/501 565/565
f 500/500 565/565 564/564
f 501/501 502/502 566/566
f 501/501 566/566 565/565
f 502/502 503/503 567/567
f 502/502 567/567 566/566
f 503/503 504/504 568/568
f 503/503 568/568 567/567
f 504/504 505/505 569/569
f 504/504 569/569 568/568
f 505/505 506/506 570/570
f 505/505 570/570 569/569
f 506/506 507/507 571/571
f 506/506 571/571 570/570
f 507/507 508/508 572/572
f 507/507 572/572 571/571
f 508/508 509/509 573/573
f 508/508 573/573 572/572
f 509/509 510/510 574/574
f 509/509 574/574 573/573
f 510/510 511/511 575/575
f 510/510 575/575 574/574
f 511/511 512/512 576/576
f 511/511 576/576 575/575
f 513/513 514/514 578/578
f 513/513 578/578 577/577
f 514/514 515/515 579/579
f 514/514 579/579 578/578
f 515/515 516/516 580/580
f 515/515 580/580 579/579
f 516/516 517/517 581/581
f 516/516 581/581 580/580
f 517/517 518/518 582/582
f 517/517 582/582 581/581
f 518/518 519/519 583/583
f 518/518 583/583 582/582
f 519/519 520/520 584/584
f 519/519 584/584 583/583
f 520/520 521/521 585/585
f 520/520 585/585 584/584
f 521/521 522/522 586/586
f 521/521 586/586 585/585
f 522/522 523/523 587/587
f 522/522 587/587 586/586
f 523/523 524/524 588/588
f 523/523 588/588 587/587
f 524/524 525/525 589/589
f 524/524 589/589 588/588
f 525/525 526/526 590/590
f 525/525 590/590 589/589
f 526/526 527/527 591/591
f 526/526 591/591 590/590
f 527/527 528/528 592/592
f 527/527 592/592 591/591
f 528/528 529/529 593/593
f 528/528 593/593 592/592
f 529/529 530/530 594/594
f 529/529 594/594 593/593
f 530/530 531/531 595/595
f 530/530 595/595 594/594
f 531/531 532/532 596/596
f 531/531 596/596 595/595
f 532/532 533/533 597/597
f 532/532 597/597 596/596
f 533/533 534/534 598/598
f 533/533 598/598 597/597
f 534/534 535/535 599/599
f 534/534 599/599 598/598
f 535/535 536/536 600/600
f 535/535 600/600 599/599
f 536/536 537/537 601/601
f 536/536 601/601 600/600
f 537/537 538/538 602/602
f 537/537 602/602 601/601
f 538/538 539/539 603/603
f 538/538 603/603 602/602
f 539/539 540/540 604/604
f 539/539 604/604 603/603
f 540/540 541/541 605/605
f 540/540 605/605 604/604
f 541/541 542/542 606/606
f 541/541 606/606 605/605
f 542/542 543/543 607/607
f 542/542 607/607 606/606
f 543/543 544/544 608/608
f 543/543 608/608 607/607
f 544/544 545/545 609/609
f 544/544 609/609 608/608
f 545/545 546/546 610/610
f 545/545 610/610 609/609
f 546/546 547/547 611/611
f 546/546 611/611 610/610
f 547/547 548/548 612/612
f 547/547 612/612 611/611
f 548/548 549/549 613/613
f 548/548 613/613 612/612
f 549/549 550/550 614/614
f 549/549 614/614 613/613
f 550/550 551/551 615/615
f 550/550 615/615 614/614
f 551/551 552/552 616/616
f 551/551 616/616 615/615
f 552/552 553/553 617/617
f 552/552 617/617 616/616
f 553/553 554/554 618/618
f 553/553 618/618 617/617
f 554/554 555/555 619/619
f 554/554 619/619 618/618
f 555/555 556/556 620/620
f 555/555 620/620 619/619
f 556/556 557/557 621/621
f 556/556 621/621 620/620
f 557/557 558/558 622/622
f 557/557 622/622 621/621
f 558/558 559/559 623/623
f 558/558 623/623 622/622
f 559/559 560/560 624/624
f 559/559 624/624 623/623
f 560/560 561/561 625/625
f 560/560 625/625 624/624
f 561/561 562/562 626/626
f 561/561 626/626 625/625
f 562/562 563/563 627/627
f 562/562 627/627 626/626
f 563/563 564/564 628/628
f 563/563 628/628 627/627
f 564/564 565/565 629/629
f 564/564 629/629 628/628
f 565/565 566/566 630/630
f 565/565 630/630 629/629
f 566/566 567/567 631/631
f 566/566 631/631 630/630
f 567/567 568/568 632/632
f 567/567 632/632 631/631
f 568/568 569/569 633/633
f 568/568 633/633 632/632
f 569/569 570/570 634/634
f 569/569 634/634 633/633
f 570/570 571/571 635/635
f 570/570 635/635 634/634
f 571/571 572/572 636/636
f 571/571 636/636 635/635
f 572/572 573/573 637/637
f 572/572 637/637 636/636
f 573/573 574/574 638/638
f 573/573 638/638 637/637
f 574/574 575/575 639/639
f 574/574 639/639 638/638
f 575/575 576/576 640/640
f 575/575 640/640 639/639
f 577/577 578/578 642/642
f 577/577 642/642 641/641
f 578/578 579/579 643/643
f 578/578 643/643 642/642
f 579/579 580/580 644/644
f 579/579 644/644 643/643
f 580/580 581/581 645/645
f 580/580 645/645 644/644
f 581/581 582/582 646/646
f 581/581 646/646 645/645
f 582/582 583/583 647/647
f 582/582 647/647 646/646
f 583/583 584/584 648/648
f 583/583 648/648 647/647
f 584/584 585/585 649/649
f 584/584 649/649 648/648
f 585/585 586/586 650/650
f 585/585 650/650 649/649
f 586/586 587/587 651/651
f 586/586 651/651 650/650
f 587/587 588/588 652/652
f 587/587 652/652 651/651
f 588/588 589/589 653/653
f 588/588 653/653 652/652
f 589/589 590/590 654/654
f 589/589 654/654 653/653
f 590/590 591/591 655/655
f 590/590 655/655 654/654
f 591/591 592/592 656/656
f 591/591 656/656 655/655
f 592/592 593/593 657/657
f 592/592 657/657 656/656
f 593/593 594/594 658/658
f 593/593 658/658 657/657
f 594/594 595/595 659/659
f 594/594 659/659 658/658
f 595/595 596/596 660/660
f 595/595 660/660 659/659
f 596/596 597/597 661/661
f 596/596 661/661 660/660
f 597/597 598/598 662/662
f 597/597 662/662 661/661
f 598/598 599/599 663/663
f 598/598 663/663 662/662
f 599/599 600/600 664/664
f 599/599 664/664 663/663
f 600/600 601/601 665/665
f 600/600 665/665 664/664
f 601/601 602/602 666/666
f 601/601 666/666 665/665
f 602/602 603/603 667/667
f 602/602 667/667 666/666
f 603/603 604/604 668/668
f 603/603 668/668 667/667
f 604/604 605/605 669/669
f 604/604 669/669 668/668
f 605/605 606/606 670/670
f 605/605 670/670 669/669
f 606/606 607/607 671/671
f 606/606 671/671 670/670
f 607/607 608/608 672/672
f 607/607 672/672 671/671
f 608/608 609/609 673/673
f 608/608 673/673 672/672
f 609/609 610/610 674/674
f 609/609 674/674 673/673
f 610/610 611/611 675/675
f 610/610 675/675 674/674
f 611/611 612/612 676/676
f 611/611 676/676 675/675
f 612/612 613/613 677/677
f 612/612 677/677 676/676
f 613/613 614/614 678/678
f 613/613 678/678 677/677
f 614/614 615/615 679/679
f 614/614 679/679 678/678
f 615/615 616/616 680/680
f 615/615 680/680 679/679
f 616/616 617/617 681/681
f 616/616 681/681 680/680
f 617/617 618/618 682/682
f 617/617 682/682 681/681
f 618/618 619/619 683/683
f 618/618 683/683 682/682
f 619/619 620/620 684/684
f 619/619 684/684 683/683
f 620/620 621/621 685/685
f 620/620 685/685 684/684
f 621/621 622/622 686/686
f 621/621 686/686 685/685
f 622/622 623/623 687/687
f 622/622 687/687 686/686
f 623/623 624/624 688/688
f 623/623 688/688 687/687
f 624/624 625/625 689/689
f 624/624 689/689 688/688
f 625/625 626/626 690/690
f 625/625 690/690 689/689
f 626/626 627/627 691/691
f 626/626 691/691 690/690
f 627/627 628/628 692/692
f 627/627 692/692 691/691
f 628/628 629/629 693/693
f 628/628 693/693 692/692
f 629/629 630/630 694/694
f 629/629 694/694 693/693
f 630/630 631/631 695/695
f 630/630 695/695 694/694
f 631/631 632/632 696/696
f 631/631 696/696 695/695
f 632/632 633/633 697/697
f 632/632 697/697 696/696
f 633/633 634/634 698/698
f 633/633 698/698 697/697
f 634/634 635/635 699/699
f 634/634 699/699 698/698
f 635/635 636/636 700/700
f 635/635 700/700 699/699
f 636/636 637/637 701/701
f 636/636 701/701 700/700
f 637/637 638/638 702/702
f 637/637 702/702 701/701
f 638/638 639/639 703/703
f 638/638 703/703 702/702
f 639/639 640/640 704/704
f 639/639 704/704 703/703
f 641/641 642/642 706/706
f 641/641 706/706 705/705
f 642/642 643/643 707/707
f 642/642 707/707 706/706
f 643/643 644/644 708/708
f 643/643 708/708 707/707
f 644/644 645/645 709/709
f 644/644 709/709 708/708
f 645/645 646/646 710/710
f 645/645 710/710 709/709
f 646/646 647/647 711/711
f 646/646 711/711 710/710
f 647/647 648/648 712/712
f 647/647 712/712 711/711
f 648/648 649/649 713/713
f 648/648 713/713 712/712
f 649/649 650/650 714/714
f 649/649 714/714 713/713
f 650/650 651/651 715/715
f 650/650 715/715 714/714
f 651/651 652/652 716/716
f 651/651 716/716 715/715
f 652/652 653/653 717/717
f 652/652 717/717 716/716
f 653/653 654/654 718/718
f 653/653 718/718 717/717
f 654/654 655/655 719/719
f 654/654 719/719 718/718
f 655/655 656/656 720/720
f 655/655 720/720 719/719
f 656/656 657/657 721/721
f 656/656 721/721 720/720
f 657/657 658/658 722/722
f 657/657 722/722 721/721
f 658/658 659/659 723/723
f 658/658 723/723 722/722
f 659/659 660/660 724/724
f 659/659 724/724 723/723
f 660/660 661/661 725/725
f 660/660 725/725 724/724
f 661/661 662/662 726/726
f 661/661 726/726 725/725
f 662/662 663/663 727/727
f 662/662 727/727 726/726
f 663/663 664/664 728/728
f 663/663 728/728 727/727
f 664/664 665/665 729/729
f 664/664 729/729 728/728
f 665/665 666/666 730/730
f 665/665 730/730 729/729
f 666/666 667/667 731/731
f 666/666 731/731 730/730
f 667/667 668/668 732/732
f 667/667 732/732 731/731
f 668/668 669/669 733/733
f 668/668 733/733 732/732
f 669/669 670/670 734/734
f 669/669 734/734 733/733
f 670/670 671/671 735/735
f 670/670 735/735 734/734
f 671/671 672/672 736/736
f 671/671 736/736 735/735
f 672/672 673/673 737/737
f 672/672 737/737 736/736
f 673/673 674/674 738/738
f 673/673 738/738 737/737
f 674/674 675/675 739/739
f 674/674 739/739 738/738
f 675/675 676/676 740/740
f 675/675 740/740 739/739
f 676/676 677/677 741/741
f 676/676 741/741 740/740
f 677/677 678/678 742/742
f 677/677 742/742 741/741
f 678/678 679/679 743/743
f 678/678 743/743 742/742
f 679/679 680/680 744/744
f 679/679 744/744 743/743
f 680/680 681/681 745/745
f 680/680 745/745 744/744
f 681/681 682/682 746/746
f 681/681 746/746 745/745
f 682/682 683/683 747/747
f 682/682 747/747 746/746
f 683/683 684/684 748/748
f 683/683 748/748 747/747
f 684/684 685/685 749/749
f 684/684 749/749 748/748
f 685/685 686/686 750/750
f 685/685 750/750 749/749
f 686/686 687/687 751/751
f 686/686 751/751 750/750
f 687/687 688/688 752/752
f 687/687 752/752 751/751
f 688/688 689/689 753/753
f 688/688 753/753 752/752
f 689/689 690/690 754/754
f 689/689 754/754 753/753
f 690/690 691/691 755/755
f 690/690 755/755 754/754
f 691/691 692/692 756/756
f 691/691 756/756 755/755
f 692/692 693/693 757/757
f 692/692 757/757 756/756
f 693/693 694/694 758/758
f 693/693 758/758 757/757
f 694/694 695/695 759/759
f 694/694 759/759 758/758
f 695/695 696/696 760/760
f 695/695 760/760 759/759
f 696/696 697/697 761/761
f 696/696 761/761 760/760
f 697/697 698/698 762/762
f 697/697 762/762 761/761
f 698/698 699/699 763/763
f 698/698 763/763 762/762
f 699/699 700/700 764/764
f 699/699 764/764 763/763
f 700/700 701/701 765/765
f 700/700 765/765 764/764
f 701/701 702/702 766/766
f 701/701 766/766 765/765
f 702/702 703/703 767/767
f 702/702 767/767 766/766
f 703/703 704/704 768/768
f 703/703 768/768 767/767
f 705/705 706/706 770/770
f 705/705 770/770 769/769
f 706/706 707/707 771/771
f 706/706 771/771 770/770
f 707/707 708/708 772/772
f 707/707 772/772 771/771
f 708/708 709/709 773/773
f 708/708 773/773 772/772
f 709/709 710/710 774/774
f 709/709 774/774 773/773
f 710/710 711/711 775/775
f 710/710 775/775 774/774
f 711/711 712/712 776/776
f 711/711 776/776 775/775
f 712/712 713/713 777/777
f 712/712 777/777 776/776
f 713/713 714/714 778/778
f 713/713 778/778 777/777
f 714/714 715/715 779/779
f 714/714 779/779 778/778
f 715/715 716/716 780/780
f 715/715 780/780 779/779
f 716/716 717/717 781/781
f 716/716 781/781 780/780
f 717/717 718/718 782/782
f 717/717 782/782 781/781
f 718/718 719/719 783/783
f 718/718 783/783 782/782
f 719/719 720/720 784/784
f 719/719 784/784 783/783
f 720/720 721/721 785/785
f 720/720 785/785 784/784
f 721/721 722/722 786/786
f 721/721 786/786 785/785
f 722/722 723/723 787/787
f 722/722 787/787 786/786
f 723/723 724/724 788/788
f 723/723 788/788 787/787
f 724/724 725/725 789/789
f 724/724 789/789 788/788
f 725/725 726/726 790/790
f 725/725 790/790 789/789
f 726/726 727/727 791/791
f 726/726 791/791 790/790
f 727/727 728/728 792/792
f 727/727 792/792 791/791
f 728/728 729/729 793/793
f 728/728 793/793 792/792
f 729/729 730/730 794/794
f 729/729 794/794 793/793
f 730/730 731/731 795/795
f 730/730 795/795 794/794
f 731/731 732/732 796/796
f 731/731 796/796 795/795
f 732/732 733/733 797/797
f 732/732 797/797 796/796
f 733/733 734/734 798/798
f 733/733 798/798 797/797
f 734/734 735/735 799/799
f 734/734 799/799 798/798
f 735/735 736/736 800/800
f 735/735 800/800 799/799
f 736/736 737/737 801/801
f 736/736 801/801 800/800
f 737/737 738/738 802/802
f 737/737 802/802 801/801
f 738/738 739/739 803/803
f 738/738 803/803 802/802
f 739/739 740/740 804/804
f 739/739 804/804 803/803
f 740/740 741/741 805/805
f 740/740 805/805 804/804
f 741/741 742/742 806/806
f 741/741 806/806 805/805
f 742/742 743/743 807/807
f 742/742 807/807 806/806
f 743/743 744/744 808/808
f 743/743 808/808 807/807
f 744/744 745/745 809/809
f 744/744 809/809 808/808
f 745/745 746/746 810/810
f 745/745 810/810 809/809
f 746/746 747/747 811/811
f 746/746 811/811 810/810
f 747/747 748/748 812/812
f 747/747 812/812 811/811
f 748/748 749/749 813/813
f 748/748 813/813 812/812
f 749/749 750/750 814/814
f 749/749 814/814 813/813
f 750/750 751/751 815/815
f 750/750 815/815 814/814
f 751/751 752/752 816/816
f 751/751 816/816 815/815
f 752/752 753/753 817/817
f 752/752 817/817 816/816
f 753/753 754/754 818/818
f 753/753 818/818 817/817
f 754/754 755/755 819/819
f 754/754 819/819 818/818
f 755/755 756/756 820/820
f 755/755 820/820 819/819
f 756/756 757/757 821/821
f 756/756 821/821 820/820
f 757/757 758/758 822/822
f 757/757 822/822 821/821
f 758/758 759/759 823/823
f 758/758 823/823 822/822
f 759/759 760/760 824/824
f 759/759 824/824 823/823
f 760/760 761/761 825/825
f 760/760 825/825 824/824
f 761/761 762/762 826/826
f 761/761 826/826 825/825
f 762/762 763/763 827/827
f 762/762 827/827 826/826
f 763/763 764/764 828/828
f 763/763 828/828 827/827
f 764/764 765/765 829/829
f 764/764 829/829 828/828
f 765/765 766/766 830/830
f 765/765 830/830 829/829
f 766/766 767/767 831/831
f 766/766 831/831 830/830
f 767/767 768/768 832/832
f 767/767 832/832 831/831
f 769/769 770/770 834/834
f 769/769 834/834 833/833
f 770/770 771/771 835/835
f 770/770 835/835 834/834
f 771/771 772/772 836/836
f 771/771 836/836 835/835
f 772/772 773/773 837/837
f 772/772 837/837 836/836
f 773/773 774/774 838/838
f 773/773 838/838 837/837
f 774/774 775/775 839/839
f 774/774 839/839 838/838
f 775/775 776/776 840/840
f 775/775 840/840 839/839
f 776/776 777/777 841/841
f 776/776 841/841 840/840
f 777/777 778/778 842/842
f 777/777 842/842 841/841
f 778/778 779/779 843/843
f 778/778 843/843 842/842
f 779/779 780/780 844/844
f 779/779 844/844 843/843
f 780/780 781/781 845/845
f 780/780 845/845 844/844
f 781/781 782/782 846/846
f 781/781 846/846 845/845
f 782/782 783/783 847/847
f 782/782 847/847 846/846
f 783/783 784/784 848/848
f 783/783 848/848 847/847
f 784/784 785/785 849/849
f 784/784 849/849 848/848
f 785/785 786/786 850/850
f 785/785 850/850 849/849
f 786/786 787/787 851/851
f 786/786 851/851 850/850
f 787/787 788/788 852/852
f 787/787 852/852 851/851
f 788/788 789/789 853/853
f 788/788 853/853 852/852
f 789/789 790/790 854/854
f 789/789 854/854 853/853
f 790/790 791/791 855/855
f 790/790 855/855 854/854
f 791/791 792/792 856/856
f 791/791 856/856 855/855
f 792/792 793/793 857/857
f 792/792 857/857 856/856
f 793/793 794/794 858/858
f 793/793 858/858 857/857
f 794/794 795/795 859/859
f 794/794 859/859 858/858
f 795/795 796/796 860/860
f 795/795 860/860 859/859
f 796/796 797/797 861/861
f 796/796 861/861 860/860
f 797/797 798/798 862/862
f 797/797 862/862 861/861
f 798/798 799/799 863/863
f 798/798 863/863 862/862
f 799/799 800/800 864/864
f 799/799 864/864 863/863
f 800/800 801/801 865/865
f 800/800 865/865 864/864
f 801/801 802/802 866/866
f 801/801 866/866 865/865
f 802/802 803/803 867/867
f 802/802 867/867 866/866
f 803/803 804/804 868/868
f 803/803 868/868 867/867
f 804/804 805/805 869/869
f 804/804 869/869 868/868
f 805/805 806/806 870/870
f 805/805 870/870 869/869
f 806/806 807/807 871/871
f 806/806 871/871 870/870
f 807/807 808/808 872/872
f 807/807 872/872 871/871
f 808/808 809/809 873/873
f 808/808 873/873 872/872
f 809/809 810/810 874/874
f 809/809 874/874 873/873
f 810/810 811/811 875/875
f 810/810 875/875 874/874
f 811/811 812/812 876/876
f 811/811 876/876 875/875
f 812/812 813/813 877/877
f 812/812 877/877 876/876
f 813/813 814/814 878/878
f 813/813 878/878 877/877
f 814/814 815/815 879/879
f 814/814 879/879 878/878
f 815/815 816/816 880/880
f 815/815 880/880 879/879
f 816/816 817/817 881/881
f 816/816 881/881 880/880
f 817/817 818/818 882/882
f 817/817 882/882 881/881
f 818/818 819/819 883/883
f 818/818 883/883 882/882
f 819/819 820/820 884/884
f 819/819 884/884 883/883
f 820/820 821/821 885/885
f 820/820 885/885 884/884
f 821/821 822/822 886/886
f 821/821 886/886 885/885
f 822/822 823/823 887/887
f 822/822 887/887 886/886
f 823/823 824/824 888/888
f 823/823 888/888 887/887
f 824/824 825/825 889/889
f 824/824 889/889 888/888
f 825/825 826/826 890/890
f 825/825 890/890 889/889
f 826/826 827/827 891/891
f 826/826 891/891 890/890
f 827/827 828/828 892/892
f 827/827 892/892 891/891
f 828/828 829/829 893/893
f 828/828 893/893 892/892
f 829/829 830/830 894/894
f 829/829 894/894 893/893
f 830/830 831/831 895/895
f 830/830 895/895 894/894
f 831/831 832/832 896/896
f 831/831 896/896 895/895
f 833/833 834/834 898/898
f 833/833 898/898 897/897
f 834/834 835/835 899/899
f 834/834 899/899 898/898
f 835/835 836/836 900/900
f 835/835 900/900 899/899
f 836/836 837/837 901/901
f 836/836 901/901 900/900
f 837/837 838/838 902/902
f 837/837 902/902 901/901
f 838/838 839/839 903/903
f 838/838 903/903 902/902
f 839/839 840/840 904/904
f 839/839 904/904 903/903
f 840/840 841/841 905/905
f 840/840 905/905 904/904
f 841/841 842/842 906/906
f 841/841 906/906 905/905
f 842/842 843/843 907/907
f 842/842 907/907 906/906
f 843/843 844/844 908/908
f 843/843 908/908 907/907
f 844/844 845/845 909/909
f 844/844 909/909 908/908
f 845/845 846/846 910/910
f 845/845 910/910 909/909
f 846/846 847/847 911/911
f 846/846 911/911 910/910
f 847/847 848/848 912/912
f 847/847 912/912 911/911
f 848/848 849/849 913/913
f 848/848 913/913 912/912
f 849/849 850/850 914/914
f 849/849 914/914 913/913
f 850/850 851/851 915/915
f 850/850 915/915 914/914
f 851/851 852/852 916/916
f 851/851 916/916 915/915
f 852/852 853/853 917/917
f 852/852 917/917 916/916
f 853/853 854/854 918/918
f 853/853 918/918 917/917
f 854/854 855/855 919/919
f 854/854 919/919 918/918
f 855/855 856/856 920/920
f 855/855 920/920 919/919
f 856/856 857/857 921/921
f 856/856 921/921 920/920
f 857/857 858/858 922/922
f 857/857 922/922 921/921
f 858/858 859/859 923/923
f 858/858 923/923 922/922
f 859/859 860/860 924/924
f 859/859 924/924 923/923
f 860/860 861/861 925/925
f 860/860 925/925 924/924
f 861/861 862/862 926/926
f 861/861 926/926 925/925
f 862/862 863/863 927/927
f 862/862 927/927 926/926
f 863/863 864/864 928/928
f 863/863 928/928 927/927
f 864/864 865/865 929/929
f 864/864 929/929 928/928
f 865/865 866/866 930/930
f 865/865 930/930 929/929
f 866/866 867/867 931/931
f 866/866 931/931 930/930
f 867/867 868/868 932/932
f 867/867 932/932 931/931
f 868/868 869/869 933/933
f 868/868 933/933 932/932
f 869/869 870/870 934/934
f 869/869 934/934 933/933
f 870/870 871/871 935/935
f 870/870 935/935 934/934
f 871/871 872/872 936/936
f 871/871 936/936 935/935
f 872/872 873/873 937/937
f 872/872 937/937 936/936
f 873/873 874/874 938/938
f 873/873 938/938 937/937
f 874/874 875/875 939/939
f 874/874 939/939 938/938
f 875/875 876/876 940/940
f 875/875 940/940 939/939
f 876/876 877/877 941/941
f 876/876 941/941 940/940
f 877/877 878/878 942/942
f 877/877 942/942 941/941
f 878/878 879/879 943/943
f 878/878 943/943 942/942
f 879/879 880/880 944/944
f 879/879 944/944 943/943
f 880/880 881/881 945/945
f 880/880 945/945 944/944
f 881/881 882/882 946/946
f 881/881 946/946 945/945
f 882/882 883/883 947/947
f 882/882 947/947 946/946
f 883/883 884/884 948/948
f 883/883 948/948 947/947
f 884/884 885/885 949/949
f 884/884 949/949 948/948
f 885/885 886/886 950/950
f 885/885 950/950 949/949
f 886/886 887/887 951/951
f 886/886 951/951 950/950
f 887/887 888/888 952/952
f 887/887 952/952 951/951
f 888/888 889/889 953/953
f 888/888 953/953 952/952
f 889/889 890/890 954/954
f 889/889 954/954 953/953
f 890/890 891/891 955/955
f 890/890 955/955 954/954
f 891/891 892/892 956/956
f 891/891 956/956 955/955
f 892/892 893/893 957/957
f 892/892 957/957 956/956
f 893/893 894/894 958/958
f 893/893 958/958 957/957
f 894/894 895/895 959/959
f 894/894 959/959 958/958
f 895/895 896/896 960/960
f 895/895 960/960 959/959
f 897/897 898/898 962/962
f 897/897 962/962 961/961
f 898/898 899/899 963/963
f 898/898 963/963 962/962
f 899/899 900/900 964/964
f 899/899 964/964 963/963
f 900/900 901/901 965/965
f 900/900 965/965 964/964
f 901/901 902/902 966/966
f 901/901 966/966 965/965
f 902/902 903/903 967/967
f 902/902 967/967 966/966
f 903/903 904/904 968/968
f 903/903 968/968 967/967
f 904/904 905/905 969/969
f 904/904 969/969 968/968
f 905/905 906/906 970/970
f 905/905 970/970 969/969
f 906/906 907/907 971/971
f 906/906 971/971 970/970
f 907/907 908/908 972/972
f 907/907 972/972 971/971
f 908/908 909/909 973/973
f 908/908 973/973 972/972
f 909/909 910/910 974/974
f 909/909 974/974 973/973
f 910/910 911/911 975/975
f 910/910 975/975 974/974
f 911/911 912/912 976/976
f 911/911 976/976 975/975
f 912/912 913/913 977/977
f 912/912 977/977 976/976
f 913/913 914/914 978/978
f 913/913 978/978 977/977
f 914/914 915/915 979/979
f 914/914 979/979 978/978
f 915/915 916/916 980/980
f 915/915 980/980 979/979
f 916/916 917/917 981/981
f 916/916 981/981 980/980
f 917/917 918/918 982/982
f 917/917 982/982 981/981
f 918/918 919/919 983/983
f 918/918 983/983 982/982
f 919/919 920/920 984/984
f 919/919 984/984 983/983
f 920/920 921/921 985/985
f 920/920 985/985 984/984
f 921/921 922/922 986/986
f 921/921 986/986 985/985
f 922/922 923/923 987/987
f 922/922 987/987 986/986
f 923/923 924/924 988/988
f 923/923 988/988 987/987
f 924/924 925/925 989/989
f 924/924 989/989 988/988
f 925/925 926/926 990/990
f 925/925 990/990 989/989
f 926/926 927/927 991/991
f 926/926 991/991 990/990
f 927/927 928/928 992/992
f 927/927 992/992 991/991
f 928/928 929/929 993/993
f 928/928 993/993 992/992
f 929/929 930/930 994/994
f 929/929 994/994 993/993
f 930/930 931/931 995/995
f 930/930 995/995 994/994
f 931/931 932/932 996/996
f 931/931 996/996 995/995
f 932/932 933/933 997/997
f 932/932 997/997 996/996
f 933/933 934/934 998/998
f 933/933 998/998 997/997
f 934/934 935/935 999/999
f 934/934 999/999 998/998
f 935/935 936/936 1000/1000
f 935/935 1000/1000 999/999
f 936/936 937/937 1001/1001
f 936/936 1001/1001 1000/1000
f 937/937 938/938 1002/1002
f 937/937 1002/1002 1001/1001
f 938/938 939/939 1003/1003
f 938/938 1003/1003 1002/1002
f 939/939 940/940 1004/1004
f 939/939 1004/1004 1003/1003
f 940/940 941/941 1005/1005
f 940/940 1005/1005 1004/1004
f 941/941 942/942 1006/1006
f 941/941 1006/1006 1005/1005
f 942/942 943/943 1007/1007
f 942/942 1007/1007 1006/1006
f 943/943 944/944 1008/1008
f 943/943 1008/1008 1007/1007
f 944/944 945/945 1009/1009
f 944/944 1009/1009 1008/1008
f 945/945 946/946 1010/1010
f 945/945 1010/1010 1009/1009
f 946/946 947/947 1011/1011
f 946/946 1011/1011 1010/1010
f 947/947 948/948 1012/1012
f 947/947 1012/1012 1011/1011
f 948/948 949/949 1013/1013
f 948/948 1013/1013 1012/1012
f 949/949 950/950 1014/1014
f 949/949 1014/1014 1013/1013
f 950/950 951/951 1015/1015
f 950/950 1015/1015 1014/1014
f 951/951 952/952 1016/1016
f 951/951 1016/1016 1015/1015
f 952/952 953/953 1017/1017
f 952/952 1017/1017 1016/1016
f 953/953 954/954 1018/1018
f 953/953 1018/1018 1017/1017
f 954/954 955/955 1019/1019
f 954/954 1019/1019 1018/1018
f 955/955 956/956 1020/1020
f 955/955 1020/1020 1019/1019
f 956/956 957/957 1021/1021
f 956/956 1021/1021 1020/1020
f 957/957 958/958 1022/1022
f 957/957 1022/1022 1021/1021
f 958/958 959/959 1023/1023
f 958/958 1023/1023 1022/1022
f 959/959 960/960 1024/1024
f 959/959 1024/1024 1023/1023
f 961/961 962/962 1026/1026
f 961/961 1026/1026 1025/1025
f 962/962 963/963 1027/1027
f 962/962 1027/1027 1026/1026
f 963/963 964/964 1028/1028
f 963/963 1028/1028 1027/1027
f 964/964 965/965 1029/1029
f 964/964 1029/1029 1028/1028
f 965/965 966/966 1030/1030
f 965/965 1030/1030 1029/1029
f 966/966 967/967 1031/1031
f 966/966 1031/1031 1030/1030
f 967/967 968/968 1032/1032
f 967/967 1032/1032 1031/1031
f 968/968 969/969 1033/1033
f 968/968 1033/1033 1032/1032
f 969/969 970/970 1034/1034
f 969/969 1034/1034 1033/1033
f 970/970 971/971 1035/1035
f 970/970 1035/1035 1034/1034
f 971/971 972/972 1036/1036
f 971/971 1036/1036 1035/1035
f 972/972 973/973 1037/1037
f 972/972 1037/1037 1036/1036
f 973/973 974/974 1038/1038
f 973/973 1038/1038 1037/1037
f 974/974 975/975 1039/1039
f 974/974 1039/1039 1038/1038
f 975/975 976/976 1040/1040
f 975/975 1040/1040 1039/1039
f 976/976 977/977 1041/1041
f 976/976 1041/1041 1040/1040
f 977/977 978/978 1042/1042
f 977/977 1042/1042 1041/1041
f 978/978 979/979 1043/1043
f 978/978 1043/1043 1042/1042
f 979/979 980/980 1044/1044
f 979/979 1044/1044 1043/1043
f 980/980 981/981 1045/1045
f 980/980 1045/1045 1044/1044
f 981/981 982/982 1046/1046
f 981/981 1046/1046 1045/1045
f 982/982 983/983 1047/1047
f 982/982 1047/1047 1046/1046
f 983/983 984/984 1048/1048
f 983/983 1048/1048 1047/1047
f 984/984 985/985 1049/1049
f 984/984 1049/1049 1048/1048
f 985/985 986/986 1050/1050
f 985/985 1050/1050 1049/1049
f 986/986 987/987 1051/1051
f 986/986 1051/1051 1050/1050
f 987/987 988/988 1052/1052
f 987/987 1052/1052 1051/1051
f 988/988 989/989 1053/1053
f 988/988 1053/1053 1052/1052
f 989/989 990/990 1054/1054
f 989/989 1054/1054 1053/1053
f 990/990 991/991 1055/1055
f 990/990 1055/1055 1054/1054
f 991/991 992/992 1056/1056
f 991/991 1056/1056 1055/1055
f 992/992 993/993 1057/1057
f 992/992 1057/1057 1056/1056
f 993/993 994/994 1058/1058
f 993/993 1058/1058 1057/1057
f 994/994 995/995 1059/1059
f 994/994 1059/1059 1058/1058
f 995/995 996/996 1060/1060
f 995/995 1060/1060 1059/1059
f 996/996 997/997 1061/1061
f 996/996 1061/1061 1060/1060
f 997/997 998/998 1062/1062
f 997/997 1062/1062 1061/1061
f 998/998 999/999 1063/1063
f 998/998 1063/1063 1062/1062
f 999/999 1000/1000 1064/1064
f 999/999 1064/1064 1063/1063
f 1000/1000 1001/1001 1065/1065
f 1000/1000 1065/1065 1064/1064
f 1001/1001 1002/1002 1066/1066
f 1001/1001 1066/1066 1065/1065
f 1002/1002 1003/1003 1067/1067
f 1002/1002 1067/1067 1066/1066
f 1003/1003 1004/1004 1068/1068
f 1003/1003 1068/1068 1067/1067
f 1004/1004 1005/1005 1069/1069
f 1004/1004 1069/1069 1068/1068
f 1005/1005 1006/1006 1070/1070
f 1005/1005 1070/1070 1069/1069
f 1006/1006 1007/1007 1071/1071
f 1006/1006 1071/1071 1070/1070
f 1007/1007 1008/1008 1072/1072
f 1007/1007 1072/1072 1071/1071
f 1008/1008 1009/1009 1073/1073
f 1008/1008 1073/1073 1072/1072
f 1009/1009 1010/1010 1074/1074
f 1009/1009 1074/1074 1073/1073
f 1010/1010 1011/1011 1075/1075
f 1010/1010 1075/1075 1074/1074
f 1011/1011 1012/1012 1076/1076
f 1011/1011 1076/1076 1075/1075
f 1012/1012 1013/1013 1077/1077
f 1012/1012 1077/1077 1076/1076
f 1013/1013 1014/1014 1078/1078
f 1013/1013 1078/1078 1077/1077
f 1014/1014 1015/1015 1079/1079
f 1014/1014 1079/1079 1078/1078
f 1015/1015 1016/1016 1080/1080
f 1015/1015 1080/1080 1079/1079
f 1016/1016 1017/1017 1081/1081
f 1016/1016 1081/1081 1080/1080
f 1017/1017 1018/1018 1082/1082
f 1017/1017 1082/1082 1081/1081
f 1018/1018 1019/1019 1083/1083
f 1018/1018 1083/1083 1082/1082
f 1019/1019 1020/1020 1084/1084
f 1019/1019 1084/1084 1083/1083
f 1020/1020 1021/1021 1085/1085
f 1020/1020 1085/1085 1084/1084
f 1021/1021 1022/1022 1086/1086
f 1021/1021 1086/1086 1085/1085
f 1022/1022 1023/1023 1087/1087
f 1022/1022 1087/1087 1086/1086
f 1023/1023 1024/1024 1088/1088
f 1023/1023 1088/1088 1087/1087
f 1025/1025 1026/1026 1090/1090
f 1025/1025 1090/1090 1089/1089
f 1026/1026 1027/1027 1091/1091
f 1026/1026 1091/1091 1090/1090
f 1027/1027 1028/1028 1092/1092
f 1027/1027 1092/1092 1091/1091
f 1028/1028 1029/1029 1093/1093
f 1028/1028 1093/1093 1092/1092
f 1029/1029 1030/1030 1094/1094
f 1029/1029 1094/1094 1093/1093
f 1030/1030 1031/1031 1095/1095
f 1030/1030 1095/1095 1094/1094
f 1031/1031 1032/1032 1096/1096
f 1031/1031 1096/1096 1095/1095
f 1032/1032 1033/1033 1097/1097
f 1032/1032 1097/1097 1096/1096
f 1033/1033 1034/1034 1098/1098
f 1033/1033 1098/1098 1097/1097
f 1034/1034 1035/1035 1099/1099
f 1034/1034 1099/1099 1098/1098
f 1035/1035 1036/1036 1100/1100
f 1035/1035 1100/1100 1099/1099
f 1036/1036 1037/1037 1101/1101
f 1036/1036 1101/1101 1100/1100
f 1037/1037 1038/1038 1102/1102
f 1037/1037 1102/1102 1101/1101
f 1038/1038 1039/1039 1103/1103
f 1038/1038 1103/1103 1102/1102
f 1039/1039 1040/1040 1104/1104
f 1039/1039 1104/1104 1103/1103
f 1040/1040 1041/1041 1105/1105
f 1040/1040 1105/1105 1104/1104
f 1041/1041 1042/1042 1106/1106
f 1041/1041 1106/1106 1105/1105
f 1042/1042 1043/1043 1107/1107
f 1042/1042 1107/1107 1106/1106
f 1043/1043 1044/1044 1108/1108
f 1043/1043 1108/1108 1107/1107
f 1044/1044 1045/1045 1109/1109
f 1044/1044 1109/1109 1108/1108
f 1045/1045 1046/1046 1110/1110
f 1045/1045 1110/1110 1109/1109
f 1046/1046 1047/1047 1111/1111
f 1046/1046 1111/1111 1110/1110
f 1047/1047 1048/1048 1112/1112
f 1047/1047 1112/1112 1111/1111
f 1048/1048 1049/1049 1113/1113
f 1048/1048 1113/1113 1112/1112
f 1049/1049 1050/1050 1114/1114
f 1049/1049 1114/1114 1113/1113
f 1050/1050 1051/1051 1115/1115
f 1050/1050 1115/1115 1114/1114
f 1051/1051 1052/1052 1116/1116
f 1051/1051 1116/1116 1115/1115
f 1052/1052 1053/1053 1117/1117
f 1052/1052 1117/1117 1116/1116
f 1053/1053 1054/1054 1118/1118
f 1053/1053 1118/1118 1117/1117
f 1054/1054 1055/1055 1119/1119
f 1054/1054 1119/1119 1118/1118
f 1055/1055 1056/1056 1120/1120
f 1055/1055 1120/1120 1119/1119
f 1056/1056 1057/1057 1121/1121
f 1056/1056 1121/1121 1120/1120
f 1057/1057 1058/1058 1122/1122
f 1057/1057 1122/1122 1121/1121
f 1058/1058 1059/1059 1123/1123
f 1058/1058 1123/1123 1122/1122
f 1059/1059 1060/1060 1124/1124
f 1059/1059 1124/1124 1123/1123
f 1060/1060 1061/1061 1125/1125
f 1060/1060 1125/1125 1124/1124
f 1061/1061 1062/1062 1126/1126
f 1061/1061 1126/1126 1125/1125
f 1062/1062 1063/1063 1127/1127
f 1062/1062 1127/1127 1126/1126
f 1063/1063 1064/1064 1128/1128
f 1063/1063 1128/1128 1127/1127
f 1064/1064 1065/1065 1129/1129
f 1064/1064 1129/1129 1128/1128
f 1065/1065 1066/1066 1130/1130
f 1065/1065 1130/1130 1129/1129
f 1066/1066 1067/1067 1131/1131
f 1066/1066 1131/1131 1130/1130
f 1067/1067 1068/1068 1132/1132
f 1067/1067 1132/1132 1131/1131
f 1068/1068 1069/1069 1133/1133
f 1068/1068 1133/1133 1132/1132
f 1069/1069 1070/1070 1134/1134
f 1069/1069 1134/1134 1133/1133
f 1070/1070 1071/1071 1135/1135
f 1070/1070 1135/1135 1134/1134
f 1071/1071 1072/1072 1136/1136
f 1071/1071 1136/1136 1135/1135
f 1072/1072 1073/1073 1137/1137
f 1072/1072 1137/1137 1136/1136
f 1073/1073 1074/1074 1138/1138
f 1073/1073 1138/1138 1137/1137
f 1074/1074 1075/1075 1139/1139
f 1074/1074 1139/1139 1138/1138
f 1075/1075 1076/1076 1140/1140
f 1075/1075 1140/1140 1139/1139
f 1076/1076 1077/1077 1141/1141
f 1076/1076 1141/1141 1140/1140
f 1077/1077 1078/1078 1142/1142
f 1077/1077 1142/1142 1141/1141
f 1078/1078 1079/1079 1143/1143
f 1078/1078 1143/1143 1142/1142
f 1079/1079 1080/1080 1144/1144
f 1079/1079 1144/1144 1143/1143
f 1080/1080 1081/1081 1145/1145
f 1080/1080 1145/1145 1144/1144
f 1081/1081 1082/1082 1146/1146
f 1081/1081 1146/1146 1145/1145
f 1082/1082 1083/1083 1147/1147
f 1082/1082 1147/1147 1146/1146
f 1083/1083 1084/1084 1148/1148
f 1083/1083 1148/1148 1147/1147
f 1084/1084 1085/1085 1149/1149
f 1084/1084 1149/1149 1148/1148
f 1085/1085 1086/1086 1150/1150
f 1085/1085 1150/1150 1149/1149
f 1086/1086 1087/1087 1151/1151
f 1086/1086 1151/1151 1150/1150
f 1087/1087 1088/1088 1152/1152
f 1087/1087 1152/1152 1151/1151
f 1089/1089 1090/1090 1154/1154
f 1089/1089 1154/1154 1153/1153
f 1090/1090 1091/1091 1155/1155
f 1090/1090 1155/1155 1154/1154
f 1091/1091 1092/1092 1156/1156
f 1091/1091 1156/1156 1155/1155
f 1092/1092 1093/1093 1157/1157
f 1092/1092 1157/1157 1156/1156
f 1093/1093 1094/1094 1158/1158
f 1093/1093 1158/1158 1157/1157
f 1094/1094 1095/1095 1159/1159
f 1094/1094 1159/1159 1158/1158
f 1095/1095 1096/1096 1160/1160
f 1095/1095 1160/1160 1159/1159
f 1096/1096 1097/1097 1161/1161
f 1096/1096 1161/1161 1160/1160
f 1097/1097 1098/1098 1162/1162
f 1097/1097 1162/1162 1161/1161
f 1098/1098 1099/1099 1163/1163
f 1098/1098 1163/1163 1162/1162
f 1099/1099 1100/1100 1164/1164
f 1099/1099 1164/1164 1163/1163
f 1100/1100 1101/1101 1165/1165
f 1100/1100 1165/1165 1164/1164
f 1101/1101 1102/1102 1166/1166
f 1101/1101 1166/1166 1165/1165
f 1102/1102 1103/1103 1167/1167
f 1102/1102 1167/1167 1166/1166
f 1103/1103 1104/1104 1168/1168
f 1103/1103 1168/1168 1167/1167
f 1104/1104 1105/1105 1169/1169
f 1104/1104 1169/1169 1168/1168
f 1105/1105 1106/1106 1170/1170
f 1105/1105 1170/1170 1169/1169
f 1106/1106 1107/1107 1171/1171
f 1106/1106 1171/1171 1170/1170
f 1107/1107 1108/1108 1172/1172
f 1107/1107 1172/1172 1171/1171
f 1108/1108 1109/1109 1173/1173
f 1108/1108 1173/1173 1172/1172
f 1109/1109 1110/1110 1174/1174
f 1109/1109 1174/1174 1173/1173
f 1110/1110 1111/1111 1175/1175
f 1110/1110 1175/1175 1174/1174
f 1111/1111 1112/1112 1176/1176
f 1111/1111 1176/1176 1175/1175
f 1112/1112 1113/1113 1177/1177
f 1112/1112 1177/1177 1176/1176
f 1113/1113 1114/1114 1178/1178
f 1113/1113 1178/1178 1177/1177
f 1114/1114 1115/1115 1179/1179
f 1114/1114 1179/1179 1178/1178
f 1115/1115 1116/1116 1180/1180
f 1115/1115 1180/1180 1179/1179
f 1116/1116 1117/1117 1181/1181
f 1116/1116 1181/1181 1180/1180
f 1117/1117 1118/1118 1182/1182
f 1117/1117 1182/1182 1181/1181
f 1118/1118 1119/1119 1183/1183
f 1118/1118 1183/1183 1182/1182
f 1119/1119 1120/1120 1184/1184
f 1119/1119 1184/1184 1183/1183
f 1120/1120 1121/1121 1185/1185
f 1120/1120 1185/1185 1184/1184
f 1121/1121 1122/1122 1186/1186
f 1121/1121 1186/1186 1185/1185
f 1122/1122 1123/1123 1187/1187
f 1122/1122 1187/1187 1186/1186
f 1123/1123 1124/1124 1188/1188
f 1123/1123 1188/1188 1187/1187
f 1124/1124 1125/1125 1189/1189
f 1124/1124 1189/1189 1188/1188
f 1125/1125 1126/1126 1190/1190
f 1125/1125 1190/1190 1189/1189
f 1126/1126 1127/1127 1191/1191
f 1126/1126 1191/1191 1190/1190
f 1127/1127 1128/1128 1192/1192
f 1127/1127 1192/1192 1191/1191
f 1128/1128 1129/1129 1193/1193
f 1128/1128 1193/1193 1192/1192
f 1129/1129 1130/1130 1194/1194
f 1129/1129 1194/1194 1193/1193
f 1130/1130 1131/1131 1195/1195
f 1130/1130 1195/1195 1194/1194
f 1131/1131 1132/1132 1196/1196
f 1131/1131 1196/1196 1195/1195
f 1132/1132 1133/1133 1197/1197
f 1132/1132 1197/1197 1196/1196
f 1133/1133 1134/1134 1198/1198
f 1133/1133 1198/1198 1197/1197
f 1134/1134 1135/1135 1199/1199
f 1134/1134 1199/1199 1198/1198
f 1135/1135 1136/1136 1200/1200
f 1135/1135 1200/1200 1199/1199
f 1136/1136 1137/1137 1201/1201
f 1136/1136 1201/1201 1200/1200
f 1137/1137 1138/1138 1202/1202
f 1137/1137 1202/1202 1201/1201
f 1138/1138 1139/1139 1203/1203
f 1138/1138 1203/1203 1202/1202
f 1139/1139 1140/1140 1204/1204
f 1139/1139 1204/1204 1203/1203
f 1140/1140 1141/1141 1205/1205
f 1140/1140 1205/1205 1204/1204
f 1141/1141 1142/1142 1206/1206
f 1141/1141 1206/1206 1205/1205
f 1142/1142 1143/1143 1207/1207
f 1142/1142 1207/1207 1206/1206
f 1143/1143 1144/1144 1208/1208
f 1143/1143 1208/1208 1207/1207
f 1144/1144 1145/1145 1209/1209
f 1144/1144 1209/1209 1208/1208
f 1145/1145 1146/1146 1210/1210
f 1145/1145 1210/1210 1209/1209
f 1146/1146 1147/1147 1211/1211
f 1146/1146 1211/1211 1210/1210
f 1147/1147 1148/1148 1212/1212
f 1147/1147 1212/1212 1211/1211
f 1148/1148 1149/1149 1213/1213
f 1148/1148 1213/1213 1212/1212
f 1149/1149 1150/1150 1214/1214
f 1149/1149 1214/1214 1213/1213
f 1150/1150 1151/1151 1215/1215
f 1150/1150 1215/1215 1214/1214
f 1151/1151 1152/1152 1216/1216
f 1151/1151 1216/1216 1215/1215
f 1153/1153 1154/1154 1218/1218
f 1153/1153 1218/1218 1217/1217
f 1154/1154 1155/1155 1219/1219
f 1154/1154 1219/1219 1218/1218
f 1155/1155 1156/1156 1220/1220
f 1155/1155 1220/1220 1219/1219
f 1156/1156 1157/1157 1221/1221
f 1156/1156 1221/1221 1220/1220
f 1157/1157 1158/1158 1222/1222
f 1157/1157 1222/1222 1221/1221
f 1158/1158 1159/1159 1223/1223
f 1158/1158 1223/1223 1222/1222
f 1159/1159 1160/1160 1224/1224
f 1159/1159 1224/1224 1223/1223
f 1160/1160 1161/1161 1225/1225
f 1160/1160 1225/1225 1224/1224
f 1161/1161 1162/1162 1226/1226
f 1161/1161 1226/1226 1225/1225
f 1162/1162 1163/1163 1227/1227
f 1162/1162 1227/1227 1226/1226
f 1163/1163 1164/1164 1228/1228
f 1163/1163 1228/1228 1227/1227
f 1164/1164 1165/1165 1229/1229
f 1164/1164 1229/1229 1228/1228
f 1165/1165 1166/1166 1230/1230
f 1165/1165 1230/1230 1229/1229
f 1166/1166 1167/1167 1231/1231
f 1166/1166 1231/1231 1230/1230
f 1167/1167 1168/1168 1232/1232
f 1167/1167 1232/1232 1231/1231
f 1168/1168 1169/1169 1233/1233
f 1168/1168 1233/1233 1232/1232
f 1169/1169 1170/1170 1234/1234
f 1169/1169 1234/1234 1233/1233
f 1170/1170 1171/1171 1235/1235
f 1170/1170 1235/1235 1234/1234
f 1171/1171 1172/1172 1236/1236
f 1171/1171 1236/1236 1235/1235
f 1172/1172 1173/1173 1237/1237
f 1172/1172 1237/1237 1236/1236
f 1173/1173 1174/1174 1238/1238
f 1173/1173 1238/1238 1237/1237
f 1174/1174 1175/1175 1239/1239
f 1174/1174 1239/1239 1238/1238
f 1175/1175 1176/1176 1240/1240
f 1175/1175 1240/1240 1239/1239
f 1176/1176 1177/1177 1241/1241
f 1176/1176 1241/1241 1240/1240
f 1177/1177 1178/1178 1242/1242
f 1177/1177 1242/1242 1241/1241
f 1178/1178 1179/1179 1243/1243
f 1178/1178 1243/1243 1242/1242
f 1179/1179 1180/1180 1244/1244
f 1179/1179 1244/1244 1243/1243
f 1180/1180 1181/1181 1245/1245
f 1180/1180 1245/1245 1244/1244
f 1181/1181 1182/1182 1246/1246
f 1181/1181 1246/1246 1245/1245
f 1182/1182 1183/1183 1247/1247
f 1182/1182 1247/1247 1246/1246
f 1183/1183 1184/1184 1248/1248
f 1183/1183 1248/1248 1247/1247
f 1184/1184 1185/1185 1249/1249
f 1184/1184 1249/1249 1248/1248
f 1185/1185 1186/1186 1250/1250
f 1185/1185 1250/1250 1249/1249
f 1186/1186 1187/1187 1251/1251
f 1186/1186 1251/1251 1250/1250
f 1187/1187 1188/1188 1252/1252
f 1187/1187 1252/1252 1251/1251
f 1188/1188 1189/1189 1253/1253
f 1188/1188 1253/1253 1252/1252
f 1189/1189 1190/1190 1254/1254
f 1189/1189 1254/1254 1253/1253
f 1190/1190 1191/1191 1255/1255
f 1190/1190 1255/1255 1254/1254
f 1191/1191 1192/1192 1256/1256
f 1191/1191 1256/1256 1255/1255
f 1192/1192 1193/1193 1257/1257
f 1192/1192 1257/1257 1256/1256
f 1193/1193 1194/1194 1258/1258
f 1193/1193 1258/1258 1257/1257
f 1194/1194 1195/1195 1259/1259
f 1194/1194 1259/1259 1258/1258
f 1195/1195 1196/1196 1260/1260
f 1195/1195 1260/1260 1259/1259
f 1196/1196 1197/1197 1261/1261
f 1196/1196 1261/1261 1260/1260
f 1197/1197 1198/1198 1262/1262
f 1197/1197 1262/1262 1261/1261
f 1198/1198 1199/1199 1263/1263
f 1198/1198 1263/1263 1262/1262
f 1199/1199 1200/1200 1264/1264
f 1199/1199 1264/1264 1263/1263
f 1200/1200 1201/1201 1265/1265
f 1200/1200 1265/1265 1264/1264
f 1201/1201 1202/1202 1266/1266
f 1201/1201 1266/1266 1265/1265
f 1202/1202 1203/1203 1267/1267
f 1202/1202 1267/1267 1266/1266
f 1203/1203 1204/1204 1268/1268
f 1203/1203 1268/1268 1267/1267
f 1204/1204 1205/1205 1269/1269
f 1204/1204 1269/1269 1268/1268
f 1205/1205 1206/1206 1270/1270
f 1205/1205 1270/1270 1269/1269
f 1206/1206 1207/1207 1271/1271
f 1206/1206 1271/1271 1270/1270
f 1207/1207 1208/1208 1272/1272
f 1207/1207 1272/1272 1271/1271
f 1208/1208 1209/1209 1273/1273
f 1208/1208 1273/1273 1272/1272
f 1209/1209 1210/1210 1274/1274
f 1209/1209 1274/1274 1273/1273
f 1210/1210 1211/1211 1275/1275
f 1210/1210 1275/1275 1274/1274
f 1211/1211 1212/1212 1276/1276
f 1211/1211 1276/1276 1275/1275
f 1212/1212 1213/1213 1277/1277
f 1212/1212 1277/1277 1276/1276
f 1213/1213 1214/1214 1278/1278
f 1213/1213 1278/1278 1277/1277
f 1214/1214 1215/1215 1279/1279
f 1214/1214 1279/1279 1278/1278
f 1215/1215 1216/1216 1280/1280
f 1215/1215 1280/1280 1279/1279
f 1217/1217 1218/1218 1282/1282
f 1217/1217 1282/1282 1281/1281
f 1218/1218 1219/1219 1283/1283
f 1218/1218 1283/1283 1282/1282
f 1219/1219 1220/1220 1284/1284
f 1219/1219 1284/1284 1283/1283
f 1220/1220 1221/1221 1285/1285
f 1220/1220 1285/1285 1284/1284
f 1221/1221 1222/1222 1286/1286
f 1221/1221 1286/1286 1285/1285
f 1222/1222 1223/1223 1287/1287
f 1222/1222 1287/1287 1286/1286
f 1223/1223 1224/1224 1288/1288
f 1223/1223 1288/1288 1287/1287
f 1224/1224 1225/1225 1289/1289
f 1224/1224 1289/1289 1288/1288
f 1225/1225 1226/1226 1290/1290
f 1225/1225 1290/1290 1289/1289
f 1226/1226 1227/1227 1291/1291
f 1226/1226 1291/1291 1290/1290
f 1227/1227 1228/1228 1292/1292
f 1227/1227 1292/1292 1291/1291
f 1228/1228 1229/1229 1293/1293
f 1228/1228 1293/1293 1292/1292
f 1229/1229 1230/1230 1294/1294
f 1229/1229 1294/1294 1293/1293
f 1230/1230 1231/1231 1295/1295
f 1230/1230 1295/1295 1294/1294
f 1231/1231 1232/1232 1296/1296
f 1231/1231 1296/1296 1295/1295
f 1232/1232 1233/1233 1297/1297
f 1232/1232 1297/1297 1296/1296
f 1233/1233 1234/1234 1298/1298
f 1233/1233 1298/1298 1297/1297
f 1234/1234 1235/1235 1299/1299
f 1234/1234 1299/1299 1298/1298
f 1235/1235 1236/1236 1300/1300
f 1235/1235 1300/1300 1299/1299
f 1236/1236 1237/1237 1301/1301
f 1236/1236 1301/1301 1300/1300
f 1237/1237 1238/1238 1302/1302
f 1237/1237 1302/1302 1301/1301
f 1238/1238 1239/1239 1303/1303
f 1238/1238 1303/1303 1302/1302
f 1239/1239 1240/1240 1304/1304
f 1239/1239 1304/1304 1303/1303
f 1240/1240 1241/1241 1305/1305
f 1240/1240 1305/1305 1304/1304
f 1241/1241 1242/1242 1306/1306
f 1241/1241 1306/1306 1305/1305
f 1242/1242 1243/1243 1307/1307
f 1242/1242 1307/1307 1306/1306
f 1243/1243 1244/1244 1308/1308
f 1243/1243 1308/1308 1307/1307
f 1244/1244 1245/1245 1309/1309
f 1244/1244 1309/1309 1308/1308
f 1245/1245 1246/1246 1310/1310
f 1245/1245 1310/1310 1309/1309
f 1246/1246 1247/1247 1311/1311
f 1246/1246 1311/1311 1310/1310
f 1247/1247 1248/1248 1312/1312
f 1247/1247 1312/1312 1311/1311
f 1248/1248 1249/1249 1313/1313
f 1248/1248 1313/1313 1312/1312
f 1249/1249 1250/1250 1314/1314
f 1249/1249 1314/1314 1313/1313
f 1250/1250 1251/1251 1315/1315
f 1250/1250 1315/1315 1314/1314
f 1251/1251 1252/1252 1316/1316
f 1251/1251 1316/1316 1315/1315
f 1252/1252 1253/1253 1317/1317
f 1252/1252 1317/1317 1316/1316
f 1253/1253 1254/1254 1318/1318
f 1253/1253 1318/1318 1317/1317
f 1254/1254 1255/1255 1319/1319
f 1254/1254 1319/1319 1318/1318
f 1255/1255 1256/1256 1320/1320
f 1255/1255 1320/1320 1319/1319
f 1256/1256 1257/1257 1321/1321
f 1256/1256 1321/1321 1320/1320
f 1257/1257 1258/1258 1322/1322
f 1257/1257 1322/1322 1321/1321
f 1258/1258 1259/1259 1323/1323
f 1258/1258 1323/1323 1322/1322
f 1259/1259 1260/1260 1324/1324
f 1259/1259 1324/1324 1323/1323
f 1260/1260 1261/1261 1325/1325
f 1260/1260 1325/1325 1324/1324
f 1261/1261 1262/1262 1326/1326
f 1261/1261 1326/1326 1325/1325
f 1262/1262 1263/1263 1327/1327
f 1262/1262 1327/1327 1326/1326
f 1263/1263 1264/1264 1328/1328
f 1263/1263 1328/1328 1327/1327
f 1264/1264 1265/1265 1329/1329
f 1264/1264 1329/1329 1328/1328
f 1265/1265 1266/1266 1330/1330
f 1265/1265 1330/1330 1329/1329
f 1266/1266 1267/1267 1331/1331
f 1266/1266 1331/1331 1330/1330
f 1267/1267 1268/1268 1332/1332
f 1267/1267 1332/1332 1331/1331
f 1268/1268 1269/1269 1333/1333
f 1268/1268 1333/1333 1332/1332
f 1269/1269 1270/1270 1334/1334
f 1269/1269 1334/1334 1333/1333
f 1270/1270 1271/1271 1335/1335
f 1270/1270 1335/1335 1334/1334
f 1271/1271 1272/1272 1336/1336
f 1271/1271 1336/1336 1335/1335
f 1272/1272 1273/1273 1337/1337
f 1272/1272 1337/1337 1336/1336
f 1273/1273 1274/1274 1338/1338
f 1273/1273 1338/1338 1337/1337
f 1274/1274 1275/1275 1339/1339
f 1274/1274 1339/1339 1338/1338
f 1275/1275 1276/1276 1340/1340
f 1275/1275 1340/1340 1339/1339
f 1276/1276 1277/1277 1341/1341
f 1276/1276 1341/1341 1340/1340
f 1277/1277 1278/1278 1342/1342
f 1277/1277 1342/1342 1341/1341
f 1278/1278 1279/1279 1343/1343
f 1278/1278 1343/1343 1342/1342
f 1279/1279 1280/1280 1344/1344
f 1279/1279 1344/1344 1343/1343
f 1281/1281 1282/1282 1346/1346
f 1281/1281 1346/1346 1345/1345
f 1282/1282 1283/1283 1347/1347
f 1282/1282 1347/1347 1346/1346
f 1283/1283 1284/1284 1348/1348
f 1283/1283 1348/1348 1347/1347
f 1284/1284 1285/1285 1349/1349
f 1284/1284 1349/1349 1348/1348
f 1285/1285 1286/1286 1350/1350
f 1285/1285 1350/1350 1349/1349
f 1286/1286 1287/1287 1351/1351
f 1286/1286 1351/1351 1350/1350
f 1287/1287 1288/1288 1352/1352
f 1287/1287 1352/1352 1351/1351
f 1288/1288 1289/1289 1353/1353
f 1288/1288 1353/1353 1352/1352
f 1289/1289 1290/1290 1354/1354
f 1289/1289 1354/1354 1353/1353
f 1290/1290 1291/1291 1355/1355
f 1290/1290 1355/1355 1354/1354
f 1291/1291 1292/1292 1356/1356
f 1291/1291 1356/1356 1355/1355
f 1292/1292 1293/1293 1357/1357
f 1292/1292 1357/1357 1356/1356
f 1293/1293 1294/1294 1358/1358
f 1293/1293 1358/1358 1357/1357
f 1294/1294 1295/1295 1359/1359
f 1294/1294 1359/1359 1358/1358
f 1295/1295 1296/1296 1360/1360
f 1295/1295 1360/1360 1359/1359
f 1296/1296 1297/1297 1361/1361
f 1296/1296 1361/1361 1360/1360
f 1297/1297 1298/1298 1362/1362
f 1297/1297 1362/1362 1361/1361
f 1298/1298 1299/1299 1363/1363
f 1298/1298 1363/1363 1362/1362
f 1299/1299 1300/1300 1364/1364
f 1299/1299 1364/1364 1363/1363
f 1300/1300 1301/1301 1365/1365
f 1300/1300 1365/1365 1364/1364
f 1301/1301 1302/1302 1366/1366
f 1301/1301 1366/1366 1365/1365
f 1302/1302 1303/1303 1367/1367
f 1302/1302 1367/1367 1366/1366
f 1303/1303 1304/1304 1368/1368
f 1303/1303 1368/1368 1367/1367
f 1304/1304 1305/1305 1369/1369
f 1304/1304 1369/1369 1368/1368
f 1305/1305 1306/1306 1370/1370
f 1305/1305 1370/1370 1369/1369
f 1306/1306 1307/1307 1371/1371
f 1306/1306 1371/1371 1370/1370
f 1307/1307 1308/1308 1372/1372
f 1307/1307 1372/1372 1371/1371
f 1308/1308 1309/1309 1373/1373
f 1308/1308 1373/1373 1372/1372
f 1309/1309 1310/1310 1374/1374
f 1309/1309 1374/1374 1373/1373
f 1310/1310 1311/1311 1375/1375
f 1310/1310 1375/1375 1374/1374
f 1311/1311 1312/1312 1376/1376
f 1311/1311 1376/1376 1375/1375
f 1312/1312 1313/1313 1377/1377
f 1312/1312 1377/1377 1376/1376
f 1313/1313 1314/1314 1378/1378
f 1313/1313 1378/1378 1377/1377
f 1314/1314 1315/1315 1379/1379
f 1314/1314 1379/1379 1378/1378
f 1315/1315 1316/1316 1380/1380
f 1315/1315 1380/1380 1379/1379
f 1316/1316 1317/1317 1381/1381
f 1316/1316 1381/1381 1380/1380
f 1317/1317 1318/1318 1382/1382
f 1317/1317 1382/1382 1381/1381
f 1318/1318 1319/1319 1383/1383
f 1318/1318 1383/1383 1382/1382
f 1319/1319 1320/1320 1384/1384
f 1319/1319 1384/1384 1383/1383
f 1320/1320 1321/1321 1385/1385
f 1320/1320 1385/1385 1384/1384
f 1321/1321 1322/1322 1386/1386
f 1321/1321 1386/1386 1385/1385
f 1322/1322 1323/1323 1387/1387
f 1322/1322 1387/1387 1386/1386
f 1323/1323 1324/1324 1388/1388
f 1323/1323 1388/1388 1387/1387
f 1324/1324 1325/1325 1389/1389
f 1324/1324 1389/1389 1388/1388
f 1325/1325 1326/1326 1390/1390
f 1325/1325 1390/1390 1389/1389
f 1326/1326 1327/1327 1391/1391
f 1326/1326 1391/1391 1390/1390
f 1327/1327 1328/1328 1392/1392
f 1327/1327 1392/1392 1391/1391
f 1328/1328 1329/1329 1393/1393
f 1328/1328 1393/1393 1392/1392
f 1329/1329 1330/1330 1394/1394
f 1329/1329 1394/1394 1393/1393
f 1330/1330 1331/1331 1395/1395
f 1330/1330 1395/1395 1394/1394
f 1331/1331 1332/1332 1396/1396
f 1331/1331 1396/1396 1395/1395
f 1332/1332 1333/1333 1397/1397
f 1332/1332 1397/1397 1396/1396
f 1333/1333 1334/1334 1398/1398
f 1333/1333 1398/1398 1397/1397
f 1334/1334 1335/1335 1399/1399
f 1334/1334 1399/1399 1398/1398
f 1335/1335 1336/1336 1400/1400
f 1335/1335 1400/1400 1399/1399
f 1336/1336 1337/1337 1401/1401
f 1336/1336 1401/1401 1400/1400
f 1337/1337 1338/1338 1402/1402
f 1337/1337 1402/1402 1401/1401
f 1338/1338 1339/1339 1403/1403
f 1338/1338 1403/1403 1402/1402
f 1339/1339 1340/1340 1404/1404
f 1339/1339 1404/1404 1403/1403
f 1340/1340 1341/1341 1405/1405
f 1340/1340 1405/1405 1404/1404
f 1341/1341 1342/1342 1406/1406
f 1341/1341 1406/1406 1405/1405
f 1342/1342 1343/1343 1407/1407
f 1342/1342 1407/1407 1406/1406
f 1343/1343 1344/1344 1408/1408
f 1343/1343 1408/1408 1407/1407
f 1345/1345 1346/1346 1410/1410
f 1345/1345 1410/1410 1409/1409
f 1346/1346 1347/1347 1411/1411
f 1346/1346 1411/1411 1410/1410
f 1347/1347 1348/1348 1412/1412
f 1347/1347 1412/1412 1411/1411
f 1348/1348 1349/1349 1413/1413
f 1348/1348 1413/1413 1412/1412
f 1349/1349 1350/1350 1414/1414
f 1349/1349 1414/1414 1413/1413
f 1350/1350 1351/1351 1415/1415
f 1350/1350 1415/1415 1414/1414
f 1351/1351 1352/1352 1416/1416
f 1351/1351 1416/1416 1415/1415
f 1352/1352 1353/1353 1417/1417
f 1352/1352 1417/1417 1416/1416
f 1353/1353 1354/1354 1418/1418
f 1353/1353 1418/1418 1417/1417
f 1354/1354 1355/1355 1419/1419
f 1354/1354 1419/1419 1418/1418
f 1355/1355 1356/1356 1420/1420
f 1355/1355 1420/1420 1419/1419
f 1356/1356 1357/1357 1421/1421
f 1356/1356 1421/1421 1420/1420
f 1357/1357 1358/1358 1422/1422
f 1357/1357 1422/1422 1421/1421
f 1358/1358 1359/1359 1423/1423
f 1358/1358 1423/1423 1422/1422
f 1359/1359 1360/1360 1424/1424
f 1359/1359 1424/1424 1423/1423
f 1360/1360 1361/1361 1425/1425
f 1360/1360 1425/1425 1424/1424
f 1361/1361 1362/1362 1426/1426
f 1361/1361 1426/1426 1425/1425
f 1362/1362 1363/1363 1427/1427
f 1362/1362 1427/1427 1426/1426
f 1363/1363 1364/1364 1428/1428
f 1363/1363 1428/1428 1427/1427
f 1364/1364 1365/1365 1429/1429
f 1364/1364 1429/1429 1428/1428
f 1365/1365 1366/1366 1430/1430
f 1365/1365 1430/1430 1429/1429
f 1366/1366 1367/1367 1431/1431
f 1366/1366 1431/1431 1430/1430
f 1367/1367 1368/1368 1432/1432
f 1367/1367 1432/1432 1431/1431
f 1368/1368 1369/1369 1433/1433
f 1368/1368 1433/1433 1432/1432
f 1369/1369 1370/1370 1434/1434
f 1369/1369 1434/1434 1433/1433
f 1370/1370 1371/1371 1435/1435
f 1370/1370 1435/1435 1434/1434
f 1371/1371 1372/1372 1436/1436
f 1371/1371 1436/1436 1435/1435
f 1372/1372 1373/1373 1437/1437
f 1372/1372 1437/1437 1436/1436
f 1373/1373 1374/1374 1438/1438
f 1373/1373 1438/1438 1437/1437
f 1374/1374 1375/1375 1439/1439
f 1374/1374 1439/1439 1438/1438
f 1375/1375 1376/1376 1440/1440
f 1375/1375 1440/1440 1439/1439
f 1376/1376 1377/1377 1441/1441
f 1376/1376 1441/1441 1440/1440
f 1377/1377 1378/1378 1442/1442
f 1377/1377 1442/1442 1441/1441
f 1378/1378 1379/1379 1443/1443
f 1378/1378 1443/1443 1442/1442
f 1379/1379 1380/1380 1444/1444
f 1379/1379 1444/1444 1443/1443
f 1380/1380 1381/1381 1445/1445
f 1380/1380 1445/1445 1444/1444
f 1381/1381 1382/1382 1446/1446
f 1381/1381 1446/1446 1445/1445
f 1382/1382 1383/1383 1447/1447
f 1382/1382 1447/1447 1446/1446
f 1383/1383 1384/1384 1448/1448
f 1383/1383 1448/1448 1447/1447
f 1384/1384 1385/1385 1449/1449
f 1384/1384 1449/1449 1448/1448
f 1385/1385 1386/1386 1450/1450
f 1385/1385 1450/1450 1449/1449
f 1386/1386 1387/1387 1451/1451
f 1386/1386 1451/1451 1450/1450
f 1387/1387 1388/1388 1452/1452
f 1387/1387 1452/1452 1451/1451
f 1388/1388 1389/1389 1453/1453
f 1388/1388 1453/1453 1452/1452
f 1389/1389 1390/1390 1454/1454
f 1389/1389 1454/1454 1453/1453
f 1390/1390 1391/1391 1455/1455
f 1390/1390 1455/1455 1454/1454
f 1391/1391 1392/1392 1456/1456
f 1391/1391 1456/1456 1455/1455
f 1392/1392 1393/1393 1457/1457
f 1392/1392 1457/1457 1456/1456
f 1393/1393 1394/1394 1458/1458
f 1393/1393 1458/1458 1457/1457
f 1394/1394 1395/1395 1459/1459
f 1394/1394 1459/1459 1458/1458
f 1395/1395 1396/1396 1460/1460
f 1395/1395 1460/1460 1459/1459
f 1396/1396 1397/1397 1461/1461
f 1396/1396 1461/1461 1460/1460
f 1397/1397 1398/1398 1462/1462
f 1397/1397 1462/1462 1461/1461
f 1398/1398 1399/1399 1463/1463
f 1398/1398 1463/1463 1462/1462
f 1399/1399 1400/1400 1464/1464
f 1399/1399 1464/1464 1463/1463
f 1400/1400 1401/1401 1465/1465
f 1400/1400 1465/1465 1464/1464
f 1401/1401 1402/1402 1466/1466
f 1401/1401 1466/1466 1465/1465
f 1402/1402 1403/1403 1467/1467
f 1402/1402 1467/1467 1466/1466
f 1403/1403 1404/1404 1468/1468
f 1403/1403 1468/1468 1467/1467
f 1404/1404 1405/1405 1469/1469
f 1404/1404 1469/1469 1468/1468
f 1405/1405 1406/1406 1470/1470
f 1405/1405 1470/1470 1469/1469
f 1406/1406 1407/1407 1471/1471
f 1406/1406 1471/1471 1470/1470
f 1407/1407 1408/1408 1472/1472
f 1407/1407 1472/1472 1471/1471
f 1409/1409 1410/1410 1474/1474
f 1409/1409 1474/1474 1473/1473
f 1410/1410 1411/1411 1475/1475
f 1410/1410 1475/1475 1474/1474
f 1411/1411 1412/1412 1476/1476
f 1411/1411 1476/1476 1475/1475
f 1412/1412 1413/1413 1477/1477
f 1412/1412 1477/1477 1476/1476
f 1413/1413 1414/1414 1478/1478
f 1413/1413 1478/1478 1477/1477
f 1414/1414 1415/1415 1479/1479
f 1414/1414 1479/1479 1478/1478
f 1415/1415 1416/1416 1480/1480
f 1415/1415 1480/1480 1479/1479
f 1416/1416 1417/1417 1481/1481
f 1416/1416 1481/1481 1480/1480
f 1417/1417 1418/1418 1482/1482
f 1417/1417 1482/1482 1481/1481
f 1418/1418 1419/1419 1483/1483
f 1418/1418 1483/1483 1482/1482
f 1419/1419 1420/1420 1484/1484
f 1419/1419 1484/1484 1483/1483
f 1420/1420 1421/1421 1485/1485
f 1420/1420 1485/1485 1484/1484
f 1421/1421 1422/1422 1486/1486
f 1421/1421 1486/1486 1485/1485
f 1422/1422 1423/1423 1487/1487
f 1422/1422 1487/1487 1486/1486
f 1423/1423 1424/1424 1488/1488
f 1423/1423 1488/1488 1487/1487
f 1424/1424 1425/1425 1489/1489
f 1424/1424 1489/1489 1488/1488
f 1425/1425 1426/1426 1490/1490
f 1425/1425 1490/1490 1489/1489
f 1426/1426 1427/1427 1491/1491
f 1426/1426 1491/1491 1490/1490
f 1427/1427 1428/1428 1492/1492
f 1427/1427 1492/1492 1491/1491
f 1428/1428 1429/1429 1493/1493
f 1428/1428 1493/1493 1492/1492
f 1429/1429 1430/1430 1494/1494
f 1429/1429 1494/1494 1493/1493
f 1430/1430 1431/1431 1495/1495
f 1430/1430 1495/1495 1494/1494
f 1431/1431 1432/1432 1496/1496
f 1431/1431 1496/1496 1495/1495
f 1432/1432 1433/1433 1497/1497
f 1432/1432 1497/1497 1496/1496
f 1433/1433 1434/1434 1498/1498
f 1433/1433 1498/1498 1497/1497
f 1434/1434 1435/1435 1499/1499
f 1434/1434 1499/1499 1498/1498
f 1435/1435 1436/1436 1500/1500
f 1435/1435 1500/1500 1499/1499
f 1436/1436 1437/1437 1501/1501
f 1436/1436 1501/1501 1500/1500
f 1437/1437 1438/1438 1502/1502
f 1437/1437 1502/1502 1501/1501
f 1438/1438 1439/1439 1503/1503
f 1438/1438 1503/1503 1502/1502
f 1439/1439 1440/1440 1504/1504
f 1439/1439 1504/1504 1503/1503
f 1440/1440 1441/1441 1505/1505
f 1440/1440 1505/1505 1504/1504
f 1441/1441 1442/1442 1506/1506
f 1441/1441 1506/1506 1505/1505
f 1442/1442 1443/1443 1507/1507
f 1442/1442 1507/1507 1506/1506
f 1443/1443 1444/1444 1508/1508
f 1443/1443 1508/1508 1507/1507
f 1444/1444 1445/1445 1509/1509
f 1444/1444 1509/1509 1508/1508
f 1445/1445 1446/1446 1510/1510
f 1445/1445 1510/1510 1509/1509
f 1446/1446 1447/1447 1511/1511
f 1446/1446 1511/1511 1510/1510
f 1447/1447 1448/1448 1512/1512
f 1447/1447 1512/1512 1511/1511
f 1448/1448 1449/1449 1513/1513
f 1448/1448 1513/1513 1512/1512
f 1449/1449 1450/1450 1514/1514
f 1449/1449 1514/1514 1513/1513
f 1450/1450 1451/1451 1515/1515
f 1450/1450 1515/1515 1514/1514
f 1451/1451 1452/1452 1516/1516
f 1451/1451 1516/1516 1515/1515
f 1452/1452 1453/1453 1517/1517
f 1452/1452 1517/1517 1516/1516
f 1453/1453 1454/1454 1518/1518
f 1453/1453 1518/1518 1517/1517
f 1454/1454 1455/1455 1519/1519
f 1454/1454 1519/1519 1518/1518
f 1455/1455 1456/1456 1520/1520
f 1455/1455 1520/1520 1519/1519
f 1456/1456 1457/1457 1521/1521
f 1456/1456 1521/1521 1520/1520
f 1457/1457 1458/1458 1522/1522
f 1457/1457 1522/1522 1521/1521
f 1458/1458 1459/1459 1523/1523
f 1458/1458 1523/1523 1522/1522
f 1459/1459 1460/1460 1524/1524
f 1459/1459 1524/1524 1523/1523
f 1460/1460 1461/1461 1525/1525
f 1460/1460 1525/1525 1524/1524
f 1461/1461 1462/1462 1526/1526
f 1461/1461 1526/1526 1525/1525
f 1462/1462 1463/1463 1527/1527
f 1462/1462 1527/1527 1526/1526
f 1463/1463 1464/1464 1528/1528
f 1463/1463 1528/1528 1527/1527
f 1464/1464 1465/1465 1529/1529
f 1464/1464 1529/1529 1528/1528
f 1465/1465 1466/1466 1530/1530
f 1465/1465 1530/1530 1529/1529
f 1466/1466 1467/1467 1531/1531
f 1466/1466 1531/1531 1530/1530
f 1467/1467 1468/1468 1532/1532
f 1467/1467 1532/1532 1531/1531
f 1468/1468 1469/1469 1533/1533
f 1468/1468 1533/1533 1532/1532
f 1469/1469 1470/1470 1534/1534
f 1469/1469 1534/1534 1533/1533
f 1470/1470 1471/1471 1535/1535
f 1470/1470 1535/1535 1534/1534
f 1471/1471 1472/1472 1536/1536
f 1471/1471 1536/1536 1535/1535
f 1473/1473 1474/1474 1538/1538
f 1473/1473 1538/1538 1537/1537
f 1474/1474 1475/1475 1539/1539
f 1474/1474 1539/1539 1538/1538
f 1475/1475 1476/1476 1540/1540
f 1475/1475 1540/1540 1539/1539
f 1476/1476 1477/1477 1541/1541
f 1476/1476 1541/1541 1540/1540
f 1477/1477 1478/1478 1542/1542
f 1477/1477 1542/1542 1541/1541
f 1478/1478 1479/1479 1543/1543
f 1478/1478 1543/1543 1542/1542
f 1479/1479 1480/1480 1544/1544
f 1479/1479 1544/1544 1543/1543
f 1480/1480 1481/1481 1545/1545
f 1480/1480 1545/1545 1544/1544
f 1481/1481 1482/1482 1546/1546
f 1481/1481 1546/1546 1545/1545
f 1482/1482 1483/1483 1547/1547
f 1482/1482 1547/1547 1546/1546
f 1483/1483 1484/1484 1548/1548
f 1483/1483 1548/1548 1547/1547
f 1484/1484 1485/1485 1549/1549
f 1484/1484 1549/1549 1548/1548
f 1485/1485 1486/1486 1550/1550
f 1485/1485 1550/1550 1549/1549
f 1486/1486 1487/1487 1551/1551
f 1486/1486 1551/1551 1550/1550
f 1487/1487 1488/1488 1552/1552
f 1487/1487 1552/1552 1551/1551
f 1488/1488 1489/1489 1553/1553
f 1488/1488 1553/1553 1552/1552
f 1489/1489 1490/1490 1554/1554
f 1489/1489 1554/1554 1553/1553
f 1490/1490 1491/1491 1555/1555
f 1490/1490 1555/1555 1554/1554
f 1491/1491 1492/1492 1556/1556
f 1491/1491 1556/1556 1555/1555
f 1492/1492 1493/1493 1557/1557
f 1492/1492 1557/1557 1556/1556
f 1493/1493 1494/1494 1558/1558
f 1493/1493 1558/1558 1557/1557
f 1494/1494 1495/1495 1559/1559
f 1494/1494 1559/1559 1558/1558
f 1495/1495 1496/1496 1560/1560
f 1495/1495 1560/1560 1559/1559
f 1496/1496 1497/1497 1561/1561
f 1496/1496 1561/1561 1560/1560
f 1497/1497 1498/1498 1562/1562
f 1497/1497 1562/1562 1561/1561
f 1498/1498 1499/1499 1563/1563
f 1498/1498 1563/1563 1562/1562
f 1499/1499 1500/1500 1564/1564
f 1499/1499 1564/1564 1563/1563
f 1500/1500 1501/1501 1565/1565
f 1500/1500 1565/1565 1564/1564
f 1501/1501 1502/1502 1566/1566
f 1501/1501 1566/1566 1565/1565
f 1502/1502 1503/1503 1567/1567
f 1502/1502 1567/1567 1566/1566
f 1503/1503 1504/1504 1568/1568
f 1503/1503 1568/1568 1567/1567
f 1504/1504 1505/1505 1569/1569
f 1504/1504 1569/1569 1568/1568
f 1505/1505 1506/1506 1570/1570
f 1505/1505 1570/1570 1569/1569
f 1506/1506 1507/1507 1571/1571
f 1506/1506 1571/1571 1570/1570
f 1507/1507 1508/1508 1572/1572
f 1507/1507 1572/1572 1571/1571
f 1508/1508 1509/1509 1573/1573
f 1508/1508 1573/1573 1572/1572
f 1509/1509 1510/1510 1574/1574
f 1509/1509 1574/1574 1573/1573
f 1510/1510 1511/1511 1575/1575
f 1510/1510 1575/1575 1574/1574
f 1511/1511 1512/1512 1576/1576
f 1511/1511 1576/1576 1575/1575
f 1512/1512 1513/1513 1577/1577
f 1512/1512 1577/1577 1576/1576
f 1513/1513 1514/1514 1578/1578
f 1513/1513 1578/1578 1577/1577
f 1514/1514 1515/1515 1579/1579
f 1514/1514 1579/1579 1578/1578
f 1515/1515 1516/1516 1580/1580
f 1515/1515 1580/1580 1579/1579
f 1516/1516 1517/1517 1581/1581
f 1516/1516 1581/1581 1580/1580
f 1517/1517 1518/1518 1582/1582
f 1517/1517 1582/1582 1581/1581
f 1518/1518 1519/1519 1583/1583
f 1518/1518 1583/1583 1582/1582
f 1519/1519 1520/1520 1584/1584
f 1519/1519 1584/1584 1583/1583
f 1520/1520 1521/1521 1585/1585
f 1520/1520 1585/1585 1584/1584
f 1521/1521 1522/1522 1586/1586
f 1521/1521 1586/1586 1585/1585
f 1522/1522 1523/1523 1587/1587
f 1522/1522 1587/1587 1586/1586
f 1523/1523 1524/1524 1588/1588
f 1523/1523 1588/1588 1587/1587
f 1524/1524 1525/1525 1589/1589
f 1524/1524 1589/1589 1588/1588
f 1525/1525 1526/1526 1590/1590
f 1525/1525 1590/1590 1589/1589
f 1526/1526 1527/1527 1591/1591
f 1526/1526 1591/1591 1590/1590
f 1527/1527 1528/1528 1592/1592
f 1527/1527 1592/1592 1591/1591
f 1528/1528 1529/1529 1593/1593
f 1528/1528 1593/1593 1592/1592
f 1529/1529 1530/1530 1594/1594
f 1529/1529 1594/1594 1593/1593
f 1530/1530 1531/1531 1595/1595
f 1530/1530 1595/1595 1594/1594
f 1531/1531 1532/1532 1596/1596
f 1531/1531 1596/1596 1595/1595
f 1532/1532 1533/1533 1597/1597
f 1532/1532 1597/1597 1596/1596
f 1533/1533 1534/1534 1598/1598
f 1533/1533 1598/1598 1597/1597
f 1534/1534 1535/1535 1599/1599
f 1534/1534 1599/1599 1598/1598
f 1535/1535 1536/1536 1600/1600
f 1535/1535 1600/1600 1599/1599
f 1537/1537 1538/1538 1602/1602
f 1537/1537 1602/1602 1601/1601
f 1538/1538 1539/1539 1603/1603
f 1538/1538 1603/1603 1602/1602
f 1539/1539 1540/1540 1604/1604
f 1539/1539 1604/1604 1603/1603
f 1540/1540 1541/1541 1605/1605
f 1540/1540 1605/1605 1604/1604
f 1541/1541 1542/1542 1606/1606
f 1541/1541 1606/1606 1605/1605
f 1542/1542 1543/1543 1607/1607
f 1542/1542 1607/1607 1606/1606
f 1543/1543 1544/1544 1608/1608
f 1543/1543 1608/1608 1607/1607
f 1544/1544 1545/1545 1609/1609
f 1544/1544 1609/1609 1608/1608
f 1545/1545 1546/1546 1610/1610
f 1545/1545 1610/1610 1609/1609
f 1546/1546 1547/1547 1611/1611
f 1546/1546 1611/1611 1610/1610
f 1547/1547 1548/1548 1612/1612
f 1547/1547 1612/1612 1611/1611
f 1548/1548 1549/1549 1613/1613
f 1548/1548 1613/1613 1612/1612
f 1549/1549 1550/1550 1614/1614
f 1549/1549 1614/1614 1613/1613
f 1550/1550 1551/1551 1615/1615
f 1550/1550 1615/1615 1614/1614
f 1551/1551 1552/1552 1616/1616
f 1551/1551 1616/1616 1615/1615
f 1552/1552 1553/1553 1617/1617
f 1552/1552 1617/1617 1616/1616
f 1553/1553 1554/1554 1618/1618
f 1553/1553 1618/1618 1617/1617
f 1554/1554 1555/1555 1619/1619
f 1554/1554 1619/1619 1618/1618
f 1555/1555 1556/1556 1620/1620
f 1555/1555 1620/1620 1619/1619
f 1556/1556 1557/1557 1621/1621
f 1556/1556 1621/1621 1620/1620
f 1557/1557 1558/1558 1622/1622
f 1557/1557 1622/1622 1621/1621
f 1558/1558 1559/1559 1623/1623
f 1558/1558 1623/1623 1622/1622
f 1559/1559 1560/1560 1624/1624
f 1559/1559 1624/1624 1623/1623
f 1560/1560 1561/1561 1625/1625
f 1560/1560 1625/1625 1624/1624
f 1561/1561 1562/1562 1626/1626
f 1561/1561 1626/1626 1625/1625
f 1562/1562 1563/1563 1627/1627
f 1562/1562 1627/1627 1626/1626
f 1563/1563 1564/1564 1628/1628
f 1563/1563 1628/1628 1627/1627
f 1564/1564 1565/1565 1629/1629
f 1564/1564 1629/1629 1628/1628
f 1565/1565 1566/1566 1630/1630
f 1565/1565 1630/1630 1629/1629
f 1566/1566 1567/1567 1631/1631
f 1566/1566 1631/1631 1630/1630
f 1567/1567 1568/1568 1632/1632
f 1567/1567 1632/1632 1631/1631
f 1568/1568 1569/1569 1633/1633
f 1568/1568 1633/1633 1632/1632
f 1569/1569 1570/1570 1634/1634
f 1569/1569 1634/1634 1633/1633
f 1570/1570 1571/1571 1635/1635
f 1570/1570 1635/1635 1634/1634
f 1571/1571 1572/1572 1636/1636
f 1571/1571 1636/1636 1635/1635
f 1572/1572 1573/1573 1637/1637
f 1572/1572 1637/1637 1636/1636
f 1573/1573 1574/1574 1638/1638
f 1573/1573 1638/1638 1637/1637
f 1574/1574 1575/1575 1639/1639
f 1574/1574 1639/1639 1638/1638
f 1575/1575 1576/1576 1640/1640
f 1575/1575 1640/1640 1639/1639
f 1576/1576 1577/1577 1641/1641
f 1576/1576 1641/1641 1640/1640
f 1577/1577 1578/1578 1642/1642
f 1577/1577 1642/1642 1641/1641
f 1578/1578 1579/1579 1643/1643
f 1578/1578 1643/1643 1642/1642
f 1579/1579 1580/1580 1644/1644
f 1579/1579 1644/1644 1643/1643
f 1580/1580 1581/1581 1645/1645
f 1580/1580 1645/1645 1644/1644
f 1581/1581 1582/1582 1646/1646
f 1581/1581 1646/1646 1645/1645
f 1582/1582 1583/1583 1647/1647
f 1582/1582 1647/1647 1646/1646
f 1583/1583 1584/1584 1648/1648
f 1583/1583 1648/1648 1647/1647
f 1584/1584 1585/1585 1649/1649
f 1584/1584 1649/1649 1648/1648
f 1585/1585 1586/1586 1650/1650
f 1585/1585 1650/1650 1649/1649
f 1586/1586 1587/1587 1651/1651
f 1586/1586 1651/1651 1650/1650
f 1587/1587 1588/1588 1652/1652
f 1587/1587 1652/1652 1651/1651
f 1588/1588 1589/1589 1653/1653
f 1588/1588 1653/1653 1652/1652
f 1589/1589 1590/1590 1654/1654
f 1589/1589 1654/1654 1653/1653
f 1590/1590 1591/1591 1655/1655
f 1590/1590 1655/1655 1654/1654
f 1591/1591 1592/1592 1656/1656
f 1591/1591 1656/1656 1655/1655
f 1592/1592 1593/1593 1657/1657
f 1592/1592 1657/1657 1656/1656
f 1593/1593 1594/1594 1658/1658
f 1593/1593 1658/1658 1657/1657
f 1594/1594 1595/1595 1659/1659
f 1594/1594 1659/1659 1658/1658
f 1595/1595 1596/1596 1660/1660
f 1595/1595 1660/1660 1659/1659
f 1596/1596 1597/1597 1661/1661
f 1596/1596 1661/1661 1660/1660
f 1597/1597 1598/1598 1662/1662
f 1597/1597 1662/1662 1661/1661
f 1598/1598 1599/1599 1663/1663
f 1598/1598 1663/1663 1662/1662
f 1599/1599 1600/1600 1664/1664
f 1599/1599 1664/1664 1663/1663
f 1601/1601 1602/1602 1666/1666
f 1601/1601 1666/1666 1665/1665
f 1602/1602 1603/1603 1667/1667
f 1602/1602 1667/1667 1666/1666
f 1603/1603 1604/1604 1668/1668
f 1603/1603 1668/1668 1667/1667
f 1604/1604 1605/1605 1669/1669
f 1604/1604 1669/1669 1668/1668
f 1605/1605 1606/1606 1670/1670
f 1605/1605 1670/1670 1669/1669
f 1606/1606 1607/1607 1671/1671
f 1606/1606 1671/1671 1670/1670
f 1607/1607 1608/1608 1672/1672
f 1607/1607 1672/1672 1671/1671
f 1608/1608 1609/1609 1673/1673
f 1608/1608 1673/1673 1672/1672
f 1609/1609 1610/1610 1674/1674
f 1609/1609 1674/1674 1673/1673
f 1610/1610 1611/1611 1675/1675
f 1610/1610 1675/1675 1674/1674
f 1611/1611 1612/1612 1676/1676
f 1611/1611 1676/1676 1675/1675
f 1612/1612 1613/1613 1677/1677
f 1612/1612 1677/1677 1676/1676
f 1613/1613 1614/1614 1678/1678
f 1613/1613 1678/1678 1677/1677
f 1614/1614 1615/1615 1679/1679
f 1614/1614 1679/1679 1678/1678
f 1615/1615 1616/1616 1680/1680
f 1615/1615 1680/1680 1679/1679
f 1616/1616 1617/1617 1681/1681
f 1616/1616 1681/1681 1680/1680
f 1617/1617 1618/1618 1682/1682
f 1617/1617 1682/1682 1681/1681
f 1618/1618 1619/1619 1683/1683
f 1618/1618 1683/1683 1682/1682
f 1619/1619 1620/1620 1684/1684
f 1619/1619 1684/1684 1683/1683
f 1620/1620 1621/1621 1685/1685
f 1620/1620 1685/1685 1684/1684
f 1621/1621 1622/1622 1686/1686
f 1621/1621 1686/1686 1685/1685
f 1622/1622 1623/1623 1687/1687
f 1622/1622 1687/1687 1686/1686
f 1623/1623 1624/1624 1688/1688
f 1623/1623 1688/1688 1687/1687
f 1624/1624 1625/1625 1689/1689
f 1624/1624 1689/1689 1688/1688
f 1625/1625 1626/1626 1690/1690
f 1625/1625 1690/1690 1689/1689
f 1626/1626 1627/1627 1691/1691
f 1626/1626 1691/1691 1690/1690
f 1627/1627 1628/1628 1692/1692
f 1627/1627 1692/1692 1691/1691
f 1628/1628 1629/1629 1693/1693
f 1628/1628 1693/1693 1692/1692
f 1629/1629 1630/1630 1694/1694
f 1629/1629 1694/1694 1693/1693
f 1630/1630 1631/1631 1695/1695
f 1630/1630 1695/1695 1694/1694
f 1631/1631 1632/1632 1696/1696
f 1631/1631 1696/1696 1695/1695
f 1632/1632 1633/1633 1697/1697
f 1632/1632 1697/1697 1696/1696
f 1633/1633 1634/1634 1698/1698
f 1633/1633 1698/1698 1697/1697
f 1634/1634 1635/1635 1699/1699
f 1634/1634 1699/1699 1698/1698
f 1635/1635 1636/1636 1700/1700
f 1635/1635 1700/1700 1699/1699
f 1636/1636 1637/1637 1701/1701
f 1636/1636 1701/1701 1700/1700
f 1637/1637 1638/1638 1702/1702
f 1637/1637 1702/1702 1701/1701
f 1638/1638 1639/1639 1703/1703
f 1638/1638 1703/1703 1702/1702
f 1639/1639 1640/1640 1704/1704
f 1639/1639 1704/1704 1703/1703
f 1640/1640 1641/1641 1705/1705
f 1640/1640 1705/1705 1704/1704
f 1641/1641 1642/1642 1706/1706
f 1641/1641 1706/1706 1705/1705
f 1642/1642 1643/1643 1707/1707
f 1642/1642 1707/1707 1706/1706
f 1643/1643 1644/1644 1708/1708
f 1643/1643 1708/1708 1707/1707
f 1644/1644 1645/1645 1709/1709
f 1644/1644 1709/1709 1708/1708
f 1645/1645 1646/1646 1710/1710
f 1645/1645 1710/1710 1709/1709
f 1646/1646 1647/1647 1711/1711
f 1646/1646 1711/1711 1710/1710
f 1647/1647 1648/1648 1712/1712
f 1647/1647 1712/1712 1711/1711
f 1648/1648 1649/1649 1713/1713
f 1648/1648 1713/1713 1712/1712
f 1649/1649 1650/1650 1714/1714
f 1649/1649 1714/1714 1713/1713
f 1650/1650 1651/1651 1715/1715
f 1650/1650 1715/1715 1714/1714
f 1651/1651 1652/1652 1716/1716
f 1651/1651 1716/1716 1715/1715
f 1652/1652 1653/1653 1717/1717
f 1652/1652 1717/1717 1716/1716
f 1653/1653 1654/1654 1718/1718
f 1653/1653 1718/1718 1717/1717
f 1654/1654 1655/1655 1719/1719
f 1654/1654 1719/1719 1718/1718
f 1655/1655 1656/1656 1720/1720
f 1655/1655 1720/1720 1719/1719
f 1656/1656 1657/1657 1721/1721
f 1656/1656 1721/1721 1720/1720
f 1657/1657 1658/1658 1722/1722
f 1657/1657 1722/1722 1721/1721
f 1658/1658 1659/1659 1723/1723
f 1658/1658 1723/1723 1722/1722
f 1659/1659 1660/1660 1724/1724
f 1659/1659 1724/1724 1723/1723
f 1660/1660 1661/1661 1725/1725
f 1660/1660 1725/1725 1724/1724
f 1661/1661 1662/1662 1726/1726
f 1661/1661 1726/1726 1725/1725
f 1662/1662 1663/1663 1727/1727
f 1662/1662 1727/1727 1726/1726
f 1663/1663 1664/1664 1728/1728
f 1663/1663 1728/1728 1727/1727
f 1665/1665 1666/1666 1730/1730
f 1665/1665 1730/1730 1729/1729
f 1666/1666 1667/1667 1731/1731
f 1666/1666 1731/1731 1730/1730
f 1667/1667 1668/1668 1732/1732
f 1667/1667 1732/1732 1731/1731
f 1668/1668 1669/1669 1733/1733
f 1668/1668 1733/1733 1732/1732
f 1669/1669 1670/1670 1734/1734
f 1669/1669 1734/1734 1733/1733
f 1670/1670 1671/1671 1735/1735
f 1670/1670 1735/1735 1734/1734
f 1671/1671 1672/1672 1736/1736
f 1671/1671 1736/1736 1735/1735
f 1672/1672 1673/1673 1737/1737
f 1672/1672 1737/1737 1736/1736
f 1673/1673 1674/1674 1738/1738
f 1673/1673 1738/1738 1737/1737
f 1674/1674 1675/1675 1739/1739
f 1674/1674 1739/1739 1738/1738
f 1675/1675 1676/1676 1740/1740
f 1675/1675 1740/1740 1739/1739
f 1676/1676 1677/1677 1741/1741
f 1676/1676 1741/1741 1740/1740
f 1677/1677 1678/1678 1742/1742
f 1677/1677 1742/1742 1741/1741
f 1678/1678 1679/1679 1743/1743
f 1678/1678 1743/1743 1742/1742
f 1679/1679 1680/1680 1744/1744
f 1679/1679 1744/1744 1743/1743
f 1680/1680 1681/1681 1745/1745
f 1680/1680 1745/1745 1744/1744
f 1681/1681 1682/1682 1746/1746
f 1681/1681 1746/1746 1745/1745
f 1682/1682 1683/1683 1747/1747
f 1682/1682 1747/1747 1746/1746
f 1683/1683 1684/1684 1748/1748
f 1683/1683 1748/1748 1747/1747
f 1684/1684 1685/1685 1749/1749
f 1684/1684 1749/1749 1748/1748
f 1685/1685 1686/1686 1750/1750
f 1685/1685 1750/1750 1749/1749
f 1686/1686 1687/1687 1751/1751
f 1686/1686 1751/1751 1750/1750
f 1687/1687 1688/1688 1752/1752
f 1687/1687 1752/1752 1751/1751
f 1688/1688 1689/1689 1753/1753
f 1688/1688 1753/1753 1752/1752
f 1689/1689 1690/1690 1754/1754
f 1689/1689 1754/1754 1753/1753
f 1690/1690 1691/1691 1755/1755
f 1690/1690 1755/1755 1754/1754
f 1691/1691 1692/1692 1756/1756
f 1691/1691 1756/1756 1755/1755
f 1692/1692 1693/1693 1757/1757
f 1692/1692 1757/1757 1756/1756
f 1693/1693 1694/1694 1758/1758
f 1693/1693 1758/1758 1757/1757
f 1694/1694 1695/1695 1759/1759
f 1694/1694 1759/1759 1758/1758
f 1695/1695 1696/1696 1760/1760
f 1695/1695 1760/1760 1759/1759
f 1696/1696 1697/1697 1761/1761
f 1696/1696 1761/1761 1760/1760
f 1697/1697 1698/1698 1762/1762
f 1697/1697 1762/1762 1761/1761
f 1698/1698 1699/1699 1763/1763
f 1698/1698 1763/1763 1762/1762
f 1699/1699 1700/1700 1764/1764
f 1699/1699 1764/1764 1763/1763
f 1700/1700 1701/1701 1765/1765
f 1700/1700 1765/1765 1764/1764
f 1701/1701 1702/1702 1766/1766
f 1701/1701 1766/1766 1765/1765
f 1702/1702 1703/1703 1767/1767
f 1702/1702 1767/1767 1766/1766
f 1703/1703 1704/1704 1768/1768
f 1703/1703 1768/1768 1767/1767
f 1704/1704 1705/1705 1769/1769
f 1704/1704 1769/1769 1768/1768
f 1705/1705 1706/1706 1770/1770
f 1705/1705 1770/1770 1769/1769
f 1706/1706 1707/1707 1771/1771
f 1706/1706 1771/1771 1770/1770
f 1707/1707 1708/1708 1772/1772
f 1707/1707 1772/1772 1771/1771
f 1708/1708 1709/1709 1773/1773
f 1708/1708 1773/1773 1772/1772
f 1709/1709 1710/1710 1774/1774
f 1709/1709 1774/1774 1773/1773
f 1710/1710 1711/1711 1775/1775
f 1710/1710 1775/1775 1774/1774
f 1711/1711 1712/1712 1776/1776
f 1711/1711 1776/1776 1775/1775
f 1712/1712 1713/1713 1777/1777
f 1712/1712 1777/1777 1776/1776
f 1713/1713 1714/1714 1778/1778
f 1713/1713 1778/1778 1777/1777
f 1714/1714 1715/1715 1779/1779
f 1714/1714 1779/1779 1778/1778
f 1715/1715 1716/1716 1780/1780
f 1715/1715 1780/1780 1779/1779
f 1716/1716 1717/1717 1781/1781
f 1716/1716 1781/1781 1780/1780
f 1717/1717 1718/1718 1782/1782
f 1717/1717 1782/1782 1781/1781
f 1718/1718 1719/1719 1783/1783
f 1718/1718 1783/1783 1782/1782
f 1719/1719 1720/1720 1784/1784
f 1719/1719 1784/1784 1783/1783
f 1720/1720 1721/1721 1785/1785
f 1720/1720 1785/1785 1784/1784
f 1721/1721 1722/1722 1786/1786
f 1721/1721 1786/1786 1785/1785
f 1722/1722 1723/1723 1787/1787
f 1722/1722 1787/1787 1786/1786
f 1723/1723 1724/1724 1788/1788
f 1723/1723 1788/1788 1787/1787
f 1724/1724 1725/1725 1789/1789
f 1724/1724 1789/1789 1788/1788
f 1725/1725 1726/1726 1790/1790
f 1725/1725 1790/1790 1789/1789
f 1726/1726 1727/1727 1791/1791
f 1726/1726 1791/1791 1790/1790
f 1727/1727 1728/1728 1792/1792
f 1727/1727 1792/1792 1791/1791
f 1729/1729 1730/1730 1794/1794
f 1729/1729 1794/1794 1793/1793
f 1730/1730 1731/1731 1795/1795
f 1730/1730 1795/1795 1794/1794
f 1731/1731 1732/1732 1796/1796
f 1731/1731 1796/1796 1795/1795
f 1732/1732 1733/1733 1797/1797
f 1732/1732 1797/1797 1796/1796
f 1733/1733 1734/1734 1798/1798
f 1733/1733 1798/1798 1797/1797
f 1734/1734 1735/1735 1799/1799
f 1734/1734 1799/1799 1798/1798
f 1735/1735 1736/1736 1800/1800
f 1735/1735 1800/1800 1799/1799
f 1736/1736 1737/1737 1801/1801
f 1736/1736 1801/1801 1800/1800
f 1737/1737 1738/1738 1802/1802
f 1737/1737 1802/1802 1801/1801
f 1738/1738 1739/1739 1803/1803
f 1738/1738 1803/1803 1802/1802
f 1739/1739 1740/1740 1804/1804
f 1739/1739 1804/1804 1803/1803
f 1740/1740 1741/1741 1805/1805
f 1740/1740 1805/1805 1804/1804
f 1741/1741 1742/1742 1806/1806
f 1741/1741 1806/1806 1805/1805
f 1742/1742 1743/1743 1807/1807
f 1742/1742 1807/1807 1806/1806
f 1743/1743 1744/1744 1808/1808
f 1743/1743 1808/1808 1807/1807
f 1744/1744 1745/1745 1809/1809
f 1744/1744 1809/1809 1808/1808
f 1745/1745 1746/1746 1810/1810
f 1745/1745 1810/1810 1809/1809
f 1746/1746 1747/1747 1811/1811
f 1746/1746 1811/1811 1810/1810
f 1747/1747 1748/1748 1812/1812
f 1747/1747 1812/1812 1811/1811
f 1748/1748 1749/1749 1813/1813
f 1748/1748 1813/1813 1812/1812
f 1749/1749 1750/1750 1814/1814
f 1749/1749 1814/1814 1813/1813
f 1750/1750 1751/1751 1815/1815
f 1750/1750 1815/1815 1814/1814
f 1751/1751 1752/1752 1816/1816
f 1751/1751 1816/1816 1815/1815
f 1752/1752 1753/1753 1817/1817
f 1752/1752 1817/1817 1816/1816
f 1753/1753 1754/1754 1818/1818
f 1753/1753 1818/1818 1817/1817
f 1754/1754 1755/1755 1819/1819
f 1754/1754 1819/1819 1818/1818
f 1755/1755 1756/1756 1820/1820
f 1755/1755 1820/1820 1819/1819
f 1756/1756 1757/1757 1821/1821
f 1756/1756 1821/1821 1820/1820
f 1757/1757 1758/1758 1822/1822
f 1757/1757 1822/1822 1821/1821
f 1758/1758 1759/1759 1823/1823
f 1758/1758 1823/1823 1822/1822
f 1759/1759 1760/1760 1824/1824
f 1759/1759 1824/1824 1823/1823
f 1760/1760 1761/1761 1825/1825
f 1760/1760 1825/1825 1824/1824
f 1761/1761 1762/1762 1826/1826
f 1761/1761 1826/1826 1825/1825
f 1762/1762 1763/1763 1827/1827
f 1762/1762 1827/1827 1826/1826
f 1763/1763 1764/1764 1828/1828
f 1763/1763 1828/1828 1827/1827
f 1764/1764 1765/1765 1829/1829
f 1764/1764 1829/1829 1828/1828
f 1765/1765 1766/1766 1830/1830
f 1765/1765 1830/1830 1829/1829
f 1766/1766 1767/1767 1831/1831
f 1766/1766 1831/1831 1830/1830
f 1767/1767 1768/1768 1832/1832
f 1767/1767 1832/1832 1831/1831
f 1768/1768 1769/1769 1833/1833
f 1768/1768 1833/1833 1832/1832
f 1769/1769 1770/1770 1834/1834
f 1769/1769 1834/1834 1833/1833
f 1770/1770 1771/1771 1835/1835
f 1770/1770 1835/1835 1834/1834
f 1771/1771 1772/1772 1836/1836
f 1771/1771 1836/1836 1835/1835
f 1772/1772 1773/1773 1837/1837
f 1772/1772 1837/1837 1836/1836
f 1773/1773 1774/1774 1838/1838
f 1773/1773 1838/1838 1837/1837
f 1774/1774 1775/1775 1839/1839
f 1774/1774 1839/1839 1838/1838
f 1775/1775 1776/1776 1840/1840
f 1775/1775 1840/1840 1839/1839
f 1776/1776 1777/1777 1841/1841
f 1776/1776 1841/1841 1840/1840
f 1777/1777 1778/1778 1842/1842
f 1777/1777 1842/1842 1841/1841
f 1778/1778 1779/1779 1843/1843
f 1778/1778 1843/1843 1842/1842
f 1779/1779 1780/1780 1844/1844
f 1779/1779 1844/1844 1843/1843
f 1780/1780 1781/1781 1845/1845
f 1780/1780 1845/1845 1844/1844
f 1781/1781 1782/1782 1846/1846
f 1781/1781 1846/1846 1845/1845
f 1782/1782 1783/1783 1847/1847
f 1782/1782 1847/1847 1846/1846
f 1783/1783 1784/1784 1848/1848
f 1783/1783 1848/1848 1847/1847
f 1784/1784 1785/1785 1849/1849
f 1784/1784 1849/1849 1848/1848
f 1785/1785 1786/1786 1850/1850
f 1785/1785 1850/1850 1849/1849
f 1786/1786 1787/1787 1851/1851
f 1786/1786 1851/1851 1850/1850
f 1787/1787 1788/1788 1852/1852
f 1787/1787 1852/1852 1851/1851
f 1788/1788 1789/1789 1853/1853
f 1788/1788 1853/1853 1852/1852
f 1789/1789 1790/1790 1854/1854
f 1789/1789 1854/1854 1853/1853
f 1790/1790 1791/1791 1855/1855
f 1790/1790 1855/1855 1854/1854
f 1791/1791 1792/1792 1856/1856
f 1791/1791 1856/1856 1855/1855
f 1793/1793 1794/1794 1858/1858
f 1793/1793 1858/1858 1857/1857
f 1794/1794 1795/1795 1859/1859
f 1794/1794 1859/1859 1858/1858
f 1795/1795 1796/1796 1860/1860
f 1795/1795 1860/1860 1859/1859
f 1796/1796 1797/1797 1861/1861
f 1796/1796 1861/1861 1860/1860
f 1797/1797 1798/1798 1862/1862
f 1797/1797 1862/1862 1861/1861
f 1798/1798 1799/1799 1863/1863
f 1798/1798 1863/1863 1862/1862
f 1799/1799 1800/1800 1864/1864
f 1799/1799 1864/1864 1863/1863
f 1800/1800 1801/1801 1865/1865
f 1800/1800 1865/1865 1864/1864
f 1801/1801 1802/1802 1866/1866
f 1801/1801 1866/1866 1865/1865
f 1802/1802 1803/1803 1867/1867
f 1802/1802 1867/1867 1866/1866
f 1803/1803 1804/1804 1868/1868
f 1803/1803 1868/1868 1867/1867
f 1804/1804 1805/1805 1869/1869
f 1804/1804 1869/1869 1868/1868
f 1805/1805 1806/1806 1870/1870
f 1805/1805 1870/1870 1869/1869
f 1806/1806 1807/1807 1871/1871
f 1806/1806 1871/1871 1870/1870
f 1807/1807 1808/1808 1872/1872
f 1807/1807 1872/1872 1871/1871
f 1808/1808 1809/1809 1873/1873
f 1808/1808 1873/1873 1872/1872
f 1809/1809 1810/1810 1874/1874
f 1809/1809 1874/1874 1873/1873
f 1810/1810 1811/1811 1875/1875
f 1810/1810 1875/1875 1874/1874
f 1811/1811 1812/1812 1876/1876
f 1811/1811 1876/1876 1875/1875
f 1812/1812 1813/1813 1877/1877
f 1812/1812 1877/1877 1876/1876
f 1813/1813 1814/1814 1878/1878
f 1813/1813 1878/1878 1877/1877
f 1814/1814 1815/1815 1879/1879
f 1814/1814 1879/1879 1878/1878
f 1815/1815 1816/1816 1880/1880
f 1815/1815 1880/1880 1879/1879
f 1816/1816 1817/1817 1881/1881
f 1816/1816 1881/1881 1880/1880
f 1817/1817 1818/1818 1882/1882
f 1817/1817 1882/1882 1881/1881
f 1818/1818 1819/1819 1883/1883
f 1818/1818 1883/1883 1882/1882
f 1819/1819 1820/1820 1884/1884
f 1819/1819 1884/1884 1883/1883
f 1820/1820 1821/1821 1885/1885
f 1820/1820 1885/1885 1884/1884
f 1821/1821 1822/1822 1886/1886
f 1821/1821 1886/1886 1885/1885
f 1822/1822 1823/1823 1887/1887
f 1822/1822 1887/1887 1886/1886
f 1823/1823 1824/1824 1888/1888
f 1823/1823 1888/1888 1887/1887
f 1824/1824 1825/1825 1889/1889
f 1824/1824 1889/1889 1888/1888
f 1825/1825 1826/1826 1890/1890
f 1825/1825 1890/1890 1889/1889
f 1826/1826 1827/1827 1891/1891
f 1826/1826 1891/1891 1890/1890
f 1827/1827 1828/1828 1892/1892
f 1827/1827 1892/1892 1891/1891
f 1828/1828 1829/1829 1893/1893
f 1828/1828 1893/1893 1892/1892
f 1829/1829 1830/1830 1894/1894
f 1829/1829 1894/1894 1893/1893
f 1830/1830 1831/1831 1895/1895
f 1830/1830 1895/1895 1894/1894
f 1831/1831 1832/1832 1896/1896
f 1831/1831 1896/1896 1895/1895
f 1832/1832 1833/1833 1897/1897
f 1832/1832 1897/1897 1896/1896
f 1833/1833 1834/1834 1898/1898
f 1833/1833 1898/1898 1897/1897
f 1834/1834 1835/1835 1899/1899
f 1834/1834 1899/1899 1898/1898
f 1835/1835 1836/1836 1900/1900
f 1835/1835 1900/1900 1899/1899
f 1836/1836 1837/1837 1901/1901
f 1836/1836 1901/1901 1900/1900
f 1837/1837 1838/1838 1902/1902
f 1837/1837 1902/1902 1901/1901
f 1838/1838 1839/1839 1903/1903
f 1838/1838 1903/1903 1902/1902
f 1839/1839 1840/1840 1904/1904
f 1839/1839 1904/1904 1903/1903
f 1840/1840 1841/1841 1905/1905
f 1840/1840 1905/1905 1904/1904
f 1841/1841 1842/1842 1906/1906
f 1841/1841 1906/1906 1905/1905
f 1842/1842 1843/1843 1907/1907
f 1842/1842 1907/1907 1906/1906
f 1843/1843 1844/1844 1908/1908
f 1843/1843 1908/1908 1907/1907
f 1844/1844 1845/1845 1909/1909
f 1844/1844 1909/1909 1908/1908
f 1845/1845 1846/1846 1910/1910
f 1845/1845 1910/1910 1909/1909
f 1846/1846 1847/1847 1911/1911
f 1846/1846 1911/1911 1910/1910
f 1847/1847 1848/1848 1912/1912
f 1847/1847 1912/1912 1911/1911
f 1848/1848 1849/1849 1913/1913
f 1848/1848 1913/1913 1912/1912
f 1849/1849 1850/1850 1914/1914
f 1849/1849 1914/1914 1913/1913
f 1850/1850 1851/1851 1915/1915
f 1850/1850 1915/1915 1914/1914
f 1851/1851 1852/1852 1916/1916
f 1851/1851 1916/1916 1915/1915
f 1852/1852 1853/1853 1917/1917
f 1852/1852 1917/1917 1916/1916
f 1853/1853 1854/1854 1918/1918
f 1853/1853 1918/1918 1917/1917
f 1854/1854 1855/1855 1919/1919
f 1854/1854 1919/1919 1918/1918
f 1855/1855 1856/1856 1920/1920
f 1855/1855 1920/1920 1919/1919
f 1857/1857 1858/1858 1922/1922
f 1857/1857 1922/1922 1921/1921
f 1858/1858 1859/1859 1923/1923
f 1858/1858 1923/1923 1922/1922
f 1859/1859 1860/1860 1924/1924
f 1859/1859 1924/1924 1923/1923
f 1860/1860 1861/1861 1925/1925
f 1860/1860 1925/1925 1924/1924
f 1861/1861 1862/1862 1926/1926
f 1861/1861 1926/1926 1925/1925
f 1862/1862 1863/1863 1927/1927
f 1862/1862 1927/1927 1926/1926
f 1863/1863 1864/1864 1928/1928
f 1863/1863 1928/1928 1927/1927
f 1864/1864 1865/1865 1929/1929
f 1864/1864 1929/1929 1928/1928
f 1865/1865 1866/1866 1930/1930
f 1865/1865 1930/1930 1929/1929
f 1866/1866 1867/1867 1931/1931
f 1866/1866 1931/1931 1930/1930
f 1867/1867 1868/1868 1932/1932
f 1867/1867 1932/1932 1931/1931
f 1868/1868 1869/1869 1933/1933
f 1868/1868 1933/1933 1932/1932
f 1869/1869 1870/1870 1934/1934
f 1869/1869 1934/1934 1933/1933
f 1870/1870 1871/1871 1935/1935
f 1870/1870 1935/1935 1934/1934
f 1871/1871 1872/1872 1936/1936
f 1871/1871 1936/1936 1935/1935
f 1872/1872 1873/1873 1937/1937
f 1872/1872 1937/1937 1936/1936
f 1873/1873 1874/1874 1938/1938
f 1873/1873 1938/1938 1937/1937
f 1874/1874 1875/1875 1939/1939
f 1874/1874 1939/1939 1938/1938
f 1875/1875 1876/1876 1940/1940
f 1875/1875 1940/1940 1939/1939
f 1876/1876 1877/1877 1941/1941
f 1876/1876 1941/1941 1940/1940
f 1877/1877 1878/1878 1942/1942
f 1877/1877 1942/1942 1941/1941
f 1878/1878 1879/1879 1943/1943
f 1878/1878 1943/1943 1942/1942
f 1879/1879 1880/1880 1944/1944
f 1879/1879 1944/1944 1943/1943
f 1880/1880 1881/1881 1945/1945
f 1880/1880 1945/1945 1944/1944
f 1881/1881 1882/1882 1946/1946
f 1881/1881 1946/1946 1945/1945
f 1882/1882 1883/1883 1947/1947
f 1882/1882 1947/1947 1946/1946
f 1883/1883 1884/1884 1948/1948
f 1883/1883 1948/1948 1947/1947
f 1884/1884 1885/1885 1949/1949
f 1884/1884 1949/1949 1948/1948
f 1885/1885 1886/1886 1950/1950
f 1885/1885 1950/1950 1949/1949
f 1886/1886 1887/1887 1951/1951
f 1886/1886 1951/1951 1950/1950
f 1887/1887 1888/1888 1952/1952
f 1887/1887 1952/1952 1951/1951
f 1888/1888 1889/1889 1953/1953
f 1888/1888 1953/1953 1952/1952
f 1889/1889 1890/1890 1954/1954
f 1889/1889 1954/1954 1953/1953
f 1890/1890 1891/1891 1955/1955
f 1890/1890 1955/1955 1954/1954
f 1891/1891 1892/1892 1956/1956
f 1891/1891 1956/1956 1955/1955
f 1892/1892 1893/1893 1957/1957
f 1892/1892 1957/1957 1956/1956
f 1893/1893 1894/1894 1958/1958
f 1893/1893 1958/1958 1957/1957
f 1894/1894 1895/1895 1959/1959
f 1894/1894 1959/1959 1958/1958
f 1895/1895 1896/1896 1960/1960
f 1895/1895 1960/1960 1959/1959
f 1896/1896 1897/1897 1961/1961
f 1896/1896 1961/1961 1960/1960
f 1897/1897 1898/1898 1962/1962
f 1897/1897 1962/1962 1961/1961
f 1898/1898 1899/1899 1963/1963
f 1898/1898 1963/1963 1962/1962
f 1899/1899 1900/1900 1964/1964
f 1899/1899 1964/1964 1963/1963
f 1900/1900 1901/1901 1965/1965
f 1900/1900 1965/1965 1964/1964
f 1901/1901 1902/1902 1966/1966
f 1901/1901 1966/1966 1965/1965
f 1902/1902 1903/1903 1967/1967
f 1902/1902 1967/1967 1966/1966
f 1903/1903 1904/1904 1968/1968
f 1903/1903 1968/1968 1967/1967
f 1904/1904 1905/1905 1969/1969
f 1904/1904 1969/1969 1968/1968
f 1905/1905 1906/1906 1970/1970
f 1905/1905 1970/1970 1969/1969
f 1906/1906 1907/1907 1971/1971
f 1906/1906 1971/1971 1970/1970
f 1907/1907 1908/1908 1972/1972
f 1907/1907 1972/1972 1971/1971
f 1908/1908 1909/1909 1973/1973
f 1908/1908 1973/1973 1972/1972
f 1909/1909 1910/1910 1974/1974
f 1909/1909 1974/1974 1973/1973
f 1910/1910 1911/1911 1975/1975
f 1910/1910 1975/1975 1974/1974
f 1911/1911 1912/1912 1976/1976
f 1911/1911 1976/1976 1975/1975
f 1912/1912 1913/1913 1977/1977
f 1912/1912 1977/1977 1976/1976
f 1913/1913 1914/1914 1978/1978
f 1913/1913 1978/1978 1977/1977
f 1914/1914 1915/1915 1979/1979
f 1914/1914 1979/1979 1978/1978
f 1915/1915 1916/1916 1980/1980
f 1915/1915 1980/1980 1979/1979
f 1916/1916 1917/1917 1981/1981
f 1916/1916 1981/1981 1980/1980
f 1917/1917 1918/1918 1982/1982
f 1917/1917 1982/1982 1981/1981
f 1918/1918 1919/1919 1983/1983
f 1918/1918 1983/1983 1982/1982
f 1919/1919 1920/1920 1984/1984
f 1919/1919 1984/1984 1983/1983
f 1921/1921 1922/1922 1986/1986
f 1921/1921 1986/1986 1985/1985
f 1922/1922 1923/1923 1987/1987
f 1922/1922 1987/1987 1986/1986
f 1923/1923 1924/1924 1988/1988
f 1923/1923 1988/1988 1987/1987
f 1924/1924 1925/1925 1989/1989
f 1924/1924 1989/1989 1988/1988
f 1925/1925 1926/1926 1990/1990
f 1925/1925 1990/1990 1989/1989
f 1926/1926 1927/1927 1991/1991
f 1926/1926 1991/1991 1990/1990
f 1927/1927 1928/1928 1992/1992
f 1927/1927 1992/1992 1991/1991
f 1928/1928 1929/1929 1993/1993
f 1928/1928 1993/1993 1992/1992
f 1929/1929 1930/1930 1994/1994
f 1929/1929 1994/1994 1993/1993
f 1930/1930 1931/1931 1995/1995
f 1930/1930 1995/1995 1994/1994
f 1931/1931 1932/1932 1996/1996
f 1931/1931 1996/1996 1995/1995
f 1932/1932 1933/1933 1997/1997
f 1932/1932 1997/1997 1996/1996
f 1933/1933 1934/1934 1998/1998
f 1933/1933 1998/1998 1997/1997
f 1934/1934 1935/1935 1999/1999
f 1934/1934 1999/1999 1998/1998
f 1935/1935 1936/1936 2000/2000
f 1935/1935 2000/2000 1999/1999
f 1936/1936 1937/1937 2001/2001
f 1936/1936 2001/2001 2000/2000
f 1937/1937 1938/1938 2002/2002
f 1937/1937 2002/2002 2001/2001
f 1938/1938 1939/1939 2003/2003
f 1938/1938 2003/2003 2002/2002
f 1939/1939 1940/1940 2004/2004
f 1939/1939 2004/2004 2003/2003
f 1940/1940 1941/1941 2005/2005
f 1940/1940 2005/2005 2004/2004
f 1941/1941 1942/1942 2006/2006
f 1941/1941 2006/2006 2005/2005
f 1942/1942 1943/1943 2007/2007
f 1942/1942 2007/2007 2006/2006
f 1943/1943 1944/1944 2008/2008
f 1943/1943 2008/2008 2007/2007
f 1944/1944 1945/1945 2009/2009
f 1944/1944 2009/2009 2008/2008
f 1945/1945 1946/1946 2010/2010
f 1945/1945 2010/2010 2009/2009
f 1946/1946 1947/1947 2011/2011
f 1946/1946 2011/2011 2010/2010
f 1947/1947 1948/1948 2012/2012
f 1947/1947 2012/2012 2011/2011
f 1948/1948 1949/1949 2013/2013
f 1948/1948 2013/2013 2012/2012
f 1949/1949 1950/1950 2014/2014
f 1949/1949 2014/2014 2013/2013
f 1950/1950 1951/1951 2015/2015
f 1950/1950 2015/2015 2014/2014
f 1951/1951 1952/1952 2016/2016
f 1951/1951 2016/2016 2015/2015
f 1952/1952 1953/1953 2017/2017
f 1952/1952 2017/2017 2016/2016
f 1953/1953 1954/1954 2018/2018
f 1953/1953 2018/2018 2017/2017
f 1954/1954 1955/1955 2019/2019
f 1954/1954 2019/2019 2018/2018
f 1955/1955 1956/1956 2020/2020
f 1955/1955 2020/2020 2019/2019
f 1956/1956 1957/1957 2021/2021
f 1956/1956 2021/2021 2020/2020
f 1957/1957 1958/1958 2022/2022
f 1957/1957 2022/2022 2021/2021
f 1958/1958 1959/1959 2023/2023
f 1958/1958 2023/2023 2022/2022
f 1959/1959 1960/1960 2024/2024
f 1959/1959 2024/2024 2023/2023
f 1960/1960 1961/1961 2025/2025
f 1960/1960 2025/2025 2024/2024
f 1961/1961 1962/1962 2026/2026
f 1961/1961 2026/2026 2025/2025
f 1962/1962 1963/1963 2027/2027
f 1962/1962 2027/2027 2026/2026
f 1963/1963 1964/1964 2028/2028
f 1963/1963 2028/2028 2027/2027
f 1964/1964 1965/1965 2029/2029
f 1964/1964 2029/2029 2028/2028
f 1965/1965 1966/1966 2030/2030
f 1965/1965 2030/2030 2029/2029
f 1966/1966 1967/1967 2031/2031
f 1966/1966 2031/2031 2030/2030
f 1967/1967 1968/1968 2032/2032
f 1967/1967 2032/2032 2031/2031
f 1968/1968 1969/1969 2033/2033
f 1968/1968 2033/2033 2032/2032
f 1969/1969 1970/1970 2034/2034
f 1969/1969 2034/2034 2033/2033
f 1970/1970 1971/1971 2035/2035
f 1970/1970 2035/2035 2034/2034
f 1971/1971 1972/1972 2036/2036
f 1971/1971 2036/2036 2035/2035
f 1972/1972 1973/1973 2037/2037
f 1972/1972 2037/2037 2036/2036
f 1973/1973 1974/1974 2038/2038
f 1973/1973 2038/2038 2037/2037
f 1974/1974 1975/1975 2039/2039
f 1974/1974 2039/2039 2038/2038
f 1975/1975 1976/1976 2040/2040
f 1975/1975 2040/2040 2039/2039
f 1976/1976 1977/1977 2041/2041
f 1976/1976 2041/2041 2040/2040
f 1977/1977 1978/1978 2042/2042
f 1977/1977 2042/2042 2041/2041
f 1978/1978 1979/1979 2043/2043
f 1978/1978 2043/2043 2042/2042
f 1979/1979 1980/1980 2044/2044
f 1979/1979 2044/2044 2043/2043
f 1980/1980 1981/1981 2045/2045
f 1980/1980 2045/2045 2044/2044
f 1981/1981 1982/1982 2046/2046
f 1981/1981 2046/2046 2045/2045
f 1982/1982 1983/1983 2047/2047
f 1982/1982 2047/2047 2046/2046
f 1983/1983 1984/1984 2048/2048
f 1983/1983 2048/2048 2047/2047
f 1985/1985 1986/1986 2050/2050
f 1985/1985 2050/2050 2049/2049
f 1986/1986 1987/1987 2051/2051
f 1986/1986 2051/2051 2050/2050
f 1987/1987 1988/1988 2052/2052
f 1987/1987 2052/2052 2051/2051
f 1988/1988 1989/1989 2053/2053
f 1988/1988 2053/2053 2052/2052
f 1989/1989 1990/1990 2054/2054
f 1989/1989 2054/2054 2053/2053
f 1990/1990 1991/1991 2055/2055
f 1990/1990 2055/2055 2054/2054
f 1991/1991 1992/1992 2056/2056
f 1991/1991 2056/2056 2055/2055
f 1992/1992 1993/1993 2057/2057
f 1992/1992 2057/2057 2056/2056
f 1993/1993 1994/1994 2058/2058
f 1993/1993 2058/2058 2057/2057
f 1994/1994 1995/1995 2059/2059
f 1994/1994 2059/2059 2058/2058
f 1995/1995 1996/1996 2060/2060
f 1995/1995 2060/2060 2059/2059
f 1996/1996 1997/1997 2061/2061
f 1996/1996 2061/2061 2060/2060
f 1997/1997 1998/1998 2062/2062
f 1997/1997 2062/2062 2061/2061
f 1998/1998 1999/1999 2063/2063
f 1998/1998 2063/2063 2062/2062
f 1999/1999 2000/2000 2064/2064
f 1999/1999 2064/2064 2063/2063
f 2000/2000 2001/2001 2065/2065
f 2000/2000 2065/2065 2064/2064
f 2001/2001 2002/2002 2066/2066
f 2001/2001 2066/2066 2065/2065
f 2002/2002 2003/2003 2067/2067
f 2002/2002 2067/2067 2066/2066
f 2003/2003 2004/2004 2068/2068
f 2003/2003 2068/2068 2067/2067
f 2004/2004 2005/2005 2069/2069
f 2004/2004 2069/2069 2068/2068
f 2005/2005 2006/2006 2070/2070
f 2005/2005 2070/2070 2069/2069
f 2006/2006 2007/2007 2071/2071
f 2006/2006 2071/2071 2070/2070
f 2007/2007 2008/2008 2072/2072
f 2007/2007 2072/2072 2071/2071
f 2008/2008 2009/2009 2073/2073
f 2008/2008 2073/2073 2072/2072
f 2009/2009 2010/2010 2074/2074
f 2009/2009 2074/2074 2073/2073
f 2010/2010 2011/2011 2075/2075
f 2010/2010 2075/2075 2074/2074
f 2011/2011 2012/2012 2076/2076
f 2011/2011 2076/2076 2075/2075
f 2012/2012 2013/2013 2077/2077
f 2012/2012 2077/2077 2076/2076
f 2013/2013 2014/2014 2078/2078
f 2013/2013 2078/2078 2077/2077
f 2014/2014 2015/2015 2079/2079
f 2014/2014 2079/2079 2078/2078
f 2015/2015 2016/2016 2080/2080
f 2015/2015 2080/2080 2079/2079
f 2016/2016 2017/2017 2081/2081
f 2016/2016 2081/2081 2080/2080
f 2017/2017 2018/2018 2082/2082
f 2017/2017 2082/2082 2081/2081
f 2018/2018 2019/2019 2083/2083
f 2018/2018 2083/2083 2082/2082
f 2019/2019 2020/2020 2084/2084
f 2019/2019 2084/2084 2083/2083
f 2020/2020 2021/2021 2085/2085
f 2020/2020 2085/2085 2084/2084
f 2021/2021 2022/2022 2086/2086
f 2021/2021 2086/2086 2085/2085
f 2022/2022 2023/2023 2087/2087
f 2022/2022 2087/2087 2086/2086
f 2023/2023 2024/2024 2088/2088
f 2023/2023 2088/2088 2087/2087
f 2024/2024 2025/2025 2089/2089
f 2024/2024 2089/2089 2088/2088
f 2025/2025 2026/2026 2090/2090
f 2025/2025 2090/2090 2089/2089
f 2026/2026 2027/2027 2091/2091
f 2026/2026 2091/2091 2090/2090
f 2027/2027 2028/2028 2092/2092
f 2027/2027 2092/2092 2091/2091
f 2028/2028 2029/2029 2093/2093
f 2028/2028 2093/2093 2092/2092
f 2029/2029 2030/2030 2094/2094
f 2029/2029 2094/2094 2093/2093
f 2030/2030 2031/2031 2095/2095
f 2030/2030 2095/2095 2094/2094
f 2031/2031 2032/2032 2096/2096
f 2031/2031 2096/2096 2095/2095
f 2032/2032 2033/2033 2097/2097
f 2032/2032 2097/2097 2096/2096
f 2033/2033 2034/2034 2098/2098
f 2033/2033 2098/2098 2097/2097
f 2034/2034 2035/2035 2099/2099
f 2034/2034 2099/2099 2098/2098
f 2035/2035 2036/2036 2100/2100
f 2035/2035 2100/2100 2099/2099
f 2036/2036 2037/2037 2101/2101
f 2036/2036 2101/2101 2100/2100
f 2037/2037 2038/2038 2102/2102
f 2037/2037 2102/2102 2101/2101
f 2038/2038 2039/2039 2103/2103
f 2038/2038 2103/2103 2102/2102
f 2039/2039 2040/2040 2104/2104
f 2039/2039 2104/2104 2103/2103
f 2040/2040 2041/2041 2105/2105
f 2040/2040 2105/2105 2104/2104
f 2041/2041 2042/2042 2106/2106
f 2041/2041 2106/2106 2105/2105
f 2042/2042 2043/2043 2107/2107
f 2042/2042 2107/2107 2106/2106
f 2043/2043 2044/2044 2108/2108
f 2043/2043 2108/2108 2107/2107
f 2044/2044 2045/2045 2109/2109
f 2044/2044 2109/2109 2108/2108
f 2045/2045 2046/2046 2110/2110
f 2045/2045 2110/2110 2109/2109
f 2046/2046 2047/2047 2111/2111
f 2046/2046 2111/2111 2110/2110
f 2047/2047 2048/2048 2112/2112
f 2047/2047 2112/2112 2111/2111
f 2049/2049 2050/2050 2114/2114
f 2049/2049 2114/2114 2113/2113
f 2050/2050 2051/2051 2115/2115
f 2050/2050 2115/2115 2114/2114
f 2051/2051 2052/2052 2116/2116
f 2051/2051 2116/2116 2115/2115
f 2052/2052 2053/2053 2117/2117
f 2052/2052 2117/2117 2116/2116
f 2053/2053 2054/2054 2118/2118
f 2053/2053 2118/2118 2117/2117
f 2054/2054 2055/2055 2119/2119
f 2054/2054 2119/2119 2118/2118
f 2055/2055 2056/2056 2120/2120
f 2055/2055 2120/2120 2119/2119
f 2056/2056 2057/2057 2121/2121
f 2056/2056 2121/2121 2120/2120
f 2057/2057 2058/2058 2122/2122
f 2057/2057 2122/2122 2121/2121
f 2058/2058 2059/2059 2123/2123
f 2058/2058 2123/2123 2122/2122
f 2059/2059 2060/2060 2124/2124
f 2059/2059 2124/2124 2123/2123
f 2060/2060 2061/2061 2125/2125
f 2060/2060 2125/2125 2124/2124
f 2061/2061 2062/2062 2126/2126
f 2061/2061 2126/2126 2125/2125
f 2062/2062 2063/2063 2127/2127
f 2062/2062 2127/2127 2126/2126
f 2063/2063 2064/2064 2128/2128
f 2063/2063 2128/2128 2127/2127
f 2064/2064 2065/2065 2129/2129
f 2064/2064 2129/2129 2128/2128
f 2065/2065 2066/2066 2130/2130
f 2065/2065 2130/2130 2129/2129
f 2066/2066 2067/2067 2131/2131
f 2066/2066 2131/2131 2130/2130
f 2067/2067 2068/2068 2132/2132
f 2067/2067 2132/2132 2131/2131
f 2068/2068 2069/2069 2133/2133
f 2068/2068 2133/2133 2132/2132
f 2069/2069 2070/2070 2134/2134
f 2069/2069 2134/2134 2133/2133
f 2070/2070 2071/2071 2135/2135
f 2070/2070 2135/2135 2134/2134
f 2071/2071 2072/2072 2136/2136
f 2071/2071 2136/2136 2135/2135
f 2072/2072 2073/2073 2137/2137
f 2072/2072 2137/2137 2136/2136
f 2073/2073 2074/2074 2138/2138
f 2073/2073 2138/2138 2137/2137
f 2074/2074 2075/2075 2139/2139
f 2074/2074 2139/2139 2138/2138
f 2075/2075 2076/2076 2140/2140
f 2075/2075 2140/2140 2139/2139
f 2076/2076 2077/2077 2141/2141
f 2076/2076 2141/2141 2140/2140
f 2077/2077 2078/2078 2142/2142
f 2077/2077 2142/2142 2141/2141
f 2078/2078 2079/2079 2143/2143
f 2078/2078 2143/2143 2142/2142
f 2079/2079 2080/2080 2144/2144
f 2079/2079 2144/2144 2143/2143
f 2080/2080 2081/2081 2145/2145
f 2080/2080 2145/2145 2144/2144
f 2081/2081 2082/2082 2146/2146
f 2081/2081 2146/2146 2145/2145
f 2082/2082 2083/2083 2147/2147
f 2082/2082 2147/2147 2146/2146
f 2083/2083 2084/2084 2148/2148
f 2083/2083 2148/2148 2147/2147
f 2084/2084 2085/2085 2149/2149
f 2084/2084 2149/2149 2148/2148
f 2085/2085 2086/2086 2150/2150
f 2085/2085 2150/2150 2149/2149
f 2086/2086 2087/2087 2151/2151
f 2086/2086 2151/2151 2150/2150
f 2087/2087 2088/2088 2152/2152
f 2087/2087 2152/2152 2151/2151
f 2088/2088 2089/2089 2153/2153
f 2088/2088 2153/2153 2152/2152
f 2089/2089 2090/2090 2154/2154
f 2089/2089 2154/2154 2153/2153
f 2090/2090 2091/2091 2155/2155
f 2090/2090 2155/2155 2154/2154
f 2091/2091 2092/2092 2156/2156
f 2091/2091 2156/2156 2155/2155
f 2092/2092 2093/2093 2157/2157
f 2092/2092 2157/2157 2156/2156
f 2093/2093 2094/2094 2158/2158
f 2093/2093 2158/2158 2157/2157
f 2094/2094 2095/2095 2159/2159
f 2094/2094 2159/2159 2158/2158
f 2095/2095 2096/2096 2160/2160
f 2095/2095 2160/2160 2159/2159
f 2096/2096 2097/2097 2161/2161
f 2096/2096 2161/2161 2160/2160
f 2097/2097 2098/2098 2162/2162
f 2097/2097 2162/2162 2161/2161
f 2098/2098 2099/2099 2163/2163
f 2098/2098 2163/2163 2162/2162
f 2099/2099 2100/2100 2164/2164
f 2099/2099 2164/2164 2163/2163
f 2100/2100 2101/2101 2165/2165
f 2100/2100 2165/2165 2164/2164
f 2101/2101 2102/2102 2166/2166
f 2101/2101 2166/2166 2165/2165
f 2102/2102 2103/2103 2167/2167
f 2102/2102 2167/2167 2166/2166
f 2103/2103 2104/2104 2168/2168
f 2103/2103 2168/2168 2167/2167
f 2104/2104 2105/2105 2169/2169
f 2104/2104 2169/2169 2168/2168
f 2105/2105 2106/2106 2170/2170
f 2105/2105 2170/2170 2169/2169
f 2106/2106 2107/2107 2171/2171
f 2106/2106 2171/2171 2170/2170
f 2107/2107 2108/2108 2172/2172
f 2107/2107 2172/2172 2171/2171
f 2108/2108 2109/2109 2173/2173
f 2108/2108 2173/2173 2172/2172
f 2109/2109 2110/2110 2174/2174
f 2109/2109 2174/2174 2173/2173
f 2110/2110 2111/2111 2175/2175
f 2110/2110 2175/2175 2174/2174
f 2111/2111 2112/2112 2176/2176
f 2111/2111 2176/2176 2175/2175
f 2113/2113 2114/2114 2178/2178
f 2113/2113 2178/2178 2177/2177
f 2114/2114 2115/2115 2179/2179
f 2114/2114 2179/2179 2178/2178
f 2115/2115 2116/2116 2180/2180
f 2115/2115 2180/2180 2179/2179
f 2116/2116 2117/2117 2181/2181
f 2116/2116 2181/2181 2180/2180
f 2117/2117 2118/2118 2182/2182
f 2117/2117 2182/2182 2181/2181
f 2118/2118 2119/2119 2183/2183
f 2118/2118 2183/2183 2182/2182
f 2119/2119 2120/2120 2184/2184
f 2119/2119 2184/2184 2183/2183
f 2120/2120 2121/2121 2185/2185
f 2120/2120 2185/2185 2184/2184
f 2121/2121 2122/2122 2186/2186
f 2121/2121 2186/2186 2185/2185
f 2122/2122 2123/2123 2187/2187
f 2122/2122 2187/2187 2186/2186
f 2123/2123 2124/2124 2188/2188
f 2123/2123 2188/2188 2187/2187
f 2124/2124 2125/2125 2189/2189
f 2124/2124 2189/2189 2188/2188
f 2125/2125 2126/2126 2190/2190
f 2125/2125 2190/2190 2189/2189
f 2126/2126 2127/2127 2191/2191
f 2126/2126 2191/2191 2190/2190
f 2127/2127 2128/2128 2192/2192
f 2127/2127 2192/2192 2191/2191
f 2128/2128 2129/2129 2193/2193
f 2128/2128 2193/2193 2192/2192
f 2129/2129 2130/2130 2194/2194
f 2129/2129 2194/2194 2193/2193
f 2130/2130 2131/2131 2195/2195
f 2130/2130 2195/2195 2194/2194
f 2131/2131 2132/2132 2196/2196
f 2131/2131 2196/2196 2195/2195
f 2132/2132 2133/2133 2197/2197
f 2132/2132 2197/2197 2196/2196
f 2133/2133 2134/2134 2198/2198
f 2133/2133 2198/2198 2197/2197
f 2134/2134 2135/2135 2199/2199
f 2134/2134 2199/2199 2198/2198
f 2135/2135 2136/2136 2200/2200
f 2135/2135 2200/2200 2199/2199
f 2136/2136 2137/2137 2201/2201
f 2136/2136 2201/2201 2200/2200
f 2137/2137 2138/2138 2202/2202
f 2137/2137 2202/2202 2201/2201
f 2138/2138 2139/2139 2203/2203
f 2138/2138 2203/2203 2202/2202
f 2139/2139 2140/2140 2204/2204
f 2139/2139 2204/2204 2203/2203
f 2140/2140 2141/2141 2205/2205
f 2140/2140 2205/2205 2204/2204
f 2141/2141 2142/2142 2206/2206
f 2141/2141 2206/2206 2205/2205
f 2142/2142 2143/2143 2207/2207
f 2142/2142 2207/2207 2206/2206
f 2143/2143 2144/2144 2208/2208
f 2143/2143 2208/2208 2207/2207
f 2144/2144 2145/2145 2209/2209
f 2144/2144 2209/2209 2208/2208
f 2145/2145 2146/2146 2210/2210
f 2145/2145 2210/2210 2209/2209
f 2146/2146 2147/2147 2211/2211
f 2146/2146 2211/2211 2210/2210
f 2147/2147 2148/2148 2212/2212
f 2147/2147 2212/2212 2211/2211
f 2148/2148 2149/2149 2213/2213
f 2148/2148 2213/2213 2212/2212
f 2149/2149 2150/2150 2214/2214
f 2149/2149 2214/2214 2213/2213
f 2150/2150 2151/2151 2215/2215
f 2150/2150 2215/2215 2214/2214
f 2151/2151 2152/2152 2216/2216
f 2151/2151 2216/2216 2215/2215
f 2152/2152 2153/2153 2217/2217
f 2152/2152 2217/2217 2216/2216
f 2153/2153 2154/2154 2218/2218
f 2153/2153 2218/2218 2217/2217
f 2154/2154 2155/2155 2219/2219
f 2154/2154 2219/2219 2218/2218
f 2155/2155 2156/2156 2220/2220
f 2155/2155 2220/2220 2219/2219
f 2156/2156 2157/2157 2221/2221
f 2156/2156 2221/2221 2220/2220
f 2157/2157 2158/2158 2222/2222
f 2157/2157 2222/2222 2221/2221
f 2158/2158 2159/2159 2223/2223
f 2158/2158 2223/2223 2222/2222
f 2159/2159 2160/2160 2224/2224
f 2159/2159 2224/2224 2223/2223
f 2160/2160 2161/2161 2225/2225
f 2160/2160 2225/2225 2224/2224
f 2161/2161 2162/2162 2226/2226
f 2161/2161 2226/2226 2225/2225
f 2162/2162 2163/2163 2227/2227
f 2162/2162 2227/2227 2226/2226
f 2163/2163 2164/2164 2228/2228
f 2163/2163 2228/2228 2227/2227
f 2164/2164 2165/2165 2229/2229
f 2164/2164 2229/2229 2228/2228
f 2165/2165 2166/2166 2230/2230
f 2165/2165 2230/2230 2229/2229
f 2166/2166 2167/2167 2231/2231
f 2166/2166 2231/2231 2230/2230
f 2167/2167 2168/2168 2232/2232
f 2167/2167 2232/2232 2231/2231
f 2168/2168 2169/2169 2233/2233
f 2168/2168 2233/2233 2232/2232
f 2169/2169 2170/2170 2234/2234
f 2169/2169 2234/2234 2233/2233
f 2170/2170 2171/2171 2235/2235
f 2170/2170 2235/2235 2234/2234
f 2171/2171 2172/2172 2236/2236
f 2171/2171 2236/2236 2235/2235
f 2172/2172 2173/2173 2237/2237
f 2172/2172 2237/2237 2236/2236
f 2173/2173 2174/2174 2238/2238
f 2173/2173 2238/2238 2237/2237
f 2174/2174 2175/2175 2239/2239
f 2174/2174 2239/2239 2238/2238
f 2175/2175 2176/2176 2240/2240
f 2175/2175 2240/2240 2239/2239
f 2177/2177 2178/2178 2242/2242
f 2177/2177 2242/2242 2241/2241
f 2178/2178 2179/2179 2243/2243
f 2178/2178 2243/2243 2242/2242
f 2179/2179 2180/2180 2244/2244
f 2179/2179 2244/2244 2243/2243
f 2180/2180 2181/2181 2245/2245
f 2180/2180 2245/2245 2244/2244
f 2181/2181 2182/2182 2246/2246
f 2181/2181 2246/2246 2245/2245
f 2182/2182 2183/2183 2247/2247
f 2182/2182 2247/2247 2246/2246
f 2183/2183 2184/2184 2248/2248
f 2183/2183 2248/2248 2247/2247
f 2184/2184 2185/2185 2249/2249
f 2184/2184 2249/2249 2248/2248
f 2185/2185 2186/2186 2250/2250
f 2185/2185 2250/2250 2249/2249
f 2186/2186 2187/2187 2251/2251
f 2186/2186 2251/2251 2250/2250
f 2187/2187 2188/2188 2252/2252
f 2187/2187 2252/2252 2251/2251
f 2188/2188 2189/2189 2253/2253
f 2188/2188 2253/2253 2252/2252
f 2189/2189 2190/2190 2254/2254
f 2189/2189 2254/2254 2253/2253
f 2190/2190 2191/2191 2255/2255
f 2190/2190 2255/2255 2254/2254
f 2191/2191 2192/2192 2256/2256
f 2191/2191 2256/2256 2255/2255
f 2192/2192 2193/2193 2257/2257
f 2192/2192 2257/2257 2256/2256
f 2193/2193 2194/2194 2258/2258
f 2193/2193 2258/2258 2257/2257
f 2194/2194 2195/2195 2259/2259
f 2194/2194 2259/2259 2258/2258
f 2195/2195 2196/2196 2260/2260
f 2195/2195 2260/2260 2259/2259
f 2196/2196 2197/2197 2261/2261
f 2196/2196 2261/2261 2260/2260
f 2197/2197 2198/2198 2262/2262
f 2197/2197 2262/2262 2261/2261
f 2198/2198 2199/2199 2263/2263
f 2198/2198 2263/2263 2262/2262
f 2199/2199 2200/2200 2264/2264
f 2199/2199 2264/2264 2263/2263
f 2200/2200 2201/2201 2265/2265
f 2200/2200 2265/2265 2264/2264
f 2201/2201 2202/2202 2266/2266
f 2201/2201 2266/2266 2265/2265
f 2202/2202 2203/2203 2267/2267
f 2202/2202 2267/2267 2266/2266
f 2203/2203 2204/2204 2268/2268
f 2203/2203 2268/2268 2267/2267
f 2204/2204 2205/2205 2269/2269
f 2204/2204 2269/2269 2268/2268
f 2205/2205 2206/2206 2270/2270
f 2205/2205 2270/2270 2269/2269
f 2206/2206 2207/2207 2271/2271
f 2206/2206 2271/2271 2270/2270
f 2207/2207 2208/2208 2272/2272
f 2207/2207 2272/2272 2271/2271
f 2208/2208 2209/2209 2273/2273
f 2208/2208 2273/2273 2272/2272
f 2209/2209 2210/2210 2274/2274
f 2209/2209 2274/2274 2273/2273
f 2210/2210 2211/2211 2275/2275
f 2210/2210 2275/2275 2274/2274
f 2211/2211 2212/2212 2276/2276
f 2211/2211 2276/2276 2275/2275
f 2212/2212 2213/2213 2277/2277
f 2212/2212 2277/2277 2276/2276
f 2213/2213 2214/2214 2278/2278
f 2213/2213 2278/2278 2277/2277
f 2214/2214 2215/2215 2279/2279
f 2214/2214 2279/2279 2278/2278
f 2215/2215 2216/2216 2280/2280
f 2215/2215 2280/2280 2279/2279
f 2216/2216 2217/2217 2281/2281
f 2216/2216 2281/2281 2280/2280
f 2217/2217 2218/2218 2282/2282
f 2217/2217 2282/2282 2281/2281
f 2218/2218 2219/2219 2283/2283
f 2218/2218 2283/2283 2282/2282
f 2219/2219 2220/2220 2284/2284
f 2219/2219 2284/2284 2283/2283
f 2220/2220 2221/2221 2285/2285
f 2220/2220 2285/2285 2284/2284
f 2221/2221 2222/2222 2286/2286
f 2221/2221 2286/2286 2285/2285
f 2222/2222 2223/2223 2287/2287
f 2222/2222 2287/2287 2286/2286
f 2223/2223 2224/2224 2288/2288
f 2223/2223 2288/2288 2287/2287
f 2224/2224 2225/2225 2289/2289
f 2224/2224 2289/2289 2288/2288
f 2225/2225 2226/2226 2290/2290
f 2225/2225 2290/2290 2289/2289
f 2226/2226 2227/2227 2291/2291
f 2226/2226 2291/2291 2290/2290
f 2227/2227 2228/2228 2292/2292
f 2227/2227 2292/2292 2291/2291
f 2228/2228 2229/2229 2293/2293
f 2228/2228 2293/2293 2292/2292
f 2229/2229 2230/2230 2294/2294
f 2229/2229 2294/2294 2293/2293
f 2230/2230 2231/2231 2295/2295
f 2230/2230 2295/2295 2294/2294
f 2231/2231 2232/2232 2296/2296
f 2231/2231 2296/2296 2295/2295
f 2232/2232 2233/2233 2297/2297
f 2232/2232 2297/2297 2296/2296
f 2233/2233 2234/2234 2298/2298
f 2233/2233 2298/2298 2297/2297
f 2234/2234 2235/2235 2299/2299
f 2234/2234 2299/2299 2298/2298
f 2235/2235 2236/2236 2300/2300
f 2235/2235 2300/2300 2299/2299
f 2236/2236 2237/2237 2301/2301
f 2236/2236 2301/2301 2300/2300
f 2237/2237 2238/2238 2302/2302
f 2237/2237 2302/2302 2301/2301
f 2238/2238 2239/2239 2303/2303
f 2238/2238 2303/2303 2302/2302
f 2239/2239 2240/2240 2304/2304
f 2239/2239 2304/2304 2303/2303
f 2241/2241 2242/2242 2306/2306
f 2241/2241 2306/2306 2305/2305
f 2242/2242 2243/2243 2307/2307
f 2242/2242 2307/2307 2306/2306
f 2243/2243 2244/2244 2308/2308
f 2243/2243 2308/2308 2307/2307
f 2244/2244 2245/2245 2309/2309
f 2244/2244 2309/2309 2308/2308
f 2245/2245 2246/2246 2310/2310
f 2245/2245 2310/2310 2309/2309
f 2246/2246 2247/2247 2311/2311
f 2246/2246 2311/2311 2310/2310
f 2247/2247 2248/2248 2312/2312
f 2247/2247 2312/2312 2311/2311
f 2248/2248 2249/2249 2313/2313
f 2248/2248 2313/2313 2312/2312
f 2249/2249 2250/2250 2314/2314
f 2249/2249 2314/2314 2313/2313
f 2250/2250 2251/2251 2315/2315
f 2250/2250 2315/2315 2314/2314
f 2251/2251 2252/2252 2316/2316
f 2251/2251 2316/2316 2315/2315
f 2252/2252 2253/2253 2317/2317
f 2252/2252 2317/2317 2316/2316
f 2253/2253 2254/2254 2318/2318
f 2253/2253 2318/2318 2317/2317
f 2254/2254 2255/2255 2319/2319
f 2254/2254 2319/2319 2318/2318
f 2255/2255 2256/2256 2320/2320
f 2255/2255 2320/2320 2319/2319
f 2256/2256 2257/2257 2321/2321
f 2256/2256 2321/2321 2320/2320
f 2257/2257 2258/2258 2322/2322
f 2257/2257 2322/2322 2321/2321
f 2258/2258 2259/2259 2323/2323
f 2258/2258 2323/2323 2322/2322
f 2259/2259 2260/2260 2324/2324
f 2259/2259 2324/2324 2323/2323
f 2260/2260 2261/2261 2325/2325
f 2260/2260 2325/2325 2324/2324
f 2261/2261 2262/2262 2326/2326
f 2261/2261 2326/2326 2325/2325
f 2262/2262 2263/2263 2327/2327
f 2262/2262 2327/2327 2326/2326
f 2263/2263 2264/2264 2328/2328
f 2263/2263 2328/2328 2327/2327
f 2264/2264 2265/2265 2329/2329
f 2264/2264 2329/2329 2328/2328
f 2265/2265 2266/2266 2330/2330
f 2265/2265 2330/2330 2329/2329
f 2266/2266 2267/2267 2331/2331
f 2266/2266 2331/2331 2330/2330
f 2267/2267 2268/2268 2332/2332
f 2267/2267 2332/2332 2331/2331
f 2268/2268 2269/2269 2333/2333
f 2268/2268 2333/2333 2332/2332
f 2269/2269 2270/2270 2334/2334
f 2269/2269 2334/2334 2333/2333
f 2270/2270 2271/2271 2335/2335
f 2270/2270 2335/2335 2334/2334
f 2271/2271 2272/2272 2336/2336
f 2271/2271 2336/2336 2335/2335
f 2272/2272 2273/2273 2337/2337
f 2272/2272 2337/2337 2336/2336
f 2273/2273 2274/2274 2338/2338
f 2273/2273 2338/2338 2337/2337
f 2274/2274 2275/2275 2339/2339
f 2274/2274 2339/2339 2338/2338
f 2275/2275 2276/2276 2340/2340
f 2275/2275 2340/2340 2339/2339
f 2276/2276 2277/2277 2341/2341
f 2276/2276 2341/2341 2340/2340
f 2277/2277 2278/2278 2342/2342
f 2277/2277 2342/2342 2341/2341
f 2278/2278 2279/2279 2343/2343
f 2278/2278 2343/2343 2342/2342
f 2279/2279 2280/2280 2344/2344
f 2279/2279 2344/2344 2343/2343
f 2280/2280 2281/2281 2345/2345
f 2280/2280 2345/2345 2344/2344
f 2281/2281 2282/2282 2346/2346
f 2281/2281 2346/2346 2345/2345
f 2282/2282 2283/2283 2347/2347
f 2282/2282 2347/2347 2346/2346
f 2283/2283 2284/2284 2348/2348
f 2283/2283 2348/2348 2347/2347
f 2284/2284 2285/2285 2349/2349
f 2284/2284 2349/2349 2348/2348
f 2285/2285 2286/2286 2350/2350
f 2285/2285 2350/2350 2349/2349
f 2286/2286 2287/2287 2351/2351
f 2286/2286 2351/2351 2350/2350
f 2287/2287 2288/2288 2352/2352
f 2287/2287 2352/2352 2351/2351
f 2288/2288 2289/2289 2353/2353
f 2288/2288 2353/2353 2352/2352
f 2289/2289 2290/2290 2354/2354
f 2289/2289 2354/2354 2353/2353
f 2290/2290 2291/2291 2355/2355
f 2290/2290 2355/2355 2354/2354
f 2291/2291 2292/2292 2356/2356
f 2291/2291 2356/2356 2355/2355
f 2292/2292 2293/2293 2357/2357
f 2292/2292 2357/2357 2356/2356
f 2293/2293 2294/2294 2358/2358
f 2293/2293 2358/2358 2357/2357
f 2294/2294 2295/2295 2359/2359
f 2294/2294 2359/2359 2358/2358
f 2295/2295 2296/2296 2360/2360
f 2295/2295 2360/2360 2359/2359
f 2296/2296 2297/2297 2361/2361
f 2296/2296 2361/2361 2360/2360
f 2297/2297 2298/2298 2362/2362
f 2297/2297 2362/2362 2361/2361
f 2298/2298 2299/2299 2363/2363
f 2298/2298 2363/2363 2362/2362
f 2299/2299 2300/2300 2364/2364
f 2299/2299 2364/2364 2363/2363
f 2300/2300 2301/2301 2365/2365
f 2300/2300 2365/2365 2364/2364
f 2301/2301 2302/2302 2366/2366
f 2301/2301 2366/2366 2365/2365
f 2302/2302 2303/2303 2367/2367
f 2302/2302 2367/2367 2366/2366
f 2303/2303 2304/2304 2368/2368
f 2303/2303 2368/2368 2367/2367
f 2305/2305 2306/2306 2370/2370
f 2305/2305 2370/2370 2369/2369
f 2306/2306 2307/2307 2371/2371
f 2306/2306 2371/2371 2370/2370
f 2307/2307 2308/2308 2372/2372
f 2307/2307 2372/2372 2371/2371
f 2308/2308 2309/2309 2373/2373
f 2308/2308 2373/2373 2372/2372
f 2309/2309 2310/2310 2374/2374
f 2309/2309 2374/2374 2373/2373
f 2310/2310 2311/2311 2375/2375
f 2310/2310 2375/2375 2374/2374
f 2311/2311 2312/2312 2376/2376
f 2311/2311 2376/2376 2375/2375
f 2312/2312 2313/2313 2377/2377
f 2312/2312 2377/2377 2376/2376
f 2313/2313 2314/2314 2378/2378
f 2313/2313 2378/2378 2377/2377
f 2314/2314 2315/2315 2379/2379
f 2314/2314 2379/2379 2378/2378
f 2315/2315 2316/2316 2380/2380
f 2315/2315 2380/2380 2379/2379
f 2316/2316 2317/2317 2381/2381
f 2316/2316 2381/2381 2380/2380
f 2317/2317 2318/2318 2382/2382
f 2317/2317 2382/2382 2381/2381
f 2318/2318 2319/2319 2383/2383
f 2318/2318 2383/2383 2382/2382
f 2319/2319 2320/2320 2384/2384
f 2319/2319 2384/2384 2383/2383
f 2320/2320 2321/2321 2385/2385
f 2320/2320 2385/2385 2384/2384
f 2321/2321 2322/2322 2386/2386
f 2321/2321 2386/2386 2385/2385
f 2322/2322 2323/2323 2387/2387
f 2322/2322 2387/2387 2386/2386
f 2323/2323 2324/2324 2388/2388
f 2323/2323 2388/2388 2387/2387
f 2324/2324 2325/2325 2389/2389
f 2324/2324 2389/2389 2388/2388
f 2325/2325 2326/2326 2390/2390
f 2325/2325 2390/2390 2389/2389
f 2326/2326 2327/2327 2391/2391
f 2326/2326 2391/2391 2390/2390
f 2327/2327 2328/2328 2392/2392
f 2327/2327 2392/2392 2391/2391
f 2328/2328 2329/2329 2393/2393
f 2328/2328 2393/2393 2392/2392
f 2329/2329 2330/2330 2394/2394
f 2329/2329 2394/2394 2393/2393
f 2330/2330 2331/2331 2395/2395
f 2330/2330 2395/2395 2394/2394
f 2331/2331 2332/2332 2396/2396
f 2331/2331 2396/2396 2395/2395
f 2332/2332 2333/2333 2397/2397
f 2332/2332 2397/2397 2396/2396
f 2333/2333 2334/2334 2398/2398
f 2333/2333 2398/2398 2397/2397
f 2334/2334 2335/2335 2399/2399
f 2334/2334 2399/2399 2398/2398
f 2335/2335 2336/2336 2400/2400
f 2335/2335 2400/2400 2399/2399
f 2336/2336 2337/2337 2401/2401
f 2336/2336 2401/2401 2400/2400
f 2337/2337 2338/2338 2402/2402
f 2337/2337 2402/2402 2401/2401
f 2338/2338 2339/2339 2403/2403
f 2338/2338 2403/2403 2402/2402
f 2339/2339 2340/2340 2404/2404
f 2339/2339 2404/2404 2403/2403
f 2340/2340 2341/2341 2405/2405
f 2340/2340 2405/2405 2404/2404
f 2341/2341 2342/2342 2406/2406
f 2341/2341 2406/2406 2405/2405
f 2342/2342 2343/2343 2407/2407
f 2342/2342 2407/2407 2406/2406
f 2343/2343 2344/2344 2408/2408
f 2343/2343 2408/2408 2407/2407
f 2344/2344 2345/2345 2409/2409
f 2344/2344 2409/2409 2408/2408
f 2345/2345 2346/2346 2410/2410
f 2345/2345 2410/2410 2409/2409
f 2346/2346 2347/2347 2411/2411
f 2346/2346 2411/2411 2410/2410
f 2347/2347 2348/2348 2412/2412
f 2347/2347 2412/2412 2411/2411
f 2348/2348 2349/2349 2413/2413
f 2348/2348 2413/2413 2412/2412
f 2349/2349 2350/2350 2414/2414
f 2349/2349 2414/2414 2413/2413
f 2350/2350 2351/2351 2415/2415
f 2350/2350 2415/2415 2414/2414
f 2351/2351 2352/2352 2416/2416
f 2351/2351 2416/2416 2415/2415
f 2352/2352 2353/2353 2417/2417
f 2352/2352 2417/2417 2416/2416
f 2353/2353 2354/2354 2418/2418
f 2353/2353 2418/2418 2417/2417
f 2354/2354 2355/2355 2419/2419
f 2354/2354 2419/2419 2418/2418
f 2355/2355 2356/2356 2420/2420
f 2355/2355 2420/2420 2419/2419
f 2356/2356 2357/2357 2421/2421
f 2356/2356 2421/2421 2420/2420
f 2357/2357 2358/2358 2422/2422
f 2357/2357 2422/2422 2421/2421
f 2358/2358 2359/2359 2423/2423
f 2358/2358 2423/2423 2422/2422
f 2359/2359 2360/2360 2424/2424
f 2359/2359 2424/2424 2423/2423
f 2360/2360 2361/2361 2425/2425
f 2360/2360 2425/2425 2424/2424
f 2361/2361 2362/2362 2426/2426
f 2361/2361 2426/2426 2425/2425
f 2362/2362 2363/2363 2427/2427
f 2362/2362 2427/2427 2426/2426
f 2363/2363 2364/2364 2428/2428
f 2363/2363 2428/2428 2427/2427
f 2364/2364 2365/2365 2429/2429
f 2364/2364 2429/2429 2428/2428
f 2365/2365 2366/2366 2430/2430
f 2365/2365 2430/2430 2429/2429
f 2366/2366 2367/2367 2431/2431
f 2366/2366 2431/2431 2430/2430
f 2367/2367 2368/2368 2432/2432
f 2367/2367 2432/2432 2431/2431
f 2369/2369 2370/2370 2434/2434
f 2369/2369 2434/2434 2433/2433
f 2370/2370 2371/2371 2435/2435
f 2370/2370 2435/2435 2434/2434
f 2371/2371 2372/2372 2436/2436
f 2371/2371 2436/2436 2435/2435
f 2372/2372 2373/2373 2437/2437
f 2372/2372 2437/2437 2436/2436
f 2373/2373 2374/2374 2438/2438
f 2373/2373 2438/2438 2437/2437
f 2374/2374 2375/2375 2439/2439
f 2374/2374 2439/2439 2438/2438
f 2375/2375 2376/2376 2440/2440
f 2375/2375 2440/2440 2439/2439
f 2376/2376 2377/2377 2441/2441
f 2376/2376 2441/2441 2440/2440
f 2377/2377 2378/2378 2442/2442
f 2377/2377 2442/2442 2441/2441
f 2378/2378 2379/2379 2443/2443
f 2378/2378 2443/2443 2442/2442
f 2379/2379 2380/2380 2444/2444
f 2379/2379 2444/2444 2443/2443
f 2380/2380 2381/2381 2445/2445
f 2380/2380 2445/2445 2444/2444
f 2381/2381 2382/2382 2446/2446
f 2381/2381 2446/2446 2445/2445
f 2382/2382 2383/2383 2447/2447
f 2382/2382 2447/2447 2446/2446
f 2383/2383 2384/2384 2448/2448
f 2383/2383 2448/2448 2447/2447
f 2384/2384 2385/2385 2449/2449
f 2384/2384 2449/2449 2448/2448
f 2385/2385 2386/2386 2450/2450
f 2385/2385 2450/2450 2449/2449
f 2386/2386 2387/2387 2451/2451
f 2386/2386 2451/2451 2450/2450
f 2387/2387 2388/2388 2452/2452
f 2387/2387 2452/2452 2451/2451
f 2388/2388 2389/2389 2453/2453
f 2388/2388 2453/2453 2452/2452
f 2389/2389 2390/2390 2454/2454
f 2389/2389 2454/2454 2453/2453
f 2390/2390 2391/2391 2455/2455
f 2390/2390 2455/2455 2454/2454
f 2391/2391 2392/2392 2456/2456
f 2391/2391 2456/2456 2455/2455
f 2392/2392 2393/2393 2457/2457
f 2392/2392 2457/2457 2456/2456
f 2393/2393 2394/2394 2458/2458
f 2393/2393 2458/2458 2457/2457
f 2394/2394 2395/2395 2459/2459
f 2394/2394 2459/2459 2458/2458
f 2395/2395 2396/2396 2460/2460
f 2395/2395 2460/2460 2459/2459
f 2396/2396 2397/2397 2461/2461
f 2396/2396 2461/2461 2460/2460
f 2397/2397 2398/2398 2462/2462
f 2397/2397 2462/2462 2461/2461
f 2398/2398 2399/2399 2463/2463
f 2398/2398 2463/2463 2462/2462
f 2399/2399 2400/2400 2464/2464
f 2399/2399 2464/2464 2463/2463
f 2400/2400 2401/2401 2465/2465
f 2400/2400 2465/2465 2464/2464
f 2401/2401 2402/2402 2466/2466
f 2401/2401 2466/2466 2465/2465
f 2402/2402 2403/2403 2467/2467
f 2402/2402 2467/2467 2466/2466
f 2403/2403 2404/2404 2468/2468
f 2403/2403 2468/2468 2467/2467
f 2404/2404 2405/2405 2469/2469
f 2404/2404 2469/2469 2468/2468
f 2405/2405 2406/2406 2470/2470
f 2405/2405 2470/2470 2469/2469
f 2406/2406 2407/2407 2471/2471
f 2406/2406 2471/2471 2470/2470
f 2407/2407 2408/2408 2472/2472
f 2407/2407 2472/2472 2471/2471
f 2408/2408 2409/2409 2473/2473
f 2408/2408 2473/2473 2472/2472
f 2409/2409 2410/2410 2474/2474
f 2409/2409 2474/2474 2473/2473
f 2410/2410 2411/2411 2475/2475
f 2410/2410 2475/2475 2474/2474
f 2411/2411 2412/2412 2476/2476
f 2411/2411 2476/2476 2475/2475
f 2412/2412 2413/2413 2477/2477
f 2412/2412 2477/2477 2476/2476
f 2413/2413 2414/2414 2478/2478
f 2413/2413 2478/2478 2477/2477
f 2414/2414 2415/2415 2479/2479
f 2414/2414 2479/2479 2478/2478
f 2415/2415 2416/2416 2480/2480
f 2415/2415 2480/2480 2479/2479
f 2416/2416 2417/2417 2481/2481
f 2416/2416 2481/2481 2480/2480
f 2417/2417 2418/2418 2482/2482
f 2417/2417 2482/2482 2481/2481
f 2418/2418 2419/2419 2483/2483
f 2418/2418 2483/2483 2482/2482
f 2419/2419 2420/2420 2484/2484
f 2419/2419 2484/2484 2483/2483
f 2420/2420 2421/2421 2485/2485
f 2420/2420 2485/2485 2484/2484
f 2421/2421 2422/2422 2486/2486
f 2421/2421 2486/2486 2485/2485
f 2422/2422 2423/2423 2487/2487
f 2422/2422 2487/2487 2486/2486
f 2423/2423 2424/2424 2488/2488
f 2423/2423 2488/2488 2487/2487
f 2424/2424 2425/2425 2489/2489
f 2424/2424 2489/2489 2488/2488
f 2425/2425 2426/2426 2490/2490
f 2425/2425 2490/2490 2489/2489
f 2426/2426 2427/2427 2491/2491
f 2426/2426 2491/2491 2490/2490
f 2427/2427 2428/2428 2492/2492
f 2427/2427 2492/2492 2491/2491
f 2428/2428 2429/2429 2493/2493
f 2428/2428 2493/2493 2492/2492
f 2429/2429 2430/2430 2494/2494
f 2429/2429 2494/2494 2493/2493
f 2430/2430 2431/2431 2495/2495
f 2430/2430 2495/2495 2494/2494
f 2431/2431 2432/2432 2496/2496
f 2431/2431 2496/2496 2495/2495
f 2433/2433 2434/2434 2498/2498
f 2433/2433 2498/2498 2497/2497
f 2434/2434 2435/2435 2499/2499
f 2434/2434 2499/2499 2498/2498
f 2435/2435 2436/2436 2500/2500
f 2435/2435 2500/2500 2499/2499
f 2436/2436 2437/2437 2501/2501
f 2436/2436 2501/2501 2500/2500
f 2437/2437 2438/2438 2502/2502
f 2437/2437 2502/2502 2501/2501
f 2438/2438 2439/2439 2503/2503
f 2438/2438 2503/2503 2502/2502
f 2439/2439 2440/2440 2504/2504
f 2439/2439 2504/2504 2503/2503
f 2440/2440 2441/2441 2505/2505
f 2440/2440 2505/2505 2504/2504
f 2441/2441 2442/2442 2506/2506
f 2441/2441 2506/2506 2505/2505
f 2442/2442 2443/2443 2507/2507
f 2442/2442 2507/2507 2506/2506
f 2443/2443 2444/2444 2508/2508
f 2443/2443 2508/2508 2507/2507
f 2444/2444 2445/2445 2509/2509
f 2444/2444 2509/2509 2508/2508
f 2445/2445 2446/2446 2510/2510
f 2445/2445 2510/2510 2509/2509
f 2446/2446 2447/2447 2511/2511
f 2446/2446 2511/2511 2510/2510
f 2447/2447 2448/2448 2512/2512
f 2447/2447 2512/2512 2511/2511
f 2448/2448 2449/2449 2513/2513
f 2448/2448 2513/2513 2512/2512
f 2449/2449 2450/2450 2514/2514
f 2449/2449 2514/2514 2513/2513
f 2450/2450 2451/2451 2515/2515
f 2450/2450 2515/2515 2514/2514
f 2451/2451 2452/2452 2516/2516
f 2451/2451 2516/2516 2515/2515
f 2452/2452 2453/2453 2517/2517
f 2452/2452 2517/2517 2516/2516
f 2453/2453 2454/2454 2518/2518
f 2453/2453 2518/2518 2517/2517
f 2454/2454 2455/2455 2519/2519
f 2454/2454 2519/2519 2518/2518
f 2455/2455 2456/2456 2520/2520
f 2455/2455 2520/2520 2519/2519
f 2456/2456 2457/2457 2521/2521
f 2456/2456 2521/2521 2520/2520
f 2457/2457 2458/2458 2522/2522
f 2457/2457 2522/2522 2521/2521
f 2458/2458 2459/2459 2523/2523
f 2458/2458 2523/2523 2522/2522
f 2459/2459 2460/2460 2524/2524
f 2459/2459 2524/2524 2523/2523
f 2460/2460 2461/2461 2525/2525
f 2460/2460 2525/2525 2524/2524
f 2461/2461 2462/2462 2526/2526
f 2461/2461 2526/2526 2525/2525
f 2462/2462 2463/2463 2527/2527
f 2462/2462 2527/2527 2526/2526
f 2463/2463 2464/2464 2528/2528
f 2463/2463 2528/2528 2527/2527
f 2464/2464 2465/2465 2529/2529
f 2464/2464 2529/2529 2528/2528
f 2465/2465 2466/2466 2530/2530
f 2465/2465 2530/2530 2529/2529
f 2466/2466 2467/2467 2531/2531
f 2466/2466 2531/2531 2530/2530
f 2467/2467 2468/2468 2532/2532
f 2467/2467 2532/2532 2531/2531
f 2468/2468 2469/2469 2533/2533
f 2468/2468 2533/2533 2532/2532
f 2469/2469 2470/2470 2534/2534
f 2469/2469 2534/2534 2533/2533
f 2470/2470 2471/2471 2535/2535
f 2470/2470 2535/2535 2534/2534
f 2471/2471 2472/2472 2536/2536
f 2471/2471 2536/2536 2535/2535
f 2472/2472 2473/2473 2537/2537
f 2472/2472 2537/2537 2536/2536
f 2473/2473 2474/2474 2538/2538
f 2473/2473 2538/2538 2537/2537
f 2474/2474 2475/2475 2539/2539
f 2474/2474 2539/2539 2538/2538
f 2475/2475 2476/2476 2540/2540
f 2475/2475 2540/2540 2539/2539
f 2476/2476 2477/2477 2541/2541
f 2476/2476 2541/2541 2540/2540
f 2477/2477 2478/2478 2542/2542
f 2477/2477 2542/2542 2541/2541
f 2478/2478 2479/2479 2543/2543
f 2478/2478 2543/2543 2542/2542
f 2479/2479 2480/2480 2544/2544
f 2479/2479 2544/2544 2543/2543
f 2480/2480 2481/2481 2545/2545
f 2480/2480 2545/2545 2544/2544
f 2481/2481 2482/2482 2546/2546
f 2481/2481 2546/2546 2545/2545
f 2482/2482 2483/2483 2547/2547
f 2482/2482 2547/2547 2546/2546
f 2483/2483 2484/2484 2548/2548
f 2483/2483 2548/2548 2547/2547
f 2484/2484 2485/2485 2549/2549
f 2484/2484 2549/2549 2548/2548
f 2485/2485 2486/2486 2550/2550
f 2485/2485 2550/2550 2549/2549
f 2486/2486 2487/2487 2551/2551
f 2486/2486 2551/2551 2550/2550
f 2487/2487 2488/2488 2552/2552
f 2487/2487 2552/2552 2551/2551
f 2488/2488 2489/2489 2553/2553
f 2488/2488 2553/2553 2552/2552
f 2489/2489 2490/2490 2554/2554
f 2489/2489 2554/2554 2553/2553
f 2490/2490 2491/2491 2555/2555
f 2490/2490 2555/2555 2554/2554
f 2491/2491 2492/2492 2556/2556
f 2491/2491 2556/2556 2555/2555
f 2492/2492 2493/2493 2557/2557
f 2492/2492 2557/2557 2556/2556
f 2493/2493 2494/2494 2558/2558
f 2493/2493 2558/2558 2557/2557
f 2494/2494 2495/2495 2559/2559
f 2494/2494 2559/2559 2558/2558
f 2495/2495 2496/2496 2560/2560
f 2495/2495 2560/2560 2559/2559
