# DepthWizard 3D Terrain Model
# Quality: medium (128 x 56)
v -50.0000 3.2666 -21.8750
v -49.2126 3.4155 -21.8750
v -48.4252 3.4028 -21.8750
v -47.6378 3.3083 -21.8750
v -46.8504 3.1536 -21.8750
v -46.0630 3.0012 -21.8750
v -45.2756 2.8970 -21.8750
v -44.4882 2.8658 -21.8750
v -43.7008 2.8601 -21.8750
v -42.9134 2.8676 -21.8750
v -42.1260 2.8501 -21.8750
v -41.3386 2.7690 -21.8750
v -40.5512 2.6392 -21.8750
v -39.7638 2.6077 -21.8750
v -38.9764 2.6008 -21.8750
v -38.1890 2.5707 -21.8750
v -37.4016 2.5563 -21.8750
v -36.6142 2.5039 -21.8750
v -35.8268 2.4793 -21.8750
v -35.0394 2.4955 -21.8750
v -34.2520 2.5394 -21.8750
v -33.4646 2.5947 -21.8750
v -32.6772 2.6565 -21.8750
v -31.8898 2.6447 -21.8750
v -31.1024 2.6015 -21.8750
v -30.3150 2.6369 -21.8750
v -29.5276 2.6051 -21.8750
v -28.7402 2.5638 -21.8750
v -27.9528 2.4999 -21.8750
v -27.1654 2.4053 -21.8750
v -26.3780 2.2739 -21.8750
v -25.5906 2.1334 -21.8750
v -24.8031 2.0149 -21.8750
v -24.0157 1.8976 -21.8750
v -23.2283 1.8112 -21.8750
v -22.4409 1.7378 -21.8750
v -21.6535 1.7015 -21.8750
v -20.8661 1.6828 -21.8750
v -20.0787 1.6340 -21.8750
v -19.2913 1.6340 -21.8750
v -18.5039 1.6608 -21.8750
v -17.7165 1.6993 -21.8750
v -16.9291 1.7020 -21.8750
v -16.1417 1.6741 -21.8750
v -15.3543 1.6257 -21.8750
v -14.5669 1.6093 -21.8750
v -13.7795 1.5839 -21.8750
v -12.9921 1.5394 -21.8750
v -12.2047 1.5111 -21.8750
v -11.4173 1.4413 -21.8750
v -10.6299 1.4141 -21.8750
v -9.8425 1.3830 -21.8750
v -9.0551 1.3471 -21.8750
v -8.2677 1.2844 -21.8750
v -7.4803 1.2874 -21.8750
v -6.6929 1.2691 -21.8750
v -5.9055 1.2000 -21.8750
v -5.1181 1.1414 -21.8750
v -4.3307 1.1144 -21.8750
v -3.5433 1.1185 -21.8750
v -2.7559 1.1413 -21.8750
v -1.9685 1.1527 -21.8750
v -1.1811 1.1460 -21.8750
v -0.3937 1.0589 -21.8750
v 0.3937 0.9390 -21.8750
v 1.1811 1.0085 -21.8750
v 1.9685 1.1867 -21.8750
v 2.7559 1.3123 -21.8750
v 3.5433 1.3793 -21.8750
v 4.3307 1.4770 -21.8750
v 5.1181 1.5881 -21.8750
v 5.9055 1.6994 -21.8750
v 6.6929 1.7970 -21.8750
v 7.4803 1.8705 -21.8750
v 8.2677 1.9666 -21.8750
v 9.0551 2.1064 -21.8750
v 9.8425 2.2723 -21.8750
v 10.6299 2.4303 -21.8750
v 11.4173 2.5826 -21.8750
v 12.2047 2.7222 -21.8750
v 12.9921 2.9328 -21.8750
v 13.7795 3.1197 -21.8750
v 14.5669 3.2873 -21.8750
v 15.3543 3.4219 -21.8750
v 16.1417 3.5357 -21.8750
v 16.9291 3.6293 -21.8750
v 17.7165 3.6934 -21.8750
v 18.5039 3.7482 -21.8750
v 19.2913 3.7540 -21.8750
v 20.0787 3.7670 -21.8750
v 20.8661 3.8467 -21.8750
v 21.6535 3.9458 -21.8750
v 22.4409 4.0545 -21.8750
v 23.2283 4.1498 -21.8750
v 24.0157 4.2642 -21.8750
v 24.8031 4.3145 -21.8750
v 25.5906 4.3316 -21.8750
v 26.3780 4.3972 -21.8750
v 27.1654 4.5075 -21.8750
v 27.9528 4.6161 -21.8750
v 28.7402 4.6924 -21.8750
v 29.5276 4.6963 -21.8750
v 30.3150 4.6704 -21.8750
v 31.1024 4.6025 -21.8750
v 31.8898 4.5595 -21.8750
v 32.6772 4.5266 -21.8750
v 33.4646 4.4985 -21.8750
v 34.2520 4.5090 -21.8750
v 35.0394 4.5454 -21.8750
v 35.8268 4.6033 -21.8750
v 36.6142 4.6922 -21.8750
v 37.4016 4.8056 -21.8750
v 38.1890 4.9424 -21.8750
v 38.9764 5.0599 -21.8750
v 39.7638 5.1554 -21.8750
v 40.5512 5.3027 -21.8750
v 41.3386 5.4366 -21.8750
v 42.1260 5.6104 -21.8750
v 42.9134 5.7610 -21.8750
v 43.7008 5.9354 -21.8750
v 44.4882 6.1302 -21.8750
v 45.2756 6.2964 -21.8750
v 46.0630 6.4382 -21.8750
v 46.8504 6.6109 -21.8750
v 47.6378 6.8346 -21.8750
v 48.4252 7.0231 -21.8750
v 49.2126 7.1540 -21.8750
v 50.0000 7.1675 -21.8750
v -50.0000 3.3912 -21.0795
v -49.2126 3.4121 -21.0795
v -48.4252 3.3462 -21.0795
v -47.6378 3.2504 -21.0795
v -46.8504 3.1180 -21.0795
v -46.0630 2.9984 -21.0795
v -45.2756 2.9005 -21.0795
v -44.4882 2.8185 -21.0795
v -43.7008 2.8152 -21.0795
v -42.9134 2.8152 -21.0795
v -42.1260 2.8096 -21.0795
v -41.3386 2.7342 -21.0795
v -40.5512 2.6086 -21.0795
v -39.7638 2.5701 -21.0795
v -38.9764 2.5592 -21.0795
v -38.1890 2.5592 -21.0795
v -37.4016 2.5591 -21.0795
v -36.6142 2.5355 -21.0795
v -35.8268 2.5258 -21.0795
v -35.0394 2.5264 -21.0795
v -34.2520 2.5566 -21.0795
v -33.4646 2.6188 -21.0795
v -32.6772 2.6648 -21.0795
v -31.8898 2.6469 -21.0795
v -31.1024 2.6409 -21.0795
v -30.3150 2.6445 -21.0795
v -29.5276 2.6235 -21.0795
v -28.7402 2.5591 -21.0795
v -27.9528 2.4872 -21.0795
v -27.1654 2.4007 -21.0795
v -26.3780 2.2952 -21.0795
v -25.5906 2.1957 -21.0795
v -24.8031 2.0881 -21.0795
v -24.0157 2.0000 -21.0795
v -23.2283 1.9181 -21.0795
v -22.4409 1.8258 -21.0795
v -21.6535 1.7764 -21.0795
v -20.8661 1.7557 -21.0795
v -20.0787 1.7318 -21.0795
v -19.2913 1.7052 -21.0795
v -18.5039 1.7063 -21.0795
v -17.7165 1.7099 -21.0795
v -16.9291 1.7132 -21.0795
v -16.1417 1.7062 -21.0795
v -15.3543 1.6675 -21.0795
v -14.5669 1.6209 -21.0795
v -13.7795 1.6172 -21.0795
v -12.9921 1.5865 -21.0795
v -12.2047 1.5562 -21.0795
v -11.4173 1.5275 -21.0795
v -10.6299 1.4526 -21.0795
v -9.8425 1.4496 -21.0795
v -9.0551 1.4018 -21.0795
v -8.2677 1.3489 -21.0795
v -7.4803 1.2799 -21.0795
v -6.6929 1.2782 -21.0795
v -5.9055 1.2072 -21.0795
v -5.1181 1.1886 -21.0795
v -4.3307 1.1265 -21.0795
v -3.5433 1.1124 -21.0795
v -2.7559 1.1090 -21.0795
v -1.9685 1.1082 -21.0795
v -1.1811 1.0623 -21.0795
v -0.3937 0.9281 -21.0795
v 0.3937 0.7884 -21.0795
v 1.1811 0.8633 -21.0795
v 1.9685 1.1158 -21.0795
v 2.7559 1.3197 -21.0795
v 3.5433 1.4444 -21.0795
v 4.3307 1.5716 -21.0795
v 5.1181 1.6786 -21.0795
v 5.9055 1.7729 -21.0795
v 6.6929 1.8721 -21.0795
v 7.4803 1.9613 -21.0795
v 8.2677 2.0517 -21.0795
v 9.0551 2.1596 -21.0795
v 9.8425 2.2861 -21.0795
v 10.6299 2.4395 -21.0795
v 11.4173 2.5922 -21.0795
v 12.2047 2.7168 -21.0795
v 12.9921 2.9175 -21.0795
v 13.7795 3.0974 -21.0795
v 14.5669 3.2567 -21.0795
v 15.3543 3.4060 -21.0795
v 16.1417 3.5346 -21.0795
v 16.9291 3.6325 -21.0795
v 17.7165 3.6976 -21.0795
v 18.5039 3.7534 -21.0795
v 19.2913 3.7990 -21.0795
v 20.0787 3.8506 -21.0795
v 20.8661 3.9285 -21.0795
v 21.6535 4.0075 -21.0795
v 22.4409 4.1078 -21.0795
v 23.2283 4.2065 -21.0795
v 24.0157 4.3093 -21.0795
v 24.8031 4.3795 -21.0795
v 25.5906 4.4561 -21.0795
v 26.3780 4.5130 -21.0795
v 27.1654 4.5977 -21.0795
v 27.9528 4.6706 -21.0795
v 28.7402 4.6936 -21.0795
v 29.5276 4.6936 -21.0795
v 30.3150 4.6919 -21.0795
v 31.1024 4.6876 -21.0795
v 31.8898 4.6624 -21.0795
v 32.6772 4.6569 -21.0795
v 33.4646 4.6508 -21.0795
v 34.2520 4.6573 -21.0795
v 35.0394 4.6996 -21.0795
v 35.8268 4.7485 -21.0795
v 36.6142 4.8262 -21.0795
v 37.4016 4.9112 -21.0795
v 38.1890 5.0014 -21.0795
v 38.9764 5.0865 -21.0795
v 39.7638 5.1742 -21.0795
v 40.5512 5.2976 -21.0795
v 41.3386 5.4640 -21.0795
v 42.1260 5.6444 -21.0795
v 42.9134 5.7919 -21.0795
v 43.7008 5.9767 -21.0795
v 44.4882 6.1528 -21.0795
v 45.2756 6.3318 -21.0795
v 46.0630 6.5251 -21.0795
v 46.8504 6.7032 -21.0795
v 47.6378 6.8672 -21.0795
v 48.4252 7.0103 -21.0795
v 49.2126 7.1108 -21.0795
v 50.0000 7.2788 -21.0795
v -50.0000 3.4124 -20.2841
v -49.2126 3.4074 -20.2841
v -48.4252 3.3293 -20.2841
v -47.6378 3.2292 -20.2841
v -46.8504 3.1043 -20.2841
v -46.0630 3.0027 -20.2841
v -45.2756 2.9090 -20.2841
v -44.4882 2.8221 -20.2841
v -43.7008 2.7644 -20.2841
v -42.9134 2.7662 -20.2841
v -42.1260 2.7412 -20.2841
v -41.3386 2.6624 -20.2841
v -40.5512 2.5584 -20.2841
v -39.7638 2.5552 -20.2841
v -38.9764 2.5592 -20.2841
v -38.1890 2.5592 -20.2841
v -37.4016 2.5691 -20.2841
v -36.6142 2.5702 -20.2841
v -35.8268 2.5697 -20.2841
v -35.0394 2.5762 -20.2841
v -34.2520 2.6246 -20.2841
v -33.4646 2.6876 -20.2841
v -32.6772 2.7299 -20.2841
v -31.8898 2.7023 -20.2841
v -31.1024 2.6380 -20.2841
v -30.3150 2.6445 -20.2841
v -29.5276 2.6444 -20.2841
v -28.7402 2.5761 -20.2841
v -27.9528 2.5336 -20.2841
v -27.1654 2.4544 -20.2841
v -26.3780 2.3574 -20.2841
v -25.5906 2.2629 -20.2841
v -24.8031 2.1511 -20.2841
v -24.0157 2.0614 -20.2841
v -23.2283 1.9860 -20.2841
v -22.4409 1.8944 -20.2841
v -21.6535 1.8263 -20.2841
v -20.8661 1.7968 -20.2841
v -20.0787 1.7915 -20.2841
v -19.2913 1.7530 -20.2841
v -18.5039 1.7317 -20.2841
v -17.7165 1.7594 -20.2841
v -16.9291 1.7294 -20.2841
v -16.1417 1.7062 -20.2841
v -15.3543 1.6980 -20.2841
v -14.5669 1.6572 -20.2841
v -13.7795 1.6392 -20.2841
v -12.9921 1.6211 -20.2841
v -12.2047 1.5938 -20.2841
v -11.4173 1.5339 -20.2841
v -10.6299 1.4527 -20.2841
v -9.8425 1.4502 -20.2841
v -9.0551 1.4083 -20.2841
v -8.2677 1.3546 -20.2841
v -7.4803 1.2806 -20.2841
v -6.6929 1.2784 -20.2841
v -5.9055 1.2001 -20.2841
v -5.1181 1.1706 -20.2841
v -4.3307 1.1090 -20.2841
v -3.5433 1.1043 -20.2841
v -2.7559 1.0697 -20.2841
v -1.9685 1.0543 -20.2841
v -1.1811 0.9772 -20.2841
v -0.3937 0.8079 -20.2841
v 0.3937 0.6277 -20.2841
v 1.1811 0.6871 -20.2841
v 1.9685 0.9974 -20.2841
v 2.7559 1.2825 -20.2841
v 3.5433 1.4479 -20.2841
v 4.3307 1.5919 -20.2841
v 5.1181 1.7055 -20.2841
v 5.9055 1.8146 -20.2841
v 6.6929 1.9250 -20.2841
v 7.4803 2.0197 -20.2841
v 8.2677 2.1061 -20.2841
v 9.0551 2.1952 -20.2841
v 9.8425 2.3114 -20.2841
v 10.6299 2.4543 -20.2841
v 11.4173 2.5931 -20.2841
v 12.2047 2.7221 -20.2841
v 12.9921 2.9147 -20.2841
v 13.7795 3.0755 -20.2841
v 14.5669 3.2214 -20.2841
v 15.3543 3.3868 -20.2841
v 16.1417 3.5230 -20.2841
v 16.9291 3.6280 -20.2841
v 17.7165 3.7035 -20.2841
v 18.5039 3.7537 -20.2841
v 19.2913 3.8241 -20.2841
v 20.0787 3.8720 -20.2841
v 20.8661 3.9253 -20.2841
v 21.6535 4.0246 -20.2841
v 22.4409 4.1409 -20.2841
v 23.2283 4.2295 -20.2841
v 24.0157 4.3199 -20.2841
v 24.8031 4.4150 -20.2841
v 25.5906 4.5028 -20.2841
v 26.3780 4.5732 -20.2841
v 27.1654 4.6357 -20.2841
v 27.9528 4.6919 -20.2841
v 28.7402 4.7239 -20.2841
v 29.5276 4.7055 -20.2841
v 30.3150 4.6919 -20.2841
v 31.1024 4.6919 -20.2841
v 31.8898 4.7388 -20.2841
v 32.6772 4.7465 -20.2841
v 33.4646 4.7354 -20.2841
v 34.2520 4.7468 -20.2841
v 35.0394 4.8058 -20.2841
v 35.8268 4.8697 -20.2841
v 36.6142 4.9299 -20.2841
v 37.4016 4.9865 -20.2841
v 38.1890 5.0350 -20.2841
v 38.9764 5.0875 -20.2841
v 39.7638 5.1531 -20.2841
v 40.5512 5.2648 -20.2841
v 41.3386 5.4286 -20.2841
v 42.1260 5.6076 -20.2841
v 42.9134 5.7766 -20.2841
v 43.7008 5.9542 -20.2841
v 44.4882 6.1404 -20.2841
v 45.2756 6.3351 -20.2841
v 46.0630 6.5487 -20.2841
v 46.8504 6.7271 -20.2841
v 47.6378 6.8626 -20.2841
v 48.4252 6.9799 -20.2841
v 49.2126 7.0481 -20.2841
v 50.0000 7.2265 -20.2841
v -50.0000 3.3770 -19.4886
v -49.2126 3.3293 -19.4886
v -48.4252 3.2580 -19.4886
v -47.6378 3.1489 -19.4886
v -46.8504 3.0188 -19.4886
v -46.0630 2.9184 -19.4886
v -45.2756 2.8308 -19.4886
v -44.4882 2.7520 -19.4886
v -43.7008 2.6824 -19.4886
v -42.9134 2.6438 -19.4886
v -42.1260 2.6205 -19.4886
v -41.3386 2.5635 -19.4886
v -40.5512 2.4772 -19.4886
v -39.7638 2.4763 -19.4886
v -38.9764 2.5017 -19.4886
v -38.1890 2.5580 -19.4886
v -37.4016 2.5659 -19.4886
v -36.6142 2.5669 -19.4886
v -35.8268 2.5943 -19.4886
v -35.0394 2.6263 -19.4886
v -34.2520 2.6445 -19.4886
v -33.4646 2.6859 -19.4886
v -32.6772 2.7211 -19.4886
v -31.8898 2.7012 -19.4886
v -31.1024 2.6361 -19.4886
v -30.3150 2.6434 -19.4886
v -29.5276 2.6057 -19.4886
v -28.7402 2.5636 -19.4886
v -27.9528 2.5440 -19.4886
v -27.1654 2.4730 -19.4886
v -26.3780 2.4000 -19.4886
v -25.5906 2.2999 -19.4886
v -24.8031 2.1983 -19.4886
v -24.0157 2.1113 -19.4886
v -23.2283 2.0436 -19.4886
v -22.4409 1.9326 -19.4886
v -21.6535 1.8768 -19.4886
v -20.8661 1.8570 -19.4886
v -20.0787 1.7915 -19.4886
v -19.2913 1.7915 -19.4886
v -18.5039 1.7915 -19.4886
v -17.7165 1.7601 -19.4886
v -16.9291 1.7081 -19.4886
v -16.1417 1.7062 -19.4886
v -15.3543 1.7019 -19.4886
v -14.5669 1.7028 -19.4886
v -13.7795 1.6728 -19.4886
v -12.9921 1.6295 -19.4886
v -12.2047 1.5806 -19.4886
v -11.4173 1.5124 -19.4886
v -10.6299 1.4494 -19.4886
v -9.8425 1.4347 -19.4886
v -9.0551 1.3751 -19.4886
v -8.2677 1.3504 -19.4886
v -7.4803 1.2916 -19.4886
v -6.6929 1.2513 -19.4886
v -5.9055 1.1924 -19.4886
v -5.1181 1.1361 -19.4886
v -4.3307 1.0854 -19.4886
v -3.5433 1.0262 -19.4886
v -2.7559 1.0094 -19.4886
v -1.9685 0.9758 -19.4886
v -1.1811 0.8544 -19.4886
v -0.3937 0.6438 -19.4886
v 0.3937 0.4327 -19.4886
v 1.1811 0.4930 -19.4886
v 1.9685 0.8645 -19.4886
v 2.7559 1.2132 -19.4886
v 3.5433 1.4187 -19.4886
v 4.3307 1.5664 -19.4886
v 5.1181 1.6932 -19.4886
v 5.9055 1.8295 -19.4886
v 6.6929 1.9418 -19.4886
v 7.4803 2.0387 -19.4886
v 8.2677 2.1062 -19.4886
v 9.0551 2.1815 -19.4886
v 9.8425 2.2736 -19.4886
v 10.6299 2.4187 -19.4886
v 11.4173 2.5385 -19.4886
v 12.2047 2.6684 -19.4886
v 12.9921 2.8545 -19.4886
v 13.7795 3.0254 -19.4886
v 14.5669 3.1745 -19.4886
v 15.3543 3.3338 -19.4886
v 16.1417 3.4574 -19.4886
v 16.9291 3.5731 -19.4886
v 17.7165 3.6549 -19.4886
v 18.5039 3.7345 -19.4886
v 19.2913 3.7666 -19.4886
v 20.0787 3.8376 -19.4886
v 20.8661 3.9019 -19.4886
v 21.6535 3.9845 -19.4886
v 22.4409 4.1213 -19.4886
v 23.2283 4.2255 -19.4886
v 24.0157 4.3259 -19.4886
v 24.8031 4.4140 -19.4886
v 25.5906 4.5160 -19.4886
v 26.3780 4.6066 -19.4886
v 27.1654 4.6857 -19.4886
v 27.9528 4.6919 -19.4886
v 28.7402 4.7019 -19.4886
v 29.5276 4.6919 -19.4886
v 30.3150 4.6919 -19.4886
v 31.1024 4.6920 -19.4886
v 31.8898 4.7646 -19.4886
v 32.6772 4.7773 -19.4886
v 33.4646 4.7773 -19.4886
v 34.2520 4.8084 -19.4886
v 35.0394 4.8726 -19.4886
v 35.8268 4.9427 -19.4886
v 36.6142 4.9962 -19.4886
v 37.4016 5.0306 -19.4886
v 38.1890 5.0378 -19.4886
v 38.9764 5.0537 -19.4886
v 39.7638 5.1226 -19.4886
v 40.5512 5.2211 -19.4886
v 41.3386 5.3810 -19.4886
v 42.1260 5.5505 -19.4886
v 42.9134 5.7264 -19.4886
v 43.7008 5.9114 -19.4886
v 44.4882 6.1029 -19.4886
v 45.2756 6.3080 -19.4886
v 46.0630 6.5170 -19.4886
v 46.8504 6.6926 -19.4886
v 47.6378 6.8084 -19.4886
v 48.4252 6.9103 -19.4886
v 49.2126 6.9866 -19.4886
v 50.0000 7.1740 -19.4886
v -50.0000 3.2623 -18.6932
v -49.2126 3.2021 -18.6932
v -48.4252 3.1346 -18.6932
v -47.6378 3.0040 -18.6932
v -46.8504 2.8817 -18.6932
v -46.0630 2.7792 -18.6932
v -45.2756 2.6961 -18.6932
v -44.4882 2.6350 -18.6932
v -43.7008 2.5640 -18.6932
v -42.9134 2.5271 -18.6932
v -42.1260 2.5104 -18.6932
v -41.3386 2.4594 -18.6932
v -40.5512 2.3846 -18.6932
v -39.7638 2.3849 -18.6932
v -38.9764 2.4324 -18.6932
v -38.1890 2.4746 -18.6932
v -37.4016 2.4884 -18.6932
v -36.6142 2.4969 -18.6932
v -35.8268 2.5192 -18.6932
v -35.0394 2.5724 -18.6932
v -34.2520 2.6337 -18.6932
v -33.4646 2.6445 -18.6932
v -32.6772 2.6443 -18.6932
v -31.8898 2.6393 -18.6932
v -31.1024 2.5698 -18.6932
v -30.3150 2.5947 -18.6932
v -29.5276 2.5592 -18.6932
v -28.7402 2.5586 -18.6932
v -27.9528 2.4925 -18.6932
v -27.1654 2.4161 -18.6932
v -26.3780 2.3558 -18.6932
v -25.5906 2.2831 -18.6932
v -24.8031 2.2073 -18.6932
v -24.0157 2.1273 -18.6932
v -23.2283 2.0435 -18.6932
v -22.4409 1.9562 -18.6932
v -21.6535 1.8780 -18.6932
v -20.8661 1.8546 -18.6932
v -20.0787 1.7915 -18.6932
v -19.2913 1.7915 -18.6932
v -18.5039 1.7686 -18.6932
v -17.7165 1.7062 -18.6932
v -16.9291 1.7034 -18.6932
v -16.1417 1.6754 -18.6932
v -15.3543 1.6620 -18.6932
v -14.5669 1.6475 -18.6932
v -13.7795 1.6351 -18.6932
v -12.9921 1.6139 -18.6932
v -12.2047 1.5360 -18.6932
v -11.4173 1.4844 -18.6932
v -10.6299 1.4283 -18.6932
v -9.8425 1.3649 -18.6932
v -9.0551 1.3450 -18.6932
v -8.2677 1.2781 -18.6932
v -7.4803 1.2439 -18.6932
v -6.6929 1.1866 -18.6932
v -5.9055 1.1241 -18.6932
v -5.1181 1.0857 -18.6932
v -4.3307 1.0365 -18.6932
v -3.5433 1.0136 -18.6932
v -2.7559 0.9373 -18.6932
v -1.9685 0.8626 -18.6932
v -1.1811 0.7414 -18.6932
v -0.3937 0.5040 -18.6932
v 0.3937 0.2494 -18.6932
v 1.1811 0.3126 -18.6932
v 1.9685 0.7088 -18.6932
v 2.7559 1.0889 -18.6932
v 3.5433 1.3279 -18.6932
v 4.3307 1.4896 -18.6932
v 5.1181 1.6362 -18.6932
v 5.9055 1.7669 -18.6932
v 6.6929 1.8836 -18.6932
v 7.4803 1.9919 -18.6932
v 8.2677 2.0578 -18.6932
v 9.0551 2.1406 -18.6932
v 9.8425 2.2330 -18.6932
v 10.6299 2.3540 -18.6932
v 11.4173 2.4662 -18.6932
v 12.2047 2.5732 -18.6932
v 12.9921 2.7685 -18.6932
v 13.7795 2.9584 -18.6932
v 14.5669 3.1008 -18.6932
v 15.3543 3.2501 -18.6932
v 16.1417 3.3853 -18.6932
v 16.9291 3.4938 -18.6932
v 17.7165 3.5885 -18.6932
v 18.5039 3.6812 -18.6932
v 19.2913 3.7358 -18.6932
v 20.0787 3.7759 -18.6932
v 20.8661 3.8315 -18.6932
v 21.6535 3.9189 -18.6932
v 22.4409 4.0618 -18.6932
v 23.2283 4.1650 -18.6932
v 24.0157 4.2502 -18.6932
v 24.8031 4.3673 -18.6932
v 25.5906 4.4894 -18.6932
v 26.3780 4.5846 -18.6932
v 27.1654 4.6532 -18.6932
v 27.9528 4.6919 -18.6932
v 28.7402 4.6919 -18.6932
v 29.5276 4.6916 -18.6932
v 30.3150 4.6720 -18.6932
v 31.1024 4.6873 -18.6932
v 31.8898 4.7541 -18.6932
v 32.6772 4.7773 -18.6932
v 33.4646 4.7773 -18.6932
v 34.2520 4.8382 -18.6932
v 35.0394 4.8965 -18.6932
v 35.8268 4.9780 -18.6932
v 36.6142 5.0332 -18.6932
v 37.4016 5.0332 -18.6932
v 38.1890 5.0344 -18.6932
v 38.9764 5.0588 -18.6932
v 39.7638 5.1182 -18.6932
v 40.5512 5.1718 -18.6932
v 41.3386 5.3435 -18.6932
v 42.1260 5.5074 -18.6932
v 42.9134 5.6703 -18.6932
v 43.7008 5.8672 -18.6932
v 44.4882 6.0628 -18.6932
v 45.2756 6.2669 -18.6932
v 46.0630 6.4786 -18.6932
v 46.8504 6.6369 -18.6932
v 47.6378 6.7596 -18.6932
v 48.4252 6.8485 -18.6932
v 49.2126 6.9142 -18.6932
v 50.0000 7.0707 -18.6932
v -50.0000 3.1034 -17.8977
v -49.2126 3.0607 -17.8977
v -48.4252 2.9711 -17.8977
v -47.6378 2.8521 -17.8977
v -46.8504 2.7515 -17.8977
v -46.0630 2.6698 -17.8977
v -45.2756 2.5993 -17.8977
v -44.4882 2.5623 -17.8977
v -43.7008 2.4840 -17.8977
v -42.9134 2.4442 -17.8977
v -42.1260 2.4160 -17.8977
v -41.3386 2.3677 -17.8977
v -40.5512 2.2903 -17.8977
v -39.7638 2.2938 -17.8977
v -38.9764 2.3551 -17.8977
v -38.1890 2.3623 -17.8977
v -37.4016 2.3721 -17.8977
v -36.6142 2.3976 -17.8977
v -35.8268 2.4199 -17.8977
v -35.0394 2.4959 -17.8977
v -34.2520 2.5343 -17.8977
v -33.4646 2.5531 -17.8977
v -32.6772 2.5534 -17.8977
v -31.8898 2.5570 -17.8977
v -31.1024 2.4935 -17.8977
v -30.3150 2.5112 -17.8977
v -29.5276 2.4871 -17.8977
v -28.7402 2.4820 -17.8977
v -27.9528 2.4246 -17.8977
v -27.1654 2.3742 -17.8977
v -26.3780 2.2985 -17.8977
v -25.5906 2.2253 -17.8977
v -24.8031 2.1873 -17.8977
v -24.0157 2.0978 -17.8977
v -23.2283 2.0257 -17.8977
v -22.4409 1.9268 -17.8977
v -21.6535 1.8529 -17.8977
v -20.8661 1.7953 -17.8977
v -20.0787 1.7915 -17.8977
v -19.2913 1.7545 -17.8977
v -18.5039 1.7058 -17.8977
v -17.7165 1.6816 -17.8977
v -16.9291 1.6437 -17.8977
v -16.1417 1.6209 -17.8977
v -15.3543 1.6209 -17.8977
v -14.5669 1.6195 -17.8977
v -13.7795 1.5985 -17.8977
v -12.9921 1.5516 -17.8977
v -12.2047 1.4978 -17.8977
v -11.4173 1.4265 -17.8977
v -10.6299 1.3340 -17.8977
v -9.8425 1.3158 -17.8977
v -9.0551 1.2679 -17.8977
v -8.2677 1.1877 -17.8977
v -7.4803 1.1431 -17.8977
v -6.6929 1.1049 -17.8977
v -5.9055 1.0528 -17.8977
v -5.1181 0.9989 -17.8977
v -4.3307 0.9616 -17.8977
v -3.5433 0.9132 -17.8977
v -2.7559 0.8426 -17.8977
v -1.9685 0.7404 -17.8977
v -1.1811 0.6155 -17.8977
v -0.3937 0.3432 -17.8977
v 0.3937 0.0843 -17.8977
v 1.1811 0.1512 -17.8977
v 1.9685 0.5748 -17.8977
v 2.7559 0.9647 -17.8977
v 3.5433 1.2095 -17.8977
v 4.3307 1.3630 -17.8977
v 5.1181 1.5238 -17.8977
v 5.9055 1.6592 -17.8977
v 6.6929 1.7679 -17.8977
v 7.4803 1.8823 -17.8977
v 8.2677 1.9819 -17.8977
v 9.0551 2.0938 -17.8977
v 9.8425 2.1928 -17.8977
v 10.6299 2.3022 -17.8977
v 11.4173 2.3912 -17.8977
v 12.2047 2.4857 -17.8977
v 12.9921 2.6748 -17.8977
v 13.7795 2.8583 -17.8977
v 14.5669 2.9885 -17.8977
v 15.3543 3.1369 -17.8977
v 16.1417 3.2790 -17.8977
v 16.9291 3.3904 -17.8977
v 17.7165 3.5019 -17.8977
v 18.5039 3.5982 -17.8977
v 19.2913 3.6332 -17.8977
v 20.0787 3.6866 -17.8977
v 20.8661 3.7484 -17.8977
v 21.6535 3.8389 -17.8977
v 22.4409 3.9831 -17.8977
v 23.2283 4.0985 -17.8977
v 24.0157 4.1869 -17.8977
v 24.8031 4.2910 -17.8977
v 25.5906 4.4077 -17.8977
v 26.3780 4.5092 -17.8977
v 27.1654 4.5839 -17.8977
v 27.9528 4.6160 -17.8977
v 28.7402 4.6270 -17.8977
v 29.5276 4.6124 -17.8977
v 30.3150 4.6103 -17.8977
v 31.1024 4.6464 -17.8977
v 31.8898 4.7361 -17.8977
v 32.6772 4.7772 -17.8977
v 33.4646 4.7773 -17.8977
v 34.2520 4.8247 -17.8977
v 35.0394 4.8757 -17.8977
v 35.8268 4.9538 -17.8977
v 36.6142 4.9864 -17.8977
v 37.4016 5.0173 -17.8977
v 38.1890 5.0332 -17.8977
v 38.9764 5.0348 -17.8977
v 39.7638 5.0712 -17.8977
v 40.5512 5.1414 -17.8977
v 41.3386 5.3110 -17.8977
v 42.1260 5.4837 -17.8977
v 42.9134 5.6277 -17.8977
v 43.7008 5.8121 -17.8977
v 44.4882 6.0076 -17.8977
v 45.2756 6.2126 -17.8977
v 46.0630 6.4130 -17.8977
v 46.8504 6.5766 -17.8977
v 47.6378 6.6954 -17.8977
v 48.4252 6.7937 -17.8977
v 49.2126 6.8581 -17.8977
v 50.0000 7.0241 -17.8977
v -50.0000 2.9426 -17.1023
v -49.2126 2.8889 -17.1023
v -48.4252 2.7727 -17.1023
v -47.6378 2.6898 -17.1023
v -46.8504 2.6281 -17.1023
v -46.0630 2.5748 -17.1023
v -45.2756 2.5123 -17.1023
v -44.4882 2.4826 -17.1023
v -43.7008 2.4143 -17.1023
v -42.9134 2.3592 -17.1023
v -42.1260 2.3129 -17.1023
v -41.3386 2.2392 -17.1023
v -40.5512 2.1717 -17.1023
v -39.7638 2.1818 -17.1023
v -38.9764 2.2319 -17.1023
v -38.1890 2.2319 -17.1023
v -37.4016 2.2565 -17.1023
v -36.6142 2.2957 -17.1023
v -35.8268 2.3197 -17.1023
v -35.0394 2.3649 -17.1023
v -34.2520 2.4065 -17.1023
v -33.4646 2.4296 -17.1023
v -32.6772 2.4362 -17.1023
v -31.8898 2.4285 -17.1023
v -31.1024 2.3685 -17.1023
v -30.3150 2.4022 -17.1023
v -29.5276 2.4051 -17.1023
v -28.7402 2.3789 -17.1023
v -27.9528 2.3365 -17.1023
v -27.1654 2.2771 -17.1023
v -26.3780 2.2274 -17.1023
v -25.5906 2.1677 -17.1023
v -24.8031 2.1203 -17.1023
v -24.0157 2.0604 -17.1023
v -23.2283 1.9881 -17.1023
v -22.4409 1.9052 -17.1023
v -21.6535 1.8178 -17.1023
v -20.8661 1.7673 -17.1023
v -20.0787 1.7399 -17.1023
v -19.2913 1.7032 -17.1023
v -18.5039 1.6566 -17.1023
v -17.7165 1.6161 -17.1023
v -16.9291 1.6119 -17.1023
v -16.1417 1.5706 -17.1023
v -15.3543 1.5511 -17.1023
v -14.5669 1.5286 -17.1023
v -13.7795 1.5078 -17.1023
v -12.9921 1.4760 -17.1023
v -12.2047 1.4347 -17.1023
v -11.4173 1.3590 -17.1023
v -10.6299 1.2535 -17.1023
v -9.8425 1.1952 -17.1023
v -9.0551 1.1589 -17.1023
v -8.2677 1.0789 -17.1023
v -7.4803 1.0312 -17.1023
v -6.6929 0.9934 -17.1023
v -5.9055 0.9584 -17.1023
v -5.1181 0.8969 -17.1023
v -4.3307 0.8486 -17.1023
v -3.5433 0.7981 -17.1023
v -2.7559 0.7155 -17.1023
v -1.9685 0.6168 -17.1023
v -1.1811 0.4926 -17.1023
v -0.3937 0.2007 -17.1023
v 0.3937 0.0082 -17.1023
v 1.1811 0.0704 -17.1023
v 1.9685 0.4160 -17.1023
v 2.7559 0.8189 -17.1023
v 3.5433 1.0501 -17.1023
v 4.3307 1.2099 -17.1023
v 5.1181 1.3599 -17.1023
v 5.9055 1.4797 -17.1023
v 6.6929 1.5950 -17.1023
v 7.4803 1.7245 -17.1023
v 8.2677 1.8435 -17.1023
v 9.0551 1.9708 -17.1023
v 9.8425 2.0907 -17.1023
v 10.6299 2.1999 -17.1023
v 11.4173 2.2786 -17.1023
v 12.2047 2.3599 -17.1023
v 12.9921 2.5315 -17.1023
v 13.7795 2.6943 -17.1023
v 14.5669 2.8351 -17.1023
v 15.3543 2.9860 -17.1023
v 16.1417 3.1293 -17.1023
v 16.9291 3.2544 -17.1023
v 17.7165 3.3648 -17.1023
v 18.5039 3.4619 -17.1023
v 19.2913 3.5152 -17.1023
v 20.0787 3.5767 -17.1023
v 20.8661 3.6343 -17.1023
v 21.6535 3.7223 -17.1023
v 22.4409 3.8590 -17.1023
v 23.2283 3.9802 -17.1023
v 24.0157 4.0813 -17.1023
v 24.8031 4.1827 -17.1023
v 25.5906 4.2994 -17.1023
v 26.3780 4.3989 -17.1023
v 27.1654 4.4811 -17.1023
v 27.9528 4.5265 -17.1023
v 28.7402 4.5459 -17.1023
v 29.5276 4.5173 -17.1023
v 30.3150 4.5133 -17.1023
v 31.1024 4.5540 -17.1023
v 31.8898 4.6414 -17.1023
v 32.6772 4.7157 -17.1023
v 33.4646 4.7441 -17.1023
v 34.2520 4.7848 -17.1023
v 35.0394 4.8388 -17.1023
v 35.8268 4.8909 -17.1023
v 36.6142 4.9350 -17.1023
v 37.4016 4.9442 -17.1023
v 38.1890 4.9748 -17.1023
v 38.9764 4.9886 -17.1023
v 39.7638 5.0126 -17.1023
v 40.5512 5.0908 -17.1023
v 41.3386 5.2511 -17.1023
v 42.1260 5.4217 -17.1023
v 42.9134 5.5622 -17.1023
v 43.7008 5.7584 -17.1023
v 44.4882 5.9581 -17.1023
v 45.2756 6.1494 -17.1023
v 46.0630 6.3546 -17.1023
v 46.8504 6.5161 -17.1023
v 47.6378 6.6412 -17.1023
v 48.4252 6.7459 -17.1023
v 49.2126 6.8134 -17.1023
v 50.0000 6.9836 -17.1023
v -50.0000 2.7106 -16.3068
v -49.2126 2.6467 -16.3068
v -48.4252 2.5445 -16.3068
v -47.6378 2.4927 -16.3068
v -46.8504 2.4684 -16.3068
v -46.0630 2.4162 -16.3068
v -45.2756 2.3499 -16.3068
v -44.4882 2.3196 -16.3068
v -43.7008 2.2588 -16.3068
v -42.9134 2.2119 -16.3068
v -42.1260 2.1366 -16.3068
v -41.3386 2.0520 -16.3068
v -40.5512 1.9793 -16.3068
v -39.7638 2.0021 -16.3068
v -38.9764 2.0473 -16.3068
v -38.1890 2.0719 -16.3068
v -37.4016 2.1029 -16.3068
v -36.6142 2.1457 -16.3068
v -35.8268 2.1756 -16.3068
v -35.0394 2.1952 -16.3068
v -34.2520 2.2173 -16.3068
v -33.4646 2.2354 -16.3068
v -32.6772 2.2441 -16.3068
v -31.8898 2.2304 -16.3068
v -31.1024 2.1679 -16.3068
v -30.3150 2.2121 -16.3068
v -29.5276 2.2246 -16.3068
v -28.7402 2.2329 -16.3068
v -27.9528 2.1880 -16.3068
v -27.1654 2.1512 -16.3068
v -26.3780 2.1209 -16.3068
v -25.5906 2.0738 -16.3068
v -24.8031 2.0152 -16.3068
v -24.0157 1.9692 -16.3068
v -23.2283 1.9042 -16.3068
v -22.4409 1.8230 -16.3068
v -21.6535 1.7318 -16.3068
v -20.8661 1.6720 -16.3068
v -20.0787 1.6541 -16.3068
v -19.2913 1.6086 -16.3068
v -18.5039 1.5706 -16.3068
v -17.7165 1.5295 -16.3068
v -16.9291 1.5100 -16.3068
v -16.1417 1.4916 -16.3068
v -15.3543 1.4596 -16.3068
v -14.5669 1.4171 -16.3068
v -13.7795 1.4010 -16.3068
v -12.9921 1.3707 -16.3068
v -12.2047 1.3275 -16.3068
v -11.4173 1.2515 -16.3068
v -10.6299 1.1368 -16.3068
v -9.8425 1.0745 -16.3068
v -9.0551 1.0420 -16.3068
v -8.2677 0.9664 -16.3068
v -7.4803 0.9075 -16.3068
v -6.6929 0.8612 -16.3068
v -5.9055 0.8191 -16.3068
v -5.1181 0.7618 -16.3068
v -4.3307 0.6987 -16.3068
v -3.5433 0.6349 -16.3068
v -2.7559 0.5608 -16.3068
v -1.9685 0.4658 -16.3068
v -1.1811 0.3235 -16.3068
v -0.3937 0.0748 -16.3068
v 0.3937 0.0000 -16.3068
v 1.1811 0.0213 -16.3068
v 1.9685 0.2749 -16.3068
v 2.7559 0.6251 -16.3068
v 3.5433 0.8394 -16.3068
v 4.3307 1.0027 -16.3068
v 5.1181 1.1405 -16.3068
v 5.9055 1.2542 -16.3068
v 6.6929 1.3806 -16.3068
v 7.4803 1.5133 -16.3068
v 8.2677 1.6445 -16.3068
v 9.0551 1.7677 -16.3068
v 9.8425 1.8833 -16.3068
v 10.6299 1.9915 -16.3068
v 11.4173 2.0655 -16.3068
v 12.2047 2.1537 -16.3068
v 12.9921 2.3323 -16.3068
v 13.7795 2.4961 -16.3068
v 14.5669 2.6474 -16.3068
v 15.3543 2.7982 -16.3068
v 16.1417 2.9494 -16.3068
v 16.9291 3.0714 -16.3068
v 17.7165 3.1850 -16.3068
v 18.5039 3.2657 -16.3068
v 19.2913 3.3207 -16.3068
v 20.0787 3.3748 -16.3068
v 20.8661 3.4384 -16.3068
v 21.6535 3.5266 -16.3068
v 22.4409 3.6794 -16.3068
v 23.2283 3.8035 -16.3068
v 24.0157 3.9119 -16.3068
v 24.8031 4.0248 -16.3068
v 25.5906 4.1477 -16.3068
v 26.3780 4.2557 -16.3068
v 27.1654 4.3350 -16.3068
v 27.9528 4.3788 -16.3068
v 28.7402 4.3966 -16.3068
v 29.5276 4.3910 -16.3068
v 30.3150 4.3819 -16.3068
v 31.1024 4.4103 -16.3068
v 31.8898 4.5196 -16.3068
v 32.6772 4.5862 -16.3068
v 33.4646 4.6346 -16.3068
v 34.2520 4.6786 -16.3068
v 35.0394 4.7428 -16.3068
v 35.8268 4.7922 -16.3068
v 36.6142 4.8278 -16.3068
v 37.4016 4.8488 -16.3068
v 38.1890 4.8914 -16.3068
v 38.9764 4.9060 -16.3068
v 39.7638 4.9105 -16.3068
v 40.5512 4.9938 -16.3068
v 41.3386 5.1531 -16.3068
v 42.1260 5.3217 -16.3068
v 42.9134 5.4585 -16.3068
v 43.7008 5.6652 -16.3068
v 44.4882 5.8713 -16.3068
v 45.2756 6.0713 -16.3068
v 46.0630 6.2825 -16.3068
v 46.8504 6.4476 -16.3068
v 47.6378 6.5711 -16.3068
v 48.4252 6.6571 -16.3068
v 49.2126 6.7219 -16.3068
v 50.0000 6.9099 -16.3068
v -50.0000 2.4275 -15.5114
v -49.2126 2.4050 -15.5114
v -48.4252 2.3301 -15.5114
v -47.6378 2.2912 -15.5114
v -46.8504 2.2623 -15.5114
v -46.0630 2.2013 -15.5114
v -45.2756 2.1298 -15.5114
v -44.4882 2.0935 -15.5114
v -43.7008 2.0384 -15.5114
v -42.9134 1.9918 -15.5114
v -42.1260 1.9259 -15.5114
v -41.3386 1.8318 -15.5114
v -40.5512 1.7730 -15.5114
v -39.7638 1.8015 -15.5114
v -38.9764 1.8562 -15.5114
v -38.1890 1.8850 -15.5114
v -37.4016 1.9184 -15.5114
v -36.6142 1.9531 -15.5114
v -35.8268 1.9709 -15.5114
v -35.0394 1.9794 -15.5114
v -34.2520 2.0054 -15.5114
v -33.4646 2.0211 -15.5114
v -32.6772 2.0261 -15.5114
v -31.8898 2.0072 -15.5114
v -31.1024 1.9618 -15.5114
v -30.3150 2.0290 -15.5114
v -29.5276 2.0468 -15.5114
v -28.7402 2.0587 -15.5114
v -27.9528 2.0278 -15.5114
v -27.1654 2.0002 -15.5114
v -26.3780 1.9716 -15.5114
v -25.5906 1.9292 -15.5114
v -24.8031 1.8975 -15.5114
v -24.0157 1.8436 -15.5114
v -23.2283 1.7796 -15.5114
v -22.4409 1.6951 -15.5114
v -21.6535 1.5996 -15.5114
v -20.8661 1.5642 -15.5114
v -20.0787 1.5504 -15.5114
v -19.2913 1.5057 -15.5114
v -18.5039 1.4667 -15.5114
v -17.7165 1.4502 -15.5114
v -16.9291 1.4466 -15.5114
v -16.1417 1.4082 -15.5114
v -15.3543 1.3530 -15.5114
v -14.5669 1.3082 -15.5114
v -13.7795 1.2661 -15.5114
v -12.9921 1.2491 -15.5114
v -12.2047 1.2021 -15.5114
v -11.4173 1.1106 -15.5114
v -10.6299 0.9945 -15.5114
v -9.8425 0.9570 -15.5114
v -9.0551 0.9102 -15.5114
v -8.2677 0.8243 -15.5114
v -7.4803 0.7679 -15.5114
v -6.6929 0.7247 -15.5114
v -5.9055 0.6702 -15.5114
v -5.1181 0.6209 -15.5114
v -4.3307 0.5364 -15.5114
v -3.5433 0.4669 -15.5114
v -2.7559 0.3924 -15.5114
v -1.9685 0.3133 -15.5114
v -1.1811 0.1662 -15.5114
v -0.3937 0.0093 -15.5114
v 0.3937 0.0000 -15.5114
v 1.1811 0.0015 -15.5114
v 1.9685 0.1709 -15.5114
v 2.7559 0.4464 -15.5114
v 3.5433 0.6450 -15.5114
v 4.3307 0.8065 -15.5114
v 5.1181 0.9307 -15.5114
v 5.9055 1.0346 -15.5114
v 6.6929 1.1542 -15.5114
v 7.4803 1.2799 -15.5114
v 8.2677 1.3986 -15.5114
v 9.0551 1.5088 -15.5114
v 9.8425 1.6133 -15.5114
v 10.6299 1.7289 -15.5114
v 11.4173 1.8301 -15.5114
v 12.2047 1.9287 -15.5114
v 12.9921 2.1266 -15.5114
v 13.7795 2.3140 -15.5114
v 14.5669 2.4568 -15.5114
v 15.3543 2.6027 -15.5114
v 16.1417 2.7457 -15.5114
v 16.9291 2.8596 -15.5114
v 17.7165 2.9541 -15.5114
v 18.5039 3.0267 -15.5114
v 19.2913 3.0862 -15.5114
v 20.0787 3.1527 -15.5114
v 20.8661 3.2195 -15.5114
v 21.6535 3.3120 -15.5114
v 22.4409 3.4733 -15.5114
v 23.2283 3.6119 -15.5114
v 24.0157 3.7374 -15.5114
v 24.8031 3.8520 -15.5114
v 25.5906 3.9789 -15.5114
v 26.3780 4.0929 -15.5114
v 27.1654 4.1743 -15.5114
v 27.9528 4.2157 -15.5114
v 28.7402 4.2510 -15.5114
v 29.5276 4.2598 -15.5114
v 30.3150 4.2490 -15.5114
v 31.1024 4.2860 -15.5114
v 31.8898 4.3809 -15.5114
v 32.6772 4.4240 -15.5114
v 33.4646 4.4734 -15.5114
v 34.2520 4.5414 -15.5114
v 35.0394 4.6180 -15.5114
v 35.8268 4.6652 -15.5114
v 36.6142 4.6930 -15.5114
v 37.4016 4.7266 -15.5114
v 38.1890 4.7659 -15.5114
v 38.9764 4.7957 -15.5114
v 39.7638 4.8145 -15.5114
v 40.5512 4.8884 -15.5114
v 41.3386 5.0236 -15.5114
v 42.1260 5.1854 -15.5114
v 42.9134 5.3261 -15.5114
v 43.7008 5.5418 -15.5114
v 44.4882 5.7487 -15.5114
v 45.2756 5.9587 -15.5114
v 46.0630 6.1507 -15.5114
v 46.8504 6.3080 -15.5114
v 47.6378 6.4515 -15.5114
v 48.4252 6.5424 -15.5114
v 49.2126 6.5965 -15.5114
v 50.0000 6.7439 -15.5114
v -50.0000 2.1974 -14.7159
v -49.2126 2.2074 -14.7159
v -48.4252 2.1685 -14.7159
v -47.6378 2.1085 -14.7159
v -46.8504 2.0558 -14.7159
v -46.0630 1.9811 -14.7159
v -45.2756 1.9037 -14.7159
v -44.4882 1.8383 -14.7159
v -43.7008 1.7730 -14.7159
v -42.9134 1.7319 -14.7159
v -42.1260 1.6942 -14.7159
v -41.3386 1.6076 -14.7159
v -40.5512 1.5573 -14.7159
v -39.7638 1.6014 -14.7159
v -38.9764 1.6627 -14.7159
v -38.1890 1.7059 -14.7159
v -37.4016 1.7354 -14.7159
v -36.6142 1.7595 -14.7159
v -35.8268 1.7806 -14.7159
v -35.0394 1.7899 -14.7159
v -34.2520 1.8095 -14.7159
v -33.4646 1.8211 -14.7159
v -32.6772 1.8062 -14.7159
v -31.8898 1.7813 -14.7159
v -31.1024 1.7478 -14.7159
v -30.3150 1.8517 -14.7159
v -29.5276 1.8861 -14.7159
v -28.7402 1.9005 -14.7159
v -27.9528 1.8880 -14.7159
v -27.1654 1.8599 -14.7159
v -26.3780 1.8348 -14.7159
v -25.5906 1.8118 -14.7159
v -24.8031 1.7620 -14.7159
v -24.0157 1.7263 -14.7159
v -23.2283 1.6625 -14.7159
v -22.4409 1.5667 -14.7159
v -21.6535 1.4863 -14.7159
v -20.8661 1.4599 -14.7159
v -20.0787 1.4458 -14.7159
v -19.2913 1.4177 -14.7159
v -18.5039 1.3792 -14.7159
v -17.7165 1.3828 -14.7159
v -16.9291 1.3611 -14.7159
v -16.1417 1.3379 -14.7159
v -15.3543 1.2808 -14.7159
v -14.5669 1.2204 -14.7159
v -13.7795 1.1889 -14.7159
v -12.9921 1.1625 -14.7159
v -12.2047 1.0974 -14.7159
v -11.4173 0.9995 -14.7159
v -10.6299 0.9042 -14.7159
v -9.8425 0.8410 -14.7159
v -9.0551 0.7667 -14.7159
v -8.2677 0.6771 -14.7159
v -7.4803 0.6201 -14.7159
v -6.6929 0.5738 -14.7159
v -5.9055 0.5430 -14.7159
v -5.1181 0.4771 -14.7159
v -4.3307 0.4109 -14.7159
v -3.5433 0.3417 -14.7159
v -2.7559 0.2728 -14.7159
v -1.9685 0.2067 -14.7159
v -1.1811 0.0783 -14.7159
v -0.3937 0.0000 -14.7159
v 0.3937 0.0000 -14.7159
v 1.1811 0.0000 -14.7159
v 1.9685 0.0875 -14.7159
v 2.7559 0.3077 -14.7159
v 3.5433 0.4713 -14.7159
v 4.3307 0.6107 -14.7159
v 5.1181 0.7456 -14.7159
v 5.9055 0.8600 -14.7159
v 6.6929 0.9554 -14.7159
v 7.4803 1.0696 -14.7159
v 8.2677 1.1623 -14.7159
v 9.0551 1.2416 -14.7159
v 9.8425 1.3396 -14.7159
v 10.6299 1.4629 -14.7159
v 11.4173 1.5984 -14.7159
v 12.2047 1.7120 -14.7159
v 12.9921 1.9207 -14.7159
v 13.7795 2.1202 -14.7159
v 14.5669 2.2573 -14.7159
v 15.3543 2.4074 -14.7159
v 16.1417 2.5453 -14.7159
v 16.9291 2.6662 -14.7159
v 17.7165 2.7484 -14.7159
v 18.5039 2.8277 -14.7159
v 19.2913 2.8919 -14.7159
v 20.0787 2.9543 -14.7159
v 20.8661 3.0246 -14.7159
v 21.6535 3.1253 -14.7159
v 22.4409 3.2816 -14.7159
v 23.2283 3.4308 -14.7159
v 24.0157 3.5711 -14.7159
v 24.8031 3.7080 -14.7159
v 25.5906 3.8420 -14.7159
v 26.3780 3.9636 -14.7159
v 27.1654 4.0491 -14.7159
v 27.9528 4.1108 -14.7159
v 28.7402 4.1334 -14.7159
v 29.5276 4.1477 -14.7159
v 30.3150 4.1406 -14.7159
v 31.1024 4.1699 -14.7159
v 31.8898 4.2280 -14.7159
v 32.6772 4.2894 -14.7159
v 33.4646 4.3211 -14.7159
v 34.2520 4.3983 -14.7159
v 35.0394 4.4839 -14.7159
v 35.8268 4.5414 -14.7159
v 36.6142 4.5828 -14.7159
v 37.4016 4.6206 -14.7159
v 38.1890 4.6707 -14.7159
v 38.9764 4.6959 -14.7159
v 39.7638 4.7335 -14.7159
v 40.5512 4.8149 -14.7159
v 41.3386 4.9316 -14.7159
v 42.1260 5.0790 -14.7159
v 42.9134 5.2054 -14.7159
v 43.7008 5.4059 -14.7159
v 44.4882 5.6325 -14.7159
v 45.2756 5.8465 -14.7159
v 46.0630 6.0263 -14.7159
v 46.8504 6.1880 -14.7159
v 47.6378 6.3223 -14.7159
v 48.4252 6.4136 -14.7159
v 49.2126 6.4634 -14.7159
v 50.0000 6.5562 -14.7159
v -50.0000 2.0534 -13.9205
v -49.2126 2.0619 -13.9205
v -48.4252 2.0117 -13.9205
v -47.6378 1.9355 -13.9205
v -46.8504 1.8782 -13.9205
v -46.0630 1.7935 -13.9205
v -45.2756 1.6979 -13.9205
v -44.4882 1.6147 -13.9205
v -43.7008 1.5264 -13.9205
v -42.9134 1.4736 -13.9205
v -42.1260 1.4502 -13.9205
v -41.3386 1.4062 -13.9205
v -40.5512 1.3579 -13.9205
v -39.7638 1.3983 -13.9205
v -38.9764 1.4649 -13.9205
v -38.1890 1.5187 -13.9205
v -37.4016 1.5595 -13.9205
v -36.6142 1.5987 -13.9205
v -35.8268 1.6194 -13.9205
v -35.0394 1.6270 -13.9205
v -34.2520 1.6191 -13.9205
v -33.4646 1.6121 -13.9205
v -32.6772 1.6113 -13.9205
v -31.8898 1.5891 -13.9205
v -31.1024 1.5636 -13.9205
v -30.3150 1.6870 -13.9205
v -29.5276 1.7288 -13.9205
v -28.7402 1.7430 -13.9205
v -27.9528 1.7292 -13.9205
v -27.1654 1.7163 -13.9205
v -26.3780 1.7080 -13.9205
v -25.5906 1.6797 -13.9205
v -24.8031 1.6422 -13.9205
v -24.0157 1.5728 -13.9205
v -23.2283 1.5173 -13.9205
v -22.4409 1.4363 -13.9205
v -21.6535 1.3790 -13.9205
v -20.8661 1.3566 -13.9205
v -20.0787 1.3364 -13.9205
v -19.2913 1.3313 -13.9205
v -18.5039 1.3294 -13.9205
v -17.7165 1.3155 -13.9205
v -16.9291 1.2715 -13.9205
v -16.1417 1.2466 -13.9205
v -15.3543 1.1839 -13.9205
v -14.5669 1.1213 -13.9205
v -13.7795 1.0619 -13.9205
v -12.9921 1.0218 -13.9205
v -12.2047 0.9693 -13.9205
v -11.4173 0.8871 -13.9205
v -10.6299 0.8030 -13.9205
v -9.8425 0.7217 -13.9205
v -9.0551 0.6283 -13.9205
v -8.2677 0.5461 -13.9205
v -7.4803 0.4847 -13.9205
v -6.6929 0.4418 -13.9205
v -5.9055 0.3960 -13.9205
v -5.1181 0.3342 -13.9205
v -4.3307 0.2690 -13.9205
v -3.5433 0.1937 -13.9205
v -2.7559 0.1377 -13.9205
v -1.9685 0.0828 -13.9205
v -1.1811 0.0193 -13.9205
v -0.3937 0.0000 -13.9205
v 0.3937 0.0000 -13.9205
v 1.1811 0.0000 -13.9205
v 1.9685 0.0476 -13.9205
v 2.7559 0.2201 -13.9205
v 3.5433 0.3487 -13.9205
v 4.3307 0.4697 -13.9205
v 5.1181 0.5963 -13.9205
v 5.9055 0.7053 -13.9205
v 6.6929 0.7891 -13.9205
v 7.4803 0.8751 -13.9205
v 8.2677 0.9546 -13.9205
v 9.0551 1.0526 -13.9205
v 9.8425 1.1715 -13.9205
v 10.6299 1.3036 -13.9205
v 11.4173 1.4420 -13.9205
v 12.2047 1.5463 -13.9205
v 12.9921 1.7483 -13.9205
v 13.7795 1.9403 -13.9205
v 14.5669 2.0959 -13.9205
v 15.3543 2.2372 -13.9205
v 16.1417 2.3623 -13.9205
v 16.9291 2.4716 -13.9205
v 17.7165 2.5552 -13.9205
v 18.5039 2.6318 -13.9205
v 19.2913 2.7102 -13.9205
v 20.0787 2.7856 -13.9205
v 20.8661 2.8620 -13.9205
v 21.6535 2.9545 -13.9205
v 22.4409 3.1242 -13.9205
v 23.2283 3.2871 -13.9205
v 24.0157 3.4255 -13.9205
v 24.8031 3.5741 -13.9205
v 25.5906 3.7117 -13.9205
v 26.3780 3.8246 -13.9205
v 27.1654 3.9120 -13.9205
v 27.9528 3.9774 -13.9205
v 28.7402 4.0117 -13.9205
v 29.5276 4.0339 -13.9205
v 30.3150 4.0433 -13.9205
v 31.1024 4.0694 -13.9205
v 31.8898 4.1285 -13.9205
v 32.6772 4.1745 -13.9205
v 33.4646 4.2158 -13.9205
v 34.2520 4.2695 -13.9205
v 35.0394 4.3504 -13.9205
v 35.8268 4.4093 -13.9205
v 36.6142 4.4554 -13.9205
v 37.4016 4.5245 -13.9205
v 38.1890 4.5613 -13.9205
v 38.9764 4.5799 -13.9205
v 39.7638 4.6230 -13.9205
v 40.5512 4.7178 -13.9205
v 41.3386 4.8347 -13.9205
v 42.1260 4.9681 -13.9205
v 42.9134 5.0814 -13.9205
v 43.7008 5.2444 -13.9205
v 44.4882 5.4755 -13.9205
v 45.2756 5.6773 -13.9205
v 46.0630 5.8691 -13.9205
v 46.8504 6.0461 -13.9205
v 47.6378 6.1767 -13.9205
v 48.4252 6.2532 -13.9205
v 49.2126 6.3135 -13.9205
v 50.0000 6.4082 -13.9205
v -50.0000 1.9061 -13.1250
v -49.2126 1.8760 -13.1250
v -48.4252 1.8104 -13.1250
v -47.6378 1.7210 -13.1250
v -46.8504 1.6471 -13.1250
v -46.0630 1.5509 -13.1250
v -45.2756 1.4508 -13.1250
v -44.4882 1.3758 -13.1250
v -43.7008 1.2774 -13.1250
v -42.9134 1.2325 -13.1250
v -42.1260 1.2204 -13.1250
v -41.3386 1.1926 -13.1250
v -40.5512 1.1619 -13.1250
v -39.7638 1.1969 -13.1250
v -38.9764 1.2682 -13.1250
v -38.1890 1.3195 -13.1250
v -37.4016 1.3494 -13.1250
v -36.6142 1.3695 -13.1250
v -35.8268 1.3799 -13.1250
v -35.0394 1.3813 -13.1250
v -34.2520 1.3797 -13.1250
v -33.4646 1.3734 -13.1250
v -32.6772 1.3758 -13.1250
v -31.8898 1.3683 -13.1250
v -31.1024 1.3925 -13.1250
v -30.3150 1.5187 -13.1250
v -29.5276 1.5668 -13.1250
v -28.7402 1.5933 -13.1250
v -27.9528 1.5976 -13.1250
v -27.1654 1.5693 -13.1250
v -26.3780 1.5670 -13.1250
v -25.5906 1.5392 -13.1250
v -24.8031 1.4927 -13.1250
v -24.0157 1.4318 -13.1250
v -23.2283 1.3923 -13.1250
v -22.4409 1.3402 -13.1250
v -21.6535 1.2817 -13.1250
v -20.8661 1.2655 -13.1250
v -20.0787 1.2445 -13.1250
v -19.2913 1.2636 -13.1250
v -18.5039 1.2796 -13.1250
v -17.7165 1.2389 -13.1250
v -16.9291 1.1834 -13.1250
v -16.1417 1.1313 -13.1250
v -15.3543 1.0669 -13.1250
v -14.5669 1.0110 -13.1250
v -13.7795 0.9597 -13.1250
v -12.9921 0.9049 -13.1250
v -12.2047 0.8410 -13.1250
v -11.4173 0.7547 -13.1250
v -10.6299 0.6779 -13.1250
v -9.8425 0.5922 -13.1250
v -9.0551 0.5078 -13.1250
v -8.2677 0.4259 -13.1250
v -7.4803 0.3652 -13.1250
v -6.6929 0.3037 -13.1250
v -5.9055 0.2352 -13.1250
v -5.1181 0.1747 -13.1250
v -4.3307 0.1082 -13.1250
v -3.5433 0.0442 -13.1250
v -2.7559 0.0118 -13.1250
v -1.9685 0.0000 -13.1250
v -1.1811 0.0000 -13.1250
v -0.3937 0.0000 -13.1250
v 0.3937 0.0000 -13.1250
v 1.1811 0.0000 -13.1250
v 1.9685 0.0092 -13.1250
v 2.7559 0.1331 -13.1250
v 3.5433 0.2378 -13.1250
v 4.3307 0.3366 -13.1250
v 5.1181 0.4580 -13.1250
v 5.9055 0.5765 -13.1250
v 6.6929 0.6398 -13.1250
v 7.4803 0.6922 -13.1250
v 8.2677 0.7647 -13.1250
v 9.0551 0.8669 -13.1250
v 9.8425 0.9991 -13.1250
v 10.6299 1.1426 -13.1250
v 11.4173 1.2928 -13.1250
v 12.2047 1.3857 -13.1250
v 12.9921 1.5717 -13.1250
v 13.7795 1.7582 -13.1250
v 14.5669 1.9186 -13.1250
v 15.3543 2.0532 -13.1250
v 16.1417 2.1622 -13.1250
v 16.9291 2.2528 -13.1250
v 17.7165 2.3375 -13.1250
v 18.5039 2.4144 -13.1250
v 19.2913 2.4989 -13.1250
v 20.0787 2.5913 -13.1250
v 20.8661 2.6932 -13.1250
v 21.6535 2.7766 -13.1250
v 22.4409 2.9574 -13.1250
v 23.2283 3.1343 -13.1250
v 24.0157 3.2930 -13.1250
v 24.8031 3.4371 -13.1250
v 25.5906 3.5808 -13.1250
v 26.3780 3.6877 -13.1250
v 27.1654 3.7878 -13.1250
v 27.9528 3.8564 -13.1250
v 28.7402 3.8739 -13.1250
v 29.5276 3.8908 -13.1250
v 30.3150 3.9063 -13.1250
v 31.1024 3.9472 -13.1250
v 31.8898 3.9801 -13.1250
v 32.6772 4.0424 -13.1250
v 33.4646 4.0873 -13.1250
v 34.2520 4.1224 -13.1250
v 35.0394 4.1846 -13.1250
v 35.8268 4.2590 -13.1250
v 36.6142 4.3003 -13.1250
v 37.4016 4.3793 -13.1250
v 38.1890 4.4139 -13.1250
v 38.9764 4.4173 -13.1250
v 39.7638 4.4651 -13.1250
v 40.5512 4.5616 -13.1250
v 41.3386 4.6779 -13.1250
v 42.1260 4.8068 -13.1250
v 42.9134 4.9324 -13.1250
v 43.7008 5.0636 -13.1250
v 44.4882 5.2697 -13.1250
v 45.2756 5.4719 -13.1250
v 46.0630 5.6582 -13.1250
v 46.8504 5.8438 -13.1250
v 47.6378 5.9810 -13.1250
v 48.4252 6.0540 -13.1250
v 49.2126 6.1203 -13.1250
v 50.0000 6.2640 -13.1250
v -50.0000 1.7521 -12.3295
v -49.2126 1.7005 -12.3295
v -48.4252 1.6306 -12.3295
v -47.6378 1.5400 -12.3295
v -46.8504 1.4487 -12.3295
v -46.0630 1.3537 -12.3295
v -45.2756 1.2437 -12.3295
v -44.4882 1.1580 -12.3295
v -43.7008 1.0766 -12.3295
v -42.9134 1.0578 -12.3295
v -42.1260 1.0429 -12.3295
v -41.3386 1.0427 -12.3295
v -40.5512 1.0386 -12.3295
v -39.7638 1.0485 -12.3295
v -38.9764 1.0956 -12.3295
v -38.1890 1.1541 -12.3295
v -37.4016 1.1651 -12.3295
v -36.6142 1.2186 -12.3295
v -35.8268 1.2262 -12.3295
v -35.0394 1.2326 -12.3295
v -34.2520 1.2140 -12.3295
v -33.4646 1.2157 -12.3295
v -32.6772 1.2124 -12.3295
v -31.8898 1.2144 -12.3295
v -31.1024 1.2594 -12.3295
v -30.3150 1.4058 -12.3295
v -29.5276 1.4683 -12.3295
v -28.7402 1.5243 -12.3295
v -27.9528 1.5355 -12.3295
v -27.1654 1.5337 -12.3295
v -26.3780 1.4846 -12.3295
v -25.5906 1.4515 -12.3295
v -24.8031 1.4202 -12.3295
v -24.0157 1.3649 -12.3295
v -23.2283 1.3154 -12.3295
v -22.4409 1.2797 -12.3295
v -21.6535 1.2230 -12.3295
v -20.8661 1.2244 -12.3295
v -20.0787 1.1983 -12.3295
v -19.2913 1.1944 -12.3295
v -18.5039 1.2011 -12.3295
v -17.7165 1.1941 -12.3295
v -16.9291 1.1281 -12.3295
v -16.1417 1.0710 -12.3295
v -15.3543 1.0163 -12.3295
v -14.5669 0.9420 -12.3295
v -13.7795 0.9218 -12.3295
v -12.9921 0.8451 -12.3295
v -12.2047 0.7563 -12.3295
v -11.4173 0.6627 -12.3295
v -10.6299 0.5879 -12.3295
v -9.8425 0.5101 -12.3295
v -9.0551 0.4266 -12.3295
v -8.2677 0.3481 -12.3295
v -7.4803 0.2901 -12.3295
v -6.6929 0.2398 -12.3295
v -5.9055 0.1715 -12.3295
v -5.1181 0.0955 -12.3295
v -4.3307 0.0328 -12.3295
v -3.5433 0.0000 -12.3295
v -2.7559 0.0000 -12.3295
v -1.9685 0.0000 -12.3295
v -1.1811 0.0000 -12.3295
v -0.3937 0.0000 -12.3295
v 0.3937 0.0000 -12.3295
v 1.1811 0.0000 -12.3295
v 1.9685 0.0149 -12.3295
v 2.7559 0.1153 -12.3295
v 3.5433 0.2048 -12.3295
v 4.3307 0.2822 -12.3295
v 5.1181 0.3887 -12.3295
v 5.9055 0.4867 -12.3295
v 6.6929 0.5376 -12.3295
v 7.4803 0.5817 -12.3295
v 8.2677 0.6597 -12.3295
v 9.0551 0.7621 -12.3295
v 9.8425 0.8962 -12.3295
v 10.6299 1.0299 -12.3295
v 11.4173 1.2004 -12.3295
v 12.2047 1.3116 -12.3295
v 12.9921 1.4864 -12.3295
v 13.7795 1.6577 -12.3295
v 14.5669 1.8047 -12.3295
v 15.3543 1.9311 -12.3295
v 16.1417 2.0313 -12.3295
v 16.9291 2.0964 -12.3295
v 17.7165 2.1767 -12.3295
v 18.5039 2.2569 -12.3295
v 19.2913 2.3443 -12.3295
v 20.0787 2.4449 -12.3295
v 20.8661 2.5554 -12.3295
v 21.6535 2.6837 -12.3295
v 22.4409 2.8660 -12.3295
v 23.2283 3.0641 -12.3295
v 24.0157 3.2380 -12.3295
v 24.8031 3.3827 -12.3295
v 25.5906 3.5309 -12.3295
v 26.3780 3.6265 -12.3295
v 27.1654 3.7280 -12.3295
v 27.9528 3.7703 -12.3295
v 28.7402 3.8289 -12.3295
v 29.5276 3.8391 -12.3295
v 30.3150 3.8392 -12.3295
v 31.1024 3.8914 -12.3295
v 31.8898 3.9235 -12.3295
v 32.6772 3.9922 -12.3295
v 33.4646 4.0330 -12.3295
v 34.2520 4.0901 -12.3295
v 35.0394 4.1053 -12.3295
v 35.8268 4.1802 -12.3295
v 36.6142 4.2414 -12.3295
v 37.4016 4.2778 -12.3295
v 38.1890 4.3193 -12.3295
v 38.9764 4.3341 -12.3295
v 39.7638 4.3590 -12.3295
v 40.5512 4.4543 -12.3295
v 41.3386 4.5683 -12.3295
v 42.1260 4.7136 -12.3295
v 42.9134 4.8347 -12.3295
v 43.7008 4.9762 -12.3295
v 44.4882 5.1562 -12.3295
v 45.2756 5.3408 -12.3295
v 46.0630 5.5136 -12.3295
v 46.8504 5.6908 -12.3295
v 47.6378 5.8069 -12.3295
v 48.4252 5.8881 -12.3295
v 49.2126 5.9590 -12.3295
v 50.0000 6.0412 -12.3295
v -50.0000 1.6103 -11.5341
v -49.2126 1.5667 -11.5341
v -48.4252 1.4786 -11.5341
v -47.6378 1.3888 -11.5341
v -46.8504 1.3147 -11.5341
v -46.0630 1.2460 -11.5341
v -45.2756 1.1611 -11.5341
v -44.4882 1.0913 -11.5341
v -43.7008 1.0254 -11.5341
v -42.9134 0.9870 -11.5341
v -42.1260 0.9492 -11.5341
v -41.3386 0.9564 -11.5341
v -40.5512 0.9543 -11.5341
v -39.7638 0.9735 -11.5341
v -38.9764 1.0148 -11.5341
v -38.1890 1.0468 -11.5341
v -37.4016 1.0746 -11.5341
v -36.6142 1.1308 -11.5341
v -35.8268 1.1804 -11.5341
v -35.0394 1.2326 -11.5341
v -34.2520 1.2248 -11.5341
v -33.4646 1.1943 -11.5341
v -32.6772 1.1943 -11.5341
v -31.8898 1.1979 -11.5341
v -31.1024 1.2407 -11.5341
v -30.3150 1.3560 -11.5341
v -29.5276 1.4158 -11.5341
v -28.7402 1.4523 -11.5341
v -27.9528 1.4729 -11.5341
v -27.1654 1.4728 -11.5341
v -26.3780 1.4511 -11.5341
v -25.5906 1.4424 -11.5341
v -24.8031 1.3771 -11.5341
v -24.0157 1.3497 -11.5341
v -23.2283 1.2896 -11.5341
v -22.4409 1.2796 -11.5341
v -21.6535 1.2084 -11.5341
v -20.8661 1.1943 -11.5341
v -20.0787 1.1943 -11.5341
v -19.2913 1.1943 -11.5341
v -18.5039 1.1943 -11.5341
v -17.7165 1.1880 -11.5341
v -16.9291 1.1200 -11.5341
v -16.1417 1.0647 -11.5341
v -15.3543 1.0054 -11.5341
v -14.5669 0.9384 -11.5341
v -13.7795 0.9028 -11.5341
v -12.9921 0.8178 -11.5341
v -12.2047 0.7208 -11.5341
v -11.4173 0.6086 -11.5341
v -10.6299 0.5121 -11.5341
v -9.8425 0.4401 -11.5341
v -9.0551 0.3694 -11.5341
v -8.2677 0.2978 -11.5341
v -7.4803 0.2508 -11.5341
v -6.6929 0.1967 -11.5341
v -5.9055 0.1569 -11.5341
v -5.1181 0.0856 -11.5341
v -4.3307 0.0475 -11.5341
v -3.5433 0.0000 -11.5341
v -2.7559 0.0000 -11.5341
v -1.9685 0.0000 -11.5341
v -1.1811 0.0000 -11.5341
v -0.3937 0.0000 -11.5341
v 0.3937 0.0000 -11.5341
v 1.1811 0.0000 -11.5341
v 1.9685 0.0748 -11.5341
v 2.7559 0.2290 -11.5341
v 3.5433 0.2930 -11.5341
v 4.3307 0.3814 -11.5341
v 5.1181 0.4801 -11.5341
v 5.9055 0.5482 -11.5341
v 6.6929 0.6192 -11.5341
v 7.4803 0.6656 -11.5341
v 8.2677 0.7337 -11.5341
v 9.0551 0.8150 -11.5341
v 9.8425 0.9150 -11.5341
v 10.6299 1.0541 -11.5341
v 11.4173 1.1834 -11.5341
v 12.2047 1.3295 -11.5341
v 12.9921 1.5095 -11.5341
v 13.7795 1.6781 -11.5341
v 14.5669 1.8320 -11.5341
v 15.3543 1.9552 -11.5341
v 16.1417 2.0564 -11.5341
v 16.9291 2.1261 -11.5341
v 17.7165 2.1676 -11.5341
v 18.5039 2.2237 -11.5341
v 19.2913 2.2992 -11.5341
v 20.0787 2.4175 -11.5341
v 20.8661 2.5176 -11.5341
v 21.6535 2.6601 -11.5341
v 22.4409 2.8455 -11.5341
v 23.2283 3.0448 -11.5341
v 24.0157 3.2251 -11.5341
v 24.8031 3.3830 -11.5341
v 25.5906 3.5359 -11.5341
v 26.3780 3.6275 -11.5341
v 27.1654 3.7243 -11.5341
v 27.9528 3.7620 -11.5341
v 28.7402 3.8246 -11.5341
v 29.5276 3.8417 -11.5341
v 30.3150 3.8600 -11.5341
v 31.1024 3.8820 -11.5341
v 31.8898 3.9221 -11.5341
v 32.6772 3.9687 -11.5341
v 33.4646 4.0274 -11.5341
v 34.2520 4.0919 -11.5341
v 35.0394 4.1216 -11.5341
v 35.8268 4.1828 -11.5341
v 36.6142 4.2411 -11.5341
v 37.4016 4.2611 -11.5341
v 38.1890 4.2507 -11.5341
v 38.9764 4.2472 -11.5341
v 39.7638 4.2915 -11.5341
v 40.5512 4.3619 -11.5341
v 41.3386 4.5035 -11.5341
v 42.1260 4.6516 -11.5341
v 42.9134 4.7704 -11.5341
v 43.7008 4.9083 -11.5341
v 44.4882 5.0824 -11.5341
v 45.2756 5.2491 -11.5341
v 46.0630 5.4244 -11.5341
v 46.8504 5.5848 -11.5341
v 47.6378 5.6749 -11.5341
v 48.4252 5.7352 -11.5341
v 49.2126 5.7985 -11.5341
v 50.0000 5.8961 -11.5341
v -50.0000 1.5289 -10.7386
v -49.2126 1.5195 -10.7386
v -48.4252 1.4054 -10.7386
v -47.6378 1.3143 -10.7386
v -46.8504 1.2615 -10.7386
v -46.0630 1.2114 -10.7386
v -45.2756 1.1501 -10.7386
v -44.4882 1.1009 -10.7386
v -43.7008 1.0491 -10.7386
v -42.9134 0.9908 -10.7386
v -42.1260 0.9448 -10.7386
v -41.3386 0.9384 -10.7386
v -40.5512 0.9194 -10.7386
v -39.7638 0.9384 -10.7386
v -38.9764 0.9388 -10.7386
v -38.1890 0.9844 -10.7386
v -37.4016 1.0231 -10.7386
v -36.6142 1.0729 -10.7386
v -35.8268 1.1090 -10.7386
v -35.0394 1.1244 -10.7386
v -34.2520 1.1498 -10.7386
v -33.4646 1.1730 -10.7386
v -32.6772 1.1943 -10.7386
v -31.8898 1.2229 -10.7386
v -31.1024 1.2259 -10.7386
v -30.3150 1.3448 -10.7386
v -29.5276 1.4111 -10.7386
v -28.7402 1.4502 -10.7386
v -27.9528 1.4502 -10.7386
v -27.1654 1.4502 -10.7386
v -26.3780 1.4486 -10.7386
v -25.5906 1.3724 -10.7386
v -24.8031 1.3649 -10.7386
v -24.0157 1.3420 -10.7386
v -23.2283 1.2796 -10.7386
v -22.4409 1.2672 -10.7386
v -21.6535 1.1974 -10.7386
v -20.8661 1.1943 -10.7386
v -20.0787 1.1943 -10.7386
v -19.2913 1.1943 -10.7386
v -18.5039 1.1943 -10.7386
v -17.7165 1.1518 -10.7386
v -16.9291 1.1090 -10.7386
v -16.1417 1.0381 -10.7386
v -15.3543 0.9727 -10.7386
v -14.5669 0.9384 -10.7386
v -13.7795 0.8734 -10.7386
v -12.9921 0.7926 -10.7386
v -12.2047 0.7183 -10.7386
v -11.4173 0.6006 -10.7386
v -10.6299 0.4752 -10.7386
v -9.8425 0.4256 -10.7386
v -9.0551 0.3494 -10.7386
v -8.2677 0.2598 -10.7386
v -7.4803 0.1783 -10.7386
v -6.6929 0.1706 -10.7386
v -5.9055 0.1147 -10.7386
v -5.1181 0.0827 -10.7386
v -4.3307 0.0118 -10.7386
v -3.5433 0.0000 -10.7386
v -2.7559 0.0000 -10.7386
v -1.9685 0.0000 -10.7386
v -1.1811 0.0000 -10.7386
v -0.3937 0.0000 -10.7386
v 0.3937 0.0000 -10.7386
v 1.1811 0.0000 -10.7386
v 1.9685 0.0727 -10.7386
v 2.7559 0.2615 -10.7386
v 3.5433 0.3562 -10.7386
v 4.3307 0.4317 -10.7386
v 5.1181 0.5288 -10.7386
v 5.9055 0.6342 -10.7386
v 6.6929 0.7207 -10.7386
v 7.4803 0.7732 -10.7386
v 8.2677 0.8150 -10.7386
v 9.0551 0.8663 -10.7386
v 9.8425 0.9460 -10.7386
v 10.6299 1.0598 -10.7386
v 11.4173 1.1568 -10.7386
v 12.2047 1.2979 -10.7386
v 12.9921 1.5133 -10.7386
v 13.7795 1.6861 -10.7386
v 14.5669 1.8307 -10.7386
v 15.3543 1.9437 -10.7386
v 16.1417 2.0531 -10.7386
v 16.9291 2.1322 -10.7386
v 17.7165 2.1561 -10.7386
v 18.5039 2.2191 -10.7386
v 19.2913 2.2880 -10.7386
v 20.0787 2.3780 -10.7386
v 20.8661 2.4677 -10.7386
v 21.6535 2.5826 -10.7386
v 22.4409 2.7827 -10.7386
v 23.2283 2.9742 -10.7386
v 24.0157 3.1566 -10.7386
v 24.8031 3.3155 -10.7386
v 25.5906 3.4653 -10.7386
v 26.3780 3.6042 -10.7386
v 27.1654 3.6695 -10.7386
v 27.9528 3.7356 -10.7386
v 28.7402 3.7545 -10.7386
v 29.5276 3.7704 -10.7386
v 30.3150 3.8353 -10.7386
v 31.1024 3.8389 -10.7386
v 31.8898 3.8713 -10.7386
v 32.6772 3.9242 -10.7386
v 33.4646 3.9648 -10.7386
v 34.2520 4.0111 -10.7386
v 35.0394 4.0567 -10.7386
v 35.8268 4.1187 -10.7386
v 36.6142 4.1801 -10.7386
v 37.4016 4.1801 -10.7386
v 38.1890 4.1663 -10.7386
v 38.9764 4.1498 -10.7386
v 39.7638 4.1830 -10.7386
v 40.5512 4.2485 -10.7386
v 41.3386 4.4008 -10.7386
v 42.1260 4.5299 -10.7386
v 42.9134 4.6446 -10.7386
v 43.7008 4.7841 -10.7386
v 44.4882 4.9497 -10.7386
v 45.2756 5.1110 -10.7386
v 46.0630 5.2803 -10.7386
v 46.8504 5.4369 -10.7386
v 47.6378 5.5282 -10.7386
v 48.4252 5.5837 -10.7386
v 49.2126 5.6335 -10.7386
v 50.0000 5.7279 -10.7386
v -50.0000 1.5205 -9.9432
v -49.2126 1.5524 -9.9432
v -48.4252 1.4373 -9.9432
v -47.6378 1.3542 -9.9432
v -46.8504 1.3061 -9.9432
v -46.0630 1.2808 -9.9432
v -45.2756 1.2161 -9.9432
v -44.4882 1.1654 -9.9432
v -43.7008 1.1252 -9.9432
v -42.9134 1.0452 -9.9432
v -42.1260 1.0087 -9.9432
v -41.3386 0.9476 -9.9432
v -40.5512 0.9329 -9.9432
v -39.7638 0.9426 -9.9432
v -38.9764 0.9806 -9.9432
v -38.1890 1.0269 -9.9432
v -37.4016 1.0689 -9.9432
v -36.6142 1.1090 -9.9432
v -35.8268 1.1090 -9.9432
v -35.0394 1.1427 -9.9432
v -34.2520 1.1941 -9.9432
v -33.4646 1.1800 -9.9432
v -32.6772 1.1943 -9.9432
v -31.8898 1.2018 -9.9432
v -31.1024 1.2248 -9.9432
v -30.3150 1.3580 -9.9432
v -29.5276 1.4197 -9.9432
v -28.7402 1.4502 -9.9432
v -27.9528 1.4502 -9.9432
v -27.1654 1.4502 -9.9432
v -26.3780 1.4502 -9.9432
v -25.5906 1.4189 -9.9432
v -24.8031 1.3690 -9.9432
v -24.0157 1.3429 -9.9432
v -23.2283 1.2796 -9.9432
v -22.4409 1.2796 -9.9432
v -21.6535 1.2393 -9.9432
v -20.8661 1.2535 -9.9432
v -20.0787 1.2085 -9.9432
v -19.2913 1.1943 -9.9432
v -18.5039 1.1943 -9.9432
v -17.7165 1.1916 -9.9432
v -16.9291 1.1305 -9.9432
v -16.1417 1.0707 -9.9432
v -15.3543 0.9799 -9.9432
v -14.5669 0.9367 -9.9432
v -13.7795 0.8552 -9.9432
v -12.9921 0.7856 -9.9432
v -12.2047 0.7380 -9.9432
v -11.4173 0.6373 -9.9432
v -10.6299 0.4937 -9.9432
v -9.8425 0.4269 -9.9432
v -9.0551 0.3539 -9.9432
v -8.2677 0.2469 -9.9432
v -7.4803 0.1739 -9.9432
v -6.6929 0.1706 -9.9432
v -5.9055 0.1339 -9.9432
v -5.1181 0.0817 -9.9432
v -4.3307 0.0035 -9.9432
v -3.5433 0.0000 -9.9432
v -2.7559 0.0000 -9.9432
v -1.9685 0.0000 -9.9432
v -1.1811 0.0000 -9.9432
v -0.3937 0.0000 -9.9432
v 0.3937 0.0000 -9.9432
v 1.1811 0.0000 -9.9432
v 1.9685 0.0825 -9.9432
v 2.7559 0.3044 -9.9432
v 3.5433 0.4327 -9.9432
v 4.3307 0.5093 -9.9432
v 5.1181 0.6039 -9.9432
v 5.9055 0.7130 -9.9432
v 6.6929 0.8099 -9.9432
v 7.4803 0.8734 -9.9432
v 8.2677 0.9097 -9.9432
v 9.0551 0.9392 -9.9432
v 9.8425 0.9945 -9.9432
v 10.6299 1.0810 -9.9432
v 11.4173 1.1508 -9.9432
v 12.2047 1.2846 -9.9432
v 12.9921 1.5180 -9.9432
v 13.7795 1.6827 -9.9432
v 14.5669 1.7964 -9.9432
v 15.3543 1.9197 -9.9432
v 16.1417 2.0399 -9.9432
v 16.9291 2.1261 -9.9432
v 17.7165 2.1846 -9.9432
v 18.5039 2.2272 -9.9432
v 19.2913 2.2905 -9.9432
v 20.0787 2.3664 -9.9432
v 20.8661 2.3963 -9.9432
v 21.6535 2.5427 -9.9432
v 22.4409 2.7669 -9.9432
v 23.2283 2.9475 -9.9432
v 24.0157 3.1073 -9.9432
v 24.8031 3.2802 -9.9432
v 25.5906 3.4438 -9.9432
v 26.3780 3.5781 -9.9432
v 27.1654 3.6664 -9.9432
v 27.9528 3.6945 -9.9432
v 28.7402 3.7391 -9.9432
v 29.5276 3.7567 -9.9432
v 30.3150 3.8284 -9.9432
v 31.1024 3.8392 -9.9432
v 31.8898 3.9098 -9.9432
v 32.6772 3.9242 -9.9432
v 33.4646 3.9815 -9.9432
v 34.2520 4.0095 -9.9432
v 35.0394 4.0101 -9.9432
v 35.8268 4.0826 -9.9432
v 36.6142 4.1472 -9.9432
v 37.4016 4.1340 -9.9432
v 38.1890 4.0948 -9.9432
v 38.9764 4.0948 -9.9432
v 39.7638 4.1335 -9.9432
v 40.5512 4.2018 -9.9432
v 41.3386 4.3459 -9.9432
v 42.1260 4.4822 -9.9432
v 42.9134 4.5852 -9.9432
v 43.7008 4.7409 -9.9432
v 44.4882 4.8933 -9.9432
v 45.2756 5.0451 -9.9432
v 46.0630 5.2267 -9.9432
v 46.8504 5.3840 -9.9432
v 47.6378 5.4708 -9.9432
v 48.4252 5.5450 -9.9432
v 49.2126 5.5708 -9.9432
v 50.0000 5.6463 -9.9432
v -50.0000 1.6027 -9.1477
v -49.2126 1.6108 -9.1477
v -48.4252 1.5111 -9.1477
v -47.6378 1.4397 -9.1477
v -46.8504 1.4136 -9.1477
v -46.0630 1.3745 -9.1477
v -45.2756 1.3114 -9.1477
v -44.4882 1.2357 -9.1477
v -43.7008 1.1993 -9.1477
v -42.9134 1.1403 -9.1477
v -42.1260 1.0713 -9.1477
v -41.3386 1.0007 -9.1477
v -40.5512 0.9674 -9.1477
v -39.7638 0.9990 -9.1477
v -38.9764 1.0374 -9.1477
v -38.1890 1.0849 -9.1477
v -37.4016 1.1090 -9.1477
v -36.6142 1.1259 -9.1477
v -35.8268 1.1560 -9.1477
v -35.0394 1.1943 -9.1477
v -34.2520 1.1943 -9.1477
v -33.4646 1.1943 -9.1477
v -32.6772 1.1961 -9.1477
v -31.8898 1.2226 -9.1477
v -31.1024 1.2307 -9.1477
v -30.3150 1.3649 -9.1477
v -29.5276 1.4239 -9.1477
v -28.7402 1.4502 -9.1477
v -27.9528 1.4502 -9.1477
v -27.1654 1.4783 -9.1477
v -26.3780 1.4818 -9.1477
v -25.5906 1.4502 -9.1477
v -24.8031 1.4167 -9.1477
v -24.0157 1.3646 -9.1477
v -23.2283 1.3500 -9.1477
v -22.4409 1.3161 -9.1477
v -21.6535 1.2927 -9.1477
v -20.8661 1.2796 -9.1477
v -20.0787 1.2716 -9.1477
v -19.2913 1.2274 -9.1477
v -18.5039 1.2275 -9.1477
v -17.7165 1.1944 -9.1477
v -16.9291 1.1845 -9.1477
v -16.1417 1.1185 -9.1477
v -15.3543 1.0424 -9.1477
v -14.5669 0.9606 -9.1477
v -13.7795 0.8597 -9.1477
v -12.9921 0.7784 -9.1477
v -12.2047 0.7529 -9.1477
v -11.4173 0.6572 -9.1477
v -10.6299 0.5256 -9.1477
v -9.8425 0.4388 -9.1477
v -9.0551 0.3711 -9.1477
v -8.2677 0.2801 -9.1477
v -7.4803 0.2422 -9.1477
v -6.6929 0.1907 -9.1477
v -5.9055 0.1693 -9.1477
v -5.1181 0.0939 -9.1477
v -4.3307 0.0278 -9.1477
v -3.5433 0.0000 -9.1477
v -2.7559 0.0000 -9.1477
v -1.9685 0.0000 -9.1477
v -1.1811 0.0000 -9.1477
v -0.3937 0.0000 -9.1477
v 0.3937 0.0000 -9.1477
v 1.1811 0.0000 -9.1477
v 1.9685 0.1107 -9.1477
v 2.7559 0.3451 -9.1477
v 3.5433 0.4889 -9.1477
v 4.3307 0.5420 -9.1477
v 5.1181 0.6381 -9.1477
v 5.9055 0.7422 -9.1477
v 6.6929 0.8440 -9.1477
v 7.4803 0.9283 -9.1477
v 8.2677 0.9431 -9.1477
v 9.0551 1.0023 -9.1477
v 9.8425 1.0526 -9.1477
v 10.6299 1.1152 -9.1477
v 11.4173 1.1818 -9.1477
v 12.2047 1.2783 -9.1477
v 12.9921 1.5085 -9.1477
v 13.7795 1.6765 -9.1477
v 14.5669 1.7863 -9.1477
v 15.3543 1.9207 -9.1477
v 16.1417 2.0485 -9.1477
v 16.9291 2.1233 -9.1477
v 17.7165 2.1906 -9.1477
v 18.5039 2.2510 -9.1477
v 19.2913 2.3033 -9.1477
v 20.0787 2.3614 -9.1477
v 20.8661 2.4054 -9.1477
v 21.6535 2.5441 -9.1477
v 22.4409 2.7678 -9.1477
v 23.2283 2.9445 -9.1477
v 24.0157 3.0852 -9.1477
v 24.8031 3.2382 -9.1477
v 25.5906 3.4091 -9.1477
v 26.3780 3.5496 -9.1477
v 27.1654 3.6424 -9.1477
v 27.9528 3.7132 -9.1477
v 28.7402 3.7536 -9.1477
v 29.5276 3.7655 -9.1477
v 30.3150 3.8389 -9.1477
v 31.1024 3.8568 -9.1477
v 31.8898 3.9251 -9.1477
v 32.6772 3.9816 -9.1477
v 33.4646 4.0059 -9.1477
v 34.2520 3.9890 -9.1477
v 35.0394 4.0095 -9.1477
v 35.8268 4.0464 -9.1477
v 36.6142 4.0948 -9.1477
v 37.4016 4.0948 -9.1477
v 38.1890 4.0947 -9.1477
v 38.9764 4.0907 -9.1477
v 39.7638 4.0954 -9.1477
v 40.5512 4.1856 -9.1477
v 41.3386 4.3453 -9.1477
v 42.1260 4.4943 -9.1477
v 42.9134 4.5866 -9.1477
v 43.7008 4.7211 -9.1477
v 44.4882 4.8508 -9.1477
v 45.2756 5.0103 -9.1477
v 46.0630 5.1996 -9.1477
v 46.8504 5.3584 -9.1477
v 47.6378 5.4577 -9.1477
v 48.4252 5.4988 -9.1477
v 49.2126 5.5462 -9.1477
v 50.0000 5.6111 -9.1477
v -50.0000 1.7568 -8.3523
v -49.2126 1.6998 -8.3523
v -48.4252 1.6107 -8.3523
v -47.6378 1.5438 -8.3523
v -46.8504 1.5116 -8.3523
v -46.0630 1.4859 -8.3523
v -45.2756 1.4167 -8.3523
v -44.4882 1.3381 -8.3523
v -43.7008 1.3045 -8.3523
v -42.9134 1.2426 -8.3523
v -42.1260 1.1603 -8.3523
v -41.3386 1.0903 -8.3523
v -40.5512 1.0390 -8.3523
v -39.7638 1.0520 -8.3523
v -38.9764 1.1141 -8.3523
v -38.1890 1.1698 -8.3523
v -37.4016 1.1722 -8.3523
v -36.6142 1.2010 -8.3523
v -35.8268 1.2137 -8.3523
v -35.0394 1.2396 -8.3523
v -34.2520 1.2230 -8.3523
v -33.4646 1.2416 -8.3523
v -32.6772 1.2722 -8.3523
v -31.8898 1.2752 -8.3523
v -31.1024 1.2745 -8.3523
v -30.3150 1.3843 -8.3523
v -29.5276 1.4405 -8.3523
v -28.7402 1.4572 -8.3523
v -27.9528 1.5066 -8.3523
v -27.1654 1.5351 -8.3523
v -26.3780 1.5314 -8.3523
v -25.5906 1.5212 -8.3523
v -24.8031 1.4552 -8.3523
v -24.0157 1.3829 -8.3523
v -23.2283 1.3649 -8.3523
v -22.4409 1.3649 -8.3523
v -21.6535 1.3338 -8.3523
v -20.8661 1.2866 -8.3523
v -20.0787 1.2796 -8.3523
v -19.2913 1.2796 -8.3523
v -18.5039 1.2786 -8.3523
v -17.7165 1.2044 -8.3523
v -16.9291 1.1943 -8.3523
v -16.1417 1.1622 -8.3523
v -15.3543 1.0941 -8.3523
v -14.5669 0.9891 -8.3523
v -13.7795 0.8844 -8.3523
v -12.9921 0.8294 -8.3523
v -12.2047 0.7622 -8.3523
v -11.4173 0.6648 -8.3523
v -10.6299 0.5308 -8.3523
v -9.8425 0.4384 -8.3523
v -9.0551 0.3751 -8.3523
v -8.2677 0.3039 -8.3523
v -7.4803 0.2559 -8.3523
v -6.6929 0.2310 -8.3523
v -5.9055 0.1706 -8.3523
v -5.1181 0.1305 -8.3523
v -4.3307 0.0673 -8.3523
v -3.5433 0.0003 -8.3523
v -2.7559 0.0000 -8.3523
v -1.9685 0.0000 -8.3523
v -1.1811 0.0000 -8.3523
v -0.3937 0.0000 -8.3523
v 0.3937 0.0000 -8.3523
v 1.1811 0.0158 -8.3523
v 1.9685 0.2043 -8.3523
v 2.7559 0.4627 -8.3523
v 3.5433 0.5416 -8.3523
v 4.3307 0.6006 -8.3523
v 5.1181 0.6989 -8.3523
v 5.9055 0.7921 -8.3523
v 6.6929 0.9081 -8.3523
v 7.4803 1.0054 -8.3523
v 8.2677 1.0538 -8.3523
v 9.0551 1.0884 -8.3523
v 9.8425 1.1457 -8.3523
v 10.6299 1.2142 -8.3523
v 11.4173 1.2891 -8.3523
v 12.2047 1.3357 -8.3523
v 12.9921 1.5544 -8.3523
v 13.7795 1.7190 -8.3523
v 14.5669 1.8257 -8.3523
v 15.3543 1.9397 -8.3523
v 16.1417 2.0666 -8.3523
v 16.9291 2.1433 -8.3523
v 17.7165 2.2309 -8.3523
v 18.5039 2.2912 -8.3523
v 19.2913 2.3073 -8.3523
v 20.0787 2.3826 -8.3523
v 20.8661 2.4469 -8.3523
v 21.6535 2.5569 -8.3523
v 22.4409 2.7643 -8.3523
v 23.2283 2.9435 -8.3523
v 24.0157 3.0509 -8.3523
v 24.8031 3.2011 -8.3523
v 25.5906 3.3784 -8.3523
v 26.3780 3.5333 -8.3523
v 27.1654 3.6379 -8.3523
v 27.9528 3.6882 -8.3523
v 28.7402 3.7509 -8.3523
v 29.5276 3.7654 -8.3523
v 30.3150 3.8390 -8.3523
v 31.1024 3.9107 -8.3523
v 31.8898 3.9493 -8.3523
v 32.6772 4.0095 -8.3523
v 33.4646 4.0095 -8.3523
v 34.2520 4.0002 -8.3523
v 35.0394 4.0095 -8.3523
v 35.8268 4.0309 -8.3523
v 36.6142 4.0948 -8.3523
v 37.4016 4.0948 -8.3523
v 38.1890 4.0646 -8.3523
v 38.9764 4.0111 -8.3523
v 39.7638 4.0700 -8.3523
v 40.5512 4.1674 -8.3523
v 41.3386 4.3180 -8.3523
v 42.1260 4.4846 -8.3523
v 42.9134 4.5789 -8.3523
v 43.7008 4.6886 -8.3523
v 44.4882 4.8464 -8.3523
v 45.2756 5.0159 -8.3523
v 46.0630 5.1966 -8.3523
v 46.8504 5.3478 -8.3523
v 47.6378 5.4518 -8.3523
v 48.4252 5.4721 -8.3523
v 49.2126 5.5419 -8.3523
v 50.0000 5.6431 -8.3523
v -50.0000 1.8552 -7.5568
v -49.2126 1.8023 -7.5568
v -48.4252 1.7135 -7.5568
v -47.6378 1.6607 -7.5568
v -46.8504 1.6378 -7.5568
v -46.0630 1.5943 -7.5568
v -45.2756 1.5207 -7.5568
v -44.4882 1.4738 -7.5568
v -43.7008 1.4176 -7.5568
v -42.9134 1.3627 -7.5568
v -42.1260 1.2924 -7.5568
v -41.3386 1.2079 -7.5568
v -40.5512 1.1166 -7.5568
v -39.7638 1.1131 -7.5568
v -38.9764 1.1995 -7.5568
v -38.1890 1.2735 -7.5568
v -37.4016 1.2773 -7.5568
v -36.6142 1.2815 -7.5568
v -35.8268 1.2796 -7.5568
v -35.0394 1.2796 -7.5568
v -34.2520 1.2775 -7.5568
v -33.4646 1.2796 -7.5568
v -32.6772 1.2826 -7.5568
v -31.8898 1.2916 -7.5568
v -31.1024 1.3233 -7.5568
v -30.3150 1.4444 -7.5568
v -29.5276 1.4502 -7.5568
v -28.7402 1.4731 -7.5568
v -27.9528 1.5355 -7.5568
v -27.1654 1.5355 -7.5568
v -26.3780 1.5355 -7.5568
v -25.5906 1.5355 -7.5568
v -24.8031 1.4695 -7.5568
v -24.0157 1.4415 -7.5568
v -23.2283 1.4293 -7.5568
v -22.4409 1.3967 -7.5568
v -21.6535 1.3649 -7.5568
v -20.8661 1.3625 -7.5568
v -20.0787 1.3185 -7.5568
v -19.2913 1.2796 -7.5568
v -18.5039 1.2662 -7.5568
v -17.7165 1.1943 -7.5568
v -16.9291 1.1943 -7.5568
v -16.1417 1.1857 -7.5568
v -15.3543 1.0937 -7.5568
v -14.5669 1.0061 -7.5568
v -13.7795 0.9132 -7.5568
v -12.9921 0.8477 -7.5568
v -12.2047 0.7677 -7.5568
v -11.4173 0.6664 -7.5568
v -10.6299 0.5447 -7.5568
v -9.8425 0.4400 -7.5568
v -9.0551 0.3868 -7.5568
v -8.2677 0.3140 -7.5568
v -7.4803 0.2585 -7.5568
v -6.6929 0.2538 -7.5568
v -5.9055 0.2364 -7.5568
v -5.1181 0.1641 -7.5568
v -4.3307 0.0899 -7.5568
v -3.5433 0.0266 -7.5568
v -2.7559 0.0000 -7.5568
v -1.9685 0.0000 -7.5568
v -1.1811 0.0000 -7.5568
v -0.3937 0.0000 -7.5568
v 0.3937 0.0000 -7.5568
v 1.1811 0.0458 -7.5568
v 1.9685 0.3022 -7.5568
v 2.7559 0.5724 -7.5568
v 3.5433 0.6071 -7.5568
v 4.3307 0.6693 -7.5568
v 5.1181 0.7669 -7.5568
v 5.9055 0.8687 -7.5568
v 6.6929 0.9926 -7.5568
v 7.4803 1.1055 -7.5568
v 8.2677 1.1450 -7.5568
v 9.0551 1.1815 -7.5568
v 9.8425 1.2112 -7.5568
v 10.6299 1.2884 -7.5568
v 11.4173 1.3723 -7.5568
v 12.2047 1.3904 -7.5568
v 12.9921 1.6051 -7.5568
v 13.7795 1.7512 -7.5568
v 14.5669 1.8467 -7.5568
v 15.3543 1.9573 -7.5568
v 16.1417 2.0833 -7.5568
v 16.9291 2.1761 -7.5568
v 17.7165 2.2629 -7.5568
v 18.5039 2.3033 -7.5568
v 19.2913 2.3472 -7.5568
v 20.0787 2.3932 -7.5568
v 20.8661 2.4739 -7.5568
v 21.6535 2.5573 -7.5568
v 22.4409 2.7505 -7.5568
v 23.2283 2.9254 -7.5568
v 24.0157 3.0417 -7.5568
v 24.8031 3.1921 -7.5568
v 25.5906 3.3764 -7.5568
v 26.3780 3.5326 -7.5568
v 27.1654 3.6413 -7.5568
v 27.9528 3.6682 -7.5568
v 28.7402 3.7061 -7.5568
v 29.5276 3.7661 -7.5568
v 30.3150 3.8405 -7.5568
v 31.1024 3.9173 -7.5568
v 31.8898 3.9584 -7.5568
v 32.6772 4.0095 -7.5568
v 33.4646 4.0095 -7.5568
v 34.2520 4.0095 -7.5568
v 35.0394 4.0120 -7.5568
v 35.8268 4.0698 -7.5568
v 36.6142 4.0948 -7.5568
v 37.4016 4.0623 -7.5568
v 38.1890 4.0147 -7.5568
v 38.9764 4.0095 -7.5568
v 39.7638 4.0282 -7.5568
v 40.5512 4.1264 -7.5568
v 41.3386 4.2791 -7.5568
v 42.1260 4.4399 -7.5568
v 42.9134 4.5426 -7.5568
v 43.7008 4.6901 -7.5568
v 44.4882 4.8639 -7.5568
v 45.2756 5.0328 -7.5568
v 46.0630 5.2135 -7.5568
v 46.8504 5.3536 -7.5568
v 47.6378 5.4080 -7.5568
v 48.4252 5.4602 -7.5568
v 49.2126 5.5353 -7.5568
v 50.0000 5.6661 -7.5568
v -50.0000 1.9463 -6.7614
v -49.2126 1.9186 -6.7614
v -48.4252 1.8374 -6.7614
v -47.6378 1.7861 -6.7614
v -46.8504 1.7769 -6.7614
v -46.0630 1.7334 -6.7614
v -45.2756 1.6483 -6.7614
v -44.4882 1.6062 -6.7614
v -43.7008 1.5536 -6.7614
v -42.9134 1.4991 -6.7614
v -42.1260 1.4358 -6.7614
v -41.3386 1.3555 -6.7614
v -40.5512 1.2186 -6.7614
v -39.7638 1.2031 -6.7614
v -38.9764 1.2704 -6.7614
v -38.1890 1.3234 -6.7614
v -37.4016 1.3629 -6.7614
v -36.6142 1.3618 -6.7614
v -35.8268 1.3405 -6.7614
v -35.0394 1.3130 -6.7614
v -34.2520 1.2886 -6.7614
v -33.4646 1.2796 -6.7614
v -32.6772 1.3182 -6.7614
v -31.8898 1.3617 -6.7614
v -31.1024 1.3641 -6.7614
v -30.3150 1.4770 -6.7614
v -29.5276 1.5049 -6.7614
v -28.7402 1.5240 -6.7614
v -27.9528 1.5355 -6.7614
v -27.1654 1.5355 -6.7614
v -26.3780 1.5355 -6.7614
v -25.5906 1.5355 -6.7614
v -24.8031 1.4893 -6.7614
v -24.0157 1.4502 -6.7614
v -23.2283 1.4502 -6.7614
v -22.4409 1.4497 -6.7614
v -21.6535 1.3771 -6.7614
v -20.8661 1.3649 -6.7614
v -20.0787 1.3478 -6.7614
v -19.2913 1.2796 -6.7614
v -18.5039 1.2625 -6.7614
v -17.7165 1.1949 -6.7614
v -16.9291 1.1943 -6.7614
v -16.1417 1.1864 -6.7614
v -15.3543 1.0981 -6.7614
v -14.5669 0.9970 -6.7614
v -13.7795 0.9081 -6.7614
v -12.9921 0.8294 -6.7614
v -12.2047 0.7387 -6.7614
v -11.4173 0.6407 -6.7614
v -10.6299 0.5218 -6.7614
v -9.8425 0.4450 -6.7614
v -9.0551 0.4003 -6.7614
v -8.2677 0.3412 -6.7614
v -7.4803 0.2973 -6.7614
v -6.6929 0.2559 -6.7614
v -5.9055 0.2559 -6.7614
v -5.1181 0.1904 -6.7614
v -4.3307 0.1137 -6.7614
v -3.5433 0.0692 -6.7614
v -2.7559 0.0000 -6.7614
v -1.9685 0.0000 -6.7614
v -1.1811 0.0000 -6.7614
v -0.3937 0.0000 -6.7614
v 0.3937 0.0000 -6.7614
v 1.1811 0.0801 -6.7614
v 1.9685 0.3737 -6.7614
v 2.7559 0.6311 -6.7614
v 3.5433 0.6781 -6.7614
v 4.3307 0.7075 -6.7614
v 5.1181 0.8235 -6.7614
v 5.9055 0.9437 -6.7614
v 6.6929 1.0674 -6.7614
v 7.4803 1.1748 -6.7614
v 8.2677 1.2002 -6.7614
v 9.0551 1.2344 -6.7614
v 9.8425 1.2783 -6.7614
v 10.6299 1.3201 -6.7614
v 11.4173 1.3866 -6.7614
v 12.2047 1.3908 -6.7614
v 12.9921 1.5903 -6.7614
v 13.7795 1.7526 -6.7614
v 14.5669 1.8546 -6.7614
v 15.3543 1.9692 -6.7614
v 16.1417 2.0762 -6.7614
v 16.9291 2.1800 -6.7614
v 17.7165 2.2525 -6.7614
v 18.5039 2.3087 -6.7614
v 19.2913 2.3703 -6.7614
v 20.0787 2.4265 -6.7614
v 20.8661 2.4739 -6.7614
v 21.6535 2.5324 -6.7614
v 22.4409 2.7259 -6.7614
v 23.2283 2.8863 -6.7614
v 24.0157 3.0264 -6.7614
v 24.8031 3.1810 -6.7614
v 25.5906 3.3498 -6.7614
v 26.3780 3.5078 -6.7614
v 27.1654 3.6187 -6.7614
v 27.9528 3.6681 -6.7614
v 28.7402 3.6766 -6.7614
v 29.5276 3.7496 -6.7614
v 30.3150 3.8126 -6.7614
v 31.1024 3.8811 -6.7614
v 31.8898 3.9272 -6.7614
v 32.6772 3.9650 -6.7614
v 33.4646 3.9734 -6.7614
v 34.2520 3.9905 -6.7614
v 35.0394 4.0095 -6.7614
v 35.8268 4.0317 -6.7614
v 36.6142 4.0549 -6.7614
v 37.4016 4.0102 -6.7614
v 38.1890 4.0095 -6.7614
v 38.9764 3.9993 -6.7614
v 39.7638 4.0063 -6.7614
v 40.5512 4.0698 -6.7614
v 41.3386 4.2301 -6.7614
v 42.1260 4.3829 -6.7614
v 42.9134 4.5028 -6.7614
v 43.7008 4.6612 -6.7614
v 44.4882 4.8417 -6.7614
v 45.2756 5.0129 -6.7614
v 46.0630 5.1959 -6.7614
v 46.8504 5.3352 -6.7614
v 47.6378 5.3783 -6.7614
v 48.4252 5.4606 -6.7614
v 49.2126 5.5162 -6.7614
v 50.0000 5.6154 -6.7614
v -50.0000 2.0511 -5.9659
v -49.2126 2.0155 -5.9659
v -48.4252 1.9370 -5.9659
v -47.6378 1.8876 -5.9659
v -46.8504 1.8686 -5.9659
v -46.0630 1.8352 -5.9659
v -45.2756 1.7798 -5.9659
v -44.4882 1.7427 -5.9659
v -43.7008 1.6457 -5.9659
v -42.9134 1.6012 -5.9659
v -42.1260 1.5633 -5.9659
v -41.3386 1.4723 -5.9659
v -40.5512 1.3015 -5.9659
v -39.7638 1.2777 -5.9659
v -38.9764 1.3233 -5.9659
v -38.1890 1.3649 -5.9659
v -37.4016 1.3649 -5.9659
v -36.6142 1.3707 -5.9659
v -35.8268 1.3669 -5.9659
v -35.0394 1.3649 -5.9659
v -34.2520 1.3517 -5.9659
v -33.4646 1.3405 -5.9659
v -32.6772 1.3569 -5.9659
v -31.8898 1.3648 -5.9659
v -31.1024 1.3831 -5.9659
v -30.3150 1.5352 -5.9659
v -29.5276 1.5355 -5.9659
v -28.7402 1.5355 -5.9659
v -27.9528 1.5355 -5.9659
v -27.1654 1.5355 -5.9659
v -26.3780 1.5355 -5.9659
v -25.5906 1.5355 -5.9659
v -24.8031 1.4825 -5.9659
v -24.0157 1.4502 -5.9659
v -23.2283 1.4502 -5.9659
v -22.4409 1.4502 -5.9659
v -21.6535 1.3914 -5.9659
v -20.8661 1.3644 -5.9659
v -20.0787 1.3274 -5.9659
v -19.2913 1.2796 -5.9659
v -18.5039 1.2769 -5.9659
v -17.7165 1.2062 -5.9659
v -16.9291 1.1750 -5.9659
v -16.1417 1.1173 -5.9659
v -15.3543 1.0619 -5.9659
v -14.5669 0.9629 -5.9659
v -13.7795 0.8827 -5.9659
v -12.9921 0.8005 -5.9659
v -12.2047 0.7126 -5.9659
v -11.4173 0.6238 -5.9659
v -10.6299 0.5125 -5.9659
v -9.8425 0.4479 -5.9659
v -9.0551 0.4090 -5.9659
v -8.2677 0.3412 -5.9659
v -7.4803 0.3128 -5.9659
v -6.6929 0.2559 -5.9659
v -5.9055 0.2491 -5.9659
v -5.1181 0.1793 -5.9659
v -4.3307 0.1540 -5.9659
v -3.5433 0.0821 -5.9659
v -2.7559 0.0022 -5.9659
v -1.9685 0.0000 -5.9659
v -1.1811 0.0000 -5.9659
v -0.3937 0.0000 -5.9659
v 0.3937 0.0000 -5.9659
v 1.1811 0.1331 -5.9659
v 1.9685 0.4132 -5.9659
v 2.7559 0.6007 -5.9659
v 3.5433 0.6824 -5.9659
v 4.3307 0.7256 -5.9659
v 5.1181 0.8584 -5.9659
v 5.9055 0.9983 -5.9659
v 6.6929 1.1300 -5.9659
v 7.4803 1.2070 -5.9659
v 8.2677 1.2711 -5.9659
v 9.0551 1.2796 -5.9659
v 9.8425 1.2796 -5.9659
v 10.6299 1.3417 -5.9659
v 11.4173 1.3663 -5.9659
v 12.2047 1.3695 -5.9659
v 12.9921 1.5478 -5.9659
v 13.7795 1.7074 -5.9659
v 14.5669 1.8365 -5.9659
v 15.3543 1.9490 -5.9659
v 16.1417 2.0699 -5.9659
v 16.9291 2.1667 -5.9659
v 17.7165 2.2356 -5.9659
v 18.5039 2.3028 -5.9659
v 19.2913 2.3596 -5.9659
v 20.0787 2.4084 -5.9659
v 20.8661 2.4738 -5.9659
v 21.6535 2.5083 -5.9659
v 22.4409 2.6856 -5.9659
v 23.2283 2.8417 -5.9659
v 24.0157 2.9821 -5.9659
v 24.8031 3.1375 -5.9659
v 25.5906 3.3070 -5.9659
v 26.3780 3.4487 -5.9659
v 27.1654 3.5648 -5.9659
v 27.9528 3.6110 -5.9659
v 28.7402 3.6510 -5.9659
v 29.5276 3.6798 -5.9659
v 30.3150 3.7503 -5.9659
v 31.1024 3.8126 -5.9659
v 31.8898 3.8854 -5.9659
v 32.6772 3.8989 -5.9659
v 33.4646 3.9059 -5.9659
v 34.2520 3.9281 -5.9659
v 35.0394 3.9659 -5.9659
v 35.8268 3.9972 -5.9659
v 36.6142 3.9986 -5.9659
v 37.4016 3.9671 -5.9659
v 38.1890 3.9369 -5.9659
v 38.9764 3.9292 -5.9659
v 39.7638 3.9477 -5.9659
v 40.5512 4.0148 -5.9659
v 41.3386 4.1629 -5.9659
v 42.1260 4.3176 -5.9659
v 42.9134 4.4476 -5.9659
v 43.7008 4.5912 -5.9659
v 44.4882 4.7859 -5.9659
v 45.2756 4.9554 -5.9659
v 46.0630 5.1314 -5.9659
v 46.8504 5.2812 -5.9659
v 47.6378 5.3715 -5.9659
v 48.4252 5.4513 -5.9659
v 49.2126 5.5298 -5.9659
v 50.0000 5.5931 -5.9659
v -50.0000 2.1494 -5.1705
v -49.2126 2.0831 -5.1705
v -48.4252 2.0191 -5.1705
v -47.6378 1.9577 -5.1705
v -46.8504 1.8930 -5.1705
v -46.0630 1.8598 -5.1705
v -45.2756 1.8189 -5.1705
v -44.4882 1.7834 -5.1705
v -43.7008 1.7087 -5.1705
v -42.9134 1.6660 -5.1705
v -42.1260 1.5940 -5.1705
v -41.3386 1.5002 -5.1705
v -40.5512 1.3098 -5.1705
v -39.7638 1.2970 -5.1705
v -38.9764 1.3640 -5.1705
v -38.1890 1.3649 -5.1705
v -37.4016 1.3649 -5.1705
v -36.6142 1.3649 -5.1705
v -35.8268 1.3496 -5.1705
v -35.0394 1.3332 -5.1705
v -34.2520 1.3140 -5.1705
v -33.4646 1.3080 -5.1705
v -32.6772 1.3617 -5.1705
v -31.8898 1.3496 -5.1705
v -31.1024 1.3251 -5.1705
v -30.3150 1.4767 -5.1705
v -29.5276 1.5355 -5.1705
v -28.7402 1.5355 -5.1705
v -27.9528 1.5214 -5.1705
v -27.1654 1.4782 -5.1705
v -26.3780 1.4805 -5.1705
v -25.5906 1.4806 -5.1705
v -24.8031 1.4502 -5.1705
v -24.0157 1.4502 -5.1705
v -23.2283 1.4485 -5.1705
v -22.4409 1.3953 -5.1705
v -21.6535 1.3682 -5.1705
v -20.8661 1.3647 -5.1705
v -20.0787 1.3033 -5.1705
v -19.2913 1.2796 -5.1705
v -18.5039 1.2391 -5.1705
v -17.7165 1.1795 -5.1705
v -16.9291 1.1147 -5.1705
v -16.1417 1.0741 -5.1705
v -15.3543 1.0093 -5.1705
v -14.5669 0.9266 -5.1705
v -13.7795 0.8533 -5.1705
v -12.9921 0.7937 -5.1705
v -12.2047 0.7117 -5.1705
v -11.4173 0.6294 -5.1705
v -10.6299 0.5157 -5.1705
v -9.8425 0.4840 -5.1705
v -9.0551 0.4262 -5.1705
v -8.2677 0.3463 -5.1705
v -7.4803 0.2924 -5.1705
v -6.6929 0.2551 -5.1705
v -5.9055 0.1870 -5.1705
v -5.1181 0.1465 -5.1705
v -4.3307 0.0876 -5.1705
v -3.5433 0.0688 -5.1705
v -2.7559 0.0009 -5.1705
v -1.9685 0.0000 -5.1705
v -1.1811 0.0000 -5.1705
v -0.3937 0.0000 -5.1705
v 0.3937 0.0000 -5.1705
v 1.1811 0.1674 -5.1705
v 1.9685 0.4275 -5.1705
v 2.7559 0.5420 -5.1705
v 3.5433 0.6455 -5.1705
v 4.3307 0.7493 -5.1705
v 5.1181 0.8924 -5.1705
v 5.9055 1.0331 -5.1705
v 6.6929 1.1461 -5.1705
v 7.4803 1.2165 -5.1705
v 8.2677 1.2796 -5.1705
v 9.0551 1.2796 -5.1705
v 9.8425 1.2796 -5.1705
v 10.6299 1.3453 -5.1705
v 11.4173 1.3633 -5.1705
v 12.2047 1.3130 -5.1705
v 12.9921 1.4957 -5.1705
v 13.7795 1.6579 -5.1705
v 14.5669 1.7955 -5.1705
v 15.3543 1.9231 -5.1705
v 16.1417 2.0554 -5.1705
v 16.9291 2.1402 -5.1705
v 17.7165 2.2086 -5.1705
v 18.5039 2.2615 -5.1705
v 19.2913 2.3092 -5.1705
v 20.0787 2.3789 -5.1705
v 20.8661 2.4189 -5.1705
v 21.6535 2.4639 -5.1705
v 22.4409 2.6278 -5.1705
v 23.2283 2.7806 -5.1705
v 24.0157 2.9243 -5.1705
v 24.8031 3.0904 -5.1705
v 25.5906 3.2572 -5.1705
v 26.3780 3.3902 -5.1705
v 27.1654 3.4992 -5.1705
v 27.9528 3.5562 -5.1705
v 28.7402 3.5896 -5.1705
v 29.5276 3.6492 -5.1705
v 30.3150 3.6802 -5.1705
v 31.1024 3.7431 -5.1705
v 31.8898 3.7970 -5.1705
v 32.6772 3.8188 -5.1705
v 33.4646 3.8141 -5.1705
v 34.2520 3.8661 -5.1705
v 35.0394 3.8848 -5.1705
v 35.8268 3.9026 -5.1705
v 36.6142 3.9031 -5.1705
v 37.4016 3.8908 -5.1705
v 38.1890 3.8722 -5.1705
v 38.9764 3.8660 -5.1705
v 39.7638 3.8683 -5.1705
v 40.5512 3.9434 -5.1705
v 41.3386 4.0828 -5.1705
v 42.1260 4.2575 -5.1705
v 42.9134 4.3766 -5.1705
v 43.7008 4.5289 -5.1705
v 44.4882 4.7126 -5.1705
v 45.2756 4.8783 -5.1705
v 46.0630 5.0508 -5.1705
v 46.8504 5.2086 -5.1705
v 47.6378 5.3096 -5.1705
v 48.4252 5.4258 -5.1705
v 49.2126 5.5121 -5.1705
v 50.0000 5.6635 -5.1705
v -50.0000 2.1902 -4.3750
v -49.2126 2.1314 -4.3750
v -48.4252 2.0784 -4.3750
v -47.6378 2.0194 -4.3750
v -46.8504 1.9804 -4.3750
v -46.0630 1.9150 -4.3750
v -45.2756 1.8782 -4.3750
v -44.4882 1.8367 -4.3750
v -43.7008 1.8069 -4.3750
v -42.9134 1.7296 -4.3750
v -42.1260 1.6143 -4.3750
v -41.3386 1.5407 -4.3750
v -40.5512 1.3476 -4.3750
v -39.7638 1.3088 -4.3750
v -38.9764 1.3649 -4.3750
v -38.1890 1.3718 -4.3750
v -37.4016 1.3905 -4.3750
v -36.6142 1.3873 -4.3750
v -35.8268 1.3472 -4.3750
v -35.0394 1.2971 -4.3750
v -34.2520 1.2865 -4.3750
v -33.4646 1.2873 -4.3750
v -32.6772 1.3638 -4.3750
v -31.8898 1.3260 -4.3750
v -31.1024 1.3190 -4.3750
v -30.3150 1.4630 -4.3750
v -29.5276 1.5355 -4.3750
v -28.7402 1.5355 -4.3750
v -27.9528 1.5256 -4.3750
v -27.1654 1.4765 -4.3750
v -26.3780 1.4577 -4.3750
v -25.5906 1.4502 -4.3750
v -24.8031 1.4502 -4.3750
v -24.0157 1.4502 -4.3750
v -23.2283 1.4479 -4.3750
v -22.4409 1.4018 -4.3750
v -21.6535 1.3668 -4.3750
v -20.8661 1.3649 -4.3750
v -20.0787 1.3323 -4.3750
v -19.2913 1.2798 -4.3750
v -18.5039 1.2414 -4.3750
v -17.7165 1.1931 -4.3750
v -16.9291 1.1348 -4.3750
v -16.1417 1.0874 -4.3750
v -15.3543 1.0142 -4.3750
v -14.5669 0.9327 -4.3750
v -13.7795 0.8772 -4.3750
v -12.9921 0.8286 -4.3750
v -12.2047 0.7373 -4.3750
v -11.4173 0.6405 -4.3750
v -10.6299 0.5526 -4.3750
v -9.8425 0.5154 -4.3750
v -9.0551 0.4592 -4.3750
v -8.2677 0.3873 -4.3750
v -7.4803 0.3227 -4.3750
v -6.6929 0.2670 -4.3750
v -5.9055 0.2142 -4.3750
v -5.1181 0.1681 -4.3750
v -4.3307 0.1217 -4.3750
v -3.5433 0.0952 -4.3750
v -2.7559 0.0617 -4.3750
v -1.9685 0.0050 -4.3750
v -1.1811 0.0000 -4.3750
v -0.3937 0.0000 -4.3750
v 0.3937 0.0000 -4.3750
v 1.1811 0.2033 -4.3750
v 1.9685 0.4381 -4.3750
v 2.7559 0.5518 -4.3750
v 3.5433 0.6438 -4.3750
v 4.3307 0.7980 -4.3750
v 5.1181 0.9339 -4.3750
v 5.9055 1.0599 -4.3750
v 6.6929 1.1678 -4.3750
v 7.4803 1.2533 -4.3750
v 8.2677 1.2825 -4.3750
v 9.0551 1.2805 -4.3750
v 9.8425 1.2616 -4.3750
v 10.6299 1.3305 -4.3750
v 11.4173 1.3575 -4.3750
v 12.2047 1.3021 -4.3750
v 12.9921 1.4762 -4.3750
v 13.7795 1.6459 -4.3750
v 14.5669 1.7677 -4.3750
v 15.3543 1.9164 -4.3750
v 16.1417 2.0492 -4.3750
v 16.9291 2.1342 -4.3750
v 17.7165 2.2118 -4.3750
v 18.5039 2.2238 -4.3750
v 19.2913 2.3021 -4.3750
v 20.0787 2.3560 -4.3750
v 20.8661 2.3886 -4.3750
v 21.6535 2.4268 -4.3750
v 22.4409 2.5928 -4.3750
v 23.2283 2.7547 -4.3750
v 24.0157 2.8953 -4.3750
v 24.8031 3.0490 -4.3750
v 25.5906 3.2075 -4.3750
v 26.3780 3.3447 -4.3750
v 27.1654 3.4518 -4.3750
v 27.9528 3.4976 -4.3750
v 28.7402 3.5395 -4.3750
v 29.5276 3.5838 -4.3750
v 30.3150 3.6403 -4.3750
v 31.1024 3.6737 -4.3750
v 31.8898 3.7179 -4.3750
v 32.6772 3.7350 -4.3750
v 33.4646 3.7390 -4.3750
v 34.2520 3.7715 -4.3750
v 35.0394 3.8004 -4.3750
v 35.8268 3.8188 -4.3750
v 36.6142 3.8149 -4.3750
v 37.4016 3.7984 -4.3750
v 38.1890 3.7757 -4.3750
v 38.9764 3.7758 -4.3750
v 39.7638 3.8205 -4.3750
v 40.5512 3.9009 -4.3750
v 41.3386 4.0380 -4.3750
v 42.1260 4.1918 -4.3750
v 42.9134 4.3059 -4.3750
v 43.7008 4.4691 -4.3750
v 44.4882 4.6430 -4.3750
v 45.2756 4.8201 -4.3750
v 46.0630 4.9862 -4.3750
v 46.8504 5.1448 -4.3750
v 47.6378 5.2662 -4.3750
v 48.4252 5.4009 -4.3750
v 49.2126 5.4945 -4.3750
v 50.0000 5.6543 -4.3750
v -50.0000 2.1980 -3.5795
v -49.2126 2.2046 -3.5795
v -48.4252 2.1707 -3.5795
v -47.6378 2.1094 -3.5795
v -46.8504 2.0947 -3.5795
v -46.0630 2.0579 -3.5795
v -45.2756 1.9991 -3.5795
v -44.4882 1.9511 -3.5795
v -43.7008 1.9085 -3.5795
v -42.9134 1.8088 -3.5795
v -42.1260 1.6872 -3.5795
v -41.3386 1.6079 -3.5795
v -40.5512 1.4424 -3.5795
v -39.7638 1.3520 -3.5795
v -38.9764 1.4208 -3.5795
v -38.1890 1.4470 -3.5795
v -37.4016 1.4582 -3.5795
v -36.6142 1.4498 -3.5795
v -35.8268 1.3680 -3.5795
v -35.0394 1.3649 -3.5795
v -34.2520 1.3593 -3.5795
v -33.4646 1.3365 -3.5795
v -32.6772 1.3603 -3.5795
v -31.8898 1.3161 -3.5795
v -31.1024 1.3246 -3.5795
v -30.3150 1.4636 -3.5795
v -29.5276 1.5355 -3.5795
v -28.7402 1.5355 -3.5795
v -27.9528 1.5355 -3.5795
v -27.1654 1.5355 -3.5795
v -26.3780 1.5201 -3.5795
v -25.5906 1.4502 -3.5795
v -24.8031 1.4735 -3.5795
v -24.0157 1.4680 -3.5795
v -23.2283 1.4502 -3.5795
v -22.4409 1.4502 -3.5795
v -21.6535 1.3738 -3.5795
v -20.8661 1.3649 -3.5795
v -20.0787 1.3649 -3.5795
v -19.2913 1.2932 -3.5795
v -18.5039 1.2780 -3.5795
v -17.7165 1.2153 -3.5795
v -16.9291 1.1529 -3.5795
v -16.1417 1.0928 -3.5795
v -15.3543 1.0146 -3.5795
v -14.5669 0.9386 -3.5795
v -13.7795 0.9346 -3.5795
v -12.9921 0.8596 -3.5795
v -12.2047 0.7828 -3.5795
v -11.4173 0.6679 -3.5795
v -10.6299 0.5972 -3.5795
v -9.8425 0.5843 -3.5795
v -9.0551 0.5129 -3.5795
v -8.2677 0.4276 -3.5795
v -7.4803 0.3675 -3.5795
v -6.6929 0.3277 -3.5795
v -5.9055 0.2520 -3.5795
v -5.1181 0.1739 -3.5795
v -4.3307 0.1706 -3.5795
v -3.5433 0.1706 -3.5795
v -2.7559 0.1152 -3.5795
v -1.9685 0.0682 -3.5795
v -1.1811 0.0305 -3.5795
v -0.3937 0.0034 -3.5795
v 0.3937 0.0108 -3.5795
v 1.1811 0.2696 -3.5795
v 1.9685 0.5133 -3.5795
v 2.7559 0.6322 -3.5795
v 3.5433 0.7325 -3.5795
v 4.3307 0.8656 -3.5795
v 5.1181 0.9997 -3.5795
v 5.9055 1.1301 -3.5795
v 6.6929 1.2407 -3.5795
v 7.4803 1.3257 -3.5795
v 8.2677 1.3649 -3.5795
v 9.0551 1.3137 -3.5795
v 9.8425 1.3068 -3.5795
v 10.6299 1.3628 -3.5795
v 11.4173 1.3684 -3.5795
v 12.2047 1.3247 -3.5795
v 12.9921 1.4978 -3.5795
v 13.7795 1.6698 -3.5795
v 14.5669 1.8018 -3.5795
v 15.3543 1.9207 -3.5795
v 16.1417 2.0644 -3.5795
v 16.9291 2.1423 -3.5795
v 17.7165 2.2179 -3.5795
v 18.5039 2.2707 -3.5795
v 19.2913 2.3024 -3.5795
v 20.0787 2.3582 -3.5795
v 20.8661 2.3886 -3.5795
v 21.6535 2.4562 -3.5795
v 22.4409 2.6016 -3.5795
v 23.2283 2.7569 -3.5795
v 24.0157 2.8930 -3.5795
v 24.8031 3.0409 -3.5795
v 25.5906 3.1911 -3.5795
v 26.3780 3.3179 -3.5795
v 27.1654 3.4229 -3.5795
v 27.9528 3.4914 -3.5795
v 28.7402 3.4976 -3.5795
v 29.5276 3.5656 -3.5795
v 30.3150 3.5844 -3.5795
v 31.1024 3.6208 -3.5795
v 31.8898 3.6673 -3.5795
v 32.6772 3.6682 -3.5795
v 33.4646 3.6687 -3.5795
v 34.2520 3.7046 -3.5795
v 35.0394 3.7344 -3.5795
v 35.8268 3.7533 -3.5795
v 36.6142 3.7376 -3.5795
v 37.4016 3.7045 -3.5795
v 38.1890 3.6907 -3.5795
v 38.9764 3.7152 -3.5795
v 39.7638 3.7641 -3.5795
v 40.5512 3.8659 -3.5795
v 41.3386 3.9866 -3.5795
v 42.1260 4.1416 -3.5795
v 42.9134 4.2574 -3.5795
v 43.7008 4.4224 -3.5795
v 44.4882 4.5889 -3.5795
v 45.2756 4.7507 -3.5795
v 46.0630 4.9140 -3.5795
v 46.8504 5.0668 -3.5795
v 47.6378 5.2096 -3.5795
v 48.4252 5.3458 -3.5795
v 49.2126 5.4473 -3.5795
v 50.0000 5.5728 -3.5795
v -50.0000 2.2615 -2.7841
v -49.2126 2.2497 -2.7841
v -48.4252 2.2488 -2.7841
v -47.6378 2.2214 -2.7841
v -46.8504 2.1835 -2.7841
v -46.0630 2.1574 -2.7841
v -45.2756 2.1006 -2.7841
v -44.4882 2.0476 -2.7841
v -43.7008 1.9788 -2.7841
v -42.9134 1.8715 -2.7841
v -42.1260 1.7778 -2.7841
v -41.3386 1.6973 -2.7841
v -40.5512 1.5298 -2.7841
v -39.7638 1.4132 -2.7841
v -38.9764 1.4268 -2.7841
v -38.1890 1.5045 -2.7841
v -37.4016 1.4966 -2.7841
v -36.6142 1.4502 -2.7841
v -35.8268 1.3775 -2.7841
v -35.0394 1.3649 -2.7841
v -34.2520 1.3649 -2.7841
v -33.4646 1.3649 -2.7841
v -32.6772 1.3649 -2.7841
v -31.8898 1.3448 -2.7841
v -31.1024 1.3316 -2.7841
v -30.3150 1.4825 -2.7841
v -29.5276 1.5355 -2.7841
v -28.7402 1.5355 -2.7841
v -27.9528 1.5355 -2.7841
v -27.1654 1.5355 -2.7841
v -26.3780 1.5311 -2.7841
v -25.5906 1.4663 -2.7841
v -24.8031 1.5309 -2.7841
v -24.0157 1.4947 -2.7841
v -23.2283 1.4502 -2.7841
v -22.4409 1.4479 -2.7841
v -21.6535 1.3698 -2.7841
v -20.8661 1.3649 -2.7841
v -20.0787 1.3649 -2.7841
v -19.2913 1.2985 -2.7841
v -18.5039 1.2796 -2.7841
v -17.7165 1.2271 -2.7841
v -16.9291 1.1638 -2.7841
v -16.1417 1.0979 -2.7841
v -15.3543 1.0164 -2.7841
v -14.5669 0.9499 -2.7841
v -13.7795 0.9384 -2.7841
v -12.9921 0.8916 -2.7841
v -12.2047 0.8273 -2.7841
v -11.4173 0.7392 -2.7841
v -10.6299 0.6484 -2.7841
v -9.8425 0.6055 -2.7841
v -9.0551 0.5390 -2.7841
v -8.2677 0.4814 -2.7841
v -7.4803 0.4190 -2.7841
v -6.6929 0.3444 -2.7841
v -5.9055 0.2717 -2.7841
v -5.1181 0.1959 -2.7841
v -4.3307 0.1734 -2.7841
v -3.5433 0.1969 -2.7841
v -2.7559 0.1743 -2.7841
v -1.9685 0.1445 -2.7841
v -1.1811 0.1295 -2.7841
v -0.3937 0.0957 -2.7841
v 0.3937 0.1020 -2.7841
v 1.1811 0.3821 -2.7841
v 1.9685 0.6180 -2.7841
v 2.7559 0.7201 -2.7841
v 3.5433 0.8303 -2.7841
v 4.3307 0.9284 -2.7841
v 5.1181 1.0317 -2.7841
v 5.9055 1.1610 -2.7841
v 6.6929 1.2871 -2.7841
v 7.4803 1.3644 -2.7841
v 8.2677 1.3649 -2.7841
v 9.0551 1.3611 -2.7841
v 9.8425 1.3717 -2.7841
v 10.6299 1.4240 -2.7841
v 11.4173 1.4467 -2.7841
v 12.2047 1.4034 -2.7841
v 12.9921 1.5365 -2.7841
v 13.7795 1.6982 -2.7841
v 14.5669 1.8277 -2.7841
v 15.3543 1.9371 -2.7841
v 16.1417 2.0772 -2.7841
v 16.9291 2.1620 -2.7841
v 17.7165 2.2186 -2.7841
v 18.5039 2.2863 -2.7841
v 19.2913 2.3033 -2.7841
v 20.0787 2.3632 -2.7841
v 20.8661 2.3893 -2.7841
v 21.6535 2.4839 -2.7841
v 22.4409 2.6022 -2.7841
v 23.2283 2.7454 -2.7841
v 24.0157 2.8741 -2.7841
v 24.8031 3.0227 -2.7841
v 25.5906 3.1608 -2.7841
v 26.3780 3.2907 -2.7841
v 27.1654 3.3873 -2.7841
v 27.9528 3.4149 -2.7841
v 28.7402 3.4568 -2.7841
v 29.5276 3.5089 -2.7841
v 30.3150 3.5448 -2.7841
v 31.1024 3.5724 -2.7841
v 31.8898 3.6168 -2.7841
v 32.6772 3.6158 -2.7841
v 33.4646 3.6168 -2.7841
v 34.2520 3.6540 -2.7841
v 35.0394 3.6681 -2.7841
v 35.8268 3.6726 -2.7841
v 36.6142 3.6574 -2.7841
v 37.4016 3.6194 -2.7841
v 38.1890 3.5997 -2.7841
v 38.9764 3.6338 -2.7841
v 39.7638 3.6966 -2.7841
v 40.5512 3.8065 -2.7841
v 41.3386 3.9563 -2.7841
v 42.1260 4.1056 -2.7841
v 42.9134 4.2388 -2.7841
v 43.7008 4.4052 -2.7841
v 44.4882 4.5566 -2.7841
v 45.2756 4.6923 -2.7841
v 46.0630 4.8530 -2.7841
v 46.8504 4.9932 -2.7841
v 47.6378 5.1339 -2.7841
v 48.4252 5.2763 -2.7841
v 49.2126 5.3791 -2.7841
v 50.0000 5.5272 -2.7841
v -50.0000 2.4186 -1.9886
v -49.2126 2.3712 -1.9886
v -48.4252 2.3442 -1.9886
v -47.6378 2.3201 -1.9886
v -46.8504 2.2815 -1.9886
v -46.0630 2.2338 -1.9886
v -45.2756 2.1801 -1.9886
v -44.4882 2.1114 -1.9886
v -43.7008 2.0510 -1.9886
v -42.9134 1.9551 -1.9886
v -42.1260 1.8788 -1.9886
v -41.3386 1.7903 -1.9886
v -40.5512 1.6453 -1.9886
v -39.7638 1.4926 -1.9886
v -38.9764 1.4778 -1.9886
v -38.1890 1.5400 -1.9886
v -37.4016 1.5369 -1.9886
v -36.6142 1.4743 -1.9886
v -35.8268 1.4645 -1.9886
v -35.0394 1.4470 -1.9886
v -34.2520 1.4336 -1.9886
v -33.4646 1.4055 -1.9886
v -32.6772 1.3916 -1.9886
v -31.8898 1.3843 -1.9886
v -31.1024 1.4242 -1.9886
v -30.3150 1.5526 -1.9886
v -29.5276 1.5856 -1.9886
v -28.7402 1.5729 -1.9886
v -27.9528 1.5897 -1.9886
v -27.1654 1.5648 -1.9886
v -26.3780 1.5632 -1.9886
v -25.5906 1.5511 -1.9886
v -24.8031 1.5473 -1.9886
v -24.0157 1.5291 -1.9886
v -23.2283 1.4980 -1.9886
v -22.4409 1.4929 -1.9886
v -21.6535 1.4561 -1.9886
v -20.8661 1.4299 -1.9886
v -20.0787 1.4022 -1.9886
v -19.2913 1.3638 -1.9886
v -18.5039 1.3229 -1.9886
v -17.7165 1.2859 -1.9886
v -16.9291 1.2258 -1.9886
v -16.1417 1.1551 -1.9886
v -15.3543 1.0745 -1.9886
v -14.5669 1.0174 -1.9886
v -13.7795 0.9813 -1.9886
v -12.9921 0.9636 -1.9886
v -12.2047 0.9331 -1.9886
v -11.4173 0.8487 -1.9886
v -10.6299 0.7549 -1.9886
v -9.8425 0.6943 -1.9886
v -9.0551 0.6362 -1.9886
v -8.2677 0.5563 -1.9886
v -7.4803 0.4871 -1.9886
v -6.6929 0.4358 -1.9886
v -5.9055 0.3810 -1.9886
v -5.1181 0.3299 -1.9886
v -4.3307 0.3213 -1.9886
v -3.5433 0.3349 -1.9886
v -2.7559 0.3153 -1.9886
v -1.9685 0.3004 -1.9886
v -1.1811 0.2880 -1.9886
v -0.3937 0.2380 -1.9886
v 0.3937 0.2414 -1.9886
v 1.1811 0.5065 -1.9886
v 1.9685 0.7194 -1.9886
v 2.7559 0.7999 -1.9886
v 3.5433 0.9184 -1.9886
v 4.3307 1.0133 -1.9886
v 5.1181 1.1088 -1.9886
v 5.9055 1.2349 -1.9886
v 6.6929 1.3175 -1.9886
v 7.4803 1.3691 -1.9886
v 8.2677 1.3719 -1.9886
v 9.0551 1.3769 -1.9886
v 9.8425 1.4494 -1.9886
v 10.6299 1.4990 -1.9886
v 11.4173 1.5242 -1.9886
v 12.2047 1.4999 -1.9886
v 12.9921 1.6347 -1.9886
v 13.7795 1.8039 -1.9886
v 14.5669 1.9232 -1.9886
v 15.3543 2.0257 -1.9886
v 16.1417 2.1284 -1.9886
v 16.9291 2.2175 -1.9886
v 17.7165 2.2573 -1.9886
v 18.5039 2.3149 -1.9886
v 19.2913 2.3400 -1.9886
v 20.0787 2.4049 -1.9886
v 20.8661 2.4290 -1.9886
v 21.6535 2.5271 -1.9886
v 22.4409 2.6298 -1.9886
v 23.2283 2.7708 -1.9886
v 24.0157 2.9128 -1.9886
v 24.8031 3.0622 -1.9886
v 25.5906 3.1883 -1.9886
v 26.3780 3.3047 -1.9886
v 27.1654 3.4022 -1.9886
v 27.9528 3.4325 -1.9886
v 28.7402 3.4396 -1.9886
v 29.5276 3.5047 -1.9886
v 30.3150 3.5410 -1.9886
v 31.1024 3.5553 -1.9886
v 31.8898 3.5831 -1.9886
v 32.6772 3.5829 -1.9886
v 33.4646 3.5996 -1.9886
v 34.2520 3.6317 -1.9886
v 35.0394 3.6522 -1.9886
v 35.8268 3.6682 -1.9886
v 36.6142 3.6326 -1.9886
v 37.4016 3.5908 -1.9886
v 38.1890 3.5851 -1.9886
v 38.9764 3.6214 -1.9886
v 39.7638 3.6834 -1.9886
v 40.5512 3.7812 -1.9886
v 41.3386 3.9515 -1.9886
v 42.1260 4.0787 -1.9886
v 42.9134 4.2188 -1.9886
v 43.7008 4.3925 -1.9886
v 44.4882 4.5235 -1.9886
v 45.2756 4.6520 -1.9886
v 46.0630 4.7853 -1.9886
v 46.8504 4.9157 -1.9886
v 47.6378 5.0567 -1.9886
v 48.4252 5.2116 -1.9886
v 49.2126 5.3322 -1.9886
v 50.0000 5.5456 -1.9886
v -50.0000 2.7840 -1.1932
v -49.2126 2.7476 -1.1932
v -48.4252 2.7049 -1.1932
v -47.6378 2.6284 -1.1932
v -46.8504 2.5677 -1.1932
v -46.0630 2.5188 -1.1932
v -45.2756 2.4830 -1.1932
v -44.4882 2.4311 -1.1932
v -43.7008 2.3659 -1.1932
v -42.9134 2.3040 -1.1932
v -42.1260 2.2442 -1.1932
v -41.3386 2.1524 -1.1932
v -40.5512 2.0250 -1.1932
v -39.7638 1.8953 -1.1932
v -38.9764 1.8328 -1.1932
v -38.1890 1.8176 -1.1932
v -37.4016 1.7833 -1.1932
v -36.6142 1.7480 -1.1932
v -35.8268 1.7246 -1.1932
v -35.0394 1.7001 -1.1932
v -34.2520 1.6782 -1.1932
v -33.4646 1.6558 -1.1932
v -32.6772 1.6428 -1.1932
v -31.8898 1.6363 -1.1932
v -31.1024 1.6450 -1.1932
v -30.3150 1.7303 -1.1932
v -29.5276 1.7646 -1.1932
v -28.7402 1.7672 -1.1932
v -27.9528 1.7225 -1.1932
v -27.1654 1.7056 -1.1932
v -26.3780 1.7337 -1.1932
v -25.5906 1.7336 -1.1932
v -24.8031 1.7239 -1.1932
v -24.0157 1.6888 -1.1932
v -23.2283 1.6489 -1.1932
v -22.4409 1.6230 -1.1932
v -21.6535 1.6082 -1.1932
v -20.8661 1.5759 -1.1932
v -20.0787 1.5377 -1.1932
v -19.2913 1.5138 -1.1932
v -18.5039 1.4956 -1.1932
v -17.7165 1.4642 -1.1932
v -16.9291 1.4052 -1.1932
v -16.1417 1.3587 -1.1932
v -15.3543 1.3170 -1.1932
v -14.5669 1.2675 -1.1932
v -13.7795 1.1910 -1.1932
v -12.9921 1.1456 -1.1932
v -12.2047 1.1058 -1.1932
v -11.4173 1.0332 -1.1932
v -10.6299 0.9428 -1.1932
v -9.8425 0.8619 -1.1932
v -9.0551 0.8070 -1.1932
v -8.2677 0.7523 -1.1932
v -7.4803 0.7030 -1.1932
v -6.6929 0.6760 -1.1932
v -5.9055 0.6421 -1.1932
v -5.1181 0.6218 -1.1932
v -4.3307 0.6367 -1.1932
v -3.5433 0.6132 -1.1932
v -2.7559 0.5886 -1.1932
v -1.9685 0.5803 -1.1932
v -1.1811 0.5652 -1.1932
v -0.3937 0.4981 -1.1932
v 0.3937 0.4785 -1.1932
v 1.1811 0.7087 -1.1932
v 1.9685 0.9406 -1.1932
v 2.7559 1.0523 -1.1932
v 3.5433 1.1585 -1.1932
v 4.3307 1.2564 -1.1932
v 5.1181 1.3705 -1.1932
v 5.9055 1.4468 -1.1932
v 6.6929 1.5008 -1.1932
v 7.4803 1.5201 -1.1932
v 8.2677 1.5201 -1.1932
v 9.0551 1.5742 -1.1932
v 9.8425 1.6561 -1.1932
v 10.6299 1.7382 -1.1932
v 11.4173 1.8155 -1.1932
v 12.2047 1.8616 -1.1932
v 12.9921 1.9696 -1.1932
v 13.7795 2.0677 -1.1932
v 14.5669 2.1764 -1.1932
v 15.3543 2.2892 -1.1932
v 16.1417 2.3721 -1.1932
v 16.9291 2.4350 -1.1932
v 17.7165 2.4526 -1.1932
v 18.5039 2.4696 -1.1932
v 19.2913 2.4970 -1.1932
v 20.0787 2.5804 -1.1932
v 20.8661 2.6189 -1.1932
v 21.6535 2.6462 -1.1932
v 22.4409 2.7418 -1.1932
v 23.2283 2.8796 -1.1932
v 24.0157 3.0227 -1.1932
v 24.8031 3.1880 -1.1932
v 25.5906 3.3174 -1.1932
v 26.3780 3.4211 -1.1932
v 27.1654 3.5105 -1.1932
v 27.9528 3.5413 -1.1932
v 28.7402 3.5471 -1.1932
v 29.5276 3.6003 -1.1932
v 30.3150 3.6497 -1.1932
v 31.1024 3.6492 -1.1932
v 31.8898 3.6648 -1.1932
v 32.6772 3.6548 -1.1932
v 33.4646 3.6970 -1.1932
v 34.2520 3.7161 -1.1932
v 35.0394 3.7232 -1.1932
v 35.8268 3.7357 -1.1932
v 36.6142 3.7200 -1.1932
v 37.4016 3.6945 -1.1932
v 38.1890 3.6878 -1.1932
v 38.9764 3.7325 -1.1932
v 39.7638 3.8040 -1.1932
v 40.5512 3.8905 -1.1932
v 41.3386 4.0400 -1.1932
v 42.1260 4.1911 -1.1932
v 42.9134 4.3181 -1.1932
v 43.7008 4.4701 -1.1932
v 44.4882 4.5956 -1.1932
v 45.2756 4.6991 -1.1932
v 46.0630 4.8522 -1.1932
v 46.8504 4.9639 -1.1932
v 47.6378 5.0909 -1.1932
v 48.4252 5.2466 -1.1932
v 49.2126 5.3683 -1.1932
v 50.0000 5.5607 -1.1932
v -50.0000 3.0681 -0.3977
v -49.2126 3.0612 -0.3977
v -48.4252 3.0322 -0.3977
v -47.6378 2.9756 -0.3977
v -46.8504 2.9391 -0.3977
v -46.0630 2.8805 -0.3977
v -45.2756 2.8359 -0.3977
v -44.4882 2.7805 -0.3977
v -43.7008 2.7096 -0.3977
v -42.9134 2.6529 -0.3977
v -42.1260 2.5855 -0.3977
v -41.3386 2.4632 -0.3977
v -40.5512 2.3221 -0.3977
v -39.7638 2.2214 -0.3977
v -38.9764 2.1673 -0.3977
v -38.1890 2.1383 -0.3977
v -37.4016 2.1071 -0.3977
v -36.6142 2.0832 -0.3977
v -35.8268 2.0483 -0.3977
v -35.0394 2.0268 -0.3977
v -34.2520 1.9801 -0.3977
v -33.4646 1.9430 -0.3977
v -32.6772 1.9115 -0.3977
v -31.8898 1.8792 -0.3977
v -31.1024 1.8481 -0.3977
v -30.3150 1.9089 -0.3977
v -29.5276 1.9468 -0.3977
v -28.7402 1.9556 -0.3977
v -27.9528 1.9316 -0.3977
v -27.1654 1.9319 -0.3977
v -26.3780 1.9579 -0.3977
v -25.5906 1.9494 -0.3977
v -24.8031 1.9261 -0.3977
v -24.0157 1.8602 -0.3977
v -23.2283 1.8116 -0.3977
v -22.4409 1.7791 -0.3977
v -21.6535 1.7615 -0.3977
v -20.8661 1.7378 -0.3977
v -20.0787 1.6927 -0.3977
v -19.2913 1.6637 -0.3977
v -18.5039 1.6612 -0.3977
v -17.7165 1.6463 -0.3977
v -16.9291 1.5975 -0.3977
v -16.1417 1.5545 -0.3977
v -15.3543 1.5016 -0.3977
v -14.5669 1.4427 -0.3977
v -13.7795 1.3775 -0.3977
v -12.9921 1.3512 -0.3977
v -12.2047 1.3100 -0.3977
v -11.4173 1.2302 -0.3977
v -10.6299 1.1462 -0.3977
v -9.8425 1.0834 -0.3977
v -9.0551 1.0374 -0.3977
v -8.2677 0.9760 -0.3977
v -7.4803 0.9369 -0.3977
v -6.6929 0.9149 -0.3977
v -5.9055 0.8895 -0.3977
v -5.1181 0.8787 -0.3977
v -4.3307 0.8722 -0.3977
v -3.5433 0.8413 -0.3977
v -2.7559 0.8169 -0.3977
v -1.9685 0.8133 -0.3977
v -1.1811 0.7909 -0.3977
v -0.3937 0.6963 -0.3977
v 0.3937 0.6714 -0.3977
v 1.1811 0.9012 -0.3977
v 1.9685 1.1957 -0.3977
v 2.7559 1.3551 -0.3977
v 3.5433 1.4721 -0.3977
v 4.3307 1.5799 -0.3977
v 5.1181 1.6718 -0.3977
v 5.9055 1.7309 -0.3977
v 6.6929 1.7721 -0.3977
v 7.4803 1.8024 -0.3977
v 8.2677 1.8288 -0.3977
v 9.0551 1.8932 -0.3977
v 9.8425 1.9644 -0.3977
v 10.6299 2.0225 -0.3977
v 11.4173 2.0763 -0.3977
v 12.2047 2.1263 -0.3977
v 12.9921 2.2325 -0.3977
v 13.7795 2.3167 -0.3977
v 14.5669 2.3905 -0.3977
v 15.3543 2.4857 -0.3977
v 16.1417 2.5724 -0.3977
v 16.9291 2.6416 -0.3977
v 17.7165 2.6802 -0.3977
v 18.5039 2.6965 -0.3977
v 19.2913 2.7281 -0.3977
v 20.0787 2.7777 -0.3977
v 20.8661 2.7899 -0.3977
v 21.6535 2.7824 -0.3977
v 22.4409 2.8941 -0.3977
v 23.2283 3.0294 -0.3977
v 24.0157 3.1702 -0.3977
v 24.8031 3.3301 -0.3977
v 25.5906 3.4699 -0.3977
v 26.3780 3.5841 -0.3977
v 27.1654 3.6580 -0.3977
v 27.9528 3.6772 -0.3977
v 28.7402 3.6853 -0.3977
v 29.5276 3.7226 -0.3977
v 30.3150 3.7498 -0.3977
v 31.1024 3.7409 -0.3977
v 31.8898 3.7568 -0.3977
v 32.6772 3.7917 -0.3977
v 33.4646 3.8134 -0.3977
v 34.2520 3.8244 -0.3977
v 35.0394 3.8564 -0.3977
v 35.8268 3.8771 -0.3977
v 36.6142 3.8575 -0.3977
v 37.4016 3.8047 -0.3977
v 38.1890 3.8061 -0.3977
v 38.9764 3.8369 -0.3977
v 39.7638 3.9010 -0.3977
v 40.5512 3.9673 -0.3977
v 41.3386 4.1187 -0.3977
v 42.1260 4.2984 -0.3977
v 42.9134 4.4396 -0.3977
v 43.7008 4.6035 -0.3977
v 44.4882 4.7240 -0.3977
v 45.2756 4.8293 -0.3977
v 46.0630 4.9914 -0.3977
v 46.8504 5.1186 -0.3977
v 47.6378 5.2048 -0.3977
v 48.4252 5.3357 -0.3977
v 49.2126 5.4384 -0.3977
v 50.0000 5.5517 -0.3977
v -50.0000 3.2611 0.3977
v -49.2126 3.2690 0.3977
v -48.4252 3.2237 0.3977
v -47.6378 3.1684 0.3977
v -46.8504 3.1430 0.3977
v -46.0630 3.0973 0.3977
v -45.2756 3.0488 0.3977
v -44.4882 3.0106 0.3977
v -43.7008 2.9457 0.3977
v -42.9134 2.8773 0.3977
v -42.1260 2.7934 0.3977
v -41.3386 2.6490 0.3977
v -40.5512 2.5151 0.3977
v -39.7638 2.4474 0.3977
v -38.9764 2.4071 0.3977
v -38.1890 2.3653 0.3977
v -37.4016 2.3245 0.3977
v -36.6142 2.2829 0.3977
v -35.8268 2.2461 0.3977
v -35.0394 2.2077 0.3977
v -34.2520 2.1628 0.3977
v -33.4646 2.1072 0.3977
v -32.6772 2.0780 0.3977
v -31.8898 2.0473 0.3977
v -31.1024 1.9925 0.3977
v -30.3150 2.0432 0.3977
v -29.5276 2.0697 0.3977
v -28.7402 2.0864 0.3977
v -27.9528 2.0783 0.3977
v -27.1654 2.0876 0.3977
v -26.3780 2.1070 0.3977
v -25.5906 2.0954 0.3977
v -24.8031 2.0529 0.3977
v -24.0157 1.9978 0.3977
v -23.2283 1.9428 0.3977
v -22.4409 1.9198 0.3977
v -21.6535 1.9015 0.3977
v -20.8661 1.8575 0.3977
v -20.0787 1.8105 0.3977
v -19.2913 1.7804 0.3977
v -18.5039 1.7897 0.3977
v -17.7165 1.7586 0.3977
v -16.9291 1.7184 0.3977
v -16.1417 1.6711 0.3977
v -15.3543 1.6358 0.3977
v -14.5669 1.5830 0.3977
v -13.7795 1.5516 0.3977
v -12.9921 1.5214 0.3977
v -12.2047 1.4868 0.3977
v -11.4173 1.4119 0.3977
v -10.6299 1.3161 0.3977
v -9.8425 1.2478 0.3977
v -9.0551 1.2315 0.3977
v -8.2677 1.1632 0.3977
v -7.4803 1.0858 0.3977
v -6.6929 1.0634 0.3977
v -5.9055 1.0587 0.3977
v -5.1181 1.0560 0.3977
v -4.3307 1.0421 0.3977
v -3.5433 1.0103 0.3977
v -2.7559 0.9872 0.3977
v -1.9685 0.9729 0.3977
v -1.1811 0.9571 0.3977
v -0.3937 0.8692 0.3977
v 0.3937 0.8159 0.3977
v 1.1811 1.0355 0.3977
v 1.9685 1.3653 0.3977
v 2.7559 1.5544 0.3977
v 3.5433 1.6797 0.3977
v 4.3307 1.7815 0.3977
v 5.1181 1.8668 0.3977
v 5.9055 1.9312 0.3977
v 6.6929 1.9856 0.3977
v 7.4803 2.0357 0.3977
v 8.2677 2.0654 0.3977
v 9.0551 2.1455 0.3977
v 9.8425 2.2180 0.3977
v 10.6299 2.2429 0.3977
v 11.4173 2.2749 0.3977
v 12.2047 2.3322 0.3977
v 12.9921 2.4449 0.3977
v 13.7795 2.5369 0.3977
v 14.5669 2.5956 0.3977
v 15.3543 2.6824 0.3977
v 16.1417 2.7544 0.3977
v 16.9291 2.8203 0.3977
v 17.7165 2.8571 0.3977
v 18.5039 2.8695 0.3977
v 19.2913 2.9031 0.3977
v 20.0787 2.9346 0.3977
v 20.8661 2.9390 0.3977
v 21.6535 2.9555 0.3977
v 22.4409 3.0515 0.3977
v 23.2283 3.1583 0.3977
v 24.0157 3.2983 0.3977
v 24.8031 3.4454 0.3977
v 25.5906 3.5748 0.3977
v 26.3780 3.6936 0.3977
v 27.1654 3.7613 0.3977
v 27.9528 3.7899 0.3977
v 28.7402 3.7940 0.3977
v 29.5276 3.8334 0.3977
v 30.3150 3.8644 0.3977
v 31.1024 3.8684 0.3977
v 31.8898 3.8806 0.3977
v 32.6772 3.8937 0.3977
v 33.4646 3.9127 0.3977
v 34.2520 3.9174 0.3977
v 35.0394 3.9318 0.3977
v 35.8268 3.9458 0.3977
v 36.6142 3.9272 0.3977
v 37.4016 3.8890 0.3977
v 38.1890 3.8825 0.3977
v 38.9764 3.9264 0.3977
v 39.7638 3.9904 0.3977
v 40.5512 4.0529 0.3977
v 41.3386 4.2151 0.3977
v 42.1260 4.3916 0.3977
v 42.9134 4.5337 0.3977
v 43.7008 4.6700 0.3977
v 44.4882 4.8043 0.3977
v 45.2756 4.9278 0.3977
v 46.0630 5.0914 0.3977
v 46.8504 5.2290 0.3977
v 47.6378 5.3099 0.3977
v 48.4252 5.4045 0.3977
v 49.2126 5.4988 0.3977
v 50.0000 5.6297 0.3977
v -50.0000 3.4263 1.1932
v -49.2126 3.4291 1.1932
v -48.4252 3.3829 1.1932
v -47.6378 3.3297 1.1932
v -46.8504 3.3104 1.1932
v -46.0630 3.2694 1.1932
v -45.2756 3.2255 1.1932
v -44.4882 3.1890 1.1932
v -43.7008 3.1415 1.1932
v -42.9134 3.0791 1.1932
v -42.1260 2.9765 1.1932
v -41.3386 2.8150 1.1932
v -40.5512 2.6778 1.1932
v -39.7638 2.6098 1.1932
v -38.9764 2.5694 1.1932
v -38.1890 2.5182 1.1932
v -37.4016 2.4711 1.1932
v -36.6142 2.4290 1.1932
v -35.8268 2.3938 1.1932
v -35.0394 2.3549 1.1932
v -34.2520 2.3073 1.1932
v -33.4646 2.2479 1.1932
v -32.6772 2.1908 1.1932
v -31.8898 2.1668 1.1932
v -31.1024 2.0963 1.1932
v -30.3150 2.1486 1.1932
v -29.5276 2.1648 1.1932
v -28.7402 2.1829 1.1932
v -27.9528 2.1803 1.1932
v -27.1654 2.1992 1.1932
v -26.3780 2.2198 1.1932
v -25.5906 2.2066 1.1932
v -24.8031 2.1701 1.1932
v -24.0157 2.1197 1.1932
v -23.2283 2.0779 1.1932
v -22.4409 2.0571 1.1932
v -21.6535 2.0273 1.1932
v -20.8661 1.9682 1.1932
v -20.0787 1.9153 1.1932
v -19.2913 1.9070 1.1932
v -18.5039 1.9142 1.1932
v -17.7165 1.8881 1.1932
v -16.9291 1.8375 1.1932
v -16.1417 1.7899 1.1932
v -15.3543 1.7486 1.1932
v -14.5669 1.7126 1.1932
v -13.7795 1.6966 1.1932
v -12.9921 1.6687 1.1932
v -12.2047 1.6312 1.1932
v -11.4173 1.5621 1.1932
v -10.6299 1.4550 1.1932
v -9.8425 1.3823 1.1932
v -9.0551 1.3697 1.1932
v -8.2677 1.3128 1.1932
v -7.4803 1.2314 1.1932
v -6.6929 1.2068 1.1932
v -5.9055 1.2014 1.1932
v -5.1181 1.1969 1.1932
v -4.3307 1.1777 1.1932
v -3.5433 1.1713 1.1932
v -2.7559 1.1549 1.1932
v -1.9685 1.1336 1.1932
v -1.1811 1.1212 1.1932
v -0.3937 1.0469 1.1932
v 0.3937 0.9864 1.1932
v 1.1811 1.2224 1.1932
v 1.9685 1.5239 1.1932
v 2.7559 1.6529 1.1932
v 3.5433 1.7713 1.1932
v 4.3307 1.8900 1.1932
v 5.1181 1.9883 1.1932
v 5.9055 2.0604 1.1932
v 6.6929 2.1048 1.1932
v 7.4803 2.1727 1.1932
v 8.2677 2.2242 1.1932
v 9.0551 2.3142 1.1932
v 9.8425 2.3800 1.1932
v 10.6299 2.4180 1.1932
v 11.4173 2.4548 1.1932
v 12.2047 2.4758 1.1932
v 12.9921 2.5938 1.1932
v 13.7795 2.6919 1.1932
v 14.5669 2.7509 1.1932
v 15.3543 2.8550 1.1932
v 16.1417 2.9285 1.1932
v 16.9291 2.9804 1.1932
v 17.7165 3.0131 1.1932
v 18.5039 3.0255 1.1932
v 19.2913 3.0518 1.1932
v 20.0787 3.0748 1.1932
v 20.8661 3.0878 1.1932
v 21.6535 3.1029 1.1932
v 22.4409 3.1866 1.1932
v 23.2283 3.2785 1.1932
v 24.0157 3.4003 1.1932
v 24.8031 3.5441 1.1932
v 25.5906 3.6746 1.1932
v 26.3780 3.7935 1.1932
v 27.1654 3.8637 1.1932
v 27.9528 3.8851 1.1932
v 28.7402 3.9154 1.1932
v 29.5276 3.9550 1.1932
v 30.3150 3.9751 1.1932
v 31.1024 3.9695 1.1932
v 31.8898 3.9670 1.1932
v 32.6772 3.9852 1.1932
v 33.4646 4.0010 1.1932
v 34.2520 4.0166 1.1932
v 35.0394 4.0410 1.1932
v 35.8268 4.0303 1.1932
v 36.6142 4.0061 1.1932
v 37.4016 3.9761 1.1932
v 38.1890 3.9948 1.1932
v 38.9764 4.0409 1.1932
v 39.7638 4.1049 1.1932
v 40.5512 4.1453 1.1932
v 41.3386 4.2871 1.1932
v 42.1260 4.4688 1.1932
v 42.9134 4.6181 1.1932
v 43.7008 4.7523 1.1932
v 44.4882 4.8943 1.1932
v 45.2756 5.0325 1.1932
v 46.0630 5.1737 1.1932
v 46.8504 5.3116 1.1932
v 47.6378 5.4017 1.1932
v 48.4252 5.5061 1.1932
v 49.2126 5.5936 1.1932
v 50.0000 5.7404 1.1932
v -50.0000 3.6277 1.9886
v -49.2126 3.6006 1.9886
v -48.4252 3.5710 1.9886
v -47.6378 3.5215 1.9886
v -46.8504 3.5091 1.9886
v -46.0630 3.4802 1.9886
v -45.2756 3.4283 1.9886
v -44.4882 3.3933 1.9886
v -43.7008 3.3535 1.9886
v -42.9134 3.2908 1.9886
v -42.1260 3.1874 1.9886
v -41.3386 3.0241 1.9886
v -40.5512 2.8667 1.9886
v -39.7638 2.7808 1.9886
v -38.9764 2.7265 1.9886
v -38.1890 2.6874 1.9886
v -37.4016 2.6476 1.9886
v -36.6142 2.6112 1.9886
v -35.8268 2.5777 1.9886
v -35.0394 2.5373 1.9886
v -34.2520 2.4825 1.9886
v -33.4646 2.4067 1.9886
v -32.6772 2.3455 1.9886
v -31.8898 2.3084 1.9886
v -31.1024 2.2343 1.9886
v -30.3150 2.2715 1.9886
v -29.5276 2.2855 1.9886
v -28.7402 2.3190 1.9886
v -27.9528 2.3133 1.9886
v -27.1654 2.3409 1.9886
v -26.3780 2.3619 1.9886
v -25.5906 2.3537 1.9886
v -24.8031 2.3197 1.9886
v -24.0157 2.2626 1.9886
v -23.2283 2.2185 1.9886
v -22.4409 2.1916 1.9886
v -21.6535 2.1652 1.9886
v -20.8661 2.1051 1.9886
v -20.0787 2.0511 1.9886
v -19.2913 2.0207 1.9886
v -18.5039 2.0286 1.9886
v -17.7165 2.0115 1.9886
v -16.9291 1.9664 1.9886
v -16.1417 1.9297 1.9886
v -15.3543 1.8959 1.9886
v -14.5669 1.8804 1.9886
v -13.7795 1.8711 1.9886
v -12.9921 1.8378 1.9886
v -12.2047 1.7880 1.9886
v -11.4173 1.7290 1.9886
v -10.6299 1.6273 1.9886
v -9.8425 1.5404 1.9886
v -9.0551 1.5139 1.9886
v -8.2677 1.4662 1.9886
v -7.4803 1.3893 1.9886
v -6.6929 1.3712 1.9886
v -5.9055 1.3771 1.9886
v -5.1181 1.3695 1.9886
v -4.3307 1.3637 1.9886
v -3.5433 1.3588 1.9886
v -2.7559 1.3367 1.9886
v -1.9685 1.3033 1.9886
v -1.1811 1.2787 1.9886
v -0.3937 1.2247 1.9886
v 0.3937 1.1706 1.9886
v 1.1811 1.4672 1.9886
v 1.9685 1.7183 1.9886
v 2.7559 1.8039 1.9886
v 3.5433 1.9138 1.9886
v 4.3307 2.0337 1.9886
v 5.1181 2.1432 1.9886
v 5.9055 2.2326 1.9886
v 6.6929 2.2981 1.9886
v 7.4803 2.3654 1.9886
v 8.2677 2.4303 1.9886
v 9.0551 2.5090 1.9886
v 9.8425 2.5686 1.9886
v 10.6299 2.6172 1.9886
v 11.4173 2.6629 1.9886
v 12.2047 2.6835 1.9886
v 12.9921 2.7856 1.9886
v 13.7795 2.8880 1.9886
v 14.5669 2.9402 1.9886
v 15.3543 3.0476 1.9886
v 16.1417 3.1315 1.9886
v 16.9291 3.1823 1.9886
v 17.7165 3.2076 1.9886
v 18.5039 3.2142 1.9886
v 19.2913 3.2237 1.9886
v 20.0787 3.2401 1.9886
v 20.8661 3.2483 1.9886
v 21.6535 3.2634 1.9886
v 22.4409 3.3510 1.9886
v 23.2283 3.4372 1.9886
v 24.0157 3.5530 1.9886
v 24.8031 3.6802 1.9886
v 25.5906 3.8043 1.9886
v 26.3780 3.9163 1.9886
v 27.1654 3.9772 1.9886
v 27.9528 4.0271 1.9886
v 28.7402 4.0539 1.9886
v 29.5276 4.0618 1.9886
v 30.3150 4.0915 1.9886
v 31.1024 4.0926 1.9886
v 31.8898 4.1014 1.9886
v 32.6772 4.1189 1.9886
v 33.4646 4.1323 1.9886
v 34.2520 4.1442 1.9886
v 35.0394 4.1618 1.9886
v 35.8268 4.1474 1.9886
v 36.6142 4.1308 1.9886
v 37.4016 4.1239 1.9886
v 38.1890 4.1392 1.9886
v 38.9764 4.1723 1.9886
v 39.7638 4.2364 1.9886
v 40.5512 4.2819 1.9886
v 41.3386 4.3833 1.9886
v 42.1260 4.5571 1.9886
v 42.9134 4.7255 1.9886
v 43.7008 4.8821 1.9886
v 44.4882 5.0402 1.9886
v 45.2756 5.1682 1.9886
v 46.0630 5.3020 1.9886
v 46.8504 5.4436 1.9886
v 47.6378 5.5413 1.9886
v 48.4252 5.6328 1.9886
v 49.2126 5.7148 1.9886
v 50.0000 5.8480 1.9886
v -50.0000 3.8244 2.7841
v -49.2126 3.8080 2.7841
v -48.4252 3.7637 2.7841
v -47.6378 3.7306 2.7841
v -46.8504 3.7295 2.7841
v -46.0630 3.6907 2.7841
v -45.2756 3.6428 2.7841
v -44.4882 3.6041 2.7841
v -43.7008 3.5613 2.7841
v -42.9134 3.4963 2.7841
v -42.1260 3.4030 2.7841
v -41.3386 3.2476 2.7841
v -40.5512 3.0874 2.7841
v -39.7638 2.9844 2.7841
v -38.9764 2.9175 2.7841
v -38.1890 2.8785 2.7841
v -37.4016 2.8377 2.7841
v -36.6142 2.8061 2.7841
v -35.8268 2.7642 2.7841
v -35.0394 2.7098 2.7841
v -34.2520 2.6600 2.7841
v -33.4646 2.5856 2.7841
v -32.6772 2.5136 2.7841
v -31.8898 2.4652 2.7841
v -31.1024 2.3954 2.7841
v -30.3150 2.4329 2.7841
v -29.5276 2.4243 2.7841
v -28.7402 2.4443 2.7841
v -27.9528 2.4417 2.7841
v -27.1654 2.4642 2.7841
v -26.3780 2.5111 2.7841
v -25.5906 2.5018 2.7841
v -24.8031 2.4560 2.7841
v -24.0157 2.4224 2.7841
v -23.2283 2.3831 2.7841
v -22.4409 2.3457 2.7841
v -21.6535 2.2961 2.7841
v -20.8661 2.2373 2.7841
v -20.0787 2.1761 2.7841
v -19.2913 2.1646 2.7841
v -18.5039 2.1657 2.7841
v -17.7165 2.1340 2.7841
v -16.9291 2.0896 2.7841
v -16.1417 2.0605 2.7841
v -15.3543 2.0276 2.7841
v -14.5669 2.0219 2.7841
v -13.7795 2.0135 2.7841
v -12.9921 1.9896 2.7841
v -12.2047 1.9413 2.7841
v -11.4173 1.8976 2.7841
v -10.6299 1.8048 2.7841
v -9.8425 1.7239 2.7841
v -9.0551 1.6854 2.7841
v -8.2677 1.6228 2.7841
v -7.4803 1.5707 2.7841
v -6.6929 1.5619 2.7841
v -5.9055 1.5663 2.7841
v -5.1181 1.5531 2.7841
v -4.3307 1.5442 2.7841
v -3.5433 1.5405 2.7841
v -2.7559 1.5208 2.7841
v -1.9685 1.4816 2.7841
v -1.1811 1.4578 2.7841
v -0.3937 1.4077 2.7841
v 0.3937 1.3750 2.7841
v 1.1811 1.7046 2.7841
v 1.9685 1.9247 2.7841
v 2.7559 1.9803 2.7841
v 3.5433 2.0907 2.7841
v 4.3307 2.2034 2.7841
v 5.1181 2.3211 2.7841
v 5.9055 2.4344 2.7841
v 6.6929 2.5033 2.7841
v 7.4803 2.5660 2.7841
v 8.2677 2.6398 2.7841
v 9.0551 2.7172 2.7841
v 9.8425 2.7806 2.7841
v 10.6299 2.8210 2.7841
v 11.4173 2.8804 2.7841
v 12.2047 2.8986 2.7841
v 12.9921 2.9885 2.7841
v 13.7795 3.0882 2.7841
v 14.5669 3.1692 2.7841
v 15.3543 3.2712 2.7841
v 16.1417 3.3486 2.7841
v 16.9291 3.3989 2.7841
v 17.7165 3.4160 2.7841
v 18.5039 3.4344 2.7841
v 19.2913 3.4259 2.7841
v 20.0787 3.4361 2.7841
v 20.8661 3.4353 2.7841
v 21.6535 3.4369 2.7841
v 22.4409 3.5320 2.7841
v 23.2283 3.6127 2.7841
v 24.0157 3.7263 2.7841
v 24.8031 3.8372 2.7841
v 25.5906 3.9488 2.7841
v 26.3780 4.0565 2.7841
v 27.1654 4.1447 2.7841
v 27.9528 4.1964 2.7841
v 28.7402 4.1951 2.7841
v 29.5276 4.1869 2.7841
v 30.3150 4.2178 2.7841
v 31.1024 4.2203 2.7841
v 31.8898 4.2225 2.7841
v 32.6772 4.2442 2.7841
v 33.4646 4.2846 2.7841
v 34.2520 4.2972 2.7841
v 35.0394 4.3084 2.7841
v 35.8268 4.2936 2.7841
v 36.6142 4.2898 2.7841
v 37.4016 4.3034 2.7841
v 38.1890 4.3040 2.7841
v 38.9764 4.3148 2.7841
v 39.7638 4.3813 2.7841
v 40.5512 4.4321 2.7841
v 41.3386 4.5023 2.7841
v 42.1260 4.6644 2.7841
v 42.9134 4.8360 2.7841
v 43.7008 5.0135 2.7841
v 44.4882 5.1747 2.7841
v 45.2756 5.3049 2.7841
v 46.0630 5.4577 2.7841
v 46.8504 5.6194 2.7841
v 47.6378 5.7327 2.7841
v 48.4252 5.8068 2.7841
v 49.2126 5.8651 2.7841
v 50.0000 5.9885 2.7841
v -50.0000 3.9745 3.5795
v -49.2126 3.9777 3.5795
v -48.4252 3.9516 3.5795
v -47.6378 3.9183 3.5795
v -46.8504 3.9112 3.5795
v -46.0630 3.8720 3.5795
v -45.2756 3.8190 3.5795
v -44.4882 3.7883 3.5795
v -43.7008 3.7178 3.5795
v -42.9134 3.6465 3.5795
v -42.1260 3.5562 3.5795
v -41.3386 3.4335 3.5795
v -40.5512 3.2834 3.5795
v -39.7638 3.1724 3.5795
v -38.9764 3.1050 3.5795
v -38.1890 3.0353 3.5795
v -37.4016 2.9898 3.5795
v -36.6142 2.9640 3.5795
v -35.8268 2.9325 3.5795
v -35.0394 2.8842 3.5795
v -34.2520 2.8213 3.5795
v -33.4646 2.7385 3.5795
v -32.6772 2.6633 3.5795
v -31.8898 2.6146 3.5795
v -31.1024 2.5593 3.5795
v -30.3150 2.5913 3.5795
v -29.5276 2.5710 3.5795
v -28.7402 2.5892 3.5795
v -27.9528 2.5804 3.5795
v -27.1654 2.5880 3.5795
v -26.3780 2.6203 3.5795
v -25.5906 2.6226 3.5795
v -24.8031 2.5964 3.5795
v -24.0157 2.5506 3.5795
v -23.2283 2.5197 3.5795
v -22.4409 2.4736 3.5795
v -21.6535 2.4215 3.5795
v -20.8661 2.3562 3.5795
v -20.0787 2.3138 3.5795
v -19.2913 2.2879 3.5795
v -18.5039 2.2780 3.5795
v -17.7165 2.2528 3.5795
v -16.9291 2.2146 3.5795
v -16.1417 2.1892 3.5795
v -15.3543 2.1523 3.5795
v -14.5669 2.1319 3.5795
v -13.7795 2.1355 3.5795
v -12.9921 2.1120 3.5795
v -12.2047 2.0882 3.5795
v -11.4173 2.0469 3.5795
v -10.6299 1.9743 3.5795
v -9.8425 1.9149 3.5795
v -9.0551 1.8555 3.5795
v -8.2677 1.7724 3.5795
v -7.4803 1.7405 3.5795
v -6.6929 1.7340 3.5795
v -5.9055 1.7271 3.5795
v -5.1181 1.6973 3.5795
v -4.3307 1.6844 3.5795
v -3.5433 1.6769 3.5795
v -2.7559 1.6603 3.5795
v -1.9685 1.6316 3.5795
v -1.1811 1.6072 3.5795
v -0.3937 1.5732 3.5795
v 0.3937 1.5702 3.5795
v 1.1811 1.8858 3.5795
v 1.9685 2.1260 3.5795
v 2.7559 2.1680 3.5795
v 3.5433 2.2517 3.5795
v 4.3307 2.3638 3.5795
v 5.1181 2.4965 3.5795
v 5.9055 2.6141 3.5795
v 6.6929 2.6821 3.5795
v 7.4803 2.7499 3.5795
v 8.2677 2.8365 3.5795
v 9.0551 2.9130 3.5795
v 9.8425 2.9556 3.5795
v 10.6299 2.9937 3.5795
v 11.4173 3.0680 3.5795
v 12.2047 3.1003 3.5795
v 12.9921 3.2091 3.5795
v 13.7795 3.3003 3.5795
v 14.5669 3.3894 3.5795
v 15.3543 3.5124 3.5795
v 16.1417 3.5727 3.5795
v 16.9291 3.5936 3.5795
v 17.7165 3.5976 3.5795
v 18.5039 3.6046 3.5795
v 19.2913 3.5978 3.5795
v 20.0787 3.6100 3.5795
v 20.8661 3.6083 3.5795
v 21.6535 3.6207 3.5795
v 22.4409 3.7160 3.5795
v 23.2283 3.7961 3.5795
v 24.0157 3.8968 3.5795
v 24.8031 4.0157 3.5795
v 25.5906 4.1177 3.5795
v 26.3780 4.2016 3.5795
v 27.1654 4.2950 3.5795
v 27.9528 4.3377 3.5795
v 28.7402 4.3212 3.5795
v 29.5276 4.2985 3.5795
v 30.3150 4.3220 3.5795
v 31.1024 4.3347 3.5795
v 31.8898 4.3458 3.5795
v 32.6772 4.3840 3.5795
v 33.4646 4.4165 3.5795
v 34.2520 4.4615 3.5795
v 35.0394 4.4859 3.5795
v 35.8268 4.4553 3.5795
v 36.6142 4.4482 3.5795
v 37.4016 4.4629 3.5795
v 38.1890 4.4532 3.5795
v 38.9764 4.4521 3.5795
v 39.7638 4.5269 3.5795
v 40.5512 4.5840 3.5795
v 41.3386 4.6377 3.5795
v 42.1260 4.8085 3.5795
v 42.9134 4.9922 3.5795
v 43.7008 5.1801 3.5795
v 44.4882 5.3571 3.5795
v 45.2756 5.4873 3.5795
v 46.0630 5.6280 3.5795
v 46.8504 5.7742 3.5795
v 47.6378 5.8906 3.5795
v 48.4252 5.9672 3.5795
v 49.2126 6.0225 3.5795
v 50.0000 6.1594 3.5795
v -50.0000 4.1353 4.3750
v -49.2126 4.1264 4.3750
v -48.4252 4.0827 4.3750
v -47.6378 4.0468 4.3750
v -46.8504 4.0454 4.3750
v -46.0630 3.9871 4.3750
v -45.2756 3.9341 4.3750
v -44.4882 3.8940 4.3750
v -43.7008 3.8285 4.3750
v -42.9134 3.7567 4.3750
v -42.1260 3.6931 4.3750
v -41.3386 3.5768 4.3750
v -40.5512 3.4247 4.3750
v -39.7638 3.3223 4.3750
v -38.9764 3.2379 4.3750
v -38.1890 3.1604 4.3750
v -37.4016 3.1045 4.3750
v -36.6142 3.0754 4.3750
v -35.8268 3.0272 4.3750
v -35.0394 2.9829 4.3750
v -34.2520 2.9274 4.3750
v -33.4646 2.8463 4.3750
v -32.6772 2.7893 4.3750
v -31.8898 2.7379 4.3750
v -31.1024 2.6804 4.3750
v -30.3150 2.7086 4.3750
v -29.5276 2.6903 4.3750
v -28.7402 2.6999 4.3750
v -27.9528 2.6842 4.3750
v -27.1654 2.6649 4.3750
v -26.3780 2.6956 4.3750
v -25.5906 2.7241 4.3750
v -24.8031 2.6936 4.3750
v -24.0157 2.6400 4.3750
v -23.2283 2.6281 4.3750
v -22.4409 2.6010 4.3750
v -21.6535 2.5355 4.3750
v -20.8661 2.4751 4.3750
v -20.0787 2.4391 4.3750
v -19.2913 2.4202 4.3750
v -18.5039 2.3943 4.3750
v -17.7165 2.3590 4.3750
v -16.9291 2.3184 4.3750
v -16.1417 2.2900 4.3750
v -15.3543 2.2420 4.3750
v -14.5669 2.2276 4.3750
v -13.7795 2.2372 4.3750
v -12.9921 2.2308 4.3750
v -12.2047 2.2061 4.3750
v -11.4173 2.1652 4.3750
v -10.6299 2.1089 4.3750
v -9.8425 2.0782 4.3750
v -9.0551 2.0062 4.3750
v -8.2677 1.9167 4.3750
v -7.4803 1.8801 4.3750
v -6.6929 1.8577 4.3750
v -5.9055 1.8369 4.3750
v -5.1181 1.8072 4.3750
v -4.3307 1.7916 4.3750
v -3.5433 1.7891 4.3750
v -2.7559 1.7658 4.3750
v -1.9685 1.7407 4.3750
v -1.1811 1.7269 4.3750
v -0.3937 1.7157 4.3750
v 0.3937 1.7379 4.3750
v 1.1811 2.0232 4.3750
v 1.9685 2.2699 4.3750
v 2.7559 2.3257 4.3750
v 3.5433 2.3968 4.3750
v 4.3307 2.5138 4.3750
v 5.1181 2.6510 4.3750
v 5.9055 2.7688 4.3750
v 6.6929 2.8494 4.3750
v 7.4803 2.9220 4.3750
v 8.2677 3.0286 4.3750
v 9.0551 3.1197 4.3750
v 9.8425 3.1637 4.3750
v 10.6299 3.2067 4.3750
v 11.4173 3.2685 4.3750
v 12.2047 3.2858 4.3750
v 12.9921 3.4077 4.3750
v 13.7795 3.5084 4.3750
v 14.5669 3.5984 4.3750
v 15.3543 3.7082 4.3750
v 16.1417 3.7701 4.3750
v 16.9291 3.7707 4.3750
v 17.7165 3.7724 4.3750
v 18.5039 3.7894 4.3750
v 19.2913 3.7831 4.3750
v 20.0787 3.7854 4.3750
v 20.8661 3.7710 4.3750
v 21.6535 3.7785 4.3750
v 22.4409 3.8655 4.3750
v 23.2283 3.9497 4.3750
v 24.0157 4.0488 4.3750
v 24.8031 4.1620 4.3750
v 25.5906 4.2637 4.3750
v 26.3780 4.3504 4.3750
v 27.1654 4.4304 4.3750
v 27.9528 4.4683 4.3750
v 28.7402 4.4659 4.3750
v 29.5276 4.4250 4.3750
v 30.3150 4.4317 4.3750
v 31.1024 4.4514 4.3750
v 31.8898 4.4625 4.3750
v 32.6772 4.4860 4.3750
v 33.4646 4.5378 4.3750
v 34.2520 4.5850 4.3750
v 35.0394 4.6130 4.3750
v 35.8268 4.5910 4.3750
v 36.6142 4.5879 4.3750
v 37.4016 4.6032 4.3750
v 38.1890 4.5915 4.3750
v 38.9764 4.5903 4.3750
v 39.7638 4.6703 4.3750
v 40.5512 4.7299 4.3750
v 41.3386 4.7865 4.3750
v 42.1260 4.9504 4.3750
v 42.9134 5.1408 4.3750
v 43.7008 5.3344 4.3750
v 44.4882 5.5140 4.3750
v 45.2756 5.6626 4.3750
v 46.0630 5.7939 4.3750
v 46.8504 5.9383 4.3750
v 47.6378 6.0631 4.3750
v 48.4252 6.1295 4.3750
v 49.2126 6.1957 4.3750
v 50.0000 6.3353 4.3750
v -50.0000 4.2923 5.1705
v -49.2126 4.2507 5.1705
v -48.4252 4.2160 5.1705
v -47.6378 4.1476 5.1705
v -46.8504 4.1254 5.1705
v -46.0630 4.0726 5.1705
v -45.2756 4.0110 5.1705
v -44.4882 3.9595 5.1705
v -43.7008 3.9104 5.1705
v -42.9134 3.8480 5.1705
v -42.1260 3.8011 5.1705
v -41.3386 3.6864 5.1705
v -40.5512 3.5211 5.1705
v -39.7638 3.4145 5.1705
v -38.9764 3.3373 5.1705
v -38.1890 3.2501 5.1705
v -37.4016 3.1728 5.1705
v -36.6142 3.1423 5.1705
v -35.8268 3.0794 5.1705
v -35.0394 3.0335 5.1705
v -34.2520 2.9831 5.1705
v -33.4646 2.9185 5.1705
v -32.6772 2.8666 5.1705
v -31.8898 2.8290 5.1705
v -31.1024 2.7941 5.1705
v -30.3150 2.8155 5.1705
v -29.5276 2.7904 5.1705
v -28.7402 2.8032 5.1705
v -27.9528 2.7910 5.1705
v -27.1654 2.7779 5.1705
v -26.3780 2.7723 5.1705
v -25.5906 2.7683 5.1705
v -24.8031 2.7567 5.1705
v -24.0157 2.7209 5.1705
v -23.2283 2.7138 5.1705
v -22.4409 2.6954 5.1705
v -21.6535 2.6310 5.1705
v -20.8661 2.5827 5.1705
v -20.0787 2.5410 5.1705
v -19.2913 2.5172 5.1705
v -18.5039 2.5063 5.1705
v -17.7165 2.4731 5.1705
v -16.9291 2.4361 5.1705
v -16.1417 2.4118 5.1705
v -15.3543 2.3590 5.1705
v -14.5669 2.3430 5.1705
v -13.7795 2.3447 5.1705
v -12.9921 2.3368 5.1705
v -12.2047 2.3097 5.1705
v -11.4173 2.2768 5.1705
v -10.6299 2.2510 5.1705
v -9.8425 2.2030 5.1705
v -9.0551 2.1439 5.1705
v -8.2677 2.0639 5.1705
v -7.4803 2.0140 5.1705
v -6.6929 1.9845 5.1705
v -5.9055 1.9463 5.1705
v -5.1181 1.9162 5.1705
v -4.3307 1.8965 5.1705
v -3.5433 1.8819 5.1705
v -2.7559 1.8661 5.1705
v -1.9685 1.8505 5.1705
v -1.1811 1.8394 5.1705
v -0.3937 1.8321 5.1705
v 0.3937 1.8525 5.1705
v 1.1811 2.1510 5.1705
v 1.9685 2.4040 5.1705
v 2.7559 2.4628 5.1705
v 3.5433 2.5525 5.1705
v 4.3307 2.6666 5.1705
v 5.1181 2.7913 5.1705
v 5.9055 2.9120 5.1705
v 6.6929 2.9974 5.1705
v 7.4803 3.0964 5.1705
v 8.2677 3.2001 5.1705
v 9.0551 3.3095 5.1705
v 9.8425 3.3787 5.1705
v 10.6299 3.4341 5.1705
v 11.4173 3.4905 5.1705
v 12.2047 3.4702 5.1705
v 12.9921 3.5949 5.1705
v 13.7795 3.7099 5.1705
v 14.5669 3.7802 5.1705
v 15.3543 3.8752 5.1705
v 16.1417 3.9401 5.1705
v 16.9291 3.9422 5.1705
v 17.7165 3.9416 5.1705
v 18.5039 3.9517 5.1705
v 19.2913 3.9529 5.1705
v 20.0787 3.9481 5.1705
v 20.8661 3.9324 5.1705
v 21.6535 3.9272 5.1705
v 22.4409 4.0153 5.1705
v 23.2283 4.1053 5.1705
v 24.0157 4.1886 5.1705
v 24.8031 4.2967 5.1705
v 25.5906 4.3980 5.1705
v 26.3780 4.4862 5.1705
v 27.1654 4.5501 5.1705
v 27.9528 4.5911 5.1705
v 28.7402 4.6089 5.1705
v 29.5276 4.5670 5.1705
v 30.3150 4.5631 5.1705
v 31.1024 4.5830 5.1705
v 31.8898 4.5775 5.1705
v 32.6772 4.6067 5.1705
v 33.4646 4.6447 5.1705
v 34.2520 4.6877 5.1705
v 35.0394 4.7282 5.1705
v 35.8268 4.7373 5.1705
v 36.6142 4.7376 5.1705
v 37.4016 4.7530 5.1705
v 38.1890 4.7676 5.1705
v 38.9764 4.7644 5.1705
v 39.7638 4.8253 5.1705
v 40.5512 4.8929 5.1705
v 41.3386 4.9437 5.1705
v 42.1260 5.1021 5.1705
v 42.9134 5.2920 5.1705
v 43.7008 5.4829 5.1705
v 44.4882 5.6633 5.1705
v 45.2756 5.8295 5.1705
v 46.0630 5.9835 5.1705
v 46.8504 6.1323 5.1705
v 47.6378 6.2695 5.1705
v 48.4252 6.3331 5.1705
v 49.2126 6.3769 5.1705
v 50.0000 6.5160 5.1705
v -50.0000 4.4538 5.9659
v -49.2126 4.3821 5.9659
v -48.4252 4.3291 5.9659
v -47.6378 4.2742 5.9659
v -46.8504 4.2307 5.9659
v -46.0630 4.1734 5.9659
v -45.2756 4.1056 5.9659
v -44.4882 4.0556 5.9659
v -43.7008 4.0207 5.9659
v -42.9134 3.9788 5.9659
v -42.1260 3.9374 5.9659
v -41.3386 3.8350 5.9659
v -40.5512 3.6524 5.9659
v -39.7638 3.5145 5.9659
v -38.9764 3.4356 5.9659
v -38.1890 3.3554 5.9659
v -37.4016 3.2777 5.9659
v -36.6142 3.2331 5.9659
v -35.8268 3.1729 5.9659
v -35.0394 3.1173 5.9659
v -34.2520 3.0831 5.9659
v -33.4646 3.0273 5.9659
v -32.6772 2.9785 5.9659
v -31.8898 2.9392 5.9659
v -31.1024 2.9304 5.9659
v -30.3150 2.9569 5.9659
v -29.5276 2.9246 5.9659
v -28.7402 2.9292 5.9659
v -27.9528 2.9277 5.9659
v -27.1654 2.9226 5.9659
v -26.3780 2.9111 5.9659
v -25.5906 2.8952 5.9659
v -24.8031 2.8544 5.9659
v -24.0157 2.8314 5.9659
v -23.2283 2.8386 5.9659
v -22.4409 2.7994 5.9659
v -21.6535 2.7516 5.9659
v -20.8661 2.7147 5.9659
v -20.0787 2.6877 5.9659
v -19.2913 2.6723 5.9659
v -18.5039 2.6611 5.9659
v -17.7165 2.6461 5.9659
v -16.9291 2.6151 5.9659
v -16.1417 2.5701 5.9659
v -15.3543 2.5337 5.9659
v -14.5669 2.4979 5.9659
v -13.7795 2.4775 5.9659
v -12.9921 2.4627 5.9659
v -12.2047 2.4353 5.9659
v -11.4173 2.4219 5.9659
v -10.6299 2.3948 5.9659
v -9.8425 2.3548 5.9659
v -9.0551 2.2992 5.9659
v -8.2677 2.2377 5.9659
v -7.4803 2.1930 5.9659
v -6.6929 2.1518 5.9659
v -5.9055 2.1035 5.9659
v -5.1181 2.0584 5.9659
v -4.3307 2.0311 5.9659
v -3.5433 2.0067 5.9659
v -2.7559 2.0002 5.9659
v -1.9685 1.9965 5.9659
v -1.1811 1.9985 5.9659
v -0.3937 1.9906 5.9659
v 0.3937 1.9817 5.9659
v 1.1811 2.2906 5.9659
v 1.9685 2.5194 5.9659
v 2.7559 2.5840 5.9659
v 3.5433 2.6688 5.9659
v 4.3307 2.7933 5.9659
v 5.1181 2.9213 5.9659
v 5.9055 3.0542 5.9659
v 6.6929 3.1619 5.9659
v 7.4803 3.2562 5.9659
v 8.2677 3.3485 5.9659
v 9.0551 3.4746 5.9659
v 9.8425 3.5744 5.9659
v 10.6299 3.6645 5.9659
v 11.4173 3.7294 5.9659
v 12.2047 3.6752 5.9659
v 12.9921 3.7810 5.9659
v 13.7795 3.9095 5.9659
v 14.5669 3.9817 5.9659
v 15.3543 4.0223 5.9659
v 16.1417 4.0732 5.9659
v 16.9291 4.0991 5.9659
v 17.7165 4.0985 5.9659
v 18.5039 4.1092 5.9659
v 19.2913 4.1138 5.9659
v 20.0787 4.1049 5.9659
v 20.8661 4.0942 5.9659
v 21.6535 4.0853 5.9659
v 22.4409 4.1778 5.9659
v 23.2283 4.2679 5.9659
v 24.0157 4.3553 5.9659
v 24.8031 4.4514 5.9659
v 25.5906 4.5416 5.9659
v 26.3780 4.6403 5.9659
v 27.1654 4.7069 5.9659
v 27.9528 4.7330 5.9659
v 28.7402 4.7459 5.9659
v 29.5276 4.7276 5.9659
v 30.3150 4.7400 5.9659
v 31.1024 4.7426 5.9659
v 31.8898 4.7286 5.9659
v 32.6772 4.7539 5.9659
v 33.4646 4.7881 5.9659
v 34.2520 4.8309 5.9659
v 35.0394 4.8535 5.9659
v 35.8268 4.8781 5.9659
v 36.6142 4.9097 5.9659
v 37.4016 4.9230 5.9659
v 38.1890 4.9394 5.9659
v 38.9764 4.9472 5.9659
v 39.7638 5.0098 5.9659
v 40.5512 5.0777 5.9659
v 41.3386 5.1217 5.9659
v 42.1260 5.2773 5.9659
v 42.9134 5.4690 5.9659
v 43.7008 5.6647 5.9659
v 44.4882 5.8377 5.9659
v 45.2756 6.0065 5.9659
v 46.0630 6.1985 5.9659
v 46.8504 6.3555 5.9659
v 47.6378 6.4701 5.9659
v 48.4252 6.5490 5.9659
v 49.2126 6.5906 5.9659
v 50.0000 6.7176 5.9659
v -50.0000 4.6491 6.7614
v -49.2126 4.5715 6.7614
v -48.4252 4.5275 6.7614
v -47.6378 4.4770 6.7614
v -46.8504 4.4374 6.7614
v -46.0630 4.3632 6.7614
v -45.2756 4.2971 6.7614
v -44.4882 4.2501 6.7614
v -43.7008 4.2053 6.7614
v -42.9134 4.1613 6.7614
v -42.1260 4.1166 6.7614
v -41.3386 4.0107 6.7614
v -40.5512 3.8160 6.7614
v -39.7638 3.6620 6.7614
v -38.9764 3.5888 6.7614
v -38.1890 3.5218 6.7614
v -37.4016 3.4417 6.7614
v -36.6142 3.3785 6.7614
v -35.8268 3.3219 6.7614
v -35.0394 3.2792 6.7614
v -34.2520 3.2436 6.7614
v -33.4646 3.1911 6.7614
v -32.6772 3.1493 6.7614
v -31.8898 3.1151 6.7614
v -31.1024 3.1038 6.7614
v -30.3150 3.1432 6.7614
v -29.5276 3.0909 6.7614
v -28.7402 3.0980 6.7614
v -27.9528 3.1015 6.7614
v -27.1654 3.0983 6.7614
v -26.3780 3.0880 6.7614
v -25.5906 3.0647 6.7614
v -24.8031 3.0238 6.7614
v -24.0157 2.9825 6.7614
v -23.2283 2.9731 6.7614
v -22.4409 2.9604 6.7614
v -21.6535 2.9146 6.7614
v -20.8661 2.8924 6.7614
v -20.0787 2.8750 6.7614
v -19.2913 2.8515 6.7614
v -18.5039 2.8421 6.7614
v -17.7165 2.8273 6.7614
v -16.9291 2.8026 6.7614
v -16.1417 2.7554 6.7614
v -15.3543 2.7104 6.7614
v -14.5669 2.6661 6.7614
v -13.7795 2.6391 6.7614
v -12.9921 2.6163 6.7614
v -12.2047 2.5991 6.7614
v -11.4173 2.5990 6.7614
v -10.6299 2.5744 6.7614
v -9.8425 2.5390 6.7614
v -9.0551 2.4843 6.7614
v -8.2677 2.4184 6.7614
v -7.4803 2.3705 6.7614
v -6.6929 2.3263 6.7614
v -5.9055 2.2710 6.7614
v -5.1181 2.2247 6.7614
v -4.3307 2.1832 6.7614
v -3.5433 2.1726 6.7614
v -2.7559 2.1595 6.7614
v -1.9685 2.1619 6.7614
v -1.1811 2.1919 6.7614
v -0.3937 2.1713 6.7614
v 0.3937 2.1343 6.7614
v 1.1811 2.4440 6.7614
v 1.9685 2.6445 6.7614
v 2.7559 2.7234 6.7614
v 3.5433 2.8160 6.7614
v 4.3307 2.9372 6.7614
v 5.1181 3.0818 6.7614
v 5.9055 3.2293 6.7614
v 6.6929 3.3343 6.7614
v 7.4803 3.4343 6.7614
v 8.2677 3.5508 6.7614
v 9.0551 3.6835 6.7614
v 9.8425 3.8080 6.7614
v 10.6299 3.9057 6.7614
v 11.4173 3.9757 6.7614
v 12.2047 3.8957 6.7614
v 12.9921 3.9885 6.7614
v 13.7795 4.1186 6.7614
v 14.5669 4.1909 6.7614
v 15.3543 4.2240 6.7614
v 16.1417 4.2597 6.7614
v 16.9291 4.2906 6.7614
v 17.7165 4.3057 6.7614
v 18.5039 4.3224 6.7614
v 19.2913 4.3403 6.7614
v 20.0787 4.3121 6.7614
v 20.8661 4.2900 6.7614
v 21.6535 4.2821 6.7614
v 22.4409 4.3780 6.7614
v 23.2283 4.4623 6.7614
v 24.0157 4.5525 6.7614
v 24.8031 4.6587 6.7614
v 25.5906 4.7441 6.7614
v 26.3780 4.8314 6.7614
v 27.1654 4.9027 6.7614
v 27.9528 4.9207 6.7614
v 28.7402 4.9270 6.7614
v 29.5276 4.9197 6.7614
v 30.3150 4.9375 6.7614
v 31.1024 4.9304 6.7614
v 31.8898 4.9034 6.7614
v 32.6772 4.9372 6.7614
v 33.4646 4.9829 6.7614
v 34.2520 5.0356 6.7614
v 35.0394 5.0602 6.7614
v 35.8268 5.0650 6.7614
v 36.6142 5.1106 6.7614
v 37.4016 5.1205 6.7614
v 38.1890 5.1324 6.7614
v 38.9764 5.1567 6.7614
v 39.7638 5.2187 6.7614
v 40.5512 5.2929 6.7614
v 41.3386 5.3327 6.7614
v 42.1260 5.4808 6.7614
v 42.9134 5.6564 6.7614
v 43.7008 5.8535 6.7614
v 44.4882 6.0438 6.7614
v 45.2756 6.1992 6.7614
v 46.0630 6.3928 6.7614
v 46.8504 6.5678 6.7614
v 47.6378 6.6925 6.7614
v 48.4252 6.7871 6.7614
v 49.2126 6.8391 6.7614
v 50.0000 6.9347 6.7614
v -50.0000 4.8285 7.5568
v -49.2126 4.7528 7.5568
v -48.4252 4.6942 7.5568
v -47.6378 4.6376 7.5568
v -46.8504 4.5753 7.5568
v -46.0630 4.4907 7.5568
v -45.2756 4.4192 7.5568
v -44.4882 4.3721 7.5568
v -43.7008 4.3173 7.5568
v -42.9134 4.2918 7.5568
v -42.1260 4.2553 7.5568
v -41.3386 4.1601 7.5568
v -40.5512 3.9773 7.5568
v -39.7638 3.8201 7.5568
v -38.9764 3.7401 7.5568
v -38.1890 3.6794 7.5568
v -37.4016 3.6130 7.5568
v -36.6142 3.5395 7.5568
v -35.8268 3.4848 7.5568
v -35.0394 3.4468 7.5568
v -34.2520 3.4078 7.5568
v -33.4646 3.3597 7.5568
v -32.6772 3.3243 7.5568
v -31.8898 3.3214 7.5568
v -31.1024 3.3337 7.5568
v -30.3150 3.3749 7.5568
v -29.5276 3.3497 7.5568
v -28.7402 3.3478 7.5568
v -27.9528 3.3256 7.5568
v -27.1654 3.3175 7.5568
v -26.3780 3.2984 7.5568
v -25.5906 3.2567 7.5568
v -24.8031 3.2076 7.5568
v -24.0157 3.1629 7.5568
v -23.2283 3.1562 7.5568
v -22.4409 3.1517 7.5568
v -21.6535 3.1330 7.5568
v -20.8661 3.1236 7.5568
v -20.0787 3.0887 7.5568
v -19.2913 3.0679 7.5568
v -18.5039 3.0546 7.5568
v -17.7165 3.0314 7.5568
v -16.9291 2.9923 7.5568
v -16.1417 2.9457 7.5568
v -15.3543 2.9012 7.5568
v -14.5669 2.8565 7.5568
v -13.7795 2.8186 7.5568
v -12.9921 2.7999 7.5568
v -12.2047 2.7845 7.5568
v -11.4173 2.7909 7.5568
v -10.6299 2.7716 7.5568
v -9.8425 2.7340 7.5568
v -9.0551 2.6871 7.5568
v -8.2677 2.6242 7.5568
v -7.4803 2.5696 7.5568
v -6.6929 2.5116 7.5568
v -5.9055 2.4460 7.5568
v -5.1181 2.3979 7.5568
v -4.3307 2.3670 7.5568
v -3.5433 2.3410 7.5568
v -2.7559 2.3224 7.5568
v -1.9685 2.3344 7.5568
v -1.1811 2.3757 7.5568
v -0.3937 2.3612 7.5568
v 0.3937 2.3360 7.5568
v 1.1811 2.6431 7.5568
v 1.9685 2.8198 7.5568
v 2.7559 2.9002 7.5568
v 3.5433 3.0017 7.5568
v 4.3307 3.1134 7.5568
v 5.1181 3.2576 7.5568
v 5.9055 3.4137 7.5568
v 6.6929 3.5102 7.5568
v 7.4803 3.6121 7.5568
v 8.2677 3.7414 7.5568
v 9.0551 3.8761 7.5568
v 9.8425 4.0193 7.5568
v 10.6299 4.1249 7.5568
v 11.4173 4.1908 7.5568
v 12.2047 4.1382 7.5568
v 12.9921 4.2102 7.5568
v 13.7795 4.3087 7.5568
v 14.5669 4.3654 7.5568
v 15.3543 4.4287 7.5568
v 16.1417 4.4614 7.5568
v 16.9291 4.4868 7.5568
v 17.7165 4.5015 7.5568
v 18.5039 4.5205 7.5568
v 19.2913 4.5466 7.5568
v 20.0787 4.5311 7.5568
v 20.8661 4.5223 7.5568
v 21.6535 4.4931 7.5568
v 22.4409 4.5792 7.5568
v 23.2283 4.6568 7.5568
v 24.0157 4.7477 7.5568
v 24.8031 4.8529 7.5568
v 25.5906 4.9509 7.5568
v 26.3780 5.0311 7.5568
v 27.1654 5.1113 7.5568
v 27.9528 5.1194 7.5568
v 28.7402 5.1335 7.5568
v 29.5276 5.1469 7.5568
v 30.3150 5.1601 7.5568
v 31.1024 5.1280 7.5568
v 31.8898 5.1001 7.5568
v 32.6772 5.1270 7.5568
v 33.4646 5.1825 7.5568
v 34.2520 5.2343 7.5568
v 35.0394 5.2719 7.5568
v 35.8268 5.2803 7.5568
v 36.6142 5.3161 7.5568
v 37.4016 5.3105 7.5568
v 38.1890 5.3293 7.5568
v 38.9764 5.3864 7.5568
v 39.7638 5.4480 7.5568
v 40.5512 5.5274 7.5568
v 41.3386 5.5722 7.5568
v 42.1260 5.7012 7.5568
v 42.9134 5.8704 7.5568
v 43.7008 6.0567 7.5568
v 44.4882 6.2300 7.5568
v 45.2756 6.3962 7.5568
v 46.0630 6.5833 7.5568
v 46.8504 6.7505 7.5568
v 47.6378 6.8865 7.5568
v 48.4252 7.0201 7.5568
v 49.2126 7.1006 7.5568
v 50.0000 7.2155 7.5568
v -50.0000 5.1765 8.3523
v -49.2126 5.0935 8.3523
v -48.4252 5.0220 8.3523
v -47.6378 4.9427 8.3523
v -46.8504 4.8739 8.3523
v -46.0630 4.7803 8.3523
v -45.2756 4.6897 8.3523
v -44.4882 4.6148 8.3523
v -43.7008 4.5472 8.3523
v -42.9134 4.4937 8.3523
v -42.1260 4.4596 8.3523
v -41.3386 4.3766 8.3523
v -40.5512 4.2452 8.3523
v -39.7638 4.0968 8.3523
v -38.9764 4.0055 8.3523
v -38.1890 3.9349 8.3523
v -37.4016 3.8770 8.3523
v -36.6142 3.8205 8.3523
v -35.8268 3.7712 8.3523
v -35.0394 3.7507 8.3523
v -34.2520 3.7050 8.3523
v -33.4646 3.6470 8.3523
v -32.6772 3.6138 8.3523
v -31.8898 3.6054 8.3523
v -31.1024 3.6107 8.3523
v -30.3150 3.6564 8.3523
v -29.5276 3.6429 8.3523
v -28.7402 3.6325 8.3523
v -27.9528 3.6043 8.3523
v -27.1654 3.5836 8.3523
v -26.3780 3.5715 8.3523
v -25.5906 3.5484 8.3523
v -24.8031 3.4830 8.3523
v -24.0157 3.4227 8.3523
v -23.2283 3.3979 8.3523
v -22.4409 3.3867 8.3523
v -21.6535 3.3650 8.3523
v -20.8661 3.3693 8.3523
v -20.0787 3.3462 8.3523
v -19.2913 3.3237 8.3523
v -18.5039 3.3056 8.3523
v -17.7165 3.2978 8.3523
v -16.9291 3.2803 8.3523
v -16.1417 3.2422 8.3523
v -15.3543 3.2020 8.3523
v -14.5669 3.1523 8.3523
v -13.7795 3.1133 8.3523
v -12.9921 3.0910 8.3523
v -12.2047 3.0647 8.3523
v -11.4173 3.0614 8.3523
v -10.6299 3.0454 8.3523
v -9.8425 3.0281 8.3523
v -9.0551 2.9771 8.3523
v -8.2677 2.9191 8.3523
v -7.4803 2.8813 8.3523
v -6.6929 2.8359 8.3523
v -5.9055 2.7731 8.3523
v -5.1181 2.7113 8.3523
v -4.3307 2.6494 8.3523
v -3.5433 2.5912 8.3523
v -2.7559 2.5650 8.3523
v -1.9685 2.5805 8.3523
v -1.1811 2.6189 8.3523
v -0.3937 2.6020 8.3523
v 0.3937 2.6059 8.3523
v 1.1811 2.9082 8.3523
v 1.9685 3.1161 8.3523
v 2.7559 3.1996 8.3523
v 3.5433 3.2991 8.3523
v 4.3307 3.4102 8.3523
v 5.1181 3.5690 8.3523
v 5.9055 3.7018 8.3523
v 6.6929 3.7924 8.3523
v 7.4803 3.9064 8.3523
v 8.2677 4.0352 8.3523
v 9.0551 4.1594 8.3523
v 9.8425 4.2867 8.3523
v 10.6299 4.4048 8.3523
v 11.4173 4.4729 8.3523
v 12.2047 4.4397 8.3523
v 12.9921 4.5008 8.3523
v 13.7795 4.5803 8.3523
v 14.5669 4.6645 8.3523
v 15.3543 4.7450 8.3523
v 16.1417 4.7657 8.3523
v 16.9291 4.7860 8.3523
v 17.7165 4.7965 8.3523
v 18.5039 4.8088 8.3523
v 19.2913 4.8321 8.3523
v 20.0787 4.8240 8.3523
v 20.8661 4.8154 8.3523
v 21.6535 4.8045 8.3523
v 22.4409 4.8834 8.3523
v 23.2283 4.9468 8.3523
v 24.0157 5.0385 8.3523
v 24.8031 5.1434 8.3523
v 25.5906 5.2394 8.3523
v 26.3780 5.3227 8.3523
v 27.1654 5.4047 8.3523
v 27.9528 5.4136 8.3523
v 28.7402 5.4322 8.3523
v 29.5276 5.4401 8.3523
v 30.3150 5.4428 8.3523
v 31.1024 5.4066 8.3523
v 31.8898 5.3977 8.3523
v 32.6772 5.4351 8.3523
v 33.4646 5.4842 8.3523
v 34.2520 5.5392 8.3523
v 35.0394 5.5805 8.3523
v 35.8268 5.6058 8.3523
v 36.6142 5.6473 8.3523
v 37.4016 5.6540 8.3523
v 38.1890 5.6619 8.3523
v 38.9764 5.7142 8.3523
v 39.7638 5.7992 8.3523
v 40.5512 5.8780 8.3523
v 41.3386 5.9470 8.3523
v 42.1260 6.0626 8.3523
v 42.9134 6.2140 8.3523
v 43.7008 6.3714 8.3523
v 44.4882 6.5375 8.3523
v 45.2756 6.7177 8.3523
v 46.0630 6.9149 8.3523
v 46.8504 7.0602 8.3523
v 47.6378 7.1839 8.3523
v 48.4252 7.3261 8.3523
v 49.2126 7.4499 8.3523
v 50.0000 7.5935 8.3523
v -50.0000 5.9463 9.1477
v -49.2126 5.8614 9.1477
v -48.4252 5.7812 9.1477
v -47.6378 5.6825 9.1477
v -46.8504 5.5771 9.1477
v -46.0630 5.4803 9.1477
v -45.2756 5.4318 9.1477
v -44.4882 5.3389 9.1477
v -43.7008 5.2228 9.1477
v -42.9134 5.1056 9.1477
v -42.1260 5.0113 9.1477
v -41.3386 4.9196 9.1477
v -40.5512 4.8406 9.1477
v -39.7638 4.7887 9.1477
v -38.9764 4.7359 9.1477
v -38.1890 4.6699 9.1477
v -37.4016 4.5944 9.1477
v -36.6142 4.5059 9.1477
v -35.8268 4.4507 9.1477
v -35.0394 4.4406 9.1477
v -34.2520 4.3846 9.1477
v -33.4646 4.2983 9.1477
v -32.6772 4.2052 9.1477
v -31.8898 4.1333 9.1477
v -31.1024 4.0817 9.1477
v -30.3150 4.0780 9.1477
v -29.5276 4.0348 9.1477
v -28.7402 4.0324 9.1477
v -27.9528 4.0115 9.1477
v -27.1654 3.9988 9.1477
v -26.3780 3.9911 9.1477
v -25.5906 3.9957 9.1477
v -24.8031 3.9511 9.1477
v -24.0157 3.8673 9.1477
v -23.2283 3.8144 9.1477
v -22.4409 3.7733 9.1477
v -21.6535 3.7409 9.1477
v -20.8661 3.7340 9.1477
v -20.0787 3.7172 9.1477
v -19.2913 3.7148 9.1477
v -18.5039 3.7007 9.1477
v -17.7165 3.7098 9.1477
v -16.9291 3.7035 9.1477
v -16.1417 3.6941 9.1477
v -15.3543 3.6675 9.1477
v -14.5669 3.6190 9.1477
v -13.7795 3.5702 9.1477
v -12.9921 3.5467 9.1477
v -12.2047 3.5207 9.1477
v -11.4173 3.5053 9.1477
v -10.6299 3.4713 9.1477
v -9.8425 3.4613 9.1477
v -9.0551 3.4331 9.1477
v -8.2677 3.3937 9.1477
v -7.4803 3.3782 9.1477
v -6.6929 3.3430 9.1477
v -5.9055 3.2704 9.1477
v -5.1181 3.2125 9.1477
v -4.3307 3.1404 9.1477
v -3.5433 3.0577 9.1477
v -2.7559 3.0056 9.1477
v -1.9685 2.9958 9.1477
v -1.1811 3.0171 9.1477
v -0.3937 2.9799 9.1477
v 0.3937 2.9748 9.1477
v 1.1811 3.3209 9.1477
v 1.9685 3.6004 9.1477
v 2.7559 3.7297 9.1477
v 3.5433 3.8648 9.1477
v 4.3307 3.9907 9.1477
v 5.1181 4.1595 9.1477
v 5.9055 4.2898 9.1477
v 6.6929 4.3678 9.1477
v 7.4803 4.4430 9.1477
v 8.2677 4.5506 9.1477
v 9.0551 4.6877 9.1477
v 9.8425 4.8248 9.1477
v 10.6299 4.9377 9.1477
v 11.4173 4.9990 9.1477
v 12.2047 5.0213 9.1477
v 12.9921 5.1122 9.1477
v 13.7795 5.1892 9.1477
v 14.5669 5.2701 9.1477
v 15.3543 5.3262 9.1477
v 16.1417 5.3173 9.1477
v 16.9291 5.3165 9.1477
v 17.7165 5.3473 9.1477
v 18.5039 5.3824 9.1477
v 19.2913 5.3836 9.1477
v 20.0787 5.3669 9.1477
v 20.8661 5.3277 9.1477
v 21.6535 5.2992 9.1477
v 22.4409 5.3727 9.1477
v 23.2283 5.4161 9.1477
v 24.0157 5.4928 9.1477
v 24.8031 5.6008 9.1477
v 25.5906 5.6614 9.1477
v 26.3780 5.7230 9.1477
v 27.1654 5.8039 9.1477
v 27.9528 5.8299 9.1477
v 28.7402 5.8385 9.1477
v 29.5276 5.8189 9.1477
v 30.3150 5.8363 9.1477
v 31.1024 5.8332 9.1477
v 31.8898 5.8420 9.1477
v 32.6772 5.8843 9.1477
v 33.4646 5.9324 9.1477
v 34.2520 5.9812 9.1477
v 35.0394 6.0245 9.1477
v 35.8268 6.0459 9.1477
v 36.6142 6.0973 9.1477
v 37.4016 6.1543 9.1477
v 38.1890 6.1820 9.1477
v 38.9764 6.2161 9.1477
v 39.7638 6.3117 9.1477
v 40.5512 6.3936 9.1477
v 41.3386 6.4953 9.1477
v 42.1260 6.6287 9.1477
v 42.9134 6.7642 9.1477
v 43.7008 6.9123 9.1477
v 44.4882 7.0826 9.1477
v 45.2756 7.2331 9.1477
v 46.0630 7.4109 9.1477
v 46.8504 7.5780 9.1477
v 47.6378 7.7198 9.1477
v 48.4252 7.8380 9.1477
v 49.2126 7.9677 9.1477
v 50.0000 8.1245 9.1477
v -50.0000 6.3586 9.9432
v -49.2126 6.3353 9.9432
v -48.4252 6.2845 9.9432
v -47.6378 6.2163 9.9432
v -46.8504 6.1366 9.9432
v -46.0630 6.0836 9.9432
v -45.2756 6.0022 9.9432
v -44.4882 5.9214 9.9432
v -43.7008 5.8142 9.9432
v -42.9134 5.6723 9.9432
v -42.1260 5.5477 9.9432
v -41.3386 5.4282 9.9432
v -40.5512 5.3245 9.9432
v -39.7638 5.2720 9.9432
v -38.9764 5.2314 9.9432
v -38.1890 5.1693 9.9432
v -37.4016 5.0782 9.9432
v -36.6142 5.0089 9.9432
v -35.8268 4.9429 9.9432
v -35.0394 4.9036 9.9432
v -34.2520 4.8214 9.9432
v -33.4646 4.7025 9.9432
v -32.6772 4.6458 9.9432
v -31.8898 4.5998 9.9432
v -31.1024 4.5273 9.9432
v -30.3150 4.5037 9.9432
v -29.5276 4.4526 9.9432
v -28.7402 4.4416 9.9432
v -27.9528 4.4091 9.9432
v -27.1654 4.3906 9.9432
v -26.3780 4.3843 9.9432
v -25.5906 4.3783 9.9432
v -24.8031 4.3259 9.9432
v -24.0157 4.2671 9.9432
v -23.2283 4.2499 9.9432
v -22.4409 4.2001 9.9432
v -21.6535 4.1390 9.9432
v -20.8661 4.1173 9.9432
v -20.0787 4.1220 9.9432
v -19.2913 4.1119 9.9432
v -18.5039 4.0932 9.9432
v -17.7165 4.1014 9.9432
v -16.9291 4.1084 9.9432
v -16.1417 4.0984 9.9432
v -15.3543 4.0469 9.9432
v -14.5669 4.0006 9.9432
v -13.7795 3.9664 9.9432
v -12.9921 3.9723 9.9432
v -12.2047 3.9609 9.9432
v -11.4173 3.9352 9.9432
v -10.6299 3.8774 9.9432
v -9.8425 3.8637 9.9432
v -9.0551 3.8365 9.9432
v -8.2677 3.7825 9.9432
v -7.4803 3.7735 9.9432
v -6.6929 3.7350 9.9432
v -5.9055 3.6714 9.9432
v -5.1181 3.6039 9.9432
v -4.3307 3.5445 9.9432
v -3.5433 3.4940 9.9432
v -2.7559 3.4589 9.9432
v -1.9685 3.4395 9.9432
v -1.1811 3.4245 9.9432
v -0.3937 3.3453 9.9432
v 0.3937 3.3041 9.9432
v 1.1811 3.6497 9.9432
v 1.9685 4.0187 9.9432
v 2.7559 4.2223 9.9432
v 3.5433 4.3851 9.9432
v 4.3307 4.5286 9.9432
v 5.1181 4.6706 9.9432
v 5.9055 4.7657 9.9432
v 6.6929 4.8370 9.9432
v 7.4803 4.9317 9.9432
v 8.2677 5.0466 9.9432
v 9.0551 5.1802 9.9432
v 9.8425 5.2900 9.9432
v 10.6299 5.3997 9.9432
v 11.4173 5.4929 9.9432
v 12.2047 5.5346 9.9432
v 12.9921 5.6551 9.9432
v 13.7795 5.7353 9.9432
v 14.5669 5.7705 9.9432
v 15.3543 5.7886 9.9432
v 16.1417 5.7656 9.9432
v 16.9291 5.7576 9.9432
v 17.7165 5.7633 9.9432
v 18.5039 5.7902 9.9432
v 19.2913 5.7990 9.9432
v 20.0787 5.7878 9.9432
v 20.8661 5.7473 9.9432
v 21.6535 5.7212 9.9432
v 22.4409 5.7918 9.9432
v 23.2283 5.8332 9.9432
v 24.0157 5.9035 9.9432
v 24.8031 5.9974 9.9432
v 25.5906 6.0537 9.9432
v 26.3780 6.1014 9.9432
v 27.1654 6.1612 9.9432
v 27.9528 6.1965 9.9432
v 28.7402 6.1923 9.9432
v 29.5276 6.1784 9.9432
v 30.3150 6.2121 9.9432
v 31.1024 6.2237 9.9432
v 31.8898 6.2434 9.9432
v 32.6772 6.3032 9.9432
v 33.4646 6.3576 9.9432
v 34.2520 6.3992 9.9432
v 35.0394 6.4302 9.9432
v 35.8268 6.4426 9.9432
v 36.6142 6.4912 9.9432
v 37.4016 6.5476 9.9432
v 38.1890 6.5836 9.9432
v 38.9764 6.6576 9.9432
v 39.7638 6.7563 9.9432
v 40.5512 6.8488 9.9432
v 41.3386 6.9675 9.9432
v 42.1260 7.1312 9.9432
v 42.9134 7.2659 9.9432
v 43.7008 7.4066 9.9432
v 44.4882 7.5611 9.9432
v 45.2756 7.6833 9.9432
v 46.0630 7.8651 9.9432
v 46.8504 8.0392 9.9432
v 47.6378 8.1455 9.9432
v 48.4252 8.2534 9.9432
v 49.2126 8.3820 9.9432
v 50.0000 8.5156 9.9432
v -50.0000 6.7879 10.7386
v -49.2126 6.7687 10.7386
v -48.4252 6.7432 10.7386
v -47.6378 6.6744 10.7386
v -46.8504 6.6482 10.7386
v -46.0630 6.5888 10.7386
v -45.2756 6.4568 10.7386
v -44.4882 6.3808 10.7386
v -43.7008 6.2744 10.7386
v -42.9134 6.1566 10.7386
v -42.1260 6.0349 10.7386
v -41.3386 5.8952 10.7386
v -40.5512 5.7755 10.7386
v -39.7638 5.6972 10.7386
v -38.9764 5.6396 10.7386
v -38.1890 5.5567 10.7386
v -37.4016 5.4481 10.7386
v -36.6142 5.4055 10.7386
v -35.8268 5.3351 10.7386
v -35.0394 5.2898 10.7386
v -34.2520 5.2131 10.7386
v -33.4646 5.1211 10.7386
v -32.6772 5.0806 10.7386
v -31.8898 5.0311 10.7386
v -31.1024 4.9527 10.7386
v -30.3150 4.9200 10.7386
v -29.5276 4.8498 10.7386
v -28.7402 4.8053 10.7386
v -27.9528 4.7659 10.7386
v -27.1654 4.7498 10.7386
v -26.3780 4.7281 10.7386
v -25.5906 4.7178 10.7386
v -24.8031 4.6621 10.7386
v -24.0157 4.6030 10.7386
v -23.2283 4.5971 10.7386
v -22.4409 4.5655 10.7386
v -21.6535 4.5018 10.7386
v -20.8661 4.4727 10.7386
v -20.0787 4.4900 10.7386
v -19.2913 4.4623 10.7386
v -18.5039 4.4319 10.7386
v -17.7165 4.4441 10.7386
v -16.9291 4.4604 10.7386
v -16.1417 4.4501 10.7386
v -15.3543 4.3831 10.7386
v -14.5669 4.3357 10.7386
v -13.7795 4.3197 10.7386
v -12.9921 4.3381 10.7386
v -12.2047 4.3309 10.7386
v -11.4173 4.2991 10.7386
v -10.6299 4.2313 10.7386
v -9.8425 4.2119 10.7386
v -9.0551 4.1781 10.7386
v -8.2677 4.1333 10.7386
v -7.4803 4.1214 10.7386
v -6.6929 4.0950 10.7386
v -5.9055 4.0216 10.7386
v -5.1181 3.9420 10.7386
v -4.3307 3.8931 10.7386
v -3.5433 3.8896 10.7386
v -2.7559 3.8690 10.7386
v -1.9685 3.8550 10.7386
v -1.1811 3.8325 10.7386
v -0.3937 3.7282 10.7386
v 0.3937 3.6534 10.7386
v 1.1811 3.9665 10.7386
v 1.9685 4.3938 10.7386
v 2.7559 4.6303 10.7386
v 3.5433 4.7978 10.7386
v 4.3307 4.9272 10.7386
v 5.1181 5.0504 10.7386
v 5.9055 5.1580 10.7386
v 6.6929 5.2471 10.7386
v 7.4803 5.3869 10.7386
v 8.2677 5.5411 10.7386
v 9.0551 5.6825 10.7386
v 9.8425 5.7863 10.7386
v 10.6299 5.8829 10.7386
v 11.4173 5.9499 10.7386
v 12.2047 5.9765 10.7386
v 12.9921 6.0825 10.7386
v 13.7795 6.1485 10.7386
v 14.5669 6.1888 10.7386
v 15.3543 6.2030 10.7386
v 16.1417 6.1853 10.7386
v 16.9291 6.1844 10.7386
v 17.7165 6.1774 10.7386
v 18.5039 6.1901 10.7386
v 19.2913 6.1815 10.7386
v 20.0787 6.1501 10.7386
v 20.8661 6.1263 10.7386
v 21.6535 6.1110 10.7386
v 22.4409 6.1819 10.7386
v 23.2283 6.2310 10.7386
v 24.0157 6.2952 10.7386
v 24.8031 6.3989 10.7386
v 25.5906 6.4783 10.7386
v 26.3780 6.5342 10.7386
v 27.1654 6.5766 10.7386
v 27.9528 6.6019 10.7386
v 28.7402 6.5891 10.7386
v 29.5276 6.5665 10.7386
v 30.3150 6.5821 10.7386
v 31.1024 6.6241 10.7386
v 31.8898 6.6803 10.7386
v 32.6772 6.7294 10.7386
v 33.4646 6.7801 10.7386
v 34.2520 6.8385 10.7386
v 35.0394 6.8775 10.7386
v 35.8268 6.8947 10.7386
v 36.6142 6.9299 10.7386
v 37.4016 6.9816 10.7386
v 38.1890 7.0385 10.7386
v 38.9764 7.1143 10.7386
v 39.7638 7.2094 10.7386
v 40.5512 7.3354 10.7386
v 41.3386 7.4817 10.7386
v 42.1260 7.6486 10.7386
v 42.9134 7.7692 10.7386
v 43.7008 7.9238 10.7386
v 44.4882 8.0844 10.7386
v 45.2756 8.2285 10.7386
v 46.0630 8.3787 10.7386
v 46.8504 8.5294 10.7386
v 47.6378 8.6452 10.7386
v 48.4252 8.7255 10.7386
v 49.2126 8.8145 10.7386
v 50.0000 8.9185 10.7386
v -50.0000 7.2155 11.5341
v -49.2126 7.1873 11.5341
v -48.4252 7.1697 11.5341
v -47.6378 7.1125 11.5341
v -46.8504 7.0525 11.5341
v -46.0630 6.9697 11.5341
v -45.2756 6.8612 11.5341
v -44.4882 6.7906 11.5341
v -43.7008 6.6951 11.5341
v -42.9134 6.6091 11.5341
v -42.1260 6.5068 11.5341
v -41.3386 6.3596 11.5341
v -40.5512 6.2016 11.5341
v -39.7638 6.0735 11.5341
v -38.9764 6.0053 11.5341
v -38.1890 5.9311 11.5341
v -37.4016 5.8273 11.5341
v -36.6142 5.7560 11.5341
v -35.8268 5.6799 11.5341
v -35.0394 5.6362 11.5341
v -34.2520 5.5761 11.5341
v -33.4646 5.5143 11.5341
v -32.6772 5.4863 11.5341
v -31.8898 5.4664 11.5341
v -31.1024 5.3958 11.5341
v -30.3150 5.3630 11.5341
v -29.5276 5.2694 11.5341
v -28.7402 5.1975 11.5341
v -27.9528 5.1441 11.5341
v -27.1654 5.1202 11.5341
v -26.3780 5.1007 11.5341
v -25.5906 5.0742 11.5341
v -24.8031 5.0159 11.5341
v -24.0157 4.9532 11.5341
v -23.2283 4.9515 11.5341
v -22.4409 4.9341 11.5341
v -21.6535 4.8786 11.5341
v -20.8661 4.8510 11.5341
v -20.0787 4.8552 11.5341
v -19.2913 4.8209 11.5341
v -18.5039 4.7908 11.5341
v -17.7165 4.7911 11.5341
v -16.9291 4.8136 11.5341
v -16.1417 4.7933 11.5341
v -15.3543 4.7315 11.5341
v -14.5669 4.7115 11.5341
v -13.7795 4.6945 11.5341
v -12.9921 4.7035 11.5341
v -12.2047 4.6883 11.5341
v -11.4173 4.6609 11.5341
v -10.6299 4.5945 11.5341
v -9.8425 4.5602 11.5341
v -9.0551 4.5290 11.5341
v -8.2677 4.4857 11.5341
v -7.4803 4.4527 11.5341
v -6.6929 4.4343 11.5341
v -5.9055 4.3723 11.5341
v -5.1181 4.2938 11.5341
v -4.3307 4.2816 11.5341
v -3.5433 4.2874 11.5341
v -2.7559 4.2715 11.5341
v -1.9685 4.2520 11.5341
v -1.1811 4.2585 11.5341
v -0.3937 4.1583 11.5341
v 0.3937 4.0360 11.5341
v 1.1811 4.3357 11.5341
v 1.9685 4.7751 11.5341
v 2.7559 5.0263 11.5341
v 3.5433 5.1868 11.5341
v 4.3307 5.2935 11.5341
v 5.1181 5.4332 11.5341
v 5.9055 5.5574 11.5341
v 6.6929 5.6551 11.5341
v 7.4803 5.7889 11.5341
v 8.2677 5.9496 11.5341
v 9.0551 6.1221 11.5341
v 9.8425 6.2346 11.5341
v 10.6299 6.3060 11.5341
v 11.4173 6.3779 11.5341
v 12.2047 6.3755 11.5341
v 12.9921 6.5056 11.5341
v 13.7795 6.5735 11.5341
v 14.5669 6.5925 11.5341
v 15.3543 6.6133 11.5341
v 16.1417 6.5948 11.5341
v 16.9291 6.5850 11.5341
v 17.7165 6.5605 11.5341
v 18.5039 6.5897 11.5341
v 19.2913 6.5809 11.5341
v 20.0787 6.5348 11.5341
v 20.8661 6.5079 11.5341
v 21.6535 6.4583 11.5341
v 22.4409 6.5543 11.5341
v 23.2283 6.6326 11.5341
v 24.0157 6.6891 11.5341
v 24.8031 6.7994 11.5341
v 25.5906 6.8956 11.5341
v 26.3780 6.9659 11.5341
v 27.1654 7.0005 11.5341
v 27.9528 7.0244 11.5341
v 28.7402 7.0260 11.5341
v 29.5276 6.9918 11.5341
v 30.3150 6.9962 11.5341
v 31.1024 7.0293 11.5341
v 31.8898 7.0900 11.5341
v 32.6772 7.1652 11.5341
v 33.4646 7.1965 11.5341
v 34.2520 7.2508 11.5341
v 35.0394 7.3116 11.5341
v 35.8268 7.3429 11.5341
v 36.6142 7.3921 11.5341
v 37.4016 7.4585 11.5341
v 38.1890 7.5221 11.5341
v 38.9764 7.5944 11.5341
v 39.7638 7.6768 11.5341
v 40.5512 7.8006 11.5341
v 41.3386 7.9604 11.5341
v 42.1260 8.1511 11.5341
v 42.9134 8.2856 11.5341
v 43.7008 8.4362 11.5341
v 44.4882 8.6007 11.5341
v 45.2756 8.7517 11.5341
v 46.0630 8.9138 11.5341
v 46.8504 9.0448 11.5341
v 47.6378 9.1687 11.5341
v 48.4252 9.2544 11.5341
v 49.2126 9.3207 11.5341
v 50.0000 9.4493 11.5341
v -50.0000 7.6629 12.3295
v -49.2126 7.6175 12.3295
v -48.4252 7.5742 12.3295
v -47.6378 7.5399 12.3295
v -46.8504 7.4819 12.3295
v -46.0630 7.3784 12.3295
v -45.2756 7.3131 12.3295
v -44.4882 7.2492 12.3295
v -43.7008 7.1389 12.3295
v -42.9134 7.0481 12.3295
v -42.1260 6.9647 12.3295
v -41.3386 6.8071 12.3295
v -40.5512 6.6223 12.3295
v -39.7638 6.4788 12.3295
v -38.9764 6.3945 12.3295
v -38.1890 6.3256 12.3295
v -37.4016 6.2489 12.3295
v -36.6142 6.1620 12.3295
v -35.8268 6.0883 12.3295
v -35.0394 6.0326 12.3295
v -34.2520 5.9768 12.3295
v -33.4646 5.9260 12.3295
v -32.6772 5.9069 12.3295
v -31.8898 5.8996 12.3295
v -31.1024 5.8397 12.3295
v -30.3150 5.8060 12.3295
v -29.5276 5.7075 12.3295
v -28.7402 5.6390 12.3295
v -27.9528 5.5823 12.3295
v -27.1654 5.5594 12.3295
v -26.3780 5.5320 12.3295
v -25.5906 5.5002 12.3295
v -24.8031 5.4249 12.3295
v -24.0157 5.3524 12.3295
v -23.2283 5.3569 12.3295
v -22.4409 5.3420 12.3295
v -21.6535 5.2908 12.3295
v -20.8661 5.2547 12.3295
v -20.0787 5.2375 12.3295
v -19.2913 5.2035 12.3295
v -18.5039 5.1741 12.3295
v -17.7165 5.1789 12.3295
v -16.9291 5.1905 12.3295
v -16.1417 5.1696 12.3295
v -15.3543 5.1308 12.3295
v -14.5669 5.1122 12.3295
v -13.7795 5.0916 12.3295
v -12.9921 5.0975 12.3295
v -12.2047 5.0582 12.3295
v -11.4173 5.0280 12.3295
v -10.6299 4.9838 12.3295
v -9.8425 4.9353 12.3295
v -9.0551 4.8920 12.3295
v -8.2677 4.8513 12.3295
v -7.4803 4.8278 12.3295
v -6.6929 4.8033 12.3295
v -5.9055 4.7461 12.3295
v -5.1181 4.6856 12.3295
v -4.3307 4.6611 12.3295
v -3.5433 4.6458 12.3295
v -2.7559 4.6359 12.3295
v -1.9685 4.6383 12.3295
v -1.1811 4.6521 12.3295
v -0.3937 4.5781 12.3295
v 0.3937 4.4446 12.3295
v 1.1811 4.7817 12.3295
v 1.9685 5.1920 12.3295
v 2.7559 5.4190 12.3295
v 3.5433 5.5756 12.3295
v 4.3307 5.7056 12.3295
v 5.1181 5.8529 12.3295
v 5.9055 5.9801 12.3295
v 6.6929 6.1029 12.3295
v 7.4803 6.2274 12.3295
v 8.2677 6.3639 12.3295
v 9.0551 6.5325 12.3295
v 9.8425 6.6562 12.3295
v 10.6299 6.7259 12.3295
v 11.4173 6.8127 12.3295
v 12.2047 6.7935 12.3295
v 12.9921 6.9257 12.3295
v 13.7795 6.9989 12.3295
v 14.5669 7.0277 12.3295
v 15.3543 7.0446 12.3295
v 16.1417 7.0327 12.3295
v 16.9291 7.0105 12.3295
v 17.7165 6.9680 12.3295
v 18.5039 6.9922 12.3295
v 19.2913 6.9935 12.3295
v 20.0787 6.9635 12.3295
v 20.8661 6.9534 12.3295
v 21.6535 6.8616 12.3295
v 22.4409 6.9611 12.3295
v 23.2283 7.0402 12.3295
v 24.0157 7.1068 12.3295
v 24.8031 7.2113 12.3295
v 25.5906 7.3037 12.3295
v 26.3780 7.3737 12.3295
v 27.1654 7.4075 12.3295
v 27.9528 7.4328 12.3295
v 28.7402 7.4552 12.3295
v 29.5276 7.4375 12.3295
v 30.3150 7.4566 12.3295
v 31.1024 7.4896 12.3295
v 31.8898 7.5433 12.3295
v 32.6772 7.6189 12.3295
v 33.4646 7.6623 12.3295
v 34.2520 7.7186 12.3295
v 35.0394 7.7638 12.3295
v 35.8268 7.7938 12.3295
v 36.6142 7.8345 12.3295
v 37.4016 7.8843 12.3295
v 38.1890 7.9457 12.3295
v 38.9764 8.0347 12.3295
v 39.7638 8.1372 12.3295
v 40.5512 8.2604 12.3295
v 41.3386 8.4191 12.3295
v 42.1260 8.6282 12.3295
v 42.9134 8.8019 12.3295
v 43.7008 8.9661 12.3295
v 44.4882 9.1121 12.3295
v 45.2756 9.2562 12.3295
v 46.0630 9.4100 12.3295
v 46.8504 9.5466 12.3295
v 47.6378 9.6426 12.3295
v 48.4252 9.7303 12.3295
v 49.2126 9.8091 12.3295
v 50.0000 9.9582 12.3295
v -50.0000 8.1063 13.1250
v -49.2126 8.0728 13.1250
v -48.4252 8.0309 13.1250
v -47.6378 7.9974 13.1250
v -46.8504 7.9309 13.1250
v -46.0630 7.8217 13.1250
v -45.2756 7.7591 13.1250
v -44.4882 7.7109 13.1250
v -43.7008 7.5938 13.1250
v -42.9134 7.4971 13.1250
v -42.1260 7.4115 13.1250
v -41.3386 7.2582 13.1250
v -40.5512 7.0614 13.1250
v -39.7638 6.9127 13.1250
v -38.9764 6.8188 13.1250
v -38.1890 6.7511 13.1250
v -37.4016 6.6830 13.1250
v -36.6142 6.5955 13.1250
v -35.8268 6.5277 13.1250
v -35.0394 6.4759 13.1250
v -34.2520 6.4220 13.1250
v -33.4646 6.3719 13.1250
v -32.6772 6.3466 13.1250
v -31.8898 6.3343 13.1250
v -31.1024 6.2823 13.1250
v -30.3150 6.2466 13.1250
v -29.5276 6.1435 13.1250
v -28.7402 6.0699 13.1250
v -27.9528 6.0123 13.1250
v -27.1654 5.9899 13.1250
v -26.3780 5.9751 13.1250
v -25.5906 5.9404 13.1250
v -24.8031 5.8661 13.1250
v -24.0157 5.8096 13.1250
v -23.2283 5.8111 13.1250
v -22.4409 5.7948 13.1250
v -21.6535 5.7427 13.1250
v -20.8661 5.7033 13.1250
v -20.0787 5.6574 13.1250
v -19.2913 5.6166 13.1250
v -18.5039 5.5794 13.1250
v -17.7165 5.5861 13.1250
v -16.9291 5.5969 13.1250
v -16.1417 5.5925 13.1250
v -15.3543 5.5599 13.1250
v -14.5669 5.5205 13.1250
v -13.7795 5.5068 13.1250
v -12.9921 5.5050 13.1250
v -12.2047 5.4681 13.1250
v -11.4173 5.4523 13.1250
v -10.6299 5.3990 13.1250
v -9.8425 5.3294 13.1250
v -9.0551 5.2727 13.1250
v -8.2677 5.2335 13.1250
v -7.4803 5.2157 13.1250
v -6.6929 5.1816 13.1250
v -5.9055 5.1214 13.1250
v -5.1181 5.0734 13.1250
v -4.3307 5.0349 13.1250
v -3.5433 5.0249 13.1250
v -2.7559 5.0207 13.1250
v -1.9685 5.0249 13.1250
v -1.1811 5.0313 13.1250
v -0.3937 4.9692 13.1250
v 0.3937 4.8597 13.1250
v 1.1811 5.2163 13.1250
v 1.9685 5.6200 13.1250
v 2.7559 5.8178 13.1250
v 3.5433 5.9952 13.1250
v 4.3307 6.1643 13.1250
v 5.1181 6.3307 13.1250
v 5.9055 6.4470 13.1250
v 6.6929 6.5487 13.1250
v 7.4803 6.6615 13.1250
v 8.2677 6.7830 13.1250
v 9.0551 6.9300 13.1250
v 9.8425 7.0513 13.1250
v 10.6299 7.1374 13.1250
v 11.4173 7.2258 13.1250
v 12.2047 7.2334 13.1250
v 12.9921 7.3426 13.1250
v 13.7795 7.4281 13.1250
v 14.5669 7.4905 13.1250
v 15.3543 7.5401 13.1250
v 16.1417 7.5409 13.1250
v 16.9291 7.5163 13.1250
v 17.7165 7.4665 13.1250
v 18.5039 7.4400 13.1250
v 19.2913 7.4328 13.1250
v 20.0787 7.4272 13.1250
v 20.8661 7.4231 13.1250
v 21.6535 7.3369 13.1250
v 22.4409 7.3967 13.1250
v 23.2283 7.4809 13.1250
v 24.0157 7.5607 13.1250
v 24.8031 7.6607 13.1250
v 25.5906 7.7478 13.1250
v 26.3780 7.8133 13.1250
v 27.1654 7.8609 13.1250
v 27.9528 7.8612 13.1250
v 28.7402 7.8665 13.1250
v 29.5276 7.8856 13.1250
v 30.3150 7.9279 13.1250
v 31.1024 7.9790 13.1250
v 31.8898 8.0447 13.1250
v 32.6772 8.1197 13.1250
v 33.4646 8.1676 13.1250
v 34.2520 8.2171 13.1250
v 35.0394 8.2460 13.1250
v 35.8268 8.2718 13.1250
v 36.6142 8.3256 13.1250
v 37.4016 8.3384 13.1250
v 38.1890 8.3687 13.1250
v 38.9764 8.4691 13.1250
v 39.7638 8.5951 13.1250
v 40.5512 8.7382 13.1250
v 41.3386 8.9028 13.1250
v 42.1260 9.1252 13.1250
v 42.9134 9.3163 13.1250
v 43.7008 9.4955 13.1250
v 44.4882 9.6281 13.1250
v 45.2756 9.7706 13.1250
v 46.0630 9.9436 13.1250
v 46.8504 10.0810 13.1250
v 47.6378 10.1433 13.1250
v 48.4252 10.2297 13.1250
v 49.2126 10.3238 13.1250
v 50.0000 10.4529 13.1250
v -50.0000 8.5005 13.9205
v -49.2126 8.4848 13.9205
v -48.4252 8.4781 13.9205
v -47.6378 8.4651 13.9205
v -46.8504 8.3902 13.9205
v -46.0630 8.2859 13.9205
v -45.2756 8.2239 13.9205
v -44.4882 8.1663 13.9205
v -43.7008 8.0397 13.9205
v -42.9134 7.9348 13.9205
v -42.1260 7.8385 13.9205
v -41.3386 7.6992 13.9205
v -40.5512 7.4888 13.9205
v -39.7638 7.3367 13.9205
v -38.9764 7.2360 13.9205
v -38.1890 7.1652 13.9205
v -37.4016 7.0996 13.9205
v -36.6142 7.0106 13.9205
v -35.8268 6.9479 13.9205
v -35.0394 6.9225 13.9205
v -34.2520 6.8687 13.9205
v -33.4646 6.8092 13.9205
v -32.6772 6.7682 13.9205
v -31.8898 6.7379 13.9205
v -31.1024 6.6870 13.9205
v -30.3150 6.6641 13.9205
v -29.5276 6.5783 13.9205
v -28.7402 6.5133 13.9205
v -27.9528 6.4562 13.9205
v -27.1654 6.4298 13.9205
v -26.3780 6.4155 13.9205
v -25.5906 6.3816 13.9205
v -24.8031 6.3290 13.9205
v -24.0157 6.2746 13.9205
v -23.2283 6.2560 13.9205
v -22.4409 6.2217 13.9205
v -21.6535 6.1679 13.9205
v -20.8661 6.1233 13.9205
v -20.0787 6.0817 13.9205
v -19.2913 6.0467 13.9205
v -18.5039 6.0117 13.9205
v -17.7165 6.0099 13.9205
v -16.9291 6.0263 13.9205
v -16.1417 6.0293 13.9205
v -15.3543 6.0000 13.9205
v -14.5669 5.9627 13.9205
v -13.7795 5.9458 13.9205
v -12.9921 5.9389 13.9205
v -12.2047 5.8876 13.9205
v -11.4173 5.8583 13.9205
v -10.6299 5.8025 13.9205
v -9.8425 5.7312 13.9205
v -9.0551 5.6713 13.9205
v -8.2677 5.6207 13.9205
v -7.4803 5.6023 13.9205
v -6.6929 5.5571 13.9205
v -5.9055 5.5060 13.9205
v -5.1181 5.4568 13.9205
v -4.3307 5.4129 13.9205
v -3.5433 5.4001 13.9205
v -2.7559 5.3869 13.9205
v -1.9685 5.3862 13.9205
v -1.1811 5.3899 13.9205
v -0.3937 5.3449 13.9205
v 0.3937 5.2661 13.9205
v 1.1811 5.6329 13.9205
v 1.9685 6.0524 13.9205
v 2.7559 6.2288 13.9205
v 3.5433 6.3864 13.9205
v 4.3307 6.5643 13.9205
v 5.1181 6.7453 13.9205
v 5.9055 6.8712 13.9205
v 6.6929 6.9766 13.9205
v 7.4803 7.1061 13.9205
v 8.2677 7.2055 13.9205
v 9.0551 7.3300 13.9205
v 9.8425 7.4556 13.9205
v 10.6299 7.5615 13.9205
v 11.4173 7.6639 13.9205
v 12.2047 7.7017 13.9205
v 12.9921 7.7998 13.9205
v 13.7795 7.8883 13.9205
v 14.5669 7.9578 13.9205
v 15.3543 8.0041 13.9205
v 16.1417 8.0127 13.9205
v 16.9291 8.0049 13.9205
v 17.7165 7.9537 13.9205
v 18.5039 7.9005 13.9205
v 19.2913 7.8821 13.9205
v 20.0787 7.8739 13.9205
v 20.8661 7.8795 13.9205
v 21.6535 7.8212 13.9205
v 22.4409 7.8562 13.9205
v 23.2283 7.9254 13.9205
v 24.0157 8.0122 13.9205
v 24.8031 8.1081 13.9205
v 25.5906 8.1903 13.9205
v 26.3780 8.2662 13.9205
v 27.1654 8.3202 13.9205
v 27.9528 8.3011 13.9205
v 28.7402 8.2978 13.9205
v 29.5276 8.3208 13.9205
v 30.3150 8.3828 13.9205
v 31.1024 8.4529 13.9205
v 31.8898 8.5187 13.9205
v 32.6772 8.5887 13.9205
v 33.4646 8.6242 13.9205
v 34.2520 8.6669 13.9205
v 35.0394 8.6871 13.9205
v 35.8268 8.7117 13.9205
v 36.6142 8.7727 13.9205
v 37.4016 8.7883 13.9205
v 38.1890 8.8115 13.9205
v 38.9764 8.8998 13.9205
v 39.7638 9.0589 13.9205
v 40.5512 9.2229 13.9205
v 41.3386 9.3774 13.9205
v 42.1260 9.5904 13.9205
v 42.9134 9.7866 13.9205
v 43.7008 9.9745 13.9205
v 44.4882 10.1026 13.9205
v 45.2756 10.2338 13.9205
v 46.0630 10.4038 13.9205
v 46.8504 10.5352 13.9205
v 47.6378 10.5929 13.9205
v 48.4252 10.6881 13.9205
v 49.2126 10.7956 13.9205
v 50.0000 10.9079 13.9205
v -50.0000 8.8638 14.7159
v -49.2126 8.8835 14.7159
v -48.4252 8.9057 14.7159
v -47.6378 8.8821 14.7159
v -46.8504 8.8509 14.7159
v -46.0630 8.7709 14.7159
v -45.2756 8.7180 14.7159
v -44.4882 8.6398 14.7159
v -43.7008 8.5050 14.7159
v -42.9134 8.3851 14.7159
v -42.1260 8.2770 14.7159
v -41.3386 8.1397 14.7159
v -40.5512 7.9223 14.7159
v -39.7638 7.7674 14.7159
v -38.9764 7.6580 14.7159
v -38.1890 7.5715 14.7159
v -37.4016 7.5045 14.7159
v -36.6142 7.4341 14.7159
v -35.8268 7.3841 14.7159
v -35.0394 7.3561 14.7159
v -34.2520 7.2991 14.7159
v -33.4646 7.2289 14.7159
v -32.6772 7.1782 14.7159
v -31.8898 7.1417 14.7159
v -31.1024 7.0930 14.7159
v -30.3150 7.0855 14.7159
v -29.5276 7.0040 14.7159
v -28.7402 6.9489 14.7159
v -27.9528 6.9076 14.7159
v -27.1654 6.8818 14.7159
v -26.3780 6.8715 14.7159
v -25.5906 6.8452 14.7159
v -24.8031 6.7874 14.7159
v -24.0157 6.7204 14.7159
v -23.2283 6.6872 14.7159
v -22.4409 6.6616 14.7159
v -21.6535 6.6071 14.7159
v -20.8661 6.5467 14.7159
v -20.0787 6.5217 14.7159
v -19.2913 6.5073 14.7159
v -18.5039 6.4687 14.7159
v -17.7165 6.4652 14.7159
v -16.9291 6.4887 14.7159
v -16.1417 6.4890 14.7159
v -15.3543 6.4514 14.7159
v -14.5669 6.4296 14.7159
v -13.7795 6.4154 14.7159
v -12.9921 6.3806 14.7159
v -12.2047 6.3274 14.7159
v -11.4173 6.2874 14.7159
v -10.6299 6.2168 14.7159
v -9.8425 6.1550 14.7159
v -9.0551 6.0978 14.7159
v -8.2677 6.0339 14.7159
v -7.4803 5.9997 14.7159
v -6.6929 5.9501 14.7159
v -5.9055 5.8984 14.7159
v -5.1181 5.8413 14.7159
v -4.3307 5.7915 14.7159
v -3.5433 5.7728 14.7159
v -2.7559 5.7515 14.7159
v -1.9685 5.7487 14.7159
v -1.1811 5.7573 14.7159
v -0.3937 5.7084 14.7159
v 0.3937 5.6593 14.7159
v 1.1811 6.0080 14.7159
v 1.9685 6.4633 14.7159
v 2.7559 6.6283 14.7159
v 3.5433 6.7796 14.7159
v 4.3307 6.9417 14.7159
v 5.1181 7.1185 14.7159
v 5.9055 7.2576 14.7159
v 6.6929 7.3907 14.7159
v 7.4803 7.5221 14.7159
v 8.2677 7.6381 14.7159
v 9.0551 7.7671 14.7159
v 9.8425 7.9050 14.7159
v 10.6299 8.0226 14.7159
v 11.4173 8.1429 14.7159
v 12.2047 8.2145 14.7159
v 12.9921 8.3180 14.7159
v 13.7795 8.3916 14.7159
v 14.5669 8.4319 14.7159
v 15.3543 8.4777 14.7159
v 16.1417 8.4790 14.7159
v 16.9291 8.4635 14.7159
v 17.7165 8.4223 14.7159
v 18.5039 8.3858 14.7159
v 19.2913 8.3597 14.7159
v 20.0787 8.3317 14.7159
v 20.8661 8.3237 14.7159
v 21.6535 8.2898 14.7159
v 22.4409 8.3383 14.7159
v 23.2283 8.4055 14.7159
v 24.0157 8.4818 14.7159
v 24.8031 8.5684 14.7159
v 25.5906 8.6469 14.7159
v 26.3780 8.7262 14.7159
v 27.1654 8.7803 14.7159
v 27.9528 8.7520 14.7159
v 28.7402 8.7465 14.7159
v 29.5276 8.7859 14.7159
v 30.3150 8.8611 14.7159
v 31.1024 8.9505 14.7159
v 31.8898 9.0232 14.7159
v 32.6772 9.0773 14.7159
v 33.4646 9.1083 14.7159
v 34.2520 9.1434 14.7159
v 35.0394 9.1443 14.7159
v 35.8268 9.1437 14.7159
v 36.6142 9.1968 14.7159
v 37.4016 9.2081 14.7159
v 38.1890 9.2356 14.7159
v 38.9764 9.3366 14.7159
v 39.7638 9.5209 14.7159
v 40.5512 9.6954 14.7159
v 41.3386 9.8686 14.7159
v 42.1260 10.0785 14.7159
v 42.9134 10.2720 14.7159
v 43.7008 10.4508 14.7159
v 44.4882 10.5791 14.7159
v 45.2756 10.6863 14.7159
v 46.0630 10.8476 14.7159
v 46.8504 10.9662 14.7159
v 47.6378 11.0230 14.7159
v 48.4252 11.1310 14.7159
v 49.2126 11.2405 14.7159
v 50.0000 11.3594 14.7159
v -50.0000 9.2613 15.5114
v -49.2126 9.2915 15.5114
v -48.4252 9.3193 15.5114
v -47.6378 9.2983 15.5114
v -46.8504 9.2767 15.5114
v -46.0630 9.2026 15.5114
v -45.2756 9.1507 15.5114
v -44.4882 9.0796 15.5114
v -43.7008 8.9700 15.5114
v -42.9134 8.8475 15.5114
v -42.1260 8.7287 15.5114
v -41.3386 8.5990 15.5114
v -40.5512 8.3638 15.5114
v -39.7638 8.1813 15.5114
v -38.9764 8.0661 15.5114
v -38.1890 7.9765 15.5114
v -37.4016 7.9196 15.5114
v -36.6142 7.8543 15.5114
v -35.8268 7.7942 15.5114
v -35.0394 7.7442 15.5114
v -34.2520 7.6861 15.5114
v -33.4646 7.6199 15.5114
v -32.6772 7.5863 15.5114
v -31.8898 7.5550 15.5114
v -31.1024 7.5044 15.5114
v -30.3150 7.5098 15.5114
v -29.5276 7.4433 15.5114
v -28.7402 7.3977 15.5114
v -27.9528 7.3610 15.5114
v -27.1654 7.3364 15.5114
v -26.3780 7.3241 15.5114
v -25.5906 7.2858 15.5114
v -24.8031 7.2060 15.5114
v -24.0157 7.1320 15.5114
v -23.2283 7.1009 15.5114
v -22.4409 7.0782 15.5114
v -21.6535 7.0299 15.5114
v -20.8661 6.9834 15.5114
v -20.0787 6.9788 15.5114
v -19.2913 6.9750 15.5114
v -18.5039 6.9480 15.5114
v -17.7165 6.9415 15.5114
v -16.9291 6.9604 15.5114
v -16.1417 6.9488 15.5114
v -15.3543 6.8934 15.5114
v -14.5669 6.8638 15.5114
v -13.7795 6.8326 15.5114
v -12.9921 6.8053 15.5114
v -12.2047 6.7468 15.5114
v -11.4173 6.7064 15.5114
v -10.6299 6.6232 15.5114
v -9.8425 6.5661 15.5114
v -9.0551 6.5224 15.5114
v -8.2677 6.4626 15.5114
v -7.4803 6.4169 15.5114
v -6.6929 6.3694 15.5114
v -5.9055 6.3056 15.5114
v -5.1181 6.2279 15.5114
v -4.3307 6.1739 15.5114
v -3.5433 6.1521 15.5114
v -2.7559 6.1391 15.5114
v -1.9685 6.1371 15.5114
v -1.1811 6.1700 15.5114
v -0.3937 6.1374 15.5114
v 0.3937 6.1182 15.5114
v 1.1811 6.4835 15.5114
v 1.9685 6.8853 15.5114
v 2.7559 7.0534 15.5114
v 3.5433 7.1986 15.5114
v 4.3307 7.3544 15.5114
v 5.1181 7.5136 15.5114
v 5.9055 7.6515 15.5114
v 6.6929 7.7894 15.5114
v 7.4803 7.9329 15.5114
v 8.2677 8.0848 15.5114
v 9.0551 8.2367 15.5114
v 9.8425 8.3767 15.5114
v 10.6299 8.5166 15.5114
v 11.4173 8.6475 15.5114
v 12.2047 8.7438 15.5114
v 12.9921 8.8530 15.5114
v 13.7795 8.9179 15.5114
v 14.5669 8.9350 15.5114
v 15.3543 8.9625 15.5114
v 16.1417 8.9662 15.5114
v 16.9291 8.9515 15.5114
v 17.7165 8.9254 15.5114
v 18.5039 8.9001 15.5114
v 19.2913 8.8547 15.5114
v 20.0787 8.8054 15.5114
v 20.8661 8.7773 15.5114
v 21.6535 8.7501 15.5114
v 22.4409 8.7873 15.5114
v 23.2283 8.8427 15.5114
v 24.0157 8.9153 15.5114
v 24.8031 9.0120 15.5114
v 25.5906 9.1168 15.5114
v 26.3780 9.1976 15.5114
v 27.1654 9.2566 15.5114
v 27.9528 9.2584 15.5114
v 28.7402 9.2753 15.5114
v 29.5276 9.3085 15.5114
v 30.3150 9.3769 15.5114
v 31.1024 9.4783 15.5114
v 31.8898 9.5735 15.5114
v 32.6772 9.6272 15.5114
v 33.4646 9.6177 15.5114
v 34.2520 9.5978 15.5114
v 35.0394 9.5890 15.5114
v 35.8268 9.5866 15.5114
v 36.6142 9.6391 15.5114
v 37.4016 9.6731 15.5114
v 38.1890 9.7235 15.5114
v 38.9764 9.8301 15.5114
v 39.7638 9.9942 15.5114
v 40.5512 10.1782 15.5114
v 41.3386 10.3931 15.5114
v 42.1260 10.6247 15.5114
v 42.9134 10.7934 15.5114
v 43.7008 10.9340 15.5114
v 44.4882 11.0458 15.5114
v 45.2756 11.1498 15.5114
v 46.0630 11.2938 15.5114
v 46.8504 11.4024 15.5114
v 47.6378 11.4827 15.5114
v 48.4252 11.5907 15.5114
v 49.2126 11.7042 15.5114
v 50.0000 11.8095 15.5114
v -50.0000 9.7019 16.3068
v -49.2126 9.7128 16.3068
v -48.4252 9.7361 16.3068
v -47.6378 9.7245 16.3068
v -46.8504 9.7203 16.3068
v -46.0630 9.6660 16.3068
v -45.2756 9.5957 16.3068
v -44.4882 9.5239 16.3068
v -43.7008 9.4168 16.3068
v -42.9134 9.2871 16.3068
v -42.1260 9.1676 16.3068
v -41.3386 9.0399 16.3068
v -40.5512 8.7704 16.3068
v -39.7638 8.5731 16.3068
v -38.9764 8.4763 16.3068
v -38.1890 8.4034 16.3068
v -37.4016 8.3461 16.3068
v -36.6142 8.2843 16.3068
v -35.8268 8.2090 16.3068
v -35.0394 8.1323 16.3068
v -34.2520 8.0695 16.3068
v -33.4646 8.0041 16.3068
v -32.6772 7.9681 16.3068
v -31.8898 7.9464 16.3068
v -31.1024 7.9185 16.3068
v -30.3150 7.9455 16.3068
v -29.5276 7.8954 16.3068
v -28.7402 7.8657 16.3068
v -27.9528 7.8491 16.3068
v -27.1654 7.8466 16.3068
v -26.3780 7.8203 16.3068
v -25.5906 7.7508 16.3068
v -24.8031 7.6289 16.3068
v -24.0157 7.5374 16.3068
v -23.2283 7.4985 16.3068
v -22.4409 7.4725 16.3068
v -21.6535 7.4292 16.3068
v -20.8661 7.4332 16.3068
v -20.0787 7.4470 16.3068
v -19.2913 7.4569 16.3068
v -18.5039 7.4363 16.3068
v -17.7165 7.4322 16.3068
v -16.9291 7.4430 16.3068
v -16.1417 7.4221 16.3068
v -15.3543 7.3499 16.3068
v -14.5669 7.2769 16.3068
v -13.7795 7.2282 16.3068
v -12.9921 7.1832 16.3068
v -12.2047 7.1275 16.3068
v -11.4173 7.0648 16.3068
v -10.6299 7.0010 16.3068
v -9.8425 6.9745 16.3068
v -9.0551 6.9375 16.3068
v -8.2677 6.8828 16.3068
v -7.4803 6.8358 16.3068
v -6.6929 6.7818 16.3068
v -5.9055 6.7216 16.3068
v -5.1181 6.6191 16.3068
v -4.3307 6.5571 16.3068
v -3.5433 6.5447 16.3068
v -2.7559 6.5206 16.3068
v -1.9685 6.5325 16.3068
v -1.1811 6.5954 16.3068
v -0.3937 6.5962 16.3068
v 0.3937 6.5945 16.3068
v 1.1811 6.9481 16.3068
v 1.9685 7.2948 16.3068
v 2.7559 7.4471 16.3068
v 3.5433 7.5756 16.3068
v 4.3307 7.7343 16.3068
v 5.1181 7.8945 16.3068
v 5.9055 8.0247 16.3068
v 6.6929 8.1726 16.3068
v 7.4803 8.3441 16.3068
v 8.2677 8.5169 16.3068
v 9.0551 8.7058 16.3068
v 9.8425 8.8596 16.3068
v 10.6299 9.0011 16.3068
v 11.4173 9.1134 16.3068
v 12.2047 9.1923 16.3068
v 12.9921 9.3189 16.3068
v 13.7795 9.3915 16.3068
v 14.5669 9.4186 16.3068
v 15.3543 9.4499 16.3068
v 16.1417 9.4668 16.3068
v 16.9291 9.4481 16.3068
v 17.7165 9.4201 16.3068
v 18.5039 9.4007 16.3068
v 19.2913 9.3442 16.3068
v 20.0787 9.2720 16.3068
v 20.8661 9.2226 16.3068
v 21.6535 9.1767 16.3068
v 22.4409 9.2098 16.3068
v 23.2283 9.2546 16.3068
v 24.0157 9.3209 16.3068
v 24.8031 9.4324 16.3068
v 25.5906 9.5678 16.3068
v 26.3780 9.6628 16.3068
v 27.1654 9.7321 16.3068
v 27.9528 9.7692 16.3068
v 28.7402 9.8016 16.3068
v 29.5276 9.8391 16.3068
v 30.3150 9.9068 16.3068
v 31.1024 9.9958 16.3068
v 31.8898 10.0685 16.3068
v 32.6772 10.1278 16.3068
v 33.4646 10.1344 16.3068
v 34.2520 10.0981 16.3068
v 35.0394 10.0612 16.3068
v 35.8268 10.0572 16.3068
v 36.6142 10.1091 16.3068
v 37.4016 10.1603 16.3068
v 38.1890 10.2373 16.3068
v 38.9764 10.3275 16.3068
v 39.7638 10.4713 16.3068
v 40.5512 10.6486 16.3068
v 41.3386 10.8599 16.3068
v 42.1260 11.0918 16.3068
v 42.9134 11.2884 16.3068
v 43.7008 11.4290 16.3068
v 44.4882 11.5290 16.3068
v 45.2756 11.6462 16.3068
v 46.0630 11.7836 16.3068
v 46.8504 11.8827 16.3068
v 47.6378 11.9697 16.3068
v 48.4252 12.0474 16.3068
v 49.2126 12.1485 16.3068
v 50.0000 12.2735 16.3068
v -50.0000 10.1623 17.1023
v -49.2126 10.1827 17.1023
v -48.4252 10.2213 17.1023
v -47.6378 10.1991 17.1023
v -46.8504 10.1589 17.1023
v -46.0630 10.1006 17.1023
v -45.2756 10.0353 17.1023
v -44.4882 9.9760 17.1023
v -43.7008 9.8744 17.1023
v -42.9134 9.7650 17.1023
v -42.1260 9.6292 17.1023
v -41.3386 9.4816 17.1023
v -40.5512 9.1941 17.1023
v -39.7638 8.9736 17.1023
v -38.9764 8.9023 17.1023
v -38.1890 8.8439 17.1023
v -37.4016 8.7746 17.1023
v -36.6142 8.7035 17.1023
v -35.8268 8.6258 17.1023
v -35.0394 8.5456 17.1023
v -34.2520 8.4704 17.1023
v -33.4646 8.4049 17.1023
v -32.6772 8.3667 17.1023
v -31.8898 8.3358 17.1023
v -31.1024 8.3269 17.1023
v -30.3150 8.3567 17.1023
v -29.5276 8.3444 17.1023
v -28.7402 8.3596 17.1023
v -27.9528 8.3375 17.1023
v -27.1654 8.3292 17.1023
v -26.3780 8.3259 17.1023
v -25.5906 8.2526 17.1023
v -24.8031 8.1198 17.1023
v -24.0157 7.9876 17.1023
v -23.2283 7.9457 17.1023
v -22.4409 7.9242 17.1023
v -21.6535 7.8764 17.1023
v -20.8661 7.8785 17.1023
v -20.0787 7.9027 17.1023
v -19.2913 7.9147 17.1023
v -18.5039 7.9266 17.1023
v -17.7165 7.9122 17.1023
v -16.9291 7.9135 17.1023
v -16.1417 7.8973 17.1023
v -15.3543 7.8312 17.1023
v -14.5669 7.7320 17.1023
v -13.7795 7.6493 17.1023
v -12.9921 7.5903 17.1023
v -12.2047 7.5408 17.1023
v -11.4173 7.4617 17.1023
v -10.6299 7.4005 17.1023
v -9.8425 7.3659 17.1023
v -9.0551 7.3359 17.1023
v -8.2677 7.2890 17.1023
v -7.4803 7.2191 17.1023
v -6.6929 7.1488 17.1023
v -5.9055 7.0775 17.1023
v -5.1181 7.0096 17.1023
v -4.3307 6.9596 17.1023
v -3.5433 6.9350 17.1023
v -2.7559 6.9326 17.1023
v -1.9685 6.9773 17.1023
v -1.1811 7.0486 17.1023
v -0.3937 7.0912 17.1023
v 0.3937 7.1074 17.1023
v 1.1811 7.5098 17.1023
v 1.9685 7.7757 17.1023
v 2.7559 7.8714 17.1023
v 3.5433 7.9703 17.1023
v 4.3307 8.1169 17.1023
v 5.1181 8.2795 17.1023
v 5.9055 8.4145 17.1023
v 6.6929 8.5596 17.1023
v 7.4803 8.7497 17.1023
v 8.2677 8.9427 17.1023
v 9.0551 9.1403 17.1023
v 9.8425 9.3181 17.1023
v 10.6299 9.4733 17.1023
v 11.4173 9.5835 17.1023
v 12.2047 9.6450 17.1023
v 12.9921 9.7662 17.1023
v 13.7795 9.8565 17.1023
v 14.5669 9.9042 17.1023
v 15.3543 9.9453 17.1023
v 16.1417 9.9653 17.1023
v 16.9291 9.9447 17.1023
v 17.7165 9.9274 17.1023
v 18.5039 9.8954 17.1023
v 19.2913 9.8392 17.1023
v 20.0787 9.7768 17.1023
v 20.8661 9.7081 17.1023
v 21.6535 9.6374 17.1023
v 22.4409 9.6725 17.1023
v 23.2283 9.7093 17.1023
v 24.0157 9.7654 17.1023
v 24.8031 9.8761 17.1023
v 25.5906 10.0185 17.1023
v 26.3780 10.1218 17.1023
v 27.1654 10.2095 17.1023
v 27.9528 10.2761 17.1023
v 28.7402 10.3492 17.1023
v 29.5276 10.4011 17.1023
v 30.3150 10.4883 17.1023
v 31.1024 10.5433 17.1023
v 31.8898 10.5890 17.1023
v 32.6772 10.6191 17.1023
v 33.4646 10.6191 17.1023
v 34.2520 10.6155 17.1023
v 35.0394 10.5980 17.1023
v 35.8268 10.5958 17.1023
v 36.6142 10.6493 17.1023
v 37.4016 10.7039 17.1023
v 38.1890 10.7783 17.1023
v 38.9764 10.8810 17.1023
v 39.7638 11.0310 17.1023
v 40.5512 11.1825 17.1023
v 41.3386 11.3484 17.1023
v 42.1260 11.5201 17.1023
v 42.9134 11.6969 17.1023
v 43.7008 11.8624 17.1023
v 44.4882 11.9905 17.1023
v 45.2756 12.1180 17.1023
v 46.0630 12.2605 17.1023
v 46.8504 12.3584 17.1023
v 47.6378 12.4310 17.1023
v 48.4252 12.5037 17.1023
v 49.2126 12.6288 17.1023
v 50.0000 12.8067 17.1023
v -50.0000 10.6524 17.8977
v -49.2126 10.7089 17.8977
v -48.4252 10.7304 17.8977
v -47.6378 10.7029 17.8977
v -46.8504 10.6387 17.8977
v -46.0630 10.5669 17.8977
v -45.2756 10.4841 17.8977
v -44.4882 10.4346 17.8977
v -43.7008 10.3396 17.8977
v -42.9134 10.2496 17.8977
v -42.1260 10.1066 17.8977
v -41.3386 9.9541 17.8977
v -40.5512 9.6387 17.8977
v -39.7638 9.4249 17.8977
v -38.9764 9.3952 17.8977
v -38.1890 9.3602 17.8977
v -37.4016 9.2753 17.8977
v -36.6142 9.1702 17.8977
v -35.8268 9.0730 17.8977
v -35.0394 8.9891 17.8977
v -34.2520 8.9125 17.8977
v -33.4646 8.8248 17.8977
v -32.6772 8.7669 17.8977
v -31.8898 8.7222 17.8977
v -31.1024 8.7486 17.8977
v -30.3150 8.7748 17.8977
v -29.5276 8.7965 17.8977
v -28.7402 8.8406 17.8977
v -27.9528 8.8574 17.8977
v -27.1654 8.8532 17.8977
v -26.3780 8.8230 17.8977
v -25.5906 8.7716 17.8977
v -24.8031 8.6609 17.8977
v -24.0157 8.5478 17.8977
v -23.2283 8.4788 17.8977
v -22.4409 8.4269 17.8977
v -21.6535 8.3601 17.8977
v -20.8661 8.3630 17.8977
v -20.0787 8.3709 17.8977
v -19.2913 8.3823 17.8977
v -18.5039 8.4096 17.8977
v -17.7165 8.4481 17.8977
v -16.9291 8.4614 17.8977
v -16.1417 8.4221 17.8977
v -15.3543 8.3359 17.8977
v -14.5669 8.2279 17.8977
v -13.7795 8.1697 17.8977
v -12.9921 8.0815 17.8977
v -12.2047 7.9826 17.8977
v -11.4173 7.8752 17.8977
v -10.6299 7.8026 17.8977
v -9.8425 7.7840 17.8977
v -9.0551 7.7797 17.8977
v -8.2677 7.7206 17.8977
v -7.4803 7.6418 17.8977
v -6.6929 7.5687 17.8977
v -5.9055 7.4783 17.8977
v -5.1181 7.4185 17.8977
v -4.3307 7.3761 17.8977
v -3.5433 7.3733 17.8977
v -2.7559 7.4080 17.8977
v -1.9685 7.4647 17.8977
v -1.1811 7.5104 17.8977
v -0.3937 7.5739 17.8977
v 0.3937 7.6021 17.8977
v 1.1811 8.0088 17.8977
v 1.9685 8.2484 17.8977
v 2.7559 8.3108 17.8977
v 3.5433 8.3923 17.8977
v 4.3307 8.5502 17.8977
v 5.1181 8.7220 17.8977
v 5.9055 8.8824 17.8977
v 6.6929 9.0504 17.8977
v 7.4803 9.2319 17.8977
v 8.2677 9.4092 17.8977
v 9.0551 9.6175 17.8977
v 9.8425 9.8200 17.8977
v 10.6299 9.9805 17.8977
v 11.4173 10.1190 17.8977
v 12.2047 10.1823 17.8977
v 12.9921 10.2910 17.8977
v 13.7795 10.4067 17.8977
v 14.5669 10.5021 17.8977
v 15.3543 10.5785 17.8977
v 16.1417 10.6033 17.8977
v 16.9291 10.5813 17.8977
v 17.7165 10.5436 17.8977
v 18.5039 10.4963 17.8977
v 19.2913 10.4311 17.8977
v 20.0787 10.3640 17.8977
v 20.8661 10.2828 17.8977
v 21.6535 10.1949 17.8977
v 22.4409 10.2048 17.8977
v 23.2283 10.2248 17.8977
v 24.0157 10.2838 17.8977
v 24.8031 10.4111 17.8977
v 25.5906 10.5486 17.8977
v 26.3780 10.6488 17.8977
v 27.1654 10.7356 17.8977
v 27.9528 10.8104 17.8977
v 28.7402 10.8893 17.8977
v 29.5276 10.9567 17.8977
v 30.3150 11.0447 17.8977
v 31.1024 11.1093 17.8977
v 31.8898 11.1530 17.8977
v 32.6772 11.2132 17.8977
v 33.4646 11.2428 17.8977
v 34.2520 11.2494 17.8977
v 35.0394 11.2738 17.8977
v 35.8268 11.2916 17.8977
v 36.6142 11.3302 17.8977
v 37.4016 11.3709 17.8977
v 38.1890 11.4301 17.8977
v 38.9764 11.5262 17.8977
v 39.7638 11.6625 17.8977
v 40.5512 11.8156 17.8977
v 41.3386 11.9358 17.8977
v 42.1260 12.0092 17.8977
v 42.9134 12.1572 17.8977
v 43.7008 12.3339 17.8977
v 44.4882 12.4729 17.8977
v 45.2756 12.6060 17.8977
v 46.0630 12.7395 17.8977
v 46.8504 12.8446 17.8977
v 47.6378 12.9262 17.8977
v 48.4252 13.0146 17.8977
v 49.2126 13.1462 17.8977
v 50.0000 13.3444 17.8977
v -50.0000 11.5666 18.6932
v -49.2126 11.6344 18.6932
v -48.4252 11.6356 18.6932
v -47.6378 11.5833 18.6932
v -46.8504 11.5595 18.6932
v -46.0630 11.4650 18.6932
v -45.2756 11.3277 18.6932
v -44.4882 11.2309 18.6932
v -43.7008 11.2027 18.6932
v -42.9134 11.1786 18.6932
v -42.1260 11.0654 18.6932
v -41.3386 10.8550 18.6932
v -40.5512 10.5875 18.6932
v -39.7638 10.4801 18.6932
v -38.9764 10.4264 18.6932
v -38.1890 10.2495 18.6932
v -37.4016 10.2797 18.6932
v -36.6142 10.2813 18.6932
v -35.8268 10.1512 18.6932
v -35.0394 10.0122 18.6932
v -34.2520 9.9161 18.6932
v -33.4646 9.8277 18.6932
v -32.6772 9.8389 18.6932
v -31.8898 9.7988 18.6932
v -31.1024 9.7534 18.6932
v -30.3150 9.7191 18.6932
v -29.5276 9.7474 18.6932
v -28.7402 9.7344 18.6932
v -27.9528 9.6758 18.6932
v -27.1654 9.6880 18.6932
v -26.3780 9.8772 18.6932
v -25.5906 9.8597 18.6932
v -24.8031 9.7572 18.6932
v -24.0157 9.5999 18.6932
v -23.2283 9.4884 18.6932
v -22.4409 9.3643 18.6932
v -21.6535 9.2328 18.6932
v -20.8661 9.2477 18.6932
v -20.0787 9.2726 18.6932
v -19.2913 9.3081 18.6932
v -18.5039 9.2855 18.6932
v -17.7165 9.2901 18.6932
v -16.9291 9.5766 18.6932
v -16.1417 9.6600 18.6932
v -15.3543 9.6059 18.6932
v -14.5669 9.5954 18.6932
v -13.7795 9.5006 18.6932
v -12.9921 9.3642 18.6932
v -12.2047 9.2017 18.6932
v -11.4173 9.0896 18.6932
v -10.6299 8.9923 18.6932
v -9.8425 8.8670 18.6932
v -9.0551 8.8873 18.6932
v -8.2677 8.7930 18.6932
v -7.4803 8.6433 18.6932
v -6.6929 8.6818 18.6932
v -5.9055 8.6509 18.6932
v -5.1181 8.5436 18.6932
v -4.3307 8.4036 18.6932
v -3.5433 8.5387 18.6932
v -2.7559 8.5487 18.6932
v -1.9685 8.6138 18.6932
v -1.1811 8.6048 18.6932
v -0.3937 8.6104 18.6932
v 0.3937 8.6022 18.6932
v 1.1811 8.9619 18.6932
v 1.9685 9.1591 18.6932
v 2.7559 9.2571 18.6932
v 3.5433 9.3609 18.6932
v 4.3307 9.4883 18.6932
v 5.1181 9.6213 18.6932
v 5.9055 9.7854 18.6932
v 6.6929 9.9742 18.6932
v 7.4803 10.1400 18.6932
v 8.2677 10.2524 18.6932
v 9.0551 10.5033 18.6932
v 9.8425 10.7850 18.6932
v 10.6299 10.9267 18.6932
v 11.4173 11.0823 18.6932
v 12.2047 11.2375 18.6932
v 12.9921 11.3917 18.6932
v 13.7795 11.4346 18.6932
v 14.5669 11.5918 18.6932
v 15.3543 11.7694 18.6932
v 16.1417 11.7725 18.6932
v 16.9291 11.7413 18.6932
v 17.7165 11.6555 18.6932
v 18.5039 11.5219 18.6932
v 19.2913 11.3798 18.6932
v 20.0787 11.2627 18.6932
v 20.8661 11.2181 18.6932
v 21.6535 11.2008 18.6932
v 22.4409 11.2061 18.6932
v 23.2283 11.2413 18.6932
v 24.0157 11.2910 18.6932
v 24.8031 11.3792 18.6932
v 25.5906 11.5148 18.6932
v 26.3780 11.5990 18.6932
v 27.1654 11.6890 18.6932
v 27.9528 11.7562 18.6932
v 28.7402 11.8143 18.6932
v 29.5276 11.8601 18.6932
v 30.3150 11.9164 18.6932
v 31.1024 11.9932 18.6932
v 31.8898 12.1200 18.6932
v 32.6772 12.2645 18.6932
v 33.4646 12.3003 18.6932
v 34.2520 12.3916 18.6932
v 35.0394 12.4885 18.6932
v 35.8268 12.5552 18.6932
v 36.6142 12.6066 18.6932
v 37.4016 12.7533 18.6932
v 38.1890 12.7612 18.6932
v 38.9764 12.7437 18.6932
v 39.7638 12.8965 18.6932
v 40.5512 13.0951 18.6932
v 41.3386 13.2326 18.6932
v 42.1260 13.3418 18.6932
v 42.9134 13.4163 18.6932
v 43.7008 13.4104 18.6932
v 44.4882 13.4562 18.6932
v 45.2756 13.5160 18.6932
v 46.0630 13.6180 18.6932
v 46.8504 13.7037 18.6932
v 47.6378 13.7692 18.6932
v 48.4252 13.8125 18.6932
v 49.2126 13.9171 18.6932
v 50.0000 14.1311 18.6932
v -50.0000 13.9800 19.4886
v -49.2126 13.9402 19.4886
v -48.4252 13.9809 19.4886
v -47.6378 13.9160 19.4886
v -46.8504 13.8305 19.4886
v -46.0630 13.6790 19.4886
v -45.2756 13.5558 19.4886
v -44.4882 13.5199 19.4886
v -43.7008 13.4882 19.4886
v -42.9134 13.3761 19.4886
v -42.1260 13.2700 19.4886
v -41.3386 13.1846 19.4886
v -40.5512 13.1436 19.4886
v -39.7638 13.1985 19.4886
v -38.9764 13.2897 19.4886
v -38.1890 13.3124 19.4886
v -37.4016 13.1406 19.4886
v -36.6142 13.0869 19.4886
v -35.8268 13.0198 19.4886
v -35.0394 13.0314 19.4886
v -34.2520 12.9941 19.4886
v -33.4646 12.8346 19.4886
v -32.6772 12.7932 19.4886
v -31.8898 12.7701 19.4886
v -31.1024 12.6543 19.4886
v -30.3150 12.5923 19.4886
v -29.5276 12.5843 19.4886
v -28.7402 12.4908 19.4886
v -27.9528 12.4565 19.4886
v -27.1654 12.8796 19.4886
v -26.3780 12.9876 19.4886
v -25.5906 12.9923 19.4886
v -24.8031 12.8887 19.4886
v -24.0157 12.6923 19.4886
v -23.2283 12.3035 19.4886
v -22.4409 12.0292 19.4886
v -21.6535 11.9496 19.4886
v -20.8661 11.9434 19.4886
v -20.0787 12.0625 19.4886
v -19.2913 12.2115 19.4886
v -18.5039 12.4700 19.4886
v -17.7165 12.8917 19.4886
v -16.9291 13.0953 19.4886
v -16.1417 13.4313 19.4886
v -15.3543 13.5450 19.4886
v -14.5669 13.4620 19.4886
v -13.7795 13.1421 19.4886
v -12.9921 12.8516 19.4886
v -12.2047 12.5099 19.4886
v -11.4173 12.3401 19.4886
v -10.6299 12.1739 19.4886
v -9.8425 12.0747 19.4886
v -9.0551 12.0068 19.4886
v -8.2677 11.9250 19.4886
v -7.4803 11.9501 19.4886
v -6.6929 11.9807 19.4886
v -5.9055 11.9960 19.4886
v -5.1181 12.0653 19.4886
v -4.3307 12.0042 19.4886
v -3.5433 11.7909 19.4886
v -2.7559 11.4266 19.4886
v -1.9685 11.0902 19.4886
v -1.1811 11.0194 19.4886
v -0.3937 11.0264 19.4886
v 0.3937 11.0655 19.4886
v 1.1811 11.1168 19.4886
v 1.9685 11.3679 19.4886
v 2.7559 11.6378 19.4886
v 3.5433 11.8854 19.4886
v 4.3307 12.1192 19.4886
v 5.1181 12.3095 19.4886
v 5.9055 12.5529 19.4886
v 6.6929 12.8304 19.4886
v 7.4803 13.0726 19.4886
v 8.2677 13.3137 19.4886
v 9.0551 13.5406 19.4886
v 9.8425 13.6972 19.4886
v 10.6299 13.8063 19.4886
v 11.4173 13.9283 19.4886
v 12.2047 14.0741 19.4886
v 12.9921 14.1828 19.4886
v 13.7795 14.3092 19.4886
v 14.5669 14.2435 19.4886
v 15.3543 14.2383 19.4886
v 16.1417 14.2652 19.4886
v 16.9291 14.2669 19.4886
v 17.7165 14.3085 19.4886
v 18.5039 14.2412 19.4886
v 19.2913 14.1123 19.4886
v 20.0787 13.9407 19.4886
v 20.8661 13.6117 19.4886
v 21.6535 13.4993 19.4886
v 22.4409 13.4155 19.4886
v 23.2283 13.3697 19.4886
v 24.0157 13.4360 19.4886
v 24.8031 13.6144 19.4886
v 25.5906 13.7834 19.4886
v 26.3780 13.8553 19.4886
v 27.1654 13.9153 19.4886
v 27.9528 13.8872 19.4886
v 28.7402 13.8289 19.4886
v 29.5276 13.7196 19.4886
v 30.3150 13.7890 19.4886
v 31.1024 13.9707 19.4886
v 31.8898 14.2001 19.4886
v 32.6772 14.4486 19.4886
v 33.4646 14.8566 19.4886
v 34.2520 15.1255 19.4886
v 35.0394 15.2352 19.4886
v 35.8268 15.3327 19.4886
v 36.6142 15.4647 19.4886
v 37.4016 15.5454 19.4886
v 38.1890 15.5466 19.4886
v 38.9764 15.6669 19.4886
v 39.7638 15.7148 19.4886
v 40.5512 15.6146 19.4886
v 41.3386 15.6313 19.4886
v 42.1260 15.6817 19.4886
v 42.9134 15.7149 19.4886
v 43.7008 15.7559 19.4886
v 44.4882 15.7512 19.4886
v 45.2756 15.6772 19.4886
v 46.0630 15.6964 19.4886
v 46.8504 15.7269 19.4886
v 47.6378 15.6787 19.4886
v 48.4252 15.6892 19.4886
v 49.2126 15.7072 19.4886
v 50.0000 15.8645 19.4886
v -50.0000 15.1574 20.2841
v -49.2126 15.1879 20.2841
v -48.4252 15.2681 20.2841
v -47.6378 15.2771 20.2841
v -46.8504 15.2589 20.2841
v -46.0630 15.1631 20.2841
v -45.2756 15.0389 20.2841
v -44.4882 14.9257 20.2841
v -43.7008 14.7926 20.2841
v -42.9134 14.6700 20.2841
v -42.1260 14.5661 20.2841
v -41.3386 14.5218 20.2841
v -40.5512 14.5210 20.2841
v -39.7638 14.5516 20.2841
v -38.9764 14.6030 20.2841
v -38.1890 14.6820 20.2841
v -37.4016 14.7115 20.2841
v -36.6142 14.7957 20.2841
v -35.8268 14.7907 20.2841
v -35.0394 14.8025 20.2841
v -34.2520 14.8015 20.2841
v -33.4646 14.7480 20.2841
v -32.6772 14.6310 20.2841
v -31.8898 14.4918 20.2841
v -31.1024 14.3638 20.2841
v -30.3150 14.2472 20.2841
v -29.5276 14.1792 20.2841
v -28.7402 14.1347 20.2841
v -27.9528 14.1593 20.2841
v -27.1654 14.2790 20.2841
v -26.3780 14.3515 20.2841
v -25.5906 14.3796 20.2841
v -24.8031 14.3407 20.2841
v -24.0157 14.2750 20.2841
v -23.2283 14.1639 20.2841
v -22.4409 14.0781 20.2841
v -21.6535 14.0342 20.2841
v -20.8661 14.0487 20.2841
v -20.0787 14.1186 20.2841
v -19.2913 14.2183 20.2841
v -18.5039 14.3531 20.2841
v -17.7165 14.5076 20.2841
v -16.9291 14.6626 20.2841
v -16.1417 14.8313 20.2841
v -15.3543 14.8949 20.2841
v -14.5669 14.9118 20.2841
v -13.7795 14.8479 20.2841
v -12.9921 14.7229 20.2841
v -12.2047 14.5521 20.2841
v -11.4173 14.4167 20.2841
v -10.6299 14.2736 20.2841
v -9.8425 14.1593 20.2841
v -9.0551 14.0591 20.2841
v -8.2677 13.9559 20.2841
v -7.4803 13.8341 20.2841
v -6.6929 13.7642 20.2841
v -5.9055 13.6928 20.2841
v -5.1181 13.5555 20.2841
v -4.3307 13.3971 20.2841
v -3.5433 13.2075 20.2841
v -2.7559 12.9603 20.2841
v -1.9685 12.7464 20.2841
v -1.1811 12.6592 20.2841
v -0.3937 12.6684 20.2841
v 0.3937 12.6962 20.2841
v 1.1811 12.7646 20.2841
v 1.9685 12.9354 20.2841
v 2.7559 13.1538 20.2841
v 3.5433 13.4104 20.2841
v 4.3307 13.6811 20.2841
v 5.1181 13.9919 20.2841
v 5.9055 14.3528 20.2841
v 6.6929 14.6880 20.2841
v 7.4803 14.9383 20.2841
v 8.2677 15.1358 20.2841
v 9.0551 15.3274 20.2841
v 9.8425 15.4591 20.2841
v 10.6299 15.5357 20.2841
v 11.4173 15.6110 20.2841
v 12.2047 15.6610 20.2841
v 12.9921 15.6568 20.2841
v 13.7795 15.6426 20.2841
v 14.5669 15.6277 20.2841
v 15.3543 15.6639 20.2841
v 16.1417 15.6901 20.2841
v 16.9291 15.6812 20.2841
v 17.7165 15.6943 20.2841
v 18.5039 15.7025 20.2841
v 19.2913 15.6392 20.2841
v 20.0787 15.4602 20.2841
v 20.8661 15.3151 20.2841
v 21.6535 15.2369 20.2841
v 22.4409 15.1608 20.2841
v 23.2283 15.1252 20.2841
v 24.0157 15.1604 20.2841
v 24.8031 15.2613 20.2841
v 25.5906 15.3205 20.2841
v 26.3780 15.3132 20.2841
v 27.1654 15.3352 20.2841
v 27.9528 15.3609 20.2841
v 28.7402 15.3431 20.2841
v 29.5276 15.3839 20.2841
v 30.3150 15.5489 20.2841
v 31.1024 15.7762 20.2841
v 31.8898 16.0331 20.2841
v 32.6772 16.2878 20.2841
v 33.4646 16.5557 20.2841
v 34.2520 16.7576 20.2841
v 35.0394 16.8553 20.2841
v 35.8268 16.9269 20.2841
v 36.6142 17.0076 20.2841
v 37.4016 17.0391 20.2841
v 38.1890 17.0579 20.2841
v 38.9764 17.1114 20.2841
v 39.7638 17.1047 20.2841
v 40.5512 17.0672 20.2841
v 41.3386 17.0393 20.2841
v 42.1260 17.0543 20.2841
v 42.9134 17.1115 20.2841
v 43.7008 17.1514 20.2841
v 44.4882 17.1901 20.2841
v 45.2756 17.2260 20.2841
v 46.0630 17.2672 20.2841
v 46.8504 17.3090 20.2841
v 47.6378 17.3590 20.2841
v 48.4252 17.3426 20.2841
v 49.2126 17.4021 20.2841
v 50.0000 17.5507 20.2841
v -50.0000 16.3191 21.0795
v -49.2126 16.3967 21.0795
v -48.4252 16.4764 21.0795
v -47.6378 16.5181 21.0795
v -46.8504 16.4828 21.0795
v -46.0630 16.3928 21.0795
v -45.2756 16.2821 21.0795
v -44.4882 16.1608 21.0795
v -43.7008 16.0110 21.0795
v -42.9134 15.8677 21.0795
v -42.1260 15.7872 21.0795
v -41.3386 15.7781 21.0795
v -40.5512 15.8120 21.0795
v -39.7638 15.9028 21.0795
v -38.9764 16.0087 21.0795
v -38.1890 16.0983 21.0795
v -37.4016 16.1484 21.0795
v -36.6142 16.2472 21.0795
v -35.8268 16.3079 21.0795
v -35.0394 16.3447 21.0795
v -34.2520 16.3424 21.0795
v -33.4646 16.2883 21.0795
v -32.6772 16.1808 21.0795
v -31.8898 16.0213 21.0795
v -31.1024 15.8551 21.0795
v -30.3150 15.7081 21.0795
v -29.5276 15.6150 21.0795
v -28.7402 15.5748 21.0795
v -27.9528 15.6296 21.0795
v -27.1654 15.7211 21.0795
v -26.3780 15.8079 21.0795
v -25.5906 15.8575 21.0795
v -24.8031 15.8714 21.0795
v -24.0157 15.8738 21.0795
v -23.2283 15.8468 21.0795
v -22.4409 15.8130 21.0795
v -21.6535 15.7972 21.0795
v -20.8661 15.8087 21.0795
v -20.0787 15.8446 21.0795
v -19.2913 15.8867 21.0795
v -18.5039 15.9475 21.0795
v -17.7165 16.0082 21.0795
v -16.9291 16.0939 21.0795
v -16.1417 16.1928 21.0795
v -15.3543 16.2536 21.0795
v -14.5669 16.2983 21.0795
v -13.7795 16.3152 21.0795
v -12.9921 16.2937 21.0795
v -12.2047 16.2219 21.0795
v -11.4173 16.1237 21.0795
v -10.6299 16.0013 21.0795
v -9.8425 15.8868 21.0795
v -9.0551 15.7581 21.0795
v -8.2677 15.5887 21.0795
v -7.4803 15.4031 21.0795
v -6.6929 15.2390 21.0795
v -5.9055 15.0629 21.0795
v -5.1181 14.8670 21.0795
v -4.3307 14.6760 21.0795
v -3.5433 14.5023 21.0795
v -2.7559 14.3106 21.0795
v -1.9685 14.1619 21.0795
v -1.1811 14.1096 21.0795
v -0.3937 14.1262 21.0795
v 0.3937 14.2064 21.0795
v 1.1811 14.3281 21.0795
v 1.9685 14.4953 21.0795
v 2.7559 14.7023 21.0795
v 3.5433 14.9497 21.0795
v 4.3307 15.2266 21.0795
v 5.1181 15.5347 21.0795
v 5.9055 15.8562 21.0795
v 6.6929 16.1875 21.0795
v 7.4803 16.4723 21.0795
v 8.2677 16.7001 21.0795
v 9.0551 16.8633 21.0795
v 9.8425 16.9590 21.0795
v 10.6299 16.9975 21.0795
v 11.4173 17.0192 21.0795
v 12.2047 17.0335 21.0795
v 12.9921 17.0192 21.0795
v 13.7795 16.9720 21.0795
v 14.5669 16.9177 21.0795
v 15.3543 16.9024 21.0795
v 16.1417 16.8999 21.0795
v 16.9291 16.9053 21.0795
v 17.7165 16.9574 21.0795
v 18.5039 16.9789 21.0795
v 19.2913 16.9558 21.0795
v 20.0787 16.8662 21.0795
v 20.8661 16.7839 21.0795
v 21.6535 16.7158 21.0795
v 22.4409 16.6559 21.0795
v 23.2283 16.6481 21.0795
v 24.0157 16.6868 21.0795
v 24.8031 16.7431 21.0795
v 25.5906 16.7759 21.0795
v 26.3780 16.7713 21.0795
v 27.1654 16.8049 21.0795
v 27.9528 16.8284 21.0795
v 28.7402 16.8462 21.0795
v 29.5276 16.9253 21.0795
v 30.3150 17.0940 21.0795
v 31.1024 17.3193 21.0795
v 31.8898 17.5464 21.0795
v 32.6772 17.7248 21.0795
v 33.4646 17.8428 21.0795
v 34.2520 17.9118 21.0795
v 35.0394 17.9404 21.0795
v 35.8268 17.9535 21.0795
v 36.6142 17.9634 21.0795
v 37.4016 17.9725 21.0795
v 38.1890 17.9742 21.0795
v 38.9764 17.9740 21.0795
v 39.7638 17.9673 21.0795
v 40.5512 17.9550 21.0795
v 41.3386 17.9403 21.0795
v 42.1260 17.9400 21.0795
v 42.9134 17.9552 21.0795
v 43.7008 17.9700 21.0795
v 44.4882 17.9841 21.0795
v 45.2756 17.9918 21.0795
v 46.0630 17.9981 21.0795
v 46.8504 18.0000 21.0795
v 47.6378 18.0000 21.0795
v 48.4252 18.0000 21.0795
v 49.2126 18.0000 21.0795
v 50.0000 18.0000 21.0795
v -50.0000 17.5551 21.8750
v -49.2126 17.5765 21.8750
v -48.4252 17.6286 21.8750
v -47.6378 17.6626 21.8750
v -46.8504 17.6356 21.8750
v -46.0630 17.5744 21.8750
v -45.2756 17.4904 21.8750
v -44.4882 17.3649 21.8750
v -43.7008 17.1815 21.8750
v -42.9134 17.0265 21.8750
v -42.1260 16.9693 21.8750
v -41.3386 16.9892 21.8750
v -40.5512 17.0568 21.8750
v -39.7638 17.1892 21.8750
v -38.9764 17.3353 21.8750
v -38.1890 17.4444 21.8750
v -37.4016 17.5083 21.8750
v -36.6142 17.5864 21.8750
v -35.8268 17.6490 21.8750
v -35.0394 17.6982 21.8750
v -34.2520 17.6987 21.8750
v -33.4646 17.6770 21.8750
v -32.6772 17.6043 21.8750
v -31.8898 17.4681 21.8750
v -31.1024 17.2926 21.8750
v -30.3150 17.1110 21.8750
v -29.5276 16.9575 21.8750
v -28.7402 16.8921 21.8750
v -27.9528 16.9541 21.8750
v -27.1654 17.0631 21.8750
v -26.3780 17.1656 21.8750
v -25.5906 17.2530 21.8750
v -24.8031 17.3315 21.8750
v -24.0157 17.3817 21.8750
v -23.2283 17.3777 21.8750
v -22.4409 17.3566 21.8750
v -21.6535 17.3463 21.8750
v -20.8661 17.3468 21.8750
v -20.0787 17.3446 21.8750
v -19.2913 17.3497 21.8750
v -18.5039 17.3786 21.8750
v -17.7165 17.4135 21.8750
v -16.9291 17.4418 21.8750
v -16.1417 17.4952 21.8750
v -15.3543 17.5635 21.8750
v -14.5669 17.6149 21.8750
v -13.7795 17.6520 21.8750
v -12.9921 17.6655 21.8750
v -12.2047 17.6572 21.8750
v -11.4173 17.5991 21.8750
v -10.6299 17.5000 21.8750
v -9.8425 17.3915 21.8750
v -9.0551 17.2307 21.8750
v -8.2677 17.0210 21.8750
v -7.4803 16.7964 21.8750
v -6.6929 16.5587 21.8750
v -5.9055 16.3289 21.8750
v -5.1181 16.1191 21.8750
v -4.3307 15.9265 21.8750
v -3.5433 15.7431 21.8750
v -2.7559 15.5655 21.8750
v -1.9685 15.4642 21.8750
v -1.1811 15.4589 21.8750
v -0.3937 15.5306 21.8750
v 0.3937 15.6509 21.8750
v 1.1811 15.8146 21.8750
v 1.9685 16.0079 21.8750
v 2.7559 16.2171 21.8750
v 3.5433 16.4433 21.8750
v 4.3307 16.6975 21.8750
v 5.1181 16.9725 21.8750
v 5.9055 17.2754 21.8750
v 6.6929 17.5775 21.8750
v 7.4803 17.7793 21.8750
v 8.2677 17.8883 21.8750
v 9.0551 17.9382 21.8750
v 9.8425 17.9574 21.8750
v 10.6299 17.9612 21.8750
v 11.4173 17.9623 21.8750
v 12.2047 17.9599 21.8750
v 12.9921 17.9495 21.8750
v 13.7795 17.9333 21.8750
v 14.5669 17.9096 21.8750
v 15.3543 17.8917 21.8750
v 16.1417 17.8826 21.8750
v 16.9291 17.8905 21.8750
v 17.7165 17.9163 21.8750
v 18.5039 17.9347 21.8750
v 19.2913 17.9368 21.8750
v 20.0787 17.9261 21.8750
v 20.8661 17.9030 21.8750
v 21.6535 17.8726 21.8750
v 22.4409 17.8556 21.8750
v 23.2283 17.8573 21.8750
v 24.0157 17.8717 21.8750
v 24.8031 17.8921 21.8750
v 25.5906 17.8992 21.8750
v 26.3780 17.9003 21.8750
v 27.1654 17.9134 21.8750
v 27.9528 17.9252 21.8750
v 28.7402 17.9317 21.8750
v 29.5276 17.9571 21.8750
v 30.3150 17.9852 21.8750
v 31.1024 17.9997 21.8750
v 31.8898 18.0000 21.8750
v 32.6772 18.0000 21.8750
v 33.4646 18.0000 21.8750
v 34.2520 18.0000 21.8750
v 35.0394 18.0000 21.8750
v 35.8268 18.0000 21.8750
v 36.6142 18.0000 21.8750
v 37.4016 18.0000 21.8750
v 38.1890 18.0000 21.8750
v 38.9764 18.0000 21.8750
v 39.7638 18.0000 21.8750
v 40.5512 18.0000 21.8750
v 41.3386 18.0000 21.8750
v 42.1260 18.0000 21.8750
v 42.9134 18.0000 21.8750
v 43.7008 18.0000 21.8750
v 44.4882 18.0000 21.8750
v 45.2756 18.0000 21.8750
v 46.0630 18.0000 21.8750
v 46.8504 18.0000 21.8750
v 47.6378 18.0000 21.8750
v 48.4252 18.0000 21.8750
v 49.2126 18.0000 21.8750
v 50.0000 18.0000 21.8750
vt 0.0000 1.0000
vt 0.0079 1.0000
vt 0.0157 1.0000
vt 0.0236 1.0000
vt 0.0315 1.0000
vt 0.0394 1.0000
vt 0.0472 1.0000
vt 0.0551 1.0000
vt 0.0630 1.0000
vt 0.0709 1.0000
vt 0.0787 1.0000
vt 0.0866 1.0000
vt 0.0945 1.0000
vt 0.1024 1.0000
vt 0.1102 1.0000
vt 0.1181 1.0000
vt 0.1260 1.0000
vt 0.1339 1.0000
vt 0.1417 1.0000
vt 0.1496 1.0000
vt 0.1575 1.0000
vt 0.1654 1.0000
vt 0.1732 1.0000
vt 0.1811 1.0000
vt 0.1890 1.0000
vt 0.1969 1.0000
vt 0.2047 1.0000
vt 0.2126 1.0000
vt 0.2205 1.0000
vt 0.2283 1.0000
vt 0.2362 1.0000
vt 0.2441 1.0000
vt 0.2520 1.0000
vt 0.2598 1.0000
vt 0.2677 1.0000
vt 0.2756 1.0000
vt 0.2835 1.0000
vt 0.2913 1.0000
vt 0.2992 1.0000
vt 0.3071 1.0000
vt 0.3150 1.0000
vt 0.3228 1.0000
vt 0.3307 1.0000
vt 0.3386 1.0000
vt 0.3465 1.0000
vt 0.3543 1.0000
vt 0.3622 1.0000
vt 0.3701 1.0000
vt 0.3780 1.0000
vt 0.3858 1.0000
vt 0.3937 1.0000
vt 0.4016 1.0000
vt 0.4094 1.0000
vt 0.4173 1.0000
vt 0.4252 1.0000
vt 0.4331 1.0000
vt 0.4409 1.0000
vt 0.4488 1.0000
vt 0.4567 1.0000
vt 0.4646 1.0000
vt 0.4724 1.0000
vt 0.4803 1.0000
vt 0.4882 1.0000
vt 0.4961 1.0000
vt 0.5039 1.0000
vt 0.5118 1.0000
vt 0.5197 1.0000
vt 0.5276 1.0000
vt 0.5354 1.0000
vt 0.5433 1.0000
vt 0.5512 1.0000
vt 0.5591 1.0000
vt 0.5669 1.0000
vt 0.5748 1.0000
vt 0.5827 1.0000
vt 0.5906 1.0000
vt 0.5984 1.0000
vt 0.6063 1.0000
vt 0.6142 1.0000
vt 0.6220 1.0000
vt 0.6299 1.0000
vt 0.6378 1.0000
vt 0.6457 1.0000
vt 0.6535 1.0000
vt 0.6614 1.0000
vt 0.6693 1.0000
vt 0.6772 1.0000
vt 0.6850 1.0000
vt 0.6929 1.0000
vt 0.7008 1.0000
vt 0.7087 1.0000
vt 0.7165 1.0000
vt 0.7244 1.0000
vt 0.7323 1.0000
vt 0.7402 1.0000
vt 0.7480 1.0000
vt 0.7559 1.0000
vt 0.7638 1.0000
vt 0.7717 1.0000
vt 0.7795 1.0000
vt 0.7874 1.0000
vt 0.7953 1.0000
vt 0.8031 1.0000
vt 0.8110 1.0000
vt 0.8189 1.0000
vt 0.8268 1.0000
vt 0.8346 1.0000
vt 0.8425 1.0000
vt 0.8504 1.0000
vt 0.8583 1.0000
vt 0.8661 1.0000
vt 0.8740 1.0000
vt 0.8819 1.0000
vt 0.8898 1.0000
vt 0.8976 1.0000
vt 0.9055 1.0000
vt 0.9134 1.0000
vt 0.9213 1.0000
vt 0.9291 1.0000
vt 0.9370 1.0000
vt 0.9449 1.0000
vt 0.9528 1.0000
vt 0.9606 1.0000
vt 0.9685 1.0000
vt 0.9764 1.0000
vt 0.9843 1.0000
vt 0.9921 1.0000
vt 1.0000 1.0000
vt 0.0000 0.9818
vt 0.0079 0.9818
vt 0.0157 0.9818
vt 0.0236 0.9818
vt 0.0315 0.9818
vt 0.0394 0.9818
vt 0.0472 0.9818
vt 0.0551 0.9818
vt 0.0630 0.9818
vt 0.0709 0.9818
vt 0.0787 0.9818
vt 0.0866 0.9818
vt 0.0945 0.9818
vt 0.1024 0.9818
vt 0.1102 0.9818
vt 0.1181 0.9818
vt 0.1260 0.9818
vt 0.1339 0.9818
vt 0.1417 0.9818
vt 0.1496 0.9818
vt 0.1575 0.9818
vt 0.1654 0.9818
vt 0.1732 0.9818
vt 0.1811 0.9818
vt 0.1890 0.9818
vt 0.1969 0.9818
vt 0.2047 0.9818
vt 0.2126 0.9818
vt 0.2205 0.9818
vt 0.2283 0.9818
vt 0.2362 0.9818
vt 0.2441 0.9818
vt 0.2520 0.9818
vt 0.2598 0.9818
vt 0.2677 0.9818
vt 0.2756 0.9818
vt 0.2835 0.9818
vt 0.2913 0.9818
vt 0.2992 0.9818
vt 0.3071 0.9818
vt 0.3150 0.9818
vt 0.3228 0.9818
vt 0.3307 0.9818
vt 0.3386 0.9818
vt 0.3465 0.9818
vt 0.3543 0.9818
vt 0.3622 0.9818
vt 0.3701 0.9818
vt 0.3780 0.9818
vt 0.3858 0.9818
vt 0.3937 0.9818
vt 0.4016 0.9818
vt 0.4094 0.9818
vt 0.4173 0.9818
vt 0.4252 0.9818
vt 0.4331 0.9818
vt 0.4409 0.9818
vt 0.4488 0.9818
vt 0.4567 0.9818
vt 0.4646 0.9818
vt 0.4724 0.9818
vt 0.4803 0.9818
vt 0.4882 0.9818
vt 0.4961 0.9818
vt 0.5039 0.9818
vt 0.5118 0.9818
vt 0.5197 0.9818
vt 0.5276 0.9818
vt 0.5354 0.9818
vt 0.5433 0.9818
vt 0.5512 0.9818
vt 0.5591 0.9818
vt 0.5669 0.9818
vt 0.5748 0.9818
vt 0.5827 0.9818
vt 0.5906 0.9818
vt 0.5984 0.9818
vt 0.6063 0.9818
vt 0.6142 0.9818
vt 0.6220 0.9818
vt 0.6299 0.9818
vt 0.6378 0.9818
vt 0.6457 0.9818
vt 0.6535 0.9818
vt 0.6614 0.9818
vt 0.6693 0.9818
vt 0.6772 0.9818
vt 0.6850 0.9818
vt 0.6929 0.9818
vt 0.7008 0.9818
vt 0.7087 0.9818
vt 0.7165 0.9818
vt 0.7244 0.9818
vt 0.7323 0.9818
vt 0.7402 0.9818
vt 0.7480 0.9818
vt 0.7559 0.9818
vt 0.7638 0.9818
vt 0.7717 0.9818
vt 0.7795 0.9818
vt 0.7874 0.9818
vt 0.7953 0.9818
vt 0.8031 0.9818
vt 0.8110 0.9818
vt 0.8189 0.9818
vt 0.8268 0.9818
vt 0.8346 0.9818
vt 0.8425 0.9818
vt 0.8504 0.9818
vt 0.8583 0.9818
vt 0.8661 0.9818
vt 0.8740 0.9818
vt 0.8819 0.9818
vt 0.8898 0.9818
vt 0.8976 0.9818
vt 0.9055 0.9818
vt 0.9134 0.9818
vt 0.9213 0.9818
vt 0.9291 0.9818
vt 0.9370 0.9818
vt 0.9449 0.9818
vt 0.9528 0.9818
vt 0.9606 0.9818
vt 0.9685 0.9818
vt 0.9764 0.9818
vt 0.9843 0.9818
vt 0.9921 0.9818
vt 1.0000 0.9818
vt 0.0000 0.9636
vt 0.0079 0.9636
vt 0.0157 0.9636
vt 0.0236 0.9636
vt 0.0315 0.9636
vt 0.0394 0.9636
vt 0.0472 0.9636
vt 0.0551 0.9636
vt 0.0630 0.9636
vt 0.0709 0.9636
vt 0.0787 0.9636
vt 0.0866 0.9636
vt 0.0945 0.9636
vt 0.1024 0.9636
vt 0.1102 0.9636
vt 0.1181 0.9636
vt 0.1260 0.9636
vt 0.1339 0.9636
vt 0.1417 0.9636
vt 0.1496 0.9636
vt 0.1575 0.9636
vt 0.1654 0.9636
vt 0.1732 0.9636
vt 0.1811 0.9636
vt 0.1890 0.9636
vt 0.1969 0.9636
vt 0.2047 0.9636
vt 0.2126 0.9636
vt 0.2205 0.9636
vt 0.2283 0.9636
vt 0.2362 0.9636
vt 0.2441 0.9636
vt 0.2520 0.9636
vt 0.2598 0.9636
vt 0.2677 0.9636
vt 0.2756 0.9636
vt 0.2835 0.9636
vt 0.2913 0.9636
vt 0.2992 0.9636
vt 0.3071 0.9636
vt 0.3150 0.9636
vt 0.3228 0.9636
vt 0.3307 0.9636
vt 0.3386 0.9636
vt 0.3465 0.9636
vt 0.3543 0.9636
vt 0.3622 0.9636
vt 0.3701 0.9636
vt 0.3780 0.9636
vt 0.3858 0.9636
vt 0.3937 0.9636
vt 0.4016 0.9636
vt 0.4094 0.9636
vt 0.4173 0.9636
vt 0.4252 0.9636
vt 0.4331 0.9636
vt 0.4409 0.9636
vt 0.4488 0.9636
vt 0.4567 0.9636
vt 0.4646 0.9636
vt 0.4724 0.9636
vt 0.4803 0.9636
vt 0.4882 0.9636
vt 0.4961 0.9636
vt 0.5039 0.9636
vt 0.5118 0.9636
vt 0.5197 0.9636
vt 0.5276 0.9636
vt 0.5354 0.9636
vt 0.5433 0.9636
vt 0.5512 0.9636
vt 0.5591 0.9636
vt 0.5669 0.9636
vt 0.5748 0.9636
vt 0.5827 0.9636
vt 0.5906 0.9636
vt 0.5984 0.9636
vt 0.6063 0.9636
vt 0.6142 0.9636
vt 0.6220 0.9636
vt 0.6299 0.9636
vt 0.6378 0.9636
vt 0.6457 0.9636
vt 0.6535 0.9636
vt 0.6614 0.9636
vt 0.6693 0.9636
vt 0.6772 0.9636
vt 0.6850 0.9636
vt 0.6929 0.9636
vt 0.7008 0.9636
vt 0.7087 0.9636
vt 0.7165 0.9636
vt 0.7244 0.9636
vt 0.7323 0.9636
vt 0.7402 0.9636
vt 0.7480 0.9636
vt 0.7559 0.9636
vt 0.7638 0.9636
vt 0.7717 0.9636
vt 0.7795 0.9636
vt 0.7874 0.9636
vt 0.7953 0.9636
vt 0.8031 0.9636
vt 0.8110 0.9636
vt 0.8189 0.9636
vt 0.8268 0.9636
vt 0.8346 0.9636
vt 0.8425 0.9636
vt 0.8504 0.9636
vt 0.8583 0.9636
vt 0.8661 0.9636
vt 0.8740 0.9636
vt 0.8819 0.9636
vt 0.8898 0.9636
vt 0.8976 0.9636
vt 0.9055 0.9636
vt 0.9134 0.9636
vt 0.9213 0.9636
vt 0.9291 0.9636
vt 0.9370 0.9636
vt 0.9449 0.9636
vt 0.9528 0.9636
vt 0.9606 0.9636
vt 0.9685 0.9636
vt 0.9764 0.9636
vt 0.9843 0.9636
vt 0.9921 0.9636
vt 1.0000 0.9636
vt 0.0000 0.9455
vt 0.0079 0.9455
vt 0.0157 0.9455
vt 0.0236 0.9455
vt 0.0315 0.9455
vt 0.0394 0.9455
vt 0.0472 0.9455
vt 0.0551 0.9455
vt 0.0630 0.9455
vt 0.0709 0.9455
vt 0.0787 0.9455
vt 0.0866 0.9455
vt 0.0945 0.9455
vt 0.1024 0.9455
vt 0.1102 0.9455
vt 0.1181 0.9455
vt 0.1260 0.9455
vt 0.1339 0.9455
vt 0.1417 0.9455
vt 0.1496 0.9455
vt 0.1575 0.9455
vt 0.1654 0.9455
vt 0.1732 0.9455
vt 0.1811 0.9455
vt 0.1890 0.9455
vt 0.1969 0.9455
vt 0.2047 0.9455
vt 0.2126 0.9455
vt 0.2205 0.9455
vt 0.2283 0.9455
vt 0.2362 0.9455
vt 0.2441 0.9455
vt 0.2520 0.9455
vt 0.2598 0.9455
vt 0.2677 0.9455
vt 0.2756 0.9455
vt 0.2835 0.9455
vt 0.2913 0.9455
vt 0.2992 0.9455
vt 0.3071 0.9455
vt 0.3150 0.9455
vt 0.3228 0.9455
vt 0.3307 0.9455
vt 0.3386 0.9455
vt 0.3465 0.9455
vt 0.3543 0.9455
vt 0.3622 0.9455
vt 0.3701 0.9455
vt 0.3780 0.9455
vt 0.3858 0.9455
vt 0.3937 0.9455
vt 0.4016 0.9455
vt 0.4094 0.9455
vt 0.4173 0.9455
vt 0.4252 0.9455
vt 0.4331 0.9455
vt 0.4409 0.9455
vt 0.4488 0.9455
vt 0.4567 0.9455
vt 0.4646 0.9455
vt 0.4724 0.9455
vt 0.4803 0.9455
vt 0.4882 0.9455
vt 0.4961 0.9455
vt 0.5039 0.9455
vt 0.5118 0.9455
vt 0.5197 0.9455
vt 0.5276 0.9455
vt 0.5354 0.9455
vt 0.5433 0.9455
vt 0.5512 0.9455
vt 0.5591 0.9455
vt 0.5669 0.9455
vt 0.5748 0.9455
vt 0.5827 0.9455
vt 0.5906 0.9455
vt 0.5984 0.9455
vt 0.6063 0.9455
vt 0.6142 0.9455
vt 0.6220 0.9455
vt 0.6299 0.9455
vt 0.6378 0.9455
vt 0.6457 0.9455
vt 0.6535 0.9455
vt 0.6614 0.9455
vt 0.6693 0.9455
vt 0.6772 0.9455
vt 0.6850 0.9455
vt 0.6929 0.9455
vt 0.7008 0.9455
vt 0.7087 0.9455
vt 0.7165 0.9455
vt 0.7244 0.9455
vt 0.7323 0.9455
vt 0.7402 0.9455
vt 0.7480 0.9455
vt 0.7559 0.9455
vt 0.7638 0.9455
vt 0.7717 0.9455
vt 0.7795 0.9455
vt 0.7874 0.9455
vt 0.7953 0.9455
vt 0.8031 0.9455
vt 0.8110 0.9455
vt 0.8189 0.9455
vt 0.8268 0.9455
vt 0.8346 0.9455
vt 0.8425 0.9455
vt 0.8504 0.9455
vt 0.8583 0.9455
vt 0.8661 0.9455
vt 0.8740 0.9455
vt 0.8819 0.9455
vt 0.8898 0.9455
vt 0.8976 0.9455
vt 0.9055 0.9455
vt 0.9134 0.9455
vt 0.9213 0.9455
vt 0.9291 0.9455
vt 0.9370 0.9455
vt 0.9449 0.9455
vt 0.9528 0.9455
vt 0.9606 0.9455
vt 0.9685 0.9455
vt 0.9764 0.9455
vt 0.9843 0.9455
vt 0.9921 0.9455
vt 1.0000 0.9455
vt 0.0000 0.9273
vt 0.0079 0.9273
vt 0.0157 0.9273
vt 0.0236 0.9273
vt 0.0315 0.9273
vt 0.0394 0.9273
vt 0.0472 0.9273
vt 0.0551 0.9273
vt 0.0630 0.9273
vt 0.0709 0.9273
vt 0.0787 0.9273
vt 0.0866 0.9273
vt 0.0945 0.9273
vt 0.1024 0.9273
vt 0.1102 0.9273
vt 0.1181 0.9273
vt 0.1260 0.9273
vt 0.1339 0.9273
vt 0.1417 0.9273
vt 0.1496 0.9273
vt 0.1575 0.9273
vt 0.1654 0.9273
vt 0.1732 0.9273
vt 0.1811 0.9273
vt 0.1890 0.9273
vt 0.1969 0.9273
vt 0.2047 0.9273
vt 0.2126 0.9273
vt 0.2205 0.9273
vt 0.2283 0.9273
vt 0.2362 0.9273
vt 0.2441 0.9273
vt 0.2520 0.9273
vt 0.2598 0.9273
vt 0.2677 0.9273
vt 0.2756 0.9273
vt 0.2835 0.9273
vt 0.2913 0.9273
vt 0.2992 0.9273
vt 0.3071 0.9273
vt 0.3150 0.9273
vt 0.3228 0.9273
vt 0.3307 0.9273
vt 0.3386 0.9273
vt 0.3465 0.9273
vt 0.3543 0.9273
vt 0.3622 0.9273
vt 0.3701 0.9273
vt 0.3780 0.9273
vt 0.3858 0.9273
vt 0.3937 0.9273
vt 0.4016 0.9273
vt 0.4094 0.9273
vt 0.4173 0.9273
vt 0.4252 0.9273
vt 0.4331 0.9273
vt 0.4409 0.9273
vt 0.4488 0.9273
vt 0.4567 0.9273
vt 0.4646 0.9273
vt 0.4724 0.9273
vt 0.4803 0.9273
vt 0.4882 0.9273
vt 0.4961 0.9273
vt 0.5039 0.9273
vt 0.5118 0.9273
vt 0.5197 0.9273
vt 0.5276 0.9273
vt 0.5354 0.9273
vt 0.5433 0.9273
vt 0.5512 0.9273
vt 0.5591 0.9273
vt 0.5669 0.9273
vt 0.5748 0.9273
vt 0.5827 0.9273
vt 0.5906 0.9273
vt 0.5984 0.9273
vt 0.6063 0.9273
vt 0.6142 0.9273
vt 0.6220 0.9273
vt 0.6299 0.9273
vt 0.6378 0.9273
vt 0.6457 0.9273
vt 0.6535 0.9273
vt 0.6614 0.9273
vt 0.6693 0.9273
vt 0.6772 0.9273
vt 0.6850 0.9273
vt 0.6929 0.9273
vt 0.7008 0.9273
vt 0.7087 0.9273
vt 0.7165 0.9273
vt 0.7244 0.9273
vt 0.7323 0.9273
vt 0.7402 0.9273
vt 0.7480 0.9273
vt 0.7559 0.9273
vt 0.7638 0.9273
vt 0.7717 0.9273
vt 0.7795 0.9273
vt 0.7874 0.9273
vt 0.7953 0.9273
vt 0.8031 0.9273
vt 0.8110 0.9273
vt 0.8189 0.9273
vt 0.8268 0.9273
vt 0.8346 0.9273
vt 0.8425 0.9273
vt 0.8504 0.9273
vt 0.8583 0.9273
vt 0.8661 0.9273
vt 0.8740 0.9273
vt 0.8819 0.9273
vt 0.8898 0.9273
vt 0.8976 0.9273
vt 0.9055 0.9273
vt 0.9134 0.9273
vt 0.9213 0.9273
vt 0.9291 0.9273
vt 0.9370 0.9273
vt 0.9449 0.9273
vt 0.9528 0.9273
vt 0.9606 0.9273
vt 0.9685 0.9273
vt 0.9764 0.9273
vt 0.9843 0.9273
vt 0.9921 0.9273
vt 1.0000 0.9273
vt 0.0000 0.9091
vt 0.0079 0.9091
vt 0.0157 0.9091
vt 0.0236 0.9091
vt 0.0315 0.9091
vt 0.0394 0.9091
vt 0.0472 0.9091
vt 0.0551 0.9091
vt 0.0630 0.9091
vt 0.0709 0.9091
vt 0.0787 0.9091
vt 0.0866 0.9091
vt 0.0945 0.9091
vt 0.1024 0.9091
vt 0.1102 0.9091
vt 0.1181 0.9091
vt 0.1260 0.9091
vt 0.1339 0.9091
vt 0.1417 0.9091
vt 0.1496 0.9091
vt 0.1575 0.9091
vt 0.1654 0.9091
vt 0.1732 0.9091
vt 0.1811 0.9091
vt 0.1890 0.9091
vt 0.1969 0.9091
vt 0.2047 0.9091
vt 0.2126 0.9091
vt 0.2205 0.9091
vt 0.2283 0.9091
vt 0.2362 0.9091
vt 0.2441 0.9091
vt 0.2520 0.9091
vt 0.2598 0.9091
vt 0.2677 0.9091
vt 0.2756 0.9091
vt 0.2835 0.9091
vt 0.2913 0.9091
vt 0.2992 0.9091
vt 0.3071 0.9091
vt 0.3150 0.9091
vt 0.3228 0.9091
vt 0.3307 0.9091
vt 0.3386 0.9091
vt 0.3465 0.9091
vt 0.3543 0.9091
vt 0.3622 0.9091
vt 0.3701 0.9091
vt 0.3780 0.9091
vt 0.3858 0.9091
vt 0.3937 0.9091
vt 0.4016 0.9091
vt 0.4094 0.9091
vt 0.4173 0.9091
vt 0.4252 0.9091
vt 0.4331 0.9091
vt 0.4409 0.9091
vt 0.4488 0.9091
vt 0.4567 0.9091
vt 0.4646 0.9091
vt 0.4724 0.9091
vt 0.4803 0.9091
vt 0.4882 0.9091
vt 0.4961 0.9091
vt 0.5039 0.9091
vt 0.5118 0.9091
vt 0.5197 0.9091
vt 0.5276 0.9091
vt 0.5354 0.9091
vt 0.5433 0.9091
vt 0.5512 0.9091
vt 0.5591 0.9091
vt 0.5669 0.9091
vt 0.5748 0.9091
vt 0.5827 0.9091
vt 0.5906 0.9091
vt 0.5984 0.9091
vt 0.6063 0.9091
vt 0.6142 0.9091
vt 0.6220 0.9091
vt 0.6299 0.9091
vt 0.6378 0.9091
vt 0.6457 0.9091
vt 0.6535 0.9091
vt 0.6614 0.9091
vt 0.6693 0.9091
vt 0.6772 0.9091
vt 0.6850 0.9091
vt 0.6929 0.9091
vt 0.7008 0.9091
vt 0.7087 0.9091
vt 0.7165 0.9091
vt 0.7244 0.9091
vt 0.7323 0.9091
vt 0.7402 0.9091
vt 0.7480 0.9091
vt 0.7559 0.9091
vt 0.7638 0.9091
vt 0.7717 0.9091
vt 0.7795 0.9091
vt 0.7874 0.9091
vt 0.7953 0.9091
vt 0.8031 0.9091
vt 0.8110 0.9091
vt 0.8189 0.9091
vt 0.8268 0.9091
vt 0.8346 0.9091
vt 0.8425 0.9091
vt 0.8504 0.9091
vt 0.8583 0.9091
vt 0.8661 0.9091
vt 0.8740 0.9091
vt 0.8819 0.9091
vt 0.8898 0.9091
vt 0.8976 0.9091
vt 0.9055 0.9091
vt 0.9134 0.9091
vt 0.9213 0.9091
vt 0.9291 0.9091
vt 0.9370 0.9091
vt 0.9449 0.9091
vt 0.9528 0.9091
vt 0.9606 0.9091
vt 0.9685 0.9091
vt 0.9764 0.9091
vt 0.9843 0.9091
vt 0.9921 0.9091
vt 1.0000 0.9091
vt 0.0000 0.8909
vt 0.0079 0.8909
vt 0.0157 0.8909
vt 0.0236 0.8909
vt 0.0315 0.8909
vt 0.0394 0.8909
vt 0.0472 0.8909
vt 0.0551 0.8909
vt 0.0630 0.8909
vt 0.0709 0.8909
vt 0.0787 0.8909
vt 0.0866 0.8909
vt 0.0945 0.8909
vt 0.1024 0.8909
vt 0.1102 0.8909
vt 0.1181 0.8909
vt 0.1260 0.8909
vt 0.1339 0.8909
vt 0.1417 0.8909
vt 0.1496 0.8909
vt 0.1575 0.8909
vt 0.1654 0.8909
vt 0.1732 0.8909
vt 0.1811 0.8909
vt 0.1890 0.8909
vt 0.1969 0.8909
vt 0.2047 0.8909
vt 0.2126 0.8909
vt 0.2205 0.8909
vt 0.2283 0.8909
vt 0.2362 0.8909
vt 0.2441 0.8909
vt 0.2520 0.8909
vt 0.2598 0.8909
vt 0.2677 0.8909
vt 0.2756 0.8909
vt 0.2835 0.8909
vt 0.2913 0.8909
vt 0.2992 0.8909
vt 0.3071 0.8909
vt 0.3150 0.8909
vt 0.3228 0.8909
vt 0.3307 0.8909
vt 0.3386 0.8909
vt 0.3465 0.8909
vt 0.3543 0.8909
vt 0.3622 0.8909
vt 0.3701 0.8909
vt 0.3780 0.8909
vt 0.3858 0.8909
vt 0.3937 0.8909
vt 0.4016 0.8909
vt 0.4094 0.8909
vt 0.4173 0.8909
vt 0.4252 0.8909
vt 0.4331 0.8909
vt 0.4409 0.8909
vt 0.4488 0.8909
vt 0.4567 0.8909
vt 0.4646 0.8909
vt 0.4724 0.8909
vt 0.4803 0.8909
vt 0.4882 0.8909
vt 0.4961 0.8909
vt 0.5039 0.8909
vt 0.5118 0.8909
vt 0.5197 0.8909
vt 0.5276 0.8909
vt 0.5354 0.8909
vt 0.5433 0.8909
vt 0.5512 0.8909
vt 0.5591 0.8909
vt 0.5669 0.8909
vt 0.5748 0.8909
vt 0.5827 0.8909
vt 0.5906 0.8909
vt 0.5984 0.8909
vt 0.6063 0.8909
vt 0.6142 0.8909
vt 0.6220 0.8909
vt 0.6299 0.8909
vt 0.6378 0.8909
vt 0.6457 0.8909
vt 0.6535 0.8909
vt 0.6614 0.8909
vt 0.6693 0.8909
vt 0.6772 0.8909
vt 0.6850 0.8909
vt 0.6929 0.8909
vt 0.7008 0.8909
vt 0.7087 0.8909
vt 0.7165 0.8909
vt 0.7244 0.8909
vt 0.7323 0.8909
vt 0.7402 0.8909
vt 0.7480 0.8909
vt 0.7559 0.8909
vt 0.7638 0.8909
vt 0.7717 0.8909
vt 0.7795 0.8909
vt 0.7874 0.8909
vt 0.7953 0.8909
vt 0.8031 0.8909
vt 0.8110 0.8909
vt 0.8189 0.8909
vt 0.8268 0.8909
vt 0.8346 0.8909
vt 0.8425 0.8909
vt 0.8504 0.8909
vt 0.8583 0.8909
vt 0.8661 0.8909
vt 0.8740 0.8909
vt 0.8819 0.8909
vt 0.8898 0.8909
vt 0.8976 0.8909
vt 0.9055 0.8909
vt 0.9134 0.8909
vt 0.9213 0.8909
vt 0.9291 0.8909
vt 0.9370 0.8909
vt 0.9449 0.8909
vt 0.9528 0.8909
vt 0.9606 0.8909
vt 0.9685 0.8909
vt 0.9764 0.8909
vt 0.9843 0.8909
vt 0.9921 0.8909
vt 1.0000 0.8909
vt 0.0000 0.8727
vt 0.0079 0.8727
vt 0.0157 0.8727
vt 0.0236 0.8727
vt 0.0315 0.8727
vt 0.0394 0.8727
vt 0.0472 0.8727
vt 0.0551 0.8727
vt 0.0630 0.8727
vt 0.0709 0.8727
vt 0.0787 0.8727
vt 0.0866 0.8727
vt 0.0945 0.8727
vt 0.1024 0.8727
vt 0.1102 0.8727
vt 0.1181 0.8727
vt 0.1260 0.8727
vt 0.1339 0.8727
vt 0.1417 0.8727
vt 0.1496 0.8727
vt 0.1575 0.8727
vt 0.1654 0.8727
vt 0.1732 0.8727
vt 0.1811 0.8727
vt 0.1890 0.8727
vt 0.1969 0.8727
vt 0.2047 0.8727
vt 0.2126 0.8727
vt 0.2205 0.8727
vt 0.2283 0.8727
vt 0.2362 0.8727
vt 0.2441 0.8727
vt 0.2520 0.8727
vt 0.2598 0.8727
vt 0.2677 0.8727
vt 0.2756 0.8727
vt 0.2835 0.8727
vt 0.2913 0.8727
vt 0.2992 0.8727
vt 0.3071 0.8727
vt 0.3150 0.8727
vt 0.3228 0.8727
vt 0.3307 0.8727
vt 0.3386 0.8727
vt 0.3465 0.8727
vt 0.3543 0.8727
vt 0.3622 0.8727
vt 0.3701 0.8727
vt 0.3780 0.8727
vt 0.3858 0.8727
vt 0.3937 0.8727
vt 0.4016 0.8727
vt 0.4094 0.8727
vt 0.4173 0.8727
vt 0.4252 0.8727
vt 0.4331 0.8727
vt 0.4409 0.8727
vt 0.4488 0.8727
vt 0.4567 0.8727
vt 0.4646 0.8727
vt 0.4724 0.8727
vt 0.4803 0.8727
vt 0.4882 0.8727
vt 0.4961 0.8727
vt 0.5039 0.8727
vt 0.5118 0.8727
vt 0.5197 0.8727
vt 0.5276 0.8727
vt 0.5354 0.8727
vt 0.5433 0.8727
vt 0.5512 0.8727
vt 0.5591 0.8727
vt 0.5669 0.8727
vt 0.5748 0.8727
vt 0.5827 0.8727
vt 0.5906 0.8727
vt 0.5984 0.8727
vt 0.6063 0.8727
vt 0.6142 0.8727
vt 0.6220 0.8727
vt 0.6299 0.8727
vt 0.6378 0.8727
vt 0.6457 0.8727
vt 0.6535 0.8727
vt 0.6614 0.8727
vt 0.6693 0.8727
vt 0.6772 0.8727
vt 0.6850 0.8727
vt 0.6929 0.8727
vt 0.7008 0.8727
vt 0.7087 0.8727
vt 0.7165 0.8727
vt 0.7244 0.8727
vt 0.7323 0.8727
vt 0.7402 0.8727
vt 0.7480 0.8727
vt 0.7559 0.8727
vt 0.7638 0.8727
vt 0.7717 0.8727
vt 0.7795 0.8727
vt 0.7874 0.8727
vt 0.7953 0.8727
vt 0.8031 0.8727
vt 0.8110 0.8727
vt 0.8189 0.8727
vt 0.8268 0.8727
vt 0.8346 0.8727
vt 0.8425 0.8727
vt 0.8504 0.8727
vt 0.8583 0.8727
vt 0.8661 0.8727
vt 0.8740 0.8727
vt 0.8819 0.8727
vt 0.8898 0.8727
vt 0.8976 0.8727
vt 0.9055 0.8727
vt 0.9134 0.8727
vt 0.9213 0.8727
vt 0.9291 0.8727
vt 0.9370 0.8727
vt 0.9449 0.8727
vt 0.9528 0.8727
vt 0.9606 0.8727
vt 0.9685 0.8727
vt 0.9764 0.8727
vt 0.9843 0.8727
vt 0.9921 0.8727
vt 1.0000 0.8727
vt 0.0000 0.8545
vt 0.0079 0.8545
vt 0.0157 0.8545
vt 0.0236 0.8545
vt 0.0315 0.8545
vt 0.0394 0.8545
vt 0.0472 0.8545
vt 0.0551 0.8545
vt 0.0630 0.8545
vt 0.0709 0.8545
vt 0.0787 0.8545
vt 0.0866 0.8545
vt 0.0945 0.8545
vt 0.1024 0.8545
vt 0.1102 0.8545
vt 0.1181 0.8545
vt 0.1260 0.8545
vt 0.1339 0.8545
vt 0.1417 0.8545
vt 0.1496 0.8545
vt 0.1575 0.8545
vt 0.1654 0.8545
vt 0.1732 0.8545
vt 0.1811 0.8545
vt 0.1890 0.8545
vt 0.1969 0.8545
vt 0.2047 0.8545
vt 0.2126 0.8545
vt 0.2205 0.8545
vt 0.2283 0.8545
vt 0.2362 0.8545
vt 0.2441 0.8545
vt 0.2520 0.8545
vt 0.2598 0.8545
vt 0.2677 0.8545
vt 0.2756 0.8545
vt 0.2835 0.8545
vt 0.2913 0.8545
vt 0.2992 0.8545
vt 0.3071 0.8545
vt 0.3150 0.8545
vt 0.3228 0.8545
vt 0.3307 0.8545
vt 0.3386 0.8545
vt 0.3465 0.8545
vt 0.3543 0.8545
vt 0.3622 0.8545
vt 0.3701 0.8545
vt 0.3780 0.8545
vt 0.3858 0.8545
vt 0.3937 0.8545
vt 0.4016 0.8545
vt 0.4094 0.8545
vt 0.4173 0.8545
vt 0.4252 0.8545
vt 0.4331 0.8545
vt 0.4409 0.8545
vt 0.4488 0.8545
vt 0.4567 0.8545
vt 0.4646 0.8545
vt 0.4724 0.8545
vt 0.4803 0.8545
vt 0.4882 0.8545
vt 0.4961 0.8545
vt 0.5039 0.8545
vt 0.5118 0.8545
vt 0.5197 0.8545
vt 0.5276 0.8545
vt 0.5354 0.8545
vt 0.5433 0.8545
vt 0.5512 0.8545
vt 0.5591 0.8545
vt 0.5669 0.8545
vt 0.5748 0.8545
vt 0.5827 0.8545
vt 0.5906 0.8545
vt 0.5984 0.8545
vt 0.6063 0.8545
vt 0.6142 0.8545
vt 0.6220 0.8545
vt 0.6299 0.8545
vt 0.6378 0.8545
vt 0.6457 0.8545
vt 0.6535 0.8545
vt 0.6614 0.8545
vt 0.6693 0.8545
vt 0.6772 0.8545
vt 0.6850 0.8545
vt 0.6929 0.8545
vt 0.7008 0.8545
vt 0.7087 0.8545
vt 0.7165 0.8545
vt 0.7244 0.8545
vt 0.7323 0.8545
vt 0.7402 0.8545
vt 0.7480 0.8545
vt 0.7559 0.8545
vt 0.7638 0.8545
vt 0.7717 0.8545
vt 0.7795 0.8545
vt 0.7874 0.8545
vt 0.7953 0.8545
vt 0.8031 0.8545
vt 0.8110 0.8545
vt 0.8189 0.8545
vt 0.8268 0.8545
vt 0.8346 0.8545
vt 0.8425 0.8545
vt 0.8504 0.8545
vt 0.8583 0.8545
vt 0.8661 0.8545
vt 0.8740 0.8545
vt 0.8819 0.8545
vt 0.8898 0.8545
vt 0.8976 0.8545
vt 0.9055 0.8545
vt 0.9134 0.8545
vt 0.9213 0.8545
vt 0.9291 0.8545
vt 0.9370 0.8545
vt 0.9449 0.8545
vt 0.9528 0.8545
vt 0.9606 0.8545
vt 0.9685 0.8545
vt 0.9764 0.8545
vt 0.9843 0.8545
vt 0.9921 0.8545
vt 1.0000 0.8545
vt 0.0000 0.8364
vt 0.0079 0.8364
vt 0.0157 0.8364
vt 0.0236 0.8364
vt 0.0315 0.8364
vt 0.0394 0.8364
vt 0.0472 0.8364
vt 0.0551 0.8364
vt 0.0630 0.8364
vt 0.0709 0.8364
vt 0.0787 0.8364
vt 0.0866 0.8364
vt 0.0945 0.8364
vt 0.1024 0.8364
vt 0.1102 0.8364
vt 0.1181 0.8364
vt 0.1260 0.8364
vt 0.1339 0.8364
vt 0.1417 0.8364
vt 0.1496 0.8364
vt 0.1575 0.8364
vt 0.1654 0.8364
vt 0.1732 0.8364
vt 0.1811 0.8364
vt 0.1890 0.8364
vt 0.1969 0.8364
vt 0.2047 0.8364
vt 0.2126 0.8364
vt 0.2205 0.8364
vt 0.2283 0.8364
vt 0.2362 0.8364
vt 0.2441 0.8364
vt 0.2520 0.8364
vt 0.2598 0.8364
vt 0.2677 0.8364
vt 0.2756 0.8364
vt 0.2835 0.8364
vt 0.2913 0.8364
vt 0.2992 0.8364
vt 0.3071 0.8364
vt 0.3150 0.8364
vt 0.3228 0.8364
vt 0.3307 0.8364
vt 0.3386 0.8364
vt 0.3465 0.8364
vt 0.3543 0.8364
vt 0.3622 0.8364
vt 0.3701 0.8364
vt 0.3780 0.8364
vt 0.3858 0.8364
vt 0.3937 0.8364
vt 0.4016 0.8364
vt 0.4094 0.8364
vt 0.4173 0.8364
vt 0.4252 0.8364
vt 0.4331 0.8364
vt 0.4409 0.8364
vt 0.4488 0.8364
vt 0.4567 0.8364
vt 0.4646 0.8364
vt 0.4724 0.8364
vt 0.4803 0.8364
vt 0.4882 0.8364
vt 0.4961 0.8364
vt 0.5039 0.8364
vt 0.5118 0.8364
vt 0.5197 0.8364
vt 0.5276 0.8364
vt 0.5354 0.8364
vt 0.5433 0.8364
vt 0.5512 0.8364
vt 0.5591 0.8364
vt 0.5669 0.8364
vt 0.5748 0.8364
vt 0.5827 0.8364
vt 0.5906 0.8364
vt 0.5984 0.8364
vt 0.6063 0.8364
vt 0.6142 0.8364
vt 0.6220 0.8364
vt 0.6299 0.8364
vt 0.6378 0.8364
vt 0.6457 0.8364
vt 0.6535 0.8364
vt 0.6614 0.8364
vt 0.6693 0.8364
vt 0.6772 0.8364
vt 0.6850 0.8364
vt 0.6929 0.8364
vt 0.7008 0.8364
vt 0.7087 0.8364
vt 0.7165 0.8364
vt 0.7244 0.8364
vt 0.7323 0.8364
vt 0.7402 0.8364
vt 0.7480 0.8364
vt 0.7559 0.8364
vt 0.7638 0.8364
vt 0.7717 0.8364
vt 0.7795 0.8364
vt 0.7874 0.8364
vt 0.7953 0.8364
vt 0.8031 0.8364
vt 0.8110 0.8364
vt 0.8189 0.8364
vt 0.8268 0.8364
vt 0.8346 0.8364
vt 0.8425 0.8364
vt 0.8504 0.8364
vt 0.8583 0.8364
vt 0.8661 0.8364
vt 0.8740 0.8364
vt 0.8819 0.8364
vt 0.8898 0.8364
vt 0.8976 0.8364
vt 0.9055 0.8364
vt 0.9134 0.8364
vt 0.9213 0.8364
vt 0.9291 0.8364
vt 0.9370 0.8364
vt 0.9449 0.8364
vt 0.9528 0.8364
vt 0.9606 0.8364
vt 0.9685 0.8364
vt 0.9764 0.8364
vt 0.9843 0.8364
vt 0.9921 0.8364
vt 1.0000 0.8364
vt 0.0000 0.8182
vt 0.0079 0.8182
vt 0.0157 0.8182
vt 0.0236 0.8182
vt 0.0315 0.8182
vt 0.0394 0.8182
vt 0.0472 0.8182
vt 0.0551 0.8182
vt 0.0630 0.8182
vt 0.0709 0.8182
vt 0.0787 0.8182
vt 0.0866 0.8182
vt 0.0945 0.8182
vt 0.1024 0.8182
vt 0.1102 0.8182
vt 0.1181 0.8182
vt 0.1260 0.8182
vt 0.1339 0.8182
vt 0.1417 0.8182
vt 0.1496 0.8182
vt 0.1575 0.8182
vt 0.1654 0.8182
vt 0.1732 0.8182
vt 0.1811 0.8182
vt 0.1890 0.8182
vt 0.1969 0.8182
vt 0.2047 0.8182
vt 0.2126 0.8182
vt 0.2205 0.8182
vt 0.2283 0.8182
vt 0.2362 0.8182
vt 0.2441 0.8182
vt 0.2520 0.8182
vt 0.2598 0.8182
vt 0.2677 0.8182
vt 0.2756 0.8182
vt 0.2835 0.8182
vt 0.2913 0.8182
vt 0.2992 0.8182
vt 0.3071 0.8182
vt 0.3150 0.8182
vt 0.3228 0.8182
vt 0.3307 0.8182
vt 0.3386 0.8182
vt 0.3465 0.8182
vt 0.3543 0.8182
vt 0.3622 0.8182
vt 0.3701 0.8182
vt 0.3780 0.8182
vt 0.3858 0.8182
vt 0.3937 0.8182
vt 0.4016 0.8182
vt 0.4094 0.8182
vt 0.4173 0.8182
vt 0.4252 0.8182
vt 0.4331 0.8182
vt 0.4409 0.8182
vt 0.4488 0.8182
vt 0.4567 0.8182
vt 0.4646 0.8182
vt 0.4724 0.8182
vt 0.4803 0.8182
vt 0.4882 0.8182
vt 0.4961 0.8182
vt 0.5039 0.8182
vt 0.5118 0.8182
vt 0.5197 0.8182
vt 0.5276 0.8182
vt 0.5354 0.8182
vt 0.5433 0.8182
vt 0.5512 0.8182
vt 0.5591 0.8182
vt 0.5669 0.8182
vt 0.5748 0.8182
vt 0.5827 0.8182
vt 0.5906 0.8182
vt 0.5984 0.8182
vt 0.6063 0.8182
vt 0.6142 0.8182
vt 0.6220 0.8182
vt 0.6299 0.8182
vt 0.6378 0.8182
vt 0.6457 0.8182
vt 0.6535 0.8182
vt 0.6614 0.8182
vt 0.6693 0.8182
vt 0.6772 0.8182
vt 0.6850 0.8182
vt 0.6929 0.8182
vt 0.7008 0.8182
vt 0.7087 0.8182
vt 0.7165 0.8182
vt 0.7244 0.8182
vt 0.7323 0.8182
vt 0.7402 0.8182
vt 0.7480 0.8182
vt 0.7559 0.8182
vt 0.7638 0.8182
vt 0.7717 0.8182
vt 0.7795 0.8182
vt 0.7874 0.8182
vt 0.7953 0.8182
vt 0.8031 0.8182
vt 0.8110 0.8182
vt 0.8189 0.8182
vt 0.8268 0.8182
vt 0.8346 0.8182
vt 0.8425 0.8182
vt 0.8504 0.8182
vt 0.8583 0.8182
vt 0.8661 0.8182
vt 0.8740 0.8182
vt 0.8819 0.8182
vt 0.8898 0.8182
vt 0.8976 0.8182
vt 0.9055 0.8182
vt 0.9134 0.8182
vt 0.9213 0.8182
vt 0.9291 0.8182
vt 0.9370 0.8182
vt 0.9449 0.8182
vt 0.9528 0.8182
vt 0.9606 0.8182
vt 0.9685 0.8182
vt 0.9764 0.8182
vt 0.9843 0.8182
vt 0.9921 0.8182
vt 1.0000 0.8182
vt 0.0000 0.8000
vt 0.0079 0.8000
vt 0.0157 0.8000
vt 0.0236 0.8000
vt 0.0315 0.8000
vt 0.0394 0.8000
vt 0.0472 0.8000
vt 0.0551 0.8000
vt 0.0630 0.8000
vt 0.0709 0.8000
vt 0.0787 0.8000
vt 0.0866 0.8000
vt 0.0945 0.8000
vt 0.1024 0.8000
vt 0.1102 0.8000
vt 0.1181 0.8000
vt 0.1260 0.8000
vt 0.1339 0.8000
vt 0.1417 0.8000
vt 0.1496 0.8000
vt 0.1575 0.8000
vt 0.1654 0.8000
vt 0.1732 0.8000
vt 0.1811 0.8000
vt 0.1890 0.8000
vt 0.1969 0.8000
vt 0.2047 0.8000
vt 0.2126 0.8000
vt 0.2205 0.8000
vt 0.2283 0.8000
vt 0.2362 0.8000
vt 0.2441 0.8000
vt 0.2520 0.8000
vt 0.2598 0.8000
vt 0.2677 0.8000
vt 0.2756 0.8000
vt 0.2835 0.8000
vt 0.2913 0.8000
vt 0.2992 0.8000
vt 0.3071 0.8000
vt 0.3150 0.8000
vt 0.3228 0.8000
vt 0.3307 0.8000
vt 0.3386 0.8000
vt 0.3465 0.8000
vt 0.3543 0.8000
vt 0.3622 0.8000
vt 0.3701 0.8000
vt 0.3780 0.8000
vt 0.3858 0.8000
vt 0.3937 0.8000
vt 0.4016 0.8000
vt 0.4094 0.8000
vt 0.4173 0.8000
vt 0.4252 0.8000
vt 0.4331 0.8000
vt 0.4409 0.8000
vt 0.4488 0.8000
vt 0.4567 0.8000
vt 0.4646 0.8000
vt 0.4724 0.8000
vt 0.4803 0.8000
vt 0.4882 0.8000
vt 0.4961 0.8000
vt 0.5039 0.8000
vt 0.5118 0.8000
vt 0.5197 0.8000
vt 0.5276 0.8000
vt 0.5354 0.8000
vt 0.5433 0.8000
vt 0.5512 0.8000
vt 0.5591 0.8000
vt 0.5669 0.8000
vt 0.5748 0.8000
vt 0.5827 0.8000
vt 0.5906 0.8000
vt 0.5984 0.8000
vt 0.6063 0.8000
vt 0.6142 0.8000
vt 0.6220 0.8000
vt 0.6299 0.8000
vt 0.6378 0.8000
vt 0.6457 0.8000
vt 0.6535 0.8000
vt 0.6614 0.8000
vt 0.6693 0.8000
vt 0.6772 0.8000
vt 0.6850 0.8000
vt 0.6929 0.8000
vt 0.7008 0.8000
vt 0.7087 0.8000
vt 0.7165 0.8000
vt 0.7244 0.8000
vt 0.7323 0.8000
vt 0.7402 0.8000
vt 0.7480 0.8000
vt 0.7559 0.8000
vt 0.7638 0.8000
vt 0.7717 0.8000
vt 0.7795 0.8000
vt 0.7874 0.8000
vt 0.7953 0.8000
vt 0.8031 0.8000
vt 0.8110 0.8000
vt 0.8189 0.8000
vt 0.8268 0.8000
vt 0.8346 0.8000
vt 0.8425 0.8000
vt 0.8504 0.8000
vt 0.8583 0.8000
vt 0.8661 0.8000
vt 0.8740 0.8000
vt 0.8819 0.8000
vt 0.8898 0.8000
vt 0.8976 0.8000
vt 0.9055 0.8000
vt 0.9134 0.8000
vt 0.9213 0.8000
vt 0.9291 0.8000
vt 0.9370 0.8000
vt 0.9449 0.8000
vt 0.9528 0.8000
vt 0.9606 0.8000
vt 0.9685 0.8000
vt 0.9764 0.8000
vt 0.9843 0.8000
vt 0.9921 0.8000
vt 1.0000 0.8000
vt 0.0000 0.7818
vt 0.0079 0.7818
vt 0.0157 0.7818
vt 0.0236 0.7818
vt 0.0315 0.7818
vt 0.0394 0.7818
vt 0.0472 0.7818
vt 0.0551 0.7818
vt 0.0630 0.7818
vt 0.0709 0.7818
vt 0.0787 0.7818
vt 0.0866 0.7818
vt 0.0945 0.7818
vt 0.1024 0.7818
vt 0.1102 0.7818
vt 0.1181 0.7818
vt 0.1260 0.7818
vt 0.1339 0.7818
vt 0.1417 0.7818
vt 0.1496 0.7818
vt 0.1575 0.7818
vt 0.1654 0.7818
vt 0.1732 0.7818
vt 0.1811 0.7818
vt 0.1890 0.7818
vt 0.1969 0.7818
vt 0.2047 0.7818
vt 0.2126 0.7818
vt 0.2205 0.7818
vt 0.2283 0.7818
vt 0.2362 0.7818
vt 0.2441 0.7818
vt 0.2520 0.7818
vt 0.2598 0.7818
vt 0.2677 0.7818
vt 0.2756 0.7818
vt 0.2835 0.7818
vt 0.2913 0.7818
vt 0.2992 0.7818
vt 0.3071 0.7818
vt 0.3150 0.7818
vt 0.3228 0.7818
vt 0.3307 0.7818
vt 0.3386 0.7818
vt 0.3465 0.7818
vt 0.3543 0.7818
vt 0.3622 0.7818
vt 0.3701 0.7818
vt 0.3780 0.7818
vt 0.3858 0.7818
vt 0.3937 0.7818
vt 0.4016 0.7818
vt 0.4094 0.7818
vt 0.4173 0.7818
vt 0.4252 0.7818
vt 0.4331 0.7818
vt 0.4409 0.7818
vt 0.4488 0.7818
vt 0.4567 0.7818
vt 0.4646 0.7818
vt 0.4724 0.7818
vt 0.4803 0.7818
vt 0.4882 0.7818
vt 0.4961 0.7818
vt 0.5039 0.7818
vt 0.5118 0.7818
vt 0.5197 0.7818
vt 0.5276 0.7818
vt 0.5354 0.7818
vt 0.5433 0.7818
vt 0.5512 0.7818
vt 0.5591 0.7818
vt 0.5669 0.7818
vt 0.5748 0.7818
vt 0.5827 0.7818
vt 0.5906 0.7818
vt 0.5984 0.7818
vt 0.6063 0.7818
vt 0.6142 0.7818
vt 0.6220 0.7818
vt 0.6299 0.7818
vt 0.6378 0.7818
vt 0.6457 0.7818
vt 0.6535 0.7818
vt 0.6614 0.7818
vt 0.6693 0.7818
vt 0.6772 0.7818
vt 0.6850 0.7818
vt 0.6929 0.7818
vt 0.7008 0.7818
vt 0.7087 0.7818
vt 0.7165 0.7818
vt 0.7244 0.7818
vt 0.7323 0.7818
vt 0.7402 0.7818
vt 0.7480 0.7818
vt 0.7559 0.7818
vt 0.7638 0.7818
vt 0.7717 0.7818
vt 0.7795 0.7818
vt 0.7874 0.7818
vt 0.7953 0.7818
vt 0.8031 0.7818
vt 0.8110 0.7818
vt 0.8189 0.7818
vt 0.8268 0.7818
vt 0.8346 0.7818
vt 0.8425 0.7818
vt 0.8504 0.7818
vt 0.8583 0.7818
vt 0.8661 0.7818
vt 0.8740 0.7818
vt 0.8819 0.7818
vt 0.8898 0.7818
vt 0.8976 0.7818
vt 0.9055 0.7818
vt 0.9134 0.7818
vt 0.9213 0.7818
vt 0.9291 0.7818
vt 0.9370 0.7818
vt 0.9449 0.7818
vt 0.9528 0.7818
vt 0.9606 0.7818
vt 0.9685 0.7818
vt 0.9764 0.7818
vt 0.9843 0.7818
vt 0.9921 0.7818
vt 1.0000 0.7818
vt 0.0000 0.7636
vt 0.0079 0.7636
vt 0.0157 0.7636
vt 0.0236 0.7636
vt 0.0315 0.7636
vt 0.0394 0.7636
vt 0.0472 0.7636
vt 0.0551 0.7636
vt 0.0630 0.7636
vt 0.0709 0.7636
vt 0.0787 0.7636
vt 0.0866 0.7636
vt 0.0945 0.7636
vt 0.1024 0.7636
vt 0.1102 0.7636
vt 0.1181 0.7636
vt 0.1260 0.7636
vt 0.1339 0.7636
vt 0.1417 0.7636
vt 0.1496 0.7636
vt 0.1575 0.7636
vt 0.1654 0.7636
vt 0.1732 0.7636
vt 0.1811 0.7636
vt 0.1890 0.7636
vt 0.1969 0.7636
vt 0.2047 0.7636
vt 0.2126 0.7636
vt 0.2205 0.7636
vt 0.2283 0.7636
vt 0.2362 0.7636
vt 0.2441 0.7636
vt 0.2520 0.7636
vt 0.2598 0.7636
vt 0.2677 0.7636
vt 0.2756 0.7636
vt 0.2835 0.7636
vt 0.2913 0.7636
vt 0.2992 0.7636
vt 0.3071 0.7636
vt 0.3150 0.7636
vt 0.3228 0.7636
vt 0.3307 0.7636
vt 0.3386 0.7636
vt 0.3465 0.7636
vt 0.3543 0.7636
vt 0.3622 0.7636
vt 0.3701 0.7636
vt 0.3780 0.7636
vt 0.3858 0.7636
vt 0.3937 0.7636
vt 0.4016 0.7636
vt 0.4094 0.7636
vt 0.4173 0.7636
vt 0.4252 0.7636
vt 0.4331 0.7636
vt 0.4409 0.7636
vt 0.4488 0.7636
vt 0.4567 0.7636
vt 0.4646 0.7636
vt 0.4724 0.7636
vt 0.4803 0.7636
vt 0.4882 0.7636
vt 0.4961 0.7636
vt 0.5039 0.7636
vt 0.5118 0.7636
vt 0.5197 0.7636
vt 0.5276 0.7636
vt 0.5354 0.7636
vt 0.5433 0.7636
vt 0.5512 0.7636
vt 0.5591 0.7636
vt 0.5669 0.7636
vt 0.5748 0.7636
vt 0.5827 0.7636
vt 0.5906 0.7636
vt 0.5984 0.7636
vt 0.6063 0.7636
vt 0.6142 0.7636
vt 0.6220 0.7636
vt 0.6299 0.7636
vt 0.6378 0.7636
vt 0.6457 0.7636
vt 0.6535 0.7636
vt 0.6614 0.7636
vt 0.6693 0.7636
vt 0.6772 0.7636
vt 0.6850 0.7636
vt 0.6929 0.7636
vt 0.7008 0.7636
vt 0.7087 0.7636
vt 0.7165 0.7636
vt 0.7244 0.7636
vt 0.7323 0.7636
vt 0.7402 0.7636
vt 0.7480 0.7636
vt 0.7559 0.7636
vt 0.7638 0.7636
vt 0.7717 0.7636
vt 0.7795 0.7636
vt 0.7874 0.7636
vt 0.7953 0.7636
vt 0.8031 0.7636
vt 0.8110 0.7636
vt 0.8189 0.7636
vt 0.8268 0.7636
vt 0.8346 0.7636
vt 0.8425 0.7636
vt 0.8504 0.7636
vt 0.8583 0.7636
vt 0.8661 0.7636
vt 0.8740 0.7636
vt 0.8819 0.7636
vt 0.8898 0.7636
vt 0.8976 0.7636
vt 0.9055 0.7636
vt 0.9134 0.7636
vt 0.9213 0.7636
vt 0.9291 0.7636
vt 0.9370 0.7636
vt 0.9449 0.7636
vt 0.9528 0.7636
vt 0.9606 0.7636
vt 0.9685 0.7636
vt 0.9764 0.7636
vt 0.9843 0.7636
vt 0.9921 0.7636
vt 1.0000 0.7636
vt 0.0000 0.7455
vt 0.0079 0.7455
vt 0.0157 0.7455
vt 0.0236 0.7455
vt 0.0315 0.7455
vt 0.0394 0.7455
vt 0.0472 0.7455
vt 0.0551 0.7455
vt 0.0630 0.7455
vt 0.0709 0.7455
vt 0.0787 0.7455
vt 0.0866 0.7455
vt 0.0945 0.7455
vt 0.1024 0.7455
vt 0.1102 0.7455
vt 0.1181 0.7455
vt 0.1260 0.7455
vt 0.1339 0.7455
vt 0.1417 0.7455
vt 0.1496 0.7455
vt 0.1575 0.7455
vt 0.1654 0.7455
vt 0.1732 0.7455
vt 0.1811 0.7455
vt 0.1890 0.7455
vt 0.1969 0.7455
vt 0.2047 0.7455
vt 0.2126 0.7455
vt 0.2205 0.7455
vt 0.2283 0.7455
vt 0.2362 0.7455
vt 0.2441 0.7455
vt 0.2520 0.7455
vt 0.2598 0.7455
vt 0.2677 0.7455
vt 0.2756 0.7455
vt 0.2835 0.7455
vt 0.2913 0.7455
vt 0.2992 0.7455
vt 0.3071 0.7455
vt 0.3150 0.7455
vt 0.3228 0.7455
vt 0.3307 0.7455
vt 0.3386 0.7455
vt 0.3465 0.7455
vt 0.3543 0.7455
vt 0.3622 0.7455
vt 0.3701 0.7455
vt 0.3780 0.7455
vt 0.3858 0.7455
vt 0.3937 0.7455
vt 0.4016 0.7455
vt 0.4094 0.7455
vt 0.4173 0.7455
vt 0.4252 0.7455
vt 0.4331 0.7455
vt 0.4409 0.7455
vt 0.4488 0.7455
vt 0.4567 0.7455
vt 0.4646 0.7455
vt 0.4724 0.7455
vt 0.4803 0.7455
vt 0.4882 0.7455
vt 0.4961 0.7455
vt 0.5039 0.7455
vt 0.5118 0.7455
vt 0.5197 0.7455
vt 0.5276 0.7455
vt 0.5354 0.7455
vt 0.5433 0.7455
vt 0.5512 0.7455
vt 0.5591 0.7455
vt 0.5669 0.7455
vt 0.5748 0.7455
vt 0.5827 0.7455
vt 0.5906 0.7455
vt 0.5984 0.7455
vt 0.6063 0.7455
vt 0.6142 0.7455
vt 0.6220 0.7455
vt 0.6299 0.7455
vt 0.6378 0.7455
vt 0.6457 0.7455
vt 0.6535 0.7455
vt 0.6614 0.7455
vt 0.6693 0.7455
vt 0.6772 0.7455
vt 0.6850 0.7455
vt 0.6929 0.7455
vt 0.7008 0.7455
vt 0.7087 0.7455
vt 0.7165 0.7455
vt 0.7244 0.7455
vt 0.7323 0.7455
vt 0.7402 0.7455
vt 0.7480 0.7455
vt 0.7559 0.7455
vt 0.7638 0.7455
vt 0.7717 0.7455
vt 0.7795 0.7455
vt 0.7874 0.7455
vt 0.7953 0.7455
vt 0.8031 0.7455
vt 0.8110 0.7455
vt 0.8189 0.7455
vt 0.8268 0.7455
vt 0.8346 0.7455
vt 0.8425 0.7455
vt 0.8504 0.7455
vt 0.8583 0.7455
vt 0.8661 0.7455
vt 0.8740 0.7455
vt 0.8819 0.7455
vt 0.8898 0.7455
vt 0.8976 0.7455
vt 0.9055 0.7455
vt 0.9134 0.7455
vt 0.9213 0.7455
vt 0.9291 0.7455
vt 0.9370 0.7455
vt 0.9449 0.7455
vt 0.9528 0.7455
vt 0.9606 0.7455
vt 0.9685 0.7455
vt 0.9764 0.7455
vt 0.9843 0.7455
vt 0.9921 0.7455
vt 1.0000 0.7455
vt 0.0000 0.7273
vt 0.0079 0.7273
vt 0.0157 0.7273
vt 0.0236 0.7273
vt 0.0315 0.7273
vt 0.0394 0.7273
vt 0.0472 0.7273
vt 0.0551 0.7273
vt 0.0630 0.7273
vt 0.0709 0.7273
vt 0.0787 0.7273
vt 0.0866 0.7273
vt 0.0945 0.7273
vt 0.1024 0.7273
vt 0.1102 0.7273
vt 0.1181 0.7273
vt 0.1260 0.7273
vt 0.1339 0.7273
vt 0.1417 0.7273
vt 0.1496 0.7273
vt 0.1575 0.7273
vt 0.1654 0.7273
vt 0.1732 0.7273
vt 0.1811 0.7273
vt 0.1890 0.7273
vt 0.1969 0.7273
vt 0.2047 0.7273
vt 0.2126 0.7273
vt 0.2205 0.7273
vt 0.2283 0.7273
vt 0.2362 0.7273
vt 0.2441 0.7273
vt 0.2520 0.7273
vt 0.2598 0.7273
vt 0.2677 0.7273
vt 0.2756 0.7273
vt 0.2835 0.7273
vt 0.2913 0.7273
vt 0.2992 0.7273
vt 0.3071 0.7273
vt 0.3150 0.7273
vt 0.3228 0.7273
vt 0.3307 0.7273
vt 0.3386 0.7273
vt 0.3465 0.7273
vt 0.3543 0.7273
vt 0.3622 0.7273
vt 0.3701 0.7273
vt 0.3780 0.7273
vt 0.3858 0.7273
vt 0.3937 0.7273
vt 0.4016 0.7273
vt 0.4094 0.7273
vt 0.4173 0.7273
vt 0.4252 0.7273
vt 0.4331 0.7273
vt 0.4409 0.7273
vt 0.4488 0.7273
vt 0.4567 0.7273
vt 0.4646 0.7273
vt 0.4724 0.7273
vt 0.4803 0.7273
vt 0.4882 0.7273
vt 0.4961 0.7273
vt 0.5039 0.7273
vt 0.5118 0.7273
vt 0.5197 0.7273
vt 0.5276 0.7273
vt 0.5354 0.7273
vt 0.5433 0.7273
vt 0.5512 0.7273
vt 0.5591 0.7273
vt 0.5669 0.7273
vt 0.5748 0.7273
vt 0.5827 0.7273
vt 0.5906 0.7273
vt 0.5984 0.7273
vt 0.6063 0.7273
vt 0.6142 0.7273
vt 0.6220 0.7273
vt 0.6299 0.7273
vt 0.6378 0.7273
vt 0.6457 0.7273
vt 0.6535 0.7273
vt 0.6614 0.7273
vt 0.6693 0.7273
vt 0.6772 0.7273
vt 0.6850 0.7273
vt 0.6929 0.7273
vt 0.7008 0.7273
vt 0.7087 0.7273
vt 0.7165 0.7273
vt 0.7244 0.7273
vt 0.7323 0.7273
vt 0.7402 0.7273
vt 0.7480 0.7273
vt 0.7559 0.7273
vt 0.7638 0.7273
vt 0.7717 0.7273
vt 0.7795 0.7273
vt 0.7874 0.7273
vt 0.7953 0.7273
vt 0.8031 0.7273
vt 0.8110 0.7273
vt 0.8189 0.7273
vt 0.8268 0.7273
vt 0.8346 0.7273
vt 0.8425 0.7273
vt 0.8504 0.7273
vt 0.8583 0.7273
vt 0.8661 0.7273
vt 0.8740 0.7273
vt 0.8819 0.7273
vt 0.8898 0.7273
vt 0.8976 0.7273
vt 0.9055 0.7273
vt 0.9134 0.7273
vt 0.9213 0.7273
vt 0.9291 0.7273
vt 0.9370 0.7273
vt 0.9449 0.7273
vt 0.9528 0.7273
vt 0.9606 0.7273
vt 0.9685 0.7273
vt 0.9764 0.7273
vt 0.9843 0.7273
vt 0.9921 0.7273
vt 1.0000 0.7273
vt 0.0000 0.7091
vt 0.0079 0.7091
vt 0.0157 0.7091
vt 0.0236 0.7091
vt 0.0315 0.7091
vt 0.0394 0.7091
vt 0.0472 0.7091
vt 0.0551 0.7091
vt 0.0630 0.7091
vt 0.0709 0.7091
vt 0.0787 0.7091
vt 0.0866 0.7091
vt 0.0945 0.7091
vt 0.1024 0.7091
vt 0.1102 0.7091
vt 0.1181 0.7091
vt 0.1260 0.7091
vt 0.1339 0.7091
vt 0.1417 0.7091
vt 0.1496 0.7091
vt 0.1575 0.7091
vt 0.1654 0.7091
vt 0.1732 0.7091
vt 0.1811 0.7091
vt 0.1890 0.7091
vt 0.1969 0.7091
vt 0.2047 0.7091
vt 0.2126 0.7091
vt 0.2205 0.7091
vt 0.2283 0.7091
vt 0.2362 0.7091
vt 0.2441 0.7091
vt 0.2520 0.7091
vt 0.2598 0.7091
vt 0.2677 0.7091
vt 0.2756 0.7091
vt 0.2835 0.7091
vt 0.2913 0.7091
vt 0.2992 0.7091
vt 0.3071 0.7091
vt 0.3150 0.7091
vt 0.3228 0.7091
vt 0.3307 0.7091
vt 0.3386 0.7091
vt 0.3465 0.7091
vt 0.3543 0.7091
vt 0.3622 0.7091
vt 0.3701 0.7091
vt 0.3780 0.7091
vt 0.3858 0.7091
vt 0.3937 0.7091
vt 0.4016 0.7091
vt 0.4094 0.7091
vt 0.4173 0.7091
vt 0.4252 0.7091
vt 0.4331 0.7091
vt 0.4409 0.7091
vt 0.4488 0.7091
vt 0.4567 0.7091
vt 0.4646 0.7091
vt 0.4724 0.7091
vt 0.4803 0.7091
vt 0.4882 0.7091
vt 0.4961 0.7091
vt 0.5039 0.7091
vt 0.5118 0.7091
vt 0.5197 0.7091
vt 0.5276 0.7091
vt 0.5354 0.7091
vt 0.5433 0.7091
vt 0.5512 0.7091
vt 0.5591 0.7091
vt 0.5669 0.7091
vt 0.5748 0.7091
vt 0.5827 0.7091
vt 0.5906 0.7091
vt 0.5984 0.7091
vt 0.6063 0.7091
vt 0.6142 0.7091
vt 0.6220 0.7091
vt 0.6299 0.7091
vt 0.6378 0.7091
vt 0.6457 0.7091
vt 0.6535 0.7091
vt 0.6614 0.7091
vt 0.6693 0.7091
vt 0.6772 0.7091
vt 0.6850 0.7091
vt 0.6929 0.7091
vt 0.7008 0.7091
vt 0.7087 0.7091
vt 0.7165 0.7091
vt 0.7244 0.7091
vt 0.7323 0.7091
vt 0.7402 0.7091
vt 0.7480 0.7091
vt 0.7559 0.7091
vt 0.7638 0.7091
vt 0.7717 0.7091
vt 0.7795 0.7091
vt 0.7874 0.7091
vt 0.7953 0.7091
vt 0.8031 0.7091
vt 0.8110 0.7091
vt 0.8189 0.7091
vt 0.8268 0.7091
vt 0.8346 0.7091
vt 0.8425 0.7091
vt 0.8504 0.7091
vt 0.8583 0.7091
vt 0.8661 0.7091
vt 0.8740 0.7091
vt 0.8819 0.7091
vt 0.8898 0.7091
vt 0.8976 0.7091
vt 0.9055 0.7091
vt 0.9134 0.7091
vt 0.9213 0.7091
vt 0.9291 0.7091
vt 0.9370 0.7091
vt 0.9449 0.7091
vt 0.9528 0.7091
vt 0.9606 0.7091
vt 0.9685 0.7091
vt 0.9764 0.7091
vt 0.9843 0.7091
vt 0.9921 0.7091
vt 1.0000 0.7091
vt 0.0000 0.6909
vt 0.0079 0.6909
vt 0.0157 0.6909
vt 0.0236 0.6909
vt 0.0315 0.6909
vt 0.0394 0.6909
vt 0.0472 0.6909
vt 0.0551 0.6909
vt 0.0630 0.6909
vt 0.0709 0.6909
vt 0.0787 0.6909
vt 0.0866 0.6909
vt 0.0945 0.6909
vt 0.1024 0.6909
vt 0.1102 0.6909
vt 0.1181 0.6909
vt 0.1260 0.6909
vt 0.1339 0.6909
vt 0.1417 0.6909
vt 0.1496 0.6909
vt 0.1575 0.6909
vt 0.1654 0.6909
vt 0.1732 0.6909
vt 0.1811 0.6909
vt 0.1890 0.6909
vt 0.1969 0.6909
vt 0.2047 0.6909
vt 0.2126 0.6909
vt 0.2205 0.6909
vt 0.2283 0.6909
vt 0.2362 0.6909
vt 0.2441 0.6909
vt 0.2520 0.6909
vt 0.2598 0.6909
vt 0.2677 0.6909
vt 0.2756 0.6909
vt 0.2835 0.6909
vt 0.2913 0.6909
vt 0.2992 0.6909
vt 0.3071 0.6909
vt 0.3150 0.6909
vt 0.3228 0.6909
vt 0.3307 0.6909
vt 0.3386 0.6909
vt 0.3465 0.6909
vt 0.3543 0.6909
vt 0.3622 0.6909
vt 0.3701 0.6909
vt 0.3780 0.6909
vt 0.3858 0.6909
vt 0.3937 0.6909
vt 0.4016 0.6909
vt 0.4094 0.6909
vt 0.4173 0.6909
vt 0.4252 0.6909
vt 0.4331 0.6909
vt 0.4409 0.6909
vt 0.4488 0.6909
vt 0.4567 0.6909
vt 0.4646 0.6909
vt 0.4724 0.6909
vt 0.4803 0.6909
vt 0.4882 0.6909
vt 0.4961 0.6909
vt 0.5039 0.6909
vt 0.5118 0.6909
vt 0.5197 0.6909
vt 0.5276 0.6909
vt 0.5354 0.6909
vt 0.5433 0.6909
vt 0.5512 0.6909
vt 0.5591 0.6909
vt 0.5669 0.6909
vt 0.5748 0.6909
vt 0.5827 0.6909
vt 0.5906 0.6909
vt 0.5984 0.6909
vt 0.6063 0.6909
vt 0.6142 0.6909
vt 0.6220 0.6909
vt 0.6299 0.6909
vt 0.6378 0.6909
vt 0.6457 0.6909
vt 0.6535 0.6909
vt 0.6614 0.6909
vt 0.6693 0.6909
vt 0.6772 0.6909
vt 0.6850 0.6909
vt 0.6929 0.6909
vt 0.7008 0.6909
vt 0.7087 0.6909
vt 0.7165 0.6909
vt 0.7244 0.6909
vt 0.7323 0.6909
vt 0.7402 0.6909
vt 0.7480 0.6909
vt 0.7559 0.6909
vt 0.7638 0.6909
vt 0.7717 0.6909
vt 0.7795 0.6909
vt 0.7874 0.6909
vt 0.7953 0.6909
vt 0.8031 0.6909
vt 0.8110 0.6909
vt 0.8189 0.6909
vt 0.8268 0.6909
vt 0.8346 0.6909
vt 0.8425 0.6909
vt 0.8504 0.6909
vt 0.8583 0.6909
vt 0.8661 0.6909
vt 0.8740 0.6909
vt 0.8819 0.6909
vt 0.8898 0.6909
vt 0.8976 0.6909
vt 0.9055 0.6909
vt 0.9134 0.6909
vt 0.9213 0.6909
vt 0.9291 0.6909
vt 0.9370 0.6909
vt 0.9449 0.6909
vt 0.9528 0.6909
vt 0.9606 0.6909
vt 0.9685 0.6909
vt 0.9764 0.6909
vt 0.9843 0.6909
vt 0.9921 0.6909
vt 1.0000 0.6909
vt 0.0000 0.6727
vt 0.0079 0.6727
vt 0.0157 0.6727
vt 0.0236 0.6727
vt 0.0315 0.6727
vt 0.0394 0.6727
vt 0.0472 0.6727
vt 0.0551 0.6727
vt 0.0630 0.6727
vt 0.0709 0.6727
vt 0.0787 0.6727
vt 0.0866 0.6727
vt 0.0945 0.6727
vt 0.1024 0.6727
vt 0.1102 0.6727
vt 0.1181 0.6727
vt 0.1260 0.6727
vt 0.1339 0.6727
vt 0.1417 0.6727
vt 0.1496 0.6727
vt 0.1575 0.6727
vt 0.1654 0.6727
vt 0.1732 0.6727
vt 0.1811 0.6727
vt 0.1890 0.6727
vt 0.1969 0.6727
vt 0.2047 0.6727
vt 0.2126 0.6727
vt 0.2205 0.6727
vt 0.2283 0.6727
vt 0.2362 0.6727
vt 0.2441 0.6727
vt 0.2520 0.6727
vt 0.2598 0.6727
vt 0.2677 0.6727
vt 0.2756 0.6727
vt 0.2835 0.6727
vt 0.2913 0.6727
vt 0.2992 0.6727
vt 0.3071 0.6727
vt 0.3150 0.6727
vt 0.3228 0.6727
vt 0.3307 0.6727
vt 0.3386 0.6727
vt 0.3465 0.6727
vt 0.3543 0.6727
vt 0.3622 0.6727
vt 0.3701 0.6727
vt 0.3780 0.6727
vt 0.3858 0.6727
vt 0.3937 0.6727
vt 0.4016 0.6727
vt 0.4094 0.6727
vt 0.4173 0.6727
vt 0.4252 0.6727
vt 0.4331 0.6727
vt 0.4409 0.6727
vt 0.4488 0.6727
vt 0.4567 0.6727
vt 0.4646 0.6727
vt 0.4724 0.6727
vt 0.4803 0.6727
vt 0.4882 0.6727
vt 0.4961 0.6727
vt 0.5039 0.6727
vt 0.5118 0.6727
vt 0.5197 0.6727
vt 0.5276 0.6727
vt 0.5354 0.6727
vt 0.5433 0.6727
vt 0.5512 0.6727
vt 0.5591 0.6727
vt 0.5669 0.6727
vt 0.5748 0.6727
vt 0.5827 0.6727
vt 0.5906 0.6727
vt 0.5984 0.6727
vt 0.6063 0.6727
vt 0.6142 0.6727
vt 0.6220 0.6727
vt 0.6299 0.6727
vt 0.6378 0.6727
vt 0.6457 0.6727
vt 0.6535 0.6727
vt 0.6614 0.6727
vt 0.6693 0.6727
vt 0.6772 0.6727
vt 0.6850 0.6727
vt 0.6929 0.6727
vt 0.7008 0.6727
vt 0.7087 0.6727
vt 0.7165 0.6727
vt 0.7244 0.6727
vt 0.7323 0.6727
vt 0.7402 0.6727
vt 0.7480 0.6727
vt 0.7559 0.6727
vt 0.7638 0.6727
vt 0.7717 0.6727
vt 0.7795 0.6727
vt 0.7874 0.6727
vt 0.7953 0.6727
vt 0.8031 0.6727
vt 0.8110 0.6727
vt 0.8189 0.6727
vt 0.8268 0.6727
vt 0.8346 0.6727
vt 0.8425 0.6727
vt 0.8504 0.6727
vt 0.8583 0.6727
vt 0.8661 0.6727
vt 0.8740 0.6727
vt 0.8819 0.6727
vt 0.8898 0.6727
vt 0.8976 0.6727
vt 0.9055 0.6727
vt 0.9134 0.6727
vt 0.9213 0.6727
vt 0.9291 0.6727
vt 0.9370 0.6727
vt 0.9449 0.6727
vt 0.9528 0.6727
vt 0.9606 0.6727
vt 0.9685 0.6727
vt 0.9764 0.6727
vt 0.9843 0.6727
vt 0.9921 0.6727
vt 1.0000 0.6727
vt 0.0000 0.6545
vt 0.0079 0.6545
vt 0.0157 0.6545
vt 0.0236 0.6545
vt 0.0315 0.6545
vt 0.0394 0.6545
vt 0.0472 0.6545
vt 0.0551 0.6545
vt 0.0630 0.6545
vt 0.0709 0.6545
vt 0.0787 0.6545
vt 0.0866 0.6545
vt 0.0945 0.6545
vt 0.1024 0.6545
vt 0.1102 0.6545
vt 0.1181 0.6545
vt 0.1260 0.6545
vt 0.1339 0.6545
vt 0.1417 0.6545
vt 0.1496 0.6545
vt 0.1575 0.6545
vt 0.1654 0.6545
vt 0.1732 0.6545
vt 0.1811 0.6545
vt 0.1890 0.6545
vt 0.1969 0.6545
vt 0.2047 0.6545
vt 0.2126 0.6545
vt 0.2205 0.6545
vt 0.2283 0.6545
vt 0.2362 0.6545
vt 0.2441 0.6545
vt 0.2520 0.6545
vt 0.2598 0.6545
vt 0.2677 0.6545
vt 0.2756 0.6545
vt 0.2835 0.6545
vt 0.2913 0.6545
vt 0.2992 0.6545
vt 0.3071 0.6545
vt 0.3150 0.6545
vt 0.3228 0.6545
vt 0.3307 0.6545
vt 0.3386 0.6545
vt 0.3465 0.6545
vt 0.3543 0.6545
vt 0.3622 0.6545
vt 0.3701 0.6545
vt 0.3780 0.6545
vt 0.3858 0.6545
vt 0.3937 0.6545
vt 0.4016 0.6545
vt 0.4094 0.6545
vt 0.4173 0.6545
vt 0.4252 0.6545
vt 0.4331 0.6545
vt 0.4409 0.6545
vt 0.4488 0.6545
vt 0.4567 0.6545
vt 0.4646 0.6545
vt 0.4724 0.6545
vt 0.4803 0.6545
vt 0.4882 0.6545
vt 0.4961 0.6545
vt 0.5039 0.6545
vt 0.5118 0.6545
vt 0.5197 0.6545
vt 0.5276 0.6545
vt 0.5354 0.6545
vt 0.5433 0.6545
vt 0.5512 0.6545
vt 0.5591 0.6545
vt 0.5669 0.6545
vt 0.5748 0.6545
vt 0.5827 0.6545
vt 0.5906 0.6545
vt 0.5984 0.6545
vt 0.6063 0.6545
vt 0.6142 0.6545
vt 0.6220 0.6545
vt 0.6299 0.6545
vt 0.6378 0.6545
vt 0.6457 0.6545
vt 0.6535 0.6545
vt 0.6614 0.6545
vt 0.6693 0.6545
vt 0.6772 0.6545
vt 0.6850 0.6545
vt 0.6929 0.6545
vt 0.7008 0.6545
vt 0.7087 0.6545
vt 0.7165 0.6545
vt 0.7244 0.6545
vt 0.7323 0.6545
vt 0.7402 0.6545
vt 0.7480 0.6545
vt 0.7559 0.6545
vt 0.7638 0.6545
vt 0.7717 0.6545
vt 0.7795 0.6545
vt 0.7874 0.6545
vt 0.7953 0.6545
vt 0.8031 0.6545
vt 0.8110 0.6545
vt 0.8189 0.6545
vt 0.8268 0.6545
vt 0.8346 0.6545
vt 0.8425 0.6545
vt 0.8504 0.6545
vt 0.8583 0.6545
vt 0.8661 0.6545
vt 0.8740 0.6545
vt 0.8819 0.6545
vt 0.8898 0.6545
vt 0.8976 0.6545
vt 0.9055 0.6545
vt 0.9134 0.6545
vt 0.9213 0.6545
vt 0.9291 0.6545
vt 0.9370 0.6545
vt 0.9449 0.6545
vt 0.9528 0.6545
vt 0.9606 0.6545
vt 0.9685 0.6545
vt 0.9764 0.6545
vt 0.9843 0.6545
vt 0.9921 0.6545
vt 1.0000 0.6545
vt 0.0000 0.6364
vt 0.0079 0.6364
vt 0.0157 0.6364
vt 0.0236 0.6364
vt 0.0315 0.6364
vt 0.0394 0.6364
vt 0.0472 0.6364
vt 0.0551 0.6364
vt 0.0630 0.6364
vt 0.0709 0.6364
vt 0.0787 0.6364
vt 0.0866 0.6364
vt 0.0945 0.6364
vt 0.1024 0.6364
vt 0.1102 0.6364
vt 0.1181 0.6364
vt 0.1260 0.6364
vt 0.1339 0.6364
vt 0.1417 0.6364
vt 0.1496 0.6364
vt 0.1575 0.6364
vt 0.1654 0.6364
vt 0.1732 0.6364
vt 0.1811 0.6364
vt 0.1890 0.6364
vt 0.1969 0.6364
vt 0.2047 0.6364
vt 0.2126 0.6364
vt 0.2205 0.6364
vt 0.2283 0.6364
vt 0.2362 0.6364
vt 0.2441 0.6364
vt 0.2520 0.6364
vt 0.2598 0.6364
vt 0.2677 0.6364
vt 0.2756 0.6364
vt 0.2835 0.6364
vt 0.2913 0.6364
vt 0.2992 0.6364
vt 0.3071 0.6364
vt 0.3150 0.6364
vt 0.3228 0.6364
vt 0.3307 0.6364
vt 0.3386 0.6364
vt 0.3465 0.6364
vt 0.3543 0.6364
vt 0.3622 0.6364
vt 0.3701 0.6364
vt 0.3780 0.6364
vt 0.3858 0.6364
vt 0.3937 0.6364
vt 0.4016 0.6364
vt 0.4094 0.6364
vt 0.4173 0.6364
vt 0.4252 0.6364
vt 0.4331 0.6364
vt 0.4409 0.6364
vt 0.4488 0.6364
vt 0.4567 0.6364
vt 0.4646 0.6364
vt 0.4724 0.6364
vt 0.4803 0.6364
vt 0.4882 0.6364
vt 0.4961 0.6364
vt 0.5039 0.6364
vt 0.5118 0.6364
vt 0.5197 0.6364
vt 0.5276 0.6364
vt 0.5354 0.6364
vt 0.5433 0.6364
vt 0.5512 0.6364
vt 0.5591 0.6364
vt 0.5669 0.6364
vt 0.5748 0.6364
vt 0.5827 0.6364
vt 0.5906 0.6364
vt 0.5984 0.6364
vt 0.6063 0.6364
vt 0.6142 0.6364
vt 0.6220 0.6364
vt 0.6299 0.6364
vt 0.6378 0.6364
vt 0.6457 0.6364
vt 0.6535 0.6364
vt 0.6614 0.6364
vt 0.6693 0.6364
vt 0.6772 0.6364
vt 0.6850 0.6364
vt 0.6929 0.6364
vt 0.7008 0.6364
vt 0.7087 0.6364
vt 0.7165 0.6364
vt 0.7244 0.6364
vt 0.7323 0.6364
vt 0.7402 0.6364
vt 0.7480 0.6364
vt 0.7559 0.6364
vt 0.7638 0.6364
vt 0.7717 0.6364
vt 0.7795 0.6364
vt 0.7874 0.6364
vt 0.7953 0.6364
vt 0.8031 0.6364
vt 0.8110 0.6364
vt 0.8189 0.6364
vt 0.8268 0.6364
vt 0.8346 0.6364
vt 0.8425 0.6364
vt 0.8504 0.6364
vt 0.8583 0.6364
vt 0.8661 0.6364
vt 0.8740 0.6364
vt 0.8819 0.6364
vt 0.8898 0.6364
vt 0.8976 0.6364
vt 0.9055 0.6364
vt 0.9134 0.6364
vt 0.9213 0.6364
vt 0.9291 0.6364
vt 0.9370 0.6364
vt 0.9449 0.6364
vt 0.9528 0.6364
vt 0.9606 0.6364
vt 0.9685 0.6364
vt 0.9764 0.6364
vt 0.9843 0.6364
vt 0.9921 0.6364
vt 1.0000 0.6364
vt 0.0000 0.6182
vt 0.0079 0.6182
vt 0.0157 0.6182
vt 0.0236 0.6182
vt 0.0315 0.6182
vt 0.0394 0.6182
vt 0.0472 0.6182
vt 0.0551 0.6182
vt 0.0630 0.6182
vt 0.0709 0.6182
vt 0.0787 0.6182
vt 0.0866 0.6182
vt 0.0945 0.6182
vt 0.1024 0.6182
vt 0.1102 0.6182
vt 0.1181 0.6182
vt 0.1260 0.6182
vt 0.1339 0.6182
vt 0.1417 0.6182
vt 0.1496 0.6182
vt 0.1575 0.6182
vt 0.1654 0.6182
vt 0.1732 0.6182
vt 0.1811 0.6182
vt 0.1890 0.6182
vt 0.1969 0.6182
vt 0.2047 0.6182
vt 0.2126 0.6182
vt 0.2205 0.6182
vt 0.2283 0.6182
vt 0.2362 0.6182
vt 0.2441 0.6182
vt 0.2520 0.6182
vt 0.2598 0.6182
vt 0.2677 0.6182
vt 0.2756 0.6182
vt 0.2835 0.6182
vt 0.2913 0.6182
vt 0.2992 0.6182
vt 0.3071 0.6182
vt 0.3150 0.6182
vt 0.3228 0.6182
vt 0.3307 0.6182
vt 0.3386 0.6182
vt 0.3465 0.6182
vt 0.3543 0.6182
vt 0.3622 0.6182
vt 0.3701 0.6182
vt 0.3780 0.6182
vt 0.3858 0.6182
vt 0.3937 0.6182
vt 0.4016 0.6182
vt 0.4094 0.6182
vt 0.4173 0.6182
vt 0.4252 0.6182
vt 0.4331 0.6182
vt 0.4409 0.6182
vt 0.4488 0.6182
vt 0.4567 0.6182
vt 0.4646 0.6182
vt 0.4724 0.6182
vt 0.4803 0.6182
vt 0.4882 0.6182
vt 0.4961 0.6182
vt 0.5039 0.6182
vt 0.5118 0.6182
vt 0.5197 0.6182
vt 0.5276 0.6182
vt 0.5354 0.6182
vt 0.5433 0.6182
vt 0.5512 0.6182
vt 0.5591 0.6182
vt 0.5669 0.6182
vt 0.5748 0.6182
vt 0.5827 0.6182
vt 0.5906 0.6182
vt 0.5984 0.6182
vt 0.6063 0.6182
vt 0.6142 0.6182
vt 0.6220 0.6182
vt 0.6299 0.6182
vt 0.6378 0.6182
vt 0.6457 0.6182
vt 0.6535 0.6182
vt 0.6614 0.6182
vt 0.6693 0.6182
vt 0.6772 0.6182
vt 0.6850 0.6182
vt 0.6929 0.6182
vt 0.7008 0.6182
vt 0.7087 0.6182
vt 0.7165 0.6182
vt 0.7244 0.6182
vt 0.7323 0.6182
vt 0.7402 0.6182
vt 0.7480 0.6182
vt 0.7559 0.6182
vt 0.7638 0.6182
vt 0.7717 0.6182
vt 0.7795 0.6182
vt 0.7874 0.6182
vt 0.7953 0.6182
vt 0.8031 0.6182
vt 0.8110 0.6182
vt 0.8189 0.6182
vt 0.8268 0.6182
vt 0.8346 0.6182
vt 0.8425 0.6182
vt 0.8504 0.6182
vt 0.8583 0.6182
vt 0.8661 0.6182
vt 0.8740 0.6182
vt 0.8819 0.6182
vt 0.8898 0.6182
vt 0.8976 0.6182
vt 0.9055 0.6182
vt 0.9134 0.6182
vt 0.9213 0.6182
vt 0.9291 0.6182
vt 0.9370 0.6182
vt 0.9449 0.6182
vt 0.9528 0.6182
vt 0.9606 0.6182
vt 0.9685 0.6182
vt 0.9764 0.6182
vt 0.9843 0.6182
vt 0.9921 0.6182
vt 1.0000 0.6182
vt 0.0000 0.6000
vt 0.0079 0.6000
vt 0.0157 0.6000
vt 0.0236 0.6000
vt 0.0315 0.6000
vt 0.0394 0.6000
vt 0.0472 0.6000
vt 0.0551 0.6000
vt 0.0630 0.6000
vt 0.0709 0.6000
vt 0.0787 0.6000
vt 0.0866 0.6000
vt 0.0945 0.6000
vt 0.1024 0.6000
vt 0.1102 0.6000
vt 0.1181 0.6000
vt 0.1260 0.6000
vt 0.1339 0.6000
vt 0.1417 0.6000
vt 0.1496 0.6000
vt 0.1575 0.6000
vt 0.1654 0.6000
vt 0.1732 0.6000
vt 0.1811 0.6000
vt 0.1890 0.6000
vt 0.1969 0.6000
vt 0.2047 0.6000
vt 0.2126 0.6000
vt 0.2205 0.6000
vt 0.2283 0.6000
vt 0.2362 0.6000
vt 0.2441 0.6000
vt 0.2520 0.6000
vt 0.2598 0.6000
vt 0.2677 0.6000
vt 0.2756 0.6000
vt 0.2835 0.6000
vt 0.2913 0.6000
vt 0.2992 0.6000
vt 0.3071 0.6000
vt 0.3150 0.6000
vt 0.3228 0.6000
vt 0.3307 0.6000
vt 0.3386 0.6000
vt 0.3465 0.6000
vt 0.3543 0.6000
vt 0.3622 0.6000
vt 0.3701 0.6000
vt 0.3780 0.6000
vt 0.3858 0.6000
vt 0.3937 0.6000
vt 0.4016 0.6000
vt 0.4094 0.6000
vt 0.4173 0.6000
vt 0.4252 0.6000
vt 0.4331 0.6000
vt 0.4409 0.6000
vt 0.4488 0.6000
vt 0.4567 0.6000
vt 0.4646 0.6000
vt 0.4724 0.6000
vt 0.4803 0.6000
vt 0.4882 0.6000
vt 0.4961 0.6000
vt 0.5039 0.6000
vt 0.5118 0.6000
vt 0.5197 0.6000
vt 0.5276 0.6000
vt 0.5354 0.6000
vt 0.5433 0.6000
vt 0.5512 0.6000
vt 0.5591 0.6000
vt 0.5669 0.6000
vt 0.5748 0.6000
vt 0.5827 0.6000
vt 0.5906 0.6000
vt 0.5984 0.6000
vt 0.6063 0.6000
vt 0.6142 0.6000
vt 0.6220 0.6000
vt 0.6299 0.6000
vt 0.6378 0.6000
vt 0.6457 0.6000
vt 0.6535 0.6000
vt 0.6614 0.6000
vt 0.6693 0.6000
vt 0.6772 0.6000
vt 0.6850 0.6000
vt 0.6929 0.6000
vt 0.7008 0.6000
vt 0.7087 0.6000
vt 0.7165 0.6000
vt 0.7244 0.6000
vt 0.7323 0.6000
vt 0.7402 0.6000
vt 0.7480 0.6000
vt 0.7559 0.6000
vt 0.7638 0.6000
vt 0.7717 0.6000
vt 0.7795 0.6000
vt 0.7874 0.6000
vt 0.7953 0.6000
vt 0.8031 0.6000
vt 0.8110 0.6000
vt 0.8189 0.6000
vt 0.8268 0.6000
vt 0.8346 0.6000
vt 0.8425 0.6000
vt 0.8504 0.6000
vt 0.8583 0.6000
vt 0.8661 0.6000
vt 0.8740 0.6000
vt 0.8819 0.6000
vt 0.8898 0.6000
vt 0.8976 0.6000
vt 0.9055 0.6000
vt 0.9134 0.6000
vt 0.9213 0.6000
vt 0.9291 0.6000
vt 0.9370 0.6000
vt 0.9449 0.6000
vt 0.9528 0.6000
vt 0.9606 0.6000
vt 0.9685 0.6000
vt 0.9764 0.6000
vt 0.9843 0.6000
vt 0.9921 0.6000
vt 1.0000 0.6000
vt 0.0000 0.5818
vt 0.0079 0.5818
vt 0.0157 0.5818
vt 0.0236 0.5818
vt 0.0315 0.5818
vt 0.0394 0.5818
vt 0.0472 0.5818
vt 0.0551 0.5818
vt 0.0630 0.5818
vt 0.0709 0.5818
vt 0.0787 0.5818
vt 0.0866 0.5818
vt 0.0945 0.5818
vt 0.1024 0.5818
vt 0.1102 0.5818
vt 0.1181 0.5818
vt 0.1260 0.5818
vt 0.1339 0.5818
vt 0.1417 0.5818
vt 0.1496 0.5818
vt 0.1575 0.5818
vt 0.1654 0.5818
vt 0.1732 0.5818
vt 0.1811 0.5818
vt 0.1890 0.5818
vt 0.1969 0.5818
vt 0.2047 0.5818
vt 0.2126 0.5818
vt 0.2205 0.5818
vt 0.2283 0.5818
vt 0.2362 0.5818
vt 0.2441 0.5818
vt 0.2520 0.5818
vt 0.2598 0.5818
vt 0.2677 0.5818
vt 0.2756 0.5818
vt 0.2835 0.5818
vt 0.2913 0.5818
vt 0.2992 0.5818
vt 0.3071 0.5818
vt 0.3150 0.5818
vt 0.3228 0.5818
vt 0.3307 0.5818
vt 0.3386 0.5818
vt 0.3465 0.5818
vt 0.3543 0.5818
vt 0.3622 0.5818
vt 0.3701 0.5818
vt 0.3780 0.5818
vt 0.3858 0.5818
vt 0.3937 0.5818
vt 0.4016 0.5818
vt 0.4094 0.5818
vt 0.4173 0.5818
vt 0.4252 0.5818
vt 0.4331 0.5818
vt 0.4409 0.5818
vt 0.4488 0.5818
vt 0.4567 0.5818
vt 0.4646 0.5818
vt 0.4724 0.5818
vt 0.4803 0.5818
vt 0.4882 0.5818
vt 0.4961 0.5818
vt 0.5039 0.5818
vt 0.5118 0.5818
vt 0.5197 0.5818
vt 0.5276 0.5818
vt 0.5354 0.5818
vt 0.5433 0.5818
vt 0.5512 0.5818
vt 0.5591 0.5818
vt 0.5669 0.5818
vt 0.5748 0.5818
vt 0.5827 0.5818
vt 0.5906 0.5818
vt 0.5984 0.5818
vt 0.6063 0.5818
vt 0.6142 0.5818
vt 0.6220 0.5818
vt 0.6299 0.5818
vt 0.6378 0.5818
vt 0.6457 0.5818
vt 0.6535 0.5818
vt 0.6614 0.5818
vt 0.6693 0.5818
vt 0.6772 0.5818
vt 0.6850 0.5818
vt 0.6929 0.5818
vt 0.7008 0.5818
vt 0.7087 0.5818
vt 0.7165 0.5818
vt 0.7244 0.5818
vt 0.7323 0.5818
vt 0.7402 0.5818
vt 0.7480 0.5818
vt 0.7559 0.5818
vt 0.7638 0.5818
vt 0.7717 0.5818
vt 0.7795 0.5818
vt 0.7874 0.5818
vt 0.7953 0.5818
vt 0.8031 0.5818
vt 0.8110 0.5818
vt 0.8189 0.5818
vt 0.8268 0.5818
vt 0.8346 0.5818
vt 0.8425 0.5818
vt 0.8504 0.5818
vt 0.8583 0.5818
vt 0.8661 0.5818
vt 0.8740 0.5818
vt 0.8819 0.5818
vt 0.8898 0.5818
vt 0.8976 0.5818
vt 0.9055 0.5818
vt 0.9134 0.5818
vt 0.9213 0.5818
vt 0.9291 0.5818
vt 0.9370 0.5818
vt 0.9449 0.5818
vt 0.9528 0.5818
vt 0.9606 0.5818
vt 0.9685 0.5818
vt 0.9764 0.5818
vt 0.9843 0.5818
vt 0.9921 0.5818
vt 1.0000 0.5818
vt 0.0000 0.5636
vt 0.0079 0.5636
vt 0.0157 0.5636
vt 0.0236 0.5636
vt 0.0315 0.5636
vt 0.0394 0.5636
vt 0.0472 0.5636
vt 0.0551 0.5636
vt 0.0630 0.5636
vt 0.0709 0.5636
vt 0.0787 0.5636
vt 0.0866 0.5636
vt 0.0945 0.5636
vt 0.1024 0.5636
vt 0.1102 0.5636
vt 0.1181 0.5636
vt 0.1260 0.5636
vt 0.1339 0.5636
vt 0.1417 0.5636
vt 0.1496 0.5636
vt 0.1575 0.5636
vt 0.1654 0.5636
vt 0.1732 0.5636
vt 0.1811 0.5636
vt 0.1890 0.5636
vt 0.1969 0.5636
vt 0.2047 0.5636
vt 0.2126 0.5636
vt 0.2205 0.5636
vt 0.2283 0.5636
vt 0.2362 0.5636
vt 0.2441 0.5636
vt 0.2520 0.5636
vt 0.2598 0.5636
vt 0.2677 0.5636
vt 0.2756 0.5636
vt 0.2835 0.5636
vt 0.2913 0.5636
vt 0.2992 0.5636
vt 0.3071 0.5636
vt 0.3150 0.5636
vt 0.3228 0.5636
vt 0.3307 0.5636
vt 0.3386 0.5636
vt 0.3465 0.5636
vt 0.3543 0.5636
vt 0.3622 0.5636
vt 0.3701 0.5636
vt 0.3780 0.5636
vt 0.3858 0.5636
vt 0.3937 0.5636
vt 0.4016 0.5636
vt 0.4094 0.5636
vt 0.4173 0.5636
vt 0.4252 0.5636
vt 0.4331 0.5636
vt 0.4409 0.5636
vt 0.4488 0.5636
vt 0.4567 0.5636
vt 0.4646 0.5636
vt 0.4724 0.5636
vt 0.4803 0.5636
vt 0.4882 0.5636
vt 0.4961 0.5636
vt 0.5039 0.5636
vt 0.5118 0.5636
vt 0.5197 0.5636
vt 0.5276 0.5636
vt 0.5354 0.5636
vt 0.5433 0.5636
vt 0.5512 0.5636
vt 0.5591 0.5636
vt 0.5669 0.5636
vt 0.5748 0.5636
vt 0.5827 0.5636
vt 0.5906 0.5636
vt 0.5984 0.5636
vt 0.6063 0.5636
vt 0.6142 0.5636
vt 0.6220 0.5636
vt 0.6299 0.5636
vt 0.6378 0.5636
vt 0.6457 0.5636
vt 0.6535 0.5636
vt 0.6614 0.5636
vt 0.6693 0.5636
vt 0.6772 0.5636
vt 0.6850 0.5636
vt 0.6929 0.5636
vt 0.7008 0.5636
vt 0.7087 0.5636
vt 0.7165 0.5636
vt 0.7244 0.5636
vt 0.7323 0.5636
vt 0.7402 0.5636
vt 0.7480 0.5636
vt 0.7559 0.5636
vt 0.7638 0.5636
vt 0.7717 0.5636
vt 0.7795 0.5636
vt 0.7874 0.5636
vt 0.7953 0.5636
vt 0.8031 0.5636
vt 0.8110 0.5636
vt 0.8189 0.5636
vt 0.8268 0.5636
vt 0.8346 0.5636
vt 0.8425 0.5636
vt 0.8504 0.5636
vt 0.8583 0.5636
vt 0.8661 0.5636
vt 0.8740 0.5636
vt 0.8819 0.5636
vt 0.8898 0.5636
vt 0.8976 0.5636
vt 0.9055 0.5636
vt 0.9134 0.5636
vt 0.9213 0.5636
vt 0.9291 0.5636
vt 0.9370 0.5636
vt 0.9449 0.5636
vt 0.9528 0.5636
vt 0.9606 0.5636
vt 0.9685 0.5636
vt 0.9764 0.5636
vt 0.9843 0.5636
vt 0.9921 0.5636
vt 1.0000 0.5636
vt 0.0000 0.5455
vt 0.0079 0.5455
vt 0.0157 0.5455
vt 0.0236 0.5455
vt 0.0315 0.5455
vt 0.0394 0.5455
vt 0.0472 0.5455
vt 0.0551 0.5455
vt 0.0630 0.5455
vt 0.0709 0.5455
vt 0.0787 0.5455
vt 0.0866 0.5455
vt 0.0945 0.5455
vt 0.1024 0.5455
vt 0.1102 0.5455
vt 0.1181 0.5455
vt 0.1260 0.5455
vt 0.1339 0.5455
vt 0.1417 0.5455
vt 0.1496 0.5455
vt 0.1575 0.5455
vt 0.1654 0.5455
vt 0.1732 0.5455
vt 0.1811 0.5455
vt 0.1890 0.5455
vt 0.1969 0.5455
vt 0.2047 0.5455
vt 0.2126 0.5455
vt 0.2205 0.5455
vt 0.2283 0.5455
vt 0.2362 0.5455
vt 0.2441 0.5455
vt 0.2520 0.5455
vt 0.2598 0.5455
vt 0.2677 0.5455
vt 0.2756 0.5455
vt 0.2835 0.5455
vt 0.2913 0.5455
vt 0.2992 0.5455
vt 0.3071 0.5455
vt 0.3150 0.5455
vt 0.3228 0.5455
vt 0.3307 0.5455
vt 0.3386 0.5455
vt 0.3465 0.5455
vt 0.3543 0.5455
vt 0.3622 0.5455
vt 0.3701 0.5455
vt 0.3780 0.5455
vt 0.3858 0.5455
vt 0.3937 0.5455
vt 0.4016 0.5455
vt 0.4094 0.5455
vt 0.4173 0.5455
vt 0.4252 0.5455
vt 0.4331 0.5455
vt 0.4409 0.5455
vt 0.4488 0.5455
vt 0.4567 0.5455
vt 0.4646 0.5455
vt 0.4724 0.5455
vt 0.4803 0.5455
vt 0.4882 0.5455
vt 0.4961 0.5455
vt 0.5039 0.5455
vt 0.5118 0.5455
vt 0.5197 0.5455
vt 0.5276 0.5455
vt 0.5354 0.5455
vt 0.5433 0.5455
vt 0.5512 0.5455
vt 0.5591 0.5455
vt 0.5669 0.5455
vt 0.5748 0.5455
vt 0.5827 0.5455
vt 0.5906 0.5455
vt 0.5984 0.5455
vt 0.6063 0.5455
vt 0.6142 0.5455
vt 0.6220 0.5455
vt 0.6299 0.5455
vt 0.6378 0.5455
vt 0.6457 0.5455
vt 0.6535 0.5455
vt 0.6614 0.5455
vt 0.6693 0.5455
vt 0.6772 0.5455
vt 0.6850 0.5455
vt 0.6929 0.5455
vt 0.7008 0.5455
vt 0.7087 0.5455
vt 0.7165 0.5455
vt 0.7244 0.5455
vt 0.7323 0.5455
vt 0.7402 0.5455
vt 0.7480 0.5455
vt 0.7559 0.5455
vt 0.7638 0.5455
vt 0.7717 0.5455
vt 0.7795 0.5455
vt 0.7874 0.5455
vt 0.7953 0.5455
vt 0.8031 0.5455
vt 0.8110 0.5455
vt 0.8189 0.5455
vt 0.8268 0.5455
vt 0.8346 0.5455
vt 0.8425 0.5455
vt 0.8504 0.5455
vt 0.8583 0.5455
vt 0.8661 0.5455
vt 0.8740 0.5455
vt 0.8819 0.5455
vt 0.8898 0.5455
vt 0.8976 0.5455
vt 0.9055 0.5455
vt 0.9134 0.5455
vt 0.9213 0.5455
vt 0.9291 0.5455
vt 0.9370 0.5455
vt 0.9449 0.5455
vt 0.9528 0.5455
vt 0.9606 0.5455
vt 0.9685 0.5455
vt 0.9764 0.5455
vt 0.9843 0.5455
vt 0.9921 0.5455
vt 1.0000 0.5455
vt 0.0000 0.5273
vt 0.0079 0.5273
vt 0.0157 0.5273
vt 0.0236 0.5273
vt 0.0315 0.5273
vt 0.0394 0.5273
vt 0.0472 0.5273
vt 0.0551 0.5273
vt 0.0630 0.5273
vt 0.0709 0.5273
vt 0.0787 0.5273
vt 0.0866 0.5273
vt 0.0945 0.5273
vt 0.1024 0.5273
vt 0.1102 0.5273
vt 0.1181 0.5273
vt 0.1260 0.5273
vt 0.1339 0.5273
vt 0.1417 0.5273
vt 0.1496 0.5273
vt 0.1575 0.5273
vt 0.1654 0.5273
vt 0.1732 0.5273
vt 0.1811 0.5273
vt 0.1890 0.5273
vt 0.1969 0.5273
vt 0.2047 0.5273
vt 0.2126 0.5273
vt 0.2205 0.5273
vt 0.2283 0.5273
vt 0.2362 0.5273
vt 0.2441 0.5273
vt 0.2520 0.5273
vt 0.2598 0.5273
vt 0.2677 0.5273
vt 0.2756 0.5273
vt 0.2835 0.5273
vt 0.2913 0.5273
vt 0.2992 0.5273
vt 0.3071 0.5273
vt 0.3150 0.5273
vt 0.3228 0.5273
vt 0.3307 0.5273
vt 0.3386 0.5273
vt 0.3465 0.5273
vt 0.3543 0.5273
vt 0.3622 0.5273
vt 0.3701 0.5273
vt 0.3780 0.5273
vt 0.3858 0.5273
vt 0.3937 0.5273
vt 0.4016 0.5273
vt 0.4094 0.5273
vt 0.4173 0.5273
vt 0.4252 0.5273
vt 0.4331 0.5273
vt 0.4409 0.5273
vt 0.4488 0.5273
vt 0.4567 0.5273
vt 0.4646 0.5273
vt 0.4724 0.5273
vt 0.4803 0.5273
vt 0.4882 0.5273
vt 0.4961 0.5273
vt 0.5039 0.5273
vt 0.5118 0.5273
vt 0.5197 0.5273
vt 0.5276 0.5273
vt 0.5354 0.5273
vt 0.5433 0.5273
vt 0.5512 0.5273
vt 0.5591 0.5273
vt 0.5669 0.5273
vt 0.5748 0.5273
vt 0.5827 0.5273
vt 0.5906 0.5273
vt 0.5984 0.5273
vt 0.6063 0.5273
vt 0.6142 0.5273
vt 0.6220 0.5273
vt 0.6299 0.5273
vt 0.6378 0.5273
vt 0.6457 0.5273
vt 0.6535 0.5273
vt 0.6614 0.5273
vt 0.6693 0.5273
vt 0.6772 0.5273
vt 0.6850 0.5273
vt 0.6929 0.5273
vt 0.7008 0.5273
vt 0.7087 0.5273
vt 0.7165 0.5273
vt 0.7244 0.5273
vt 0.7323 0.5273
vt 0.7402 0.5273
vt 0.7480 0.5273
vt 0.7559 0.5273
vt 0.7638 0.5273
vt 0.7717 0.5273
vt 0.7795 0.5273
vt 0.7874 0.5273
vt 0.7953 0.5273
vt 0.8031 0.5273
vt 0.8110 0.5273
vt 0.8189 0.5273
vt 0.8268 0.5273
vt 0.8346 0.5273
vt 0.8425 0.5273
vt 0.8504 0.5273
vt 0.8583 0.5273
vt 0.8661 0.5273
vt 0.8740 0.5273
vt 0.8819 0.5273
vt 0.8898 0.5273
vt 0.8976 0.5273
vt 0.9055 0.5273
vt 0.9134 0.5273
vt 0.9213 0.5273
vt 0.9291 0.5273
vt 0.9370 0.5273
vt 0.9449 0.5273
vt 0.9528 0.5273
vt 0.9606 0.5273
vt 0.9685 0.5273
vt 0.9764 0.5273
vt 0.9843 0.5273
vt 0.9921 0.5273
vt 1.0000 0.5273
vt 0.0000 0.5091
vt 0.0079 0.5091
vt 0.0157 0.5091
vt 0.0236 0.5091
vt 0.0315 0.5091
vt 0.0394 0.5091
vt 0.0472 0.5091
vt 0.0551 0.5091
vt 0.0630 0.5091
vt 0.0709 0.5091
vt 0.0787 0.5091
vt 0.0866 0.5091
vt 0.0945 0.5091
vt 0.1024 0.5091
vt 0.1102 0.5091
vt 0.1181 0.5091
vt 0.1260 0.5091
vt 0.1339 0.5091
vt 0.1417 0.5091
vt 0.1496 0.5091
vt 0.1575 0.5091
vt 0.1654 0.5091
vt 0.1732 0.5091
vt 0.1811 0.5091
vt 0.1890 0.5091
vt 0.1969 0.5091
vt 0.2047 0.5091
vt 0.2126 0.5091
vt 0.2205 0.5091
vt 0.2283 0.5091
vt 0.2362 0.5091
vt 0.2441 0.5091
vt 0.2520 0.5091
vt 0.2598 0.5091
vt 0.2677 0.5091
vt 0.2756 0.5091
vt 0.2835 0.5091
vt 0.2913 0.5091
vt 0.2992 0.5091
vt 0.3071 0.5091
vt 0.3150 0.5091
vt 0.3228 0.5091
vt 0.3307 0.5091
vt 0.3386 0.5091
vt 0.3465 0.5091
vt 0.3543 0.5091
vt 0.3622 0.5091
vt 0.3701 0.5091
vt 0.3780 0.5091
vt 0.3858 0.5091
vt 0.3937 0.5091
vt 0.4016 0.5091
vt 0.4094 0.5091
vt 0.4173 0.5091
vt 0.4252 0.5091
vt 0.4331 0.5091
vt 0.4409 0.5091
vt 0.4488 0.5091
vt 0.4567 0.5091
vt 0.4646 0.5091
vt 0.4724 0.5091
vt 0.4803 0.5091
vt 0.4882 0.5091
vt 0.4961 0.5091
vt 0.5039 0.5091
vt 0.5118 0.5091
vt 0.5197 0.5091
vt 0.5276 0.5091
vt 0.5354 0.5091
vt 0.5433 0.5091
vt 0.5512 0.5091
vt 0.5591 0.5091
vt 0.5669 0.5091
vt 0.5748 0.5091
vt 0.5827 0.5091
vt 0.5906 0.5091
vt 0.5984 0.5091
vt 0.6063 0.5091
vt 0.6142 0.5091
vt 0.6220 0.5091
vt 0.6299 0.5091
vt 0.6378 0.5091
vt 0.6457 0.5091
vt 0.6535 0.5091
vt 0.6614 0.5091
vt 0.6693 0.5091
vt 0.6772 0.5091
vt 0.6850 0.5091
vt 0.6929 0.5091
vt 0.7008 0.5091
vt 0.7087 0.5091
vt 0.7165 0.5091
vt 0.7244 0.5091
vt 0.7323 0.5091
vt 0.7402 0.5091
vt 0.7480 0.5091
vt 0.7559 0.5091
vt 0.7638 0.5091
vt 0.7717 0.5091
vt 0.7795 0.5091
vt 0.7874 0.5091
vt 0.7953 0.5091
vt 0.8031 0.5091
vt 0.8110 0.5091
vt 0.8189 0.5091
vt 0.8268 0.5091
vt 0.8346 0.5091
vt 0.8425 0.5091
vt 0.8504 0.5091
vt 0.8583 0.5091
vt 0.8661 0.5091
vt 0.8740 0.5091
vt 0.8819 0.5091
vt 0.8898 0.5091
vt 0.8976 0.5091
vt 0.9055 0.5091
vt 0.9134 0.5091
vt 0.9213 0.5091
vt 0.9291 0.5091
vt 0.9370 0.5091
vt 0.9449 0.5091
vt 0.9528 0.5091
vt 0.9606 0.5091
vt 0.9685 0.5091
vt 0.9764 0.5091
vt 0.9843 0.5091
vt 0.9921 0.5091
vt 1.0000 0.5091
vt 0.0000 0.4909
vt 0.0079 0.4909
vt 0.0157 0.4909
vt 0.0236 0.4909
vt 0.0315 0.4909
vt 0.0394 0.4909
vt 0.0472 0.4909
vt 0.0551 0.4909
vt 0.0630 0.4909
vt 0.0709 0.4909
vt 0.0787 0.4909
vt 0.0866 0.4909
vt 0.0945 0.4909
vt 0.1024 0.4909
vt 0.1102 0.4909
vt 0.1181 0.4909
vt 0.1260 0.4909
vt 0.1339 0.4909
vt 0.1417 0.4909
vt 0.1496 0.4909
vt 0.1575 0.4909
vt 0.1654 0.4909
vt 0.1732 0.4909
vt 0.1811 0.4909
vt 0.1890 0.4909
vt 0.1969 0.4909
vt 0.2047 0.4909
vt 0.2126 0.4909
vt 0.2205 0.4909
vt 0.2283 0.4909
vt 0.2362 0.4909
vt 0.2441 0.4909
vt 0.2520 0.4909
vt 0.2598 0.4909
vt 0.2677 0.4909
vt 0.2756 0.4909
vt 0.2835 0.4909
vt 0.2913 0.4909
vt 0.2992 0.4909
vt 0.3071 0.4909
vt 0.3150 0.4909
vt 0.3228 0.4909
vt 0.3307 0.4909
vt 0.3386 0.4909
vt 0.3465 0.4909
vt 0.3543 0.4909
vt 0.3622 0.4909
vt 0.3701 0.4909
vt 0.3780 0.4909
vt 0.3858 0.4909
vt 0.3937 0.4909
vt 0.4016 0.4909
vt 0.4094 0.4909
vt 0.4173 0.4909
vt 0.4252 0.4909
vt 0.4331 0.4909
vt 0.4409 0.4909
vt 0.4488 0.4909
vt 0.4567 0.4909
vt 0.4646 0.4909
vt 0.4724 0.4909
vt 0.4803 0.4909
vt 0.4882 0.4909
vt 0.4961 0.4909
vt 0.5039 0.4909
vt 0.5118 0.4909
vt 0.5197 0.4909
vt 0.5276 0.4909
vt 0.5354 0.4909
vt 0.5433 0.4909
vt 0.5512 0.4909
vt 0.5591 0.4909
vt 0.5669 0.4909
vt 0.5748 0.4909
vt 0.5827 0.4909
vt 0.5906 0.4909
vt 0.5984 0.4909
vt 0.6063 0.4909
vt 0.6142 0.4909
vt 0.6220 0.4909
vt 0.6299 0.4909
vt 0.6378 0.4909
vt 0.6457 0.4909
vt 0.6535 0.4909
vt 0.6614 0.4909
vt 0.6693 0.4909
vt 0.6772 0.4909
vt 0.6850 0.4909
vt 0.6929 0.4909
vt 0.7008 0.4909
vt 0.7087 0.4909
vt 0.7165 0.4909
vt 0.7244 0.4909
vt 0.7323 0.4909
vt 0.7402 0.4909
vt 0.7480 0.4909
vt 0.7559 0.4909
vt 0.7638 0.4909
vt 0.7717 0.4909
vt 0.7795 0.4909
vt 0.7874 0.4909
vt 0.7953 0.4909
vt 0.8031 0.4909
vt 0.8110 0.4909
vt 0.8189 0.4909
vt 0.8268 0.4909
vt 0.8346 0.4909
vt 0.8425 0.4909
vt 0.8504 0.4909
vt 0.8583 0.4909
vt 0.8661 0.4909
vt 0.8740 0.4909
vt 0.8819 0.4909
vt 0.8898 0.4909
vt 0.8976 0.4909
vt 0.9055 0.4909
vt 0.9134 0.4909
vt 0.9213 0.4909
vt 0.9291 0.4909
vt 0.9370 0.4909
vt 0.9449 0.4909
vt 0.9528 0.4909
vt 0.9606 0.4909
vt 0.9685 0.4909
vt 0.9764 0.4909
vt 0.9843 0.4909
vt 0.9921 0.4909
vt 1.0000 0.4909
vt 0.0000 0.4727
vt 0.0079 0.4727
vt 0.0157 0.4727
vt 0.0236 0.4727
vt 0.0315 0.4727
vt 0.0394 0.4727
vt 0.0472 0.4727
vt 0.0551 0.4727
vt 0.0630 0.4727
vt 0.0709 0.4727
vt 0.0787 0.4727
vt 0.0866 0.4727
vt 0.0945 0.4727
vt 0.1024 0.4727
vt 0.1102 0.4727
vt 0.1181 0.4727
vt 0.1260 0.4727
vt 0.1339 0.4727
vt 0.1417 0.4727
vt 0.1496 0.4727
vt 0.1575 0.4727
vt 0.1654 0.4727
vt 0.1732 0.4727
vt 0.1811 0.4727
vt 0.1890 0.4727
vt 0.1969 0.4727
vt 0.2047 0.4727
vt 0.2126 0.4727
vt 0.2205 0.4727
vt 0.2283 0.4727
vt 0.2362 0.4727
vt 0.2441 0.4727
vt 0.2520 0.4727
vt 0.2598 0.4727
vt 0.2677 0.4727
vt 0.2756 0.4727
vt 0.2835 0.4727
vt 0.2913 0.4727
vt 0.2992 0.4727
vt 0.3071 0.4727
vt 0.3150 0.4727
vt 0.3228 0.4727
vt 0.3307 0.4727
vt 0.3386 0.4727
vt 0.3465 0.4727
vt 0.3543 0.4727
vt 0.3622 0.4727
vt 0.3701 0.4727
vt 0.3780 0.4727
vt 0.3858 0.4727
vt 0.3937 0.4727
vt 0.4016 0.4727
vt 0.4094 0.4727
vt 0.4173 0.4727
vt 0.4252 0.4727
vt 0.4331 0.4727
vt 0.4409 0.4727
vt 0.4488 0.4727
vt 0.4567 0.4727
vt 0.4646 0.4727
vt 0.4724 0.4727
vt 0.4803 0.4727
vt 0.4882 0.4727
vt 0.4961 0.4727
vt 0.5039 0.4727
vt 0.5118 0.4727
vt 0.5197 0.4727
vt 0.5276 0.4727
vt 0.5354 0.4727
vt 0.5433 0.4727
vt 0.5512 0.4727
vt 0.5591 0.4727
vt 0.5669 0.4727
vt 0.5748 0.4727
vt 0.5827 0.4727
vt 0.5906 0.4727
vt 0.5984 0.4727
vt 0.6063 0.4727
vt 0.6142 0.4727
vt 0.6220 0.4727
vt 0.6299 0.4727
vt 0.6378 0.4727
vt 0.6457 0.4727
vt 0.6535 0.4727
vt 0.6614 0.4727
vt 0.6693 0.4727
vt 0.6772 0.4727
vt 0.6850 0.4727
vt 0.6929 0.4727
vt 0.7008 0.4727
vt 0.7087 0.4727
vt 0.7165 0.4727
vt 0.7244 0.4727
vt 0.7323 0.4727
vt 0.7402 0.4727
vt 0.7480 0.4727
vt 0.7559 0.4727
vt 0.7638 0.4727
vt 0.7717 0.4727
vt 0.7795 0.4727
vt 0.7874 0.4727
vt 0.7953 0.4727
vt 0.8031 0.4727
vt 0.8110 0.4727
vt 0.8189 0.4727
vt 0.8268 0.4727
vt 0.8346 0.4727
vt 0.8425 0.4727
vt 0.8504 0.4727
vt 0.8583 0.4727
vt 0.8661 0.4727
vt 0.8740 0.4727
vt 0.8819 0.4727
vt 0.8898 0.4727
vt 0.8976 0.4727
vt 0.9055 0.4727
vt 0.9134 0.4727
vt 0.9213 0.4727
vt 0.9291 0.4727
vt 0.9370 0.4727
vt 0.9449 0.4727
vt 0.9528 0.4727
vt 0.9606 0.4727
vt 0.9685 0.4727
vt 0.9764 0.4727
vt 0.9843 0.4727
vt 0.9921 0.4727
vt 1.0000 0.4727
vt 0.0000 0.4545
vt 0.0079 0.4545
vt 0.0157 0.4545
vt 0.0236 0.4545
vt 0.0315 0.4545
vt 0.0394 0.4545
vt 0.0472 0.4545
vt 0.0551 0.4545
vt 0.0630 0.4545
vt 0.0709 0.4545
vt 0.0787 0.4545
vt 0.0866 0.4545
vt 0.0945 0.4545
vt 0.1024 0.4545
vt 0.1102 0.4545
vt 0.1181 0.4545
vt 0.1260 0.4545
vt 0.1339 0.4545
vt 0.1417 0.4545
vt 0.1496 0.4545
vt 0.1575 0.4545
vt 0.1654 0.4545
vt 0.1732 0.4545
vt 0.1811 0.4545
vt 0.1890 0.4545
vt 0.1969 0.4545
vt 0.2047 0.4545
vt 0.2126 0.4545
vt 0.2205 0.4545
vt 0.2283 0.4545
vt 0.2362 0.4545
vt 0.2441 0.4545
vt 0.2520 0.4545
vt 0.2598 0.4545
vt 0.2677 0.4545
vt 0.2756 0.4545
vt 0.2835 0.4545
vt 0.2913 0.4545
vt 0.2992 0.4545
vt 0.3071 0.4545
vt 0.3150 0.4545
vt 0.3228 0.4545
vt 0.3307 0.4545
vt 0.3386 0.4545
vt 0.3465 0.4545
vt 0.3543 0.4545
vt 0.3622 0.4545
vt 0.3701 0.4545
vt 0.3780 0.4545
vt 0.3858 0.4545
vt 0.3937 0.4545
vt 0.4016 0.4545
vt 0.4094 0.4545
vt 0.4173 0.4545
vt 0.4252 0.4545
vt 0.4331 0.4545
vt 0.4409 0.4545
vt 0.4488 0.4545
vt 0.4567 0.4545
vt 0.4646 0.4545
vt 0.4724 0.4545
vt 0.4803 0.4545
vt 0.4882 0.4545
vt 0.4961 0.4545
vt 0.5039 0.4545
vt 0.5118 0.4545
vt 0.5197 0.4545
vt 0.5276 0.4545
vt 0.5354 0.4545
vt 0.5433 0.4545
vt 0.5512 0.4545
vt 0.5591 0.4545
vt 0.5669 0.4545
vt 0.5748 0.4545
vt 0.5827 0.4545
vt 0.5906 0.4545
vt 0.5984 0.4545
vt 0.6063 0.4545
vt 0.6142 0.4545
vt 0.6220 0.4545
vt 0.6299 0.4545
vt 0.6378 0.4545
vt 0.6457 0.4545
vt 0.6535 0.4545
vt 0.6614 0.4545
vt 0.6693 0.4545
vt 0.6772 0.4545
vt 0.6850 0.4545
vt 0.6929 0.4545
vt 0.7008 0.4545
vt 0.7087 0.4545
vt 0.7165 0.4545
vt 0.7244 0.4545
vt 0.7323 0.4545
vt 0.7402 0.4545
vt 0.7480 0.4545
vt 0.7559 0.4545
vt 0.7638 0.4545
vt 0.7717 0.4545
vt 0.7795 0.4545
vt 0.7874 0.4545
vt 0.7953 0.4545
vt 0.8031 0.4545
vt 0.8110 0.4545
vt 0.8189 0.4545
vt 0.8268 0.4545
vt 0.8346 0.4545
vt 0.8425 0.4545
vt 0.8504 0.4545
vt 0.8583 0.4545
vt 0.8661 0.4545
vt 0.8740 0.4545
vt 0.8819 0.4545
vt 0.8898 0.4545
vt 0.8976 0.4545
vt 0.9055 0.4545
vt 0.9134 0.4545
vt 0.9213 0.4545
vt 0.9291 0.4545
vt 0.9370 0.4545
vt 0.9449 0.4545
vt 0.9528 0.4545
vt 0.9606 0.4545
vt 0.9685 0.4545
vt 0.9764 0.4545
vt 0.9843 0.4545
vt 0.9921 0.4545
vt 1.0000 0.4545
vt 0.0000 0.4364
vt 0.0079 0.4364
vt 0.0157 0.4364
vt 0.0236 0.4364
vt 0.0315 0.4364
vt 0.0394 0.4364
vt 0.0472 0.4364
vt 0.0551 0.4364
vt 0.0630 0.4364
vt 0.0709 0.4364
vt 0.0787 0.4364
vt 0.0866 0.4364
vt 0.0945 0.4364
vt 0.1024 0.4364
vt 0.1102 0.4364
vt 0.1181 0.4364
vt 0.1260 0.4364
vt 0.1339 0.4364
vt 0.1417 0.4364
vt 0.1496 0.4364
vt 0.1575 0.4364
vt 0.1654 0.4364
vt 0.1732 0.4364
vt 0.1811 0.4364
vt 0.1890 0.4364
vt 0.1969 0.4364
vt 0.2047 0.4364
vt 0.2126 0.4364
vt 0.2205 0.4364
vt 0.2283 0.4364
vt 0.2362 0.4364
vt 0.2441 0.4364
vt 0.2520 0.4364
vt 0.2598 0.4364
vt 0.2677 0.4364
vt 0.2756 0.4364
vt 0.2835 0.4364
vt 0.2913 0.4364
vt 0.2992 0.4364
vt 0.3071 0.4364
vt 0.3150 0.4364
vt 0.3228 0.4364
vt 0.3307 0.4364
vt 0.3386 0.4364
vt 0.3465 0.4364
vt 0.3543 0.4364
vt 0.3622 0.4364
vt 0.3701 0.4364
vt 0.3780 0.4364
vt 0.3858 0.4364
vt 0.3937 0.4364
vt 0.4016 0.4364
vt 0.4094 0.4364
vt 0.4173 0.4364
vt 0.4252 0.4364
vt 0.4331 0.4364
vt 0.4409 0.4364
vt 0.4488 0.4364
vt 0.4567 0.4364
vt 0.4646 0.4364
vt 0.4724 0.4364
vt 0.4803 0.4364
vt 0.4882 0.4364
vt 0.4961 0.4364
vt 0.5039 0.4364
vt 0.5118 0.4364
vt 0.5197 0.4364
vt 0.5276 0.4364
vt 0.5354 0.4364
vt 0.5433 0.4364
vt 0.5512 0.4364
vt 0.5591 0.4364
vt 0.5669 0.4364
vt 0.5748 0.4364
vt 0.5827 0.4364
vt 0.5906 0.4364
vt 0.5984 0.4364
vt 0.6063 0.4364
vt 0.6142 0.4364
vt 0.6220 0.4364
vt 0.6299 0.4364
vt 0.6378 0.4364
vt 0.6457 0.4364
vt 0.6535 0.4364
vt 0.6614 0.4364
vt 0.6693 0.4364
vt 0.6772 0.4364
vt 0.6850 0.4364
vt 0.6929 0.4364
vt 0.7008 0.4364
vt 0.7087 0.4364
vt 0.7165 0.4364
vt 0.7244 0.4364
vt 0.7323 0.4364
vt 0.7402 0.4364
vt 0.7480 0.4364
vt 0.7559 0.4364
vt 0.7638 0.4364
vt 0.7717 0.4364
vt 0.7795 0.4364
vt 0.7874 0.4364
vt 0.7953 0.4364
vt 0.8031 0.4364
vt 0.8110 0.4364
vt 0.8189 0.4364
vt 0.8268 0.4364
vt 0.8346 0.4364
vt 0.8425 0.4364
vt 0.8504 0.4364
vt 0.8583 0.4364
vt 0.8661 0.4364
vt 0.8740 0.4364
vt 0.8819 0.4364
vt 0.8898 0.4364
vt 0.8976 0.4364
vt 0.9055 0.4364
vt 0.9134 0.4364
vt 0.9213 0.4364
vt 0.9291 0.4364
vt 0.9370 0.4364
vt 0.9449 0.4364
vt 0.9528 0.4364
vt 0.9606 0.4364
vt 0.9685 0.4364
vt 0.9764 0.4364
vt 0.9843 0.4364
vt 0.9921 0.4364
vt 1.0000 0.4364
vt 0.0000 0.4182
vt 0.0079 0.4182
vt 0.0157 0.4182
vt 0.0236 0.4182
vt 0.0315 0.4182
vt 0.0394 0.4182
vt 0.0472 0.4182
vt 0.0551 0.4182
vt 0.0630 0.4182
vt 0.0709 0.4182
vt 0.0787 0.4182
vt 0.0866 0.4182
vt 0.0945 0.4182
vt 0.1024 0.4182
vt 0.1102 0.4182
vt 0.1181 0.4182
vt 0.1260 0.4182
vt 0.1339 0.4182
vt 0.1417 0.4182
vt 0.1496 0.4182
vt 0.1575 0.4182
vt 0.1654 0.4182
vt 0.1732 0.4182
vt 0.1811 0.4182
vt 0.1890 0.4182
vt 0.1969 0.4182
vt 0.2047 0.4182
vt 0.2126 0.4182
vt 0.2205 0.4182
vt 0.2283 0.4182
vt 0.2362 0.4182
vt 0.2441 0.4182
vt 0.2520 0.4182
vt 0.2598 0.4182
vt 0.2677 0.4182
vt 0.2756 0.4182
vt 0.2835 0.4182
vt 0.2913 0.4182
vt 0.2992 0.4182
vt 0.3071 0.4182
vt 0.3150 0.4182
vt 0.3228 0.4182
vt 0.3307 0.4182
vt 0.3386 0.4182
vt 0.3465 0.4182
vt 0.3543 0.4182
vt 0.3622 0.4182
vt 0.3701 0.4182
vt 0.3780 0.4182
vt 0.3858 0.4182
vt 0.3937 0.4182
vt 0.4016 0.4182
vt 0.4094 0.4182
vt 0.4173 0.4182
vt 0.4252 0.4182
vt 0.4331 0.4182
vt 0.4409 0.4182
vt 0.4488 0.4182
vt 0.4567 0.4182
vt 0.4646 0.4182
vt 0.4724 0.4182
vt 0.4803 0.4182
vt 0.4882 0.4182
vt 0.4961 0.4182
vt 0.5039 0.4182
vt 0.5118 0.4182
vt 0.5197 0.4182
vt 0.5276 0.4182
vt 0.5354 0.4182
vt 0.5433 0.4182
vt 0.5512 0.4182
vt 0.5591 0.4182
vt 0.5669 0.4182
vt 0.5748 0.4182
vt 0.5827 0.4182
vt 0.5906 0.4182
vt 0.5984 0.4182
vt 0.6063 0.4182
vt 0.6142 0.4182
vt 0.6220 0.4182
vt 0.6299 0.4182
vt 0.6378 0.4182
vt 0.6457 0.4182
vt 0.6535 0.4182
vt 0.6614 0.4182
vt 0.6693 0.4182
vt 0.6772 0.4182
vt 0.6850 0.4182
vt 0.6929 0.4182
vt 0.7008 0.4182
vt 0.7087 0.4182
vt 0.7165 0.4182
vt 0.7244 0.4182
vt 0.7323 0.4182
vt 0.7402 0.4182
vt 0.7480 0.4182
vt 0.7559 0.4182
vt 0.7638 0.4182
vt 0.7717 0.4182
vt 0.7795 0.4182
vt 0.7874 0.4182
vt 0.7953 0.4182
vt 0.8031 0.4182
vt 0.8110 0.4182
vt 0.8189 0.4182
vt 0.8268 0.4182
vt 0.8346 0.4182
vt 0.8425 0.4182
vt 0.8504 0.4182
vt 0.8583 0.4182
vt 0.8661 0.4182
vt 0.8740 0.4182
vt 0.8819 0.4182
vt 0.8898 0.4182
vt 0.8976 0.4182
vt 0.9055 0.4182
vt 0.9134 0.4182
vt 0.9213 0.4182
vt 0.9291 0.4182
vt 0.9370 0.4182
vt 0.9449 0.4182
vt 0.9528 0.4182
vt 0.9606 0.4182
vt 0.9685 0.4182
vt 0.9764 0.4182
vt 0.9843 0.4182
vt 0.9921 0.4182
vt 1.0000 0.4182
vt 0.0000 0.4000
vt 0.0079 0.4000
vt 0.0157 0.4000
vt 0.0236 0.4000
vt 0.0315 0.4000
vt 0.0394 0.4000
vt 0.0472 0.4000
vt 0.0551 0.4000
vt 0.0630 0.4000
vt 0.0709 0.4000
vt 0.0787 0.4000
vt 0.0866 0.4000
vt 0.0945 0.4000
vt 0.1024 0.4000
vt 0.1102 0.4000
vt 0.1181 0.4000
vt 0.1260 0.4000
vt 0.1339 0.4000
vt 0.1417 0.4000
vt 0.1496 0.4000
vt 0.1575 0.4000
vt 0.1654 0.4000
vt 0.1732 0.4000
vt 0.1811 0.4000
vt 0.1890 0.4000
vt 0.1969 0.4000
vt 0.2047 0.4000
vt 0.2126 0.4000
vt 0.2205 0.4000
vt 0.2283 0.4000
vt 0.2362 0.4000
vt 0.2441 0.4000
vt 0.2520 0.4000
vt 0.2598 0.4000
vt 0.2677 0.4000
vt 0.2756 0.4000
vt 0.2835 0.4000
vt 0.2913 0.4000
vt 0.2992 0.4000
vt 0.3071 0.4000
vt 0.3150 0.4000
vt 0.3228 0.4000
vt 0.3307 0.4000
vt 0.3386 0.4000
vt 0.3465 0.4000
vt 0.3543 0.4000
vt 0.3622 0.4000
vt 0.3701 0.4000
vt 0.3780 0.4000
vt 0.3858 0.4000
vt 0.3937 0.4000
vt 0.4016 0.4000
vt 0.4094 0.4000
vt 0.4173 0.4000
vt 0.4252 0.4000
vt 0.4331 0.4000
vt 0.4409 0.4000
vt 0.4488 0.4000
vt 0.4567 0.4000
vt 0.4646 0.4000
vt 0.4724 0.4000
vt 0.4803 0.4000
vt 0.4882 0.4000
vt 0.4961 0.4000
vt 0.5039 0.4000
vt 0.5118 0.4000
vt 0.5197 0.4000
vt 0.5276 0.4000
vt 0.5354 0.4000
vt 0.5433 0.4000
vt 0.5512 0.4000
vt 0.5591 0.4000
vt 0.5669 0.4000
vt 0.5748 0.4000
vt 0.5827 0.4000
vt 0.5906 0.4000
vt 0.5984 0.4000
vt 0.6063 0.4000
vt 0.6142 0.4000
vt 0.6220 0.4000
vt 0.6299 0.4000
vt 0.6378 0.4000
vt 0.6457 0.4000
vt 0.6535 0.4000
vt 0.6614 0.4000
vt 0.6693 0.4000
vt 0.6772 0.4000
vt 0.6850 0.4000
vt 0.6929 0.4000
vt 0.7008 0.4000
vt 0.7087 0.4000
vt 0.7165 0.4000
vt 0.7244 0.4000
vt 0.7323 0.4000
vt 0.7402 0.4000
vt 0.7480 0.4000
vt 0.7559 0.4000
vt 0.7638 0.4000
vt 0.7717 0.4000
vt 0.7795 0.4000
vt 0.7874 0.4000
vt 0.7953 0.4000
vt 0.8031 0.4000
vt 0.8110 0.4000
vt 0.8189 0.4000
vt 0.8268 0.4000
vt 0.8346 0.4000
vt 0.8425 0.4000
vt 0.8504 0.4000
vt 0.8583 0.4000
vt 0.8661 0.4000
vt 0.8740 0.4000
vt 0.8819 0.4000
vt 0.8898 0.4000
vt 0.8976 0.4000
vt 0.9055 0.4000
vt 0.9134 0.4000
vt 0.9213 0.4000
vt 0.9291 0.4000
vt 0.9370 0.4000
vt 0.9449 0.4000
vt 0.9528 0.4000
vt 0.9606 0.4000
vt 0.9685 0.4000
vt 0.9764 0.4000
vt 0.9843 0.4000
vt 0.9921 0.4000
vt 1.0000 0.4000
vt 0.0000 0.3818
vt 0.0079 0.3818
vt 0.0157 0.3818
vt 0.0236 0.3818
vt 0.0315 0.3818
vt 0.0394 0.3818
vt 0.0472 0.3818
vt 0.0551 0.3818
vt 0.0630 0.3818
vt 0.0709 0.3818
vt 0.0787 0.3818
vt 0.0866 0.3818
vt 0.0945 0.3818
vt 0.1024 0.3818
vt 0.1102 0.3818
vt 0.1181 0.3818
vt 0.1260 0.3818
vt 0.1339 0.3818
vt 0.1417 0.3818
vt 0.1496 0.3818
vt 0.1575 0.3818
vt 0.1654 0.3818
vt 0.1732 0.3818
vt 0.1811 0.3818
vt 0.1890 0.3818
vt 0.1969 0.3818
vt 0.2047 0.3818
vt 0.2126 0.3818
vt 0.2205 0.3818
vt 0.2283 0.3818
vt 0.2362 0.3818
vt 0.2441 0.3818
vt 0.2520 0.3818
vt 0.2598 0.3818
vt 0.2677 0.3818
vt 0.2756 0.3818
vt 0.2835 0.3818
vt 0.2913 0.3818
vt 0.2992 0.3818
vt 0.3071 0.3818
vt 0.3150 0.3818
vt 0.3228 0.3818
vt 0.3307 0.3818
vt 0.3386 0.3818
vt 0.3465 0.3818
vt 0.3543 0.3818
vt 0.3622 0.3818
vt 0.3701 0.3818
vt 0.3780 0.3818
vt 0.3858 0.3818
vt 0.3937 0.3818
vt 0.4016 0.3818
vt 0.4094 0.3818
vt 0.4173 0.3818
vt 0.4252 0.3818
vt 0.4331 0.3818
vt 0.4409 0.3818
vt 0.4488 0.3818
vt 0.4567 0.3818
vt 0.4646 0.3818
vt 0.4724 0.3818
vt 0.4803 0.3818
vt 0.4882 0.3818
vt 0.4961 0.3818
vt 0.5039 0.3818
vt 0.5118 0.3818
vt 0.5197 0.3818
vt 0.5276 0.3818
vt 0.5354 0.3818
vt 0.5433 0.3818
vt 0.5512 0.3818
vt 0.5591 0.3818
vt 0.5669 0.3818
vt 0.5748 0.3818
vt 0.5827 0.3818
vt 0.5906 0.3818
vt 0.5984 0.3818
vt 0.6063 0.3818
vt 0.6142 0.3818
vt 0.6220 0.3818
vt 0.6299 0.3818
vt 0.6378 0.3818
vt 0.6457 0.3818
vt 0.6535 0.3818
vt 0.6614 0.3818
vt 0.6693 0.3818
vt 0.6772 0.3818
vt 0.6850 0.3818
vt 0.6929 0.3818
vt 0.7008 0.3818
vt 0.7087 0.3818
vt 0.7165 0.3818
vt 0.7244 0.3818
vt 0.7323 0.3818
vt 0.7402 0.3818
vt 0.7480 0.3818
vt 0.7559 0.3818
vt 0.7638 0.3818
vt 0.7717 0.3818
vt 0.7795 0.3818
vt 0.7874 0.3818
vt 0.7953 0.3818
vt 0.8031 0.3818
vt 0.8110 0.3818
vt 0.8189 0.3818
vt 0.8268 0.3818
vt 0.8346 0.3818
vt 0.8425 0.3818
vt 0.8504 0.3818
vt 0.8583 0.3818
vt 0.8661 0.3818
vt 0.8740 0.3818
vt 0.8819 0.3818
vt 0.8898 0.3818
vt 0.8976 0.3818
vt 0.9055 0.3818
vt 0.9134 0.3818
vt 0.9213 0.3818
vt 0.9291 0.3818
vt 0.9370 0.3818
vt 0.9449 0.3818
vt 0.9528 0.3818
vt 0.9606 0.3818
vt 0.9685 0.3818
vt 0.9764 0.3818
vt 0.9843 0.3818
vt 0.9921 0.3818
vt 1.0000 0.3818
vt 0.0000 0.3636
vt 0.0079 0.3636
vt 0.0157 0.3636
vt 0.0236 0.3636
vt 0.0315 0.3636
vt 0.0394 0.3636
vt 0.0472 0.3636
vt 0.0551 0.3636
vt 0.0630 0.3636
vt 0.0709 0.3636
vt 0.0787 0.3636
vt 0.0866 0.3636
vt 0.0945 0.3636
vt 0.1024 0.3636
vt 0.1102 0.3636
vt 0.1181 0.3636
vt 0.1260 0.3636
vt 0.1339 0.3636
vt 0.1417 0.3636
vt 0.1496 0.3636
vt 0.1575 0.3636
vt 0.1654 0.3636
vt 0.1732 0.3636
vt 0.1811 0.3636
vt 0.1890 0.3636
vt 0.1969 0.3636
vt 0.2047 0.3636
vt 0.2126 0.3636
vt 0.2205 0.3636
vt 0.2283 0.3636
vt 0.2362 0.3636
vt 0.2441 0.3636
vt 0.2520 0.3636
vt 0.2598 0.3636
vt 0.2677 0.3636
vt 0.2756 0.3636
vt 0.2835 0.3636
vt 0.2913 0.3636
vt 0.2992 0.3636
vt 0.3071 0.3636
vt 0.3150 0.3636
vt 0.3228 0.3636
vt 0.3307 0.3636
vt 0.3386 0.3636
vt 0.3465 0.3636
vt 0.3543 0.3636
vt 0.3622 0.3636
vt 0.3701 0.3636
vt 0.3780 0.3636
vt 0.3858 0.3636
vt 0.3937 0.3636
vt 0.4016 0.3636
vt 0.4094 0.3636
vt 0.4173 0.3636
vt 0.4252 0.3636
vt 0.4331 0.3636
vt 0.4409 0.3636
vt 0.4488 0.3636
vt 0.4567 0.3636
vt 0.4646 0.3636
vt 0.4724 0.3636
vt 0.4803 0.3636
vt 0.4882 0.3636
vt 0.4961 0.3636
vt 0.5039 0.3636
vt 0.5118 0.3636
vt 0.5197 0.3636
vt 0.5276 0.3636
vt 0.5354 0.3636
vt 0.5433 0.3636
vt 0.5512 0.3636
vt 0.5591 0.3636
vt 0.5669 0.3636
vt 0.5748 0.3636
vt 0.5827 0.3636
vt 0.5906 0.3636
vt 0.5984 0.3636
vt 0.6063 0.3636
vt 0.6142 0.3636
vt 0.6220 0.3636
vt 0.6299 0.3636
vt 0.6378 0.3636
vt 0.6457 0.3636
vt 0.6535 0.3636
vt 0.6614 0.3636
vt 0.6693 0.3636
vt 0.6772 0.3636
vt 0.6850 0.3636
vt 0.6929 0.3636
vt 0.7008 0.3636
vt 0.7087 0.3636
vt 0.7165 0.3636
vt 0.7244 0.3636
vt 0.7323 0.3636
vt 0.7402 0.3636
vt 0.7480 0.3636
vt 0.7559 0.3636
vt 0.7638 0.3636
vt 0.7717 0.3636
vt 0.7795 0.3636
vt 0.7874 0.3636
vt 0.7953 0.3636
vt 0.8031 0.3636
vt 0.8110 0.3636
vt 0.8189 0.3636
vt 0.8268 0.3636
vt 0.8346 0.3636
vt 0.8425 0.3636
vt 0.8504 0.3636
vt 0.8583 0.3636
vt 0.8661 0.3636
vt 0.8740 0.3636
vt 0.8819 0.3636
vt 0.8898 0.3636
vt 0.8976 0.3636
vt 0.9055 0.3636
vt 0.9134 0.3636
vt 0.9213 0.3636
vt 0.9291 0.3636
vt 0.9370 0.3636
vt 0.9449 0.3636
vt 0.9528 0.3636
vt 0.9606 0.3636
vt 0.9685 0.3636
vt 0.9764 0.3636
vt 0.9843 0.3636
vt 0.9921 0.3636
vt 1.0000 0.3636
vt 0.0000 0.3455
vt 0.0079 0.3455
vt 0.0157 0.3455
vt 0.0236 0.3455
vt 0.0315 0.3455
vt 0.0394 0.3455
vt 0.0472 0.3455
vt 0.0551 0.3455
vt 0.0630 0.3455
vt 0.0709 0.3455
vt 0.0787 0.3455
vt 0.0866 0.3455
vt 0.0945 0.3455
vt 0.1024 0.3455
vt 0.1102 0.3455
vt 0.1181 0.3455
vt 0.1260 0.3455
vt 0.1339 0.3455
vt 0.1417 0.3455
vt 0.1496 0.3455
vt 0.1575 0.3455
vt 0.1654 0.3455
vt 0.1732 0.3455
vt 0.1811 0.3455
vt 0.1890 0.3455
vt 0.1969 0.3455
vt 0.2047 0.3455
vt 0.2126 0.3455
vt 0.2205 0.3455
vt 0.2283 0.3455
vt 0.2362 0.3455
vt 0.2441 0.3455
vt 0.2520 0.3455
vt 0.2598 0.3455
vt 0.2677 0.3455
vt 0.2756 0.3455
vt 0.2835 0.3455
vt 0.2913 0.3455
vt 0.2992 0.3455
vt 0.3071 0.3455
vt 0.3150 0.3455
vt 0.3228 0.3455
vt 0.3307 0.3455
vt 0.3386 0.3455
vt 0.3465 0.3455
vt 0.3543 0.3455
vt 0.3622 0.3455
vt 0.3701 0.3455
vt 0.3780 0.3455
vt 0.3858 0.3455
vt 0.3937 0.3455
vt 0.4016 0.3455
vt 0.4094 0.3455
vt 0.4173 0.3455
vt 0.4252 0.3455
vt 0.4331 0.3455
vt 0.4409 0.3455
vt 0.4488 0.3455
vt 0.4567 0.3455
vt 0.4646 0.3455
vt 0.4724 0.3455
vt 0.4803 0.3455
vt 0.4882 0.3455
vt 0.4961 0.3455
vt 0.5039 0.3455
vt 0.5118 0.3455
vt 0.5197 0.3455
vt 0.5276 0.3455
vt 0.5354 0.3455
vt 0.5433 0.3455
vt 0.5512 0.3455
vt 0.5591 0.3455
vt 0.5669 0.3455
vt 0.5748 0.3455
vt 0.5827 0.3455
vt 0.5906 0.3455
vt 0.5984 0.3455
vt 0.6063 0.3455
vt 0.6142 0.3455
vt 0.6220 0.3455
vt 0.6299 0.3455
vt 0.6378 0.3455
vt 0.6457 0.3455
vt 0.6535 0.3455
vt 0.6614 0.3455
vt 0.6693 0.3455
vt 0.6772 0.3455
vt 0.6850 0.3455
vt 0.6929 0.3455
vt 0.7008 0.3455
vt 0.7087 0.3455
vt 0.7165 0.3455
vt 0.7244 0.3455
vt 0.7323 0.3455
vt 0.7402 0.3455
vt 0.7480 0.3455
vt 0.7559 0.3455
vt 0.7638 0.3455
vt 0.7717 0.3455
vt 0.7795 0.3455
vt 0.7874 0.3455
vt 0.7953 0.3455
vt 0.8031 0.3455
vt 0.8110 0.3455
vt 0.8189 0.3455
vt 0.8268 0.3455
vt 0.8346 0.3455
vt 0.8425 0.3455
vt 0.8504 0.3455
vt 0.8583 0.3455
vt 0.8661 0.3455
vt 0.8740 0.3455
vt 0.8819 0.3455
vt 0.8898 0.3455
vt 0.8976 0.3455
vt 0.9055 0.3455
vt 0.9134 0.3455
vt 0.9213 0.3455
vt 0.9291 0.3455
vt 0.9370 0.3455
vt 0.9449 0.3455
vt 0.9528 0.3455
vt 0.9606 0.3455
vt 0.9685 0.3455
vt 0.9764 0.3455
vt 0.9843 0.3455
vt 0.9921 0.3455
vt 1.0000 0.3455
vt 0.0000 0.3273
vt 0.0079 0.3273
vt 0.0157 0.3273
vt 0.0236 0.3273
vt 0.0315 0.3273
vt 0.0394 0.3273
vt 0.0472 0.3273
vt 0.0551 0.3273
vt 0.0630 0.3273
vt 0.0709 0.3273
vt 0.0787 0.3273
vt 0.0866 0.3273
vt 0.0945 0.3273
vt 0.1024 0.3273
vt 0.1102 0.3273
vt 0.1181 0.3273
vt 0.1260 0.3273
vt 0.1339 0.3273
vt 0.1417 0.3273
vt 0.1496 0.3273
vt 0.1575 0.3273
vt 0.1654 0.3273
vt 0.1732 0.3273
vt 0.1811 0.3273
vt 0.1890 0.3273
vt 0.1969 0.3273
vt 0.2047 0.3273
vt 0.2126 0.3273
vt 0.2205 0.3273
vt 0.2283 0.3273
vt 0.2362 0.3273
vt 0.2441 0.3273
vt 0.2520 0.3273
vt 0.2598 0.3273
vt 0.2677 0.3273
vt 0.2756 0.3273
vt 0.2835 0.3273
vt 0.2913 0.3273
vt 0.2992 0.3273
vt 0.3071 0.3273
vt 0.3150 0.3273
vt 0.3228 0.3273
vt 0.3307 0.3273
vt 0.3386 0.3273
vt 0.3465 0.3273
vt 0.3543 0.3273
vt 0.3622 0.3273
vt 0.3701 0.3273
vt 0.3780 0.3273
vt 0.3858 0.3273
vt 0.3937 0.3273
vt 0.4016 0.3273
vt 0.4094 0.3273
vt 0.4173 0.3273
vt 0.4252 0.3273
vt 0.4331 0.3273
vt 0.4409 0.3273
vt 0.4488 0.3273
vt 0.4567 0.3273
vt 0.4646 0.3273
vt 0.4724 0.3273
vt 0.4803 0.3273
vt 0.4882 0.3273
vt 0.4961 0.3273
vt 0.5039 0.3273
vt 0.5118 0.3273
vt 0.5197 0.3273
vt 0.5276 0.3273
vt 0.5354 0.3273
vt 0.5433 0.3273
vt 0.5512 0.3273
vt 0.5591 0.3273
vt 0.5669 0.3273
vt 0.5748 0.3273
vt 0.5827 0.3273
vt 0.5906 0.3273
vt 0.5984 0.3273
vt 0.6063 0.3273
vt 0.6142 0.3273
vt 0.6220 0.3273
vt 0.6299 0.3273
vt 0.6378 0.3273
vt 0.6457 0.3273
vt 0.6535 0.3273
vt 0.6614 0.3273
vt 0.6693 0.3273
vt 0.6772 0.3273
vt 0.6850 0.3273
vt 0.6929 0.3273
vt 0.7008 0.3273
vt 0.7087 0.3273
vt 0.7165 0.3273
vt 0.7244 0.3273
vt 0.7323 0.3273
vt 0.7402 0.3273
vt 0.7480 0.3273
vt 0.7559 0.3273
vt 0.7638 0.3273
vt 0.7717 0.3273
vt 0.7795 0.3273
vt 0.7874 0.3273
vt 0.7953 0.3273
vt 0.8031 0.3273
vt 0.8110 0.3273
vt 0.8189 0.3273
vt 0.8268 0.3273
vt 0.8346 0.3273
vt 0.8425 0.3273
vt 0.8504 0.3273
vt 0.8583 0.3273
vt 0.8661 0.3273
vt 0.8740 0.3273
vt 0.8819 0.3273
vt 0.8898 0.3273
vt 0.8976 0.3273
vt 0.9055 0.3273
vt 0.9134 0.3273
vt 0.9213 0.3273
vt 0.9291 0.3273
vt 0.9370 0.3273
vt 0.9449 0.3273
vt 0.9528 0.3273
vt 0.9606 0.3273
vt 0.9685 0.3273
vt 0.9764 0.3273
vt 0.9843 0.3273
vt 0.9921 0.3273
vt 1.0000 0.3273
vt 0.0000 0.3091
vt 0.0079 0.3091
vt 0.0157 0.3091
vt 0.0236 0.3091
vt 0.0315 0.3091
vt 0.0394 0.3091
vt 0.0472 0.3091
vt 0.0551 0.3091
vt 0.0630 0.3091
vt 0.0709 0.3091
vt 0.0787 0.3091
vt 0.0866 0.3091
vt 0.0945 0.3091
vt 0.1024 0.3091
vt 0.1102 0.3091
vt 0.1181 0.3091
vt 0.1260 0.3091
vt 0.1339 0.3091
vt 0.1417 0.3091
vt 0.1496 0.3091
vt 0.1575 0.3091
vt 0.1654 0.3091
vt 0.1732 0.3091
vt 0.1811 0.3091
vt 0.1890 0.3091
vt 0.1969 0.3091
vt 0.2047 0.3091
vt 0.2126 0.3091
vt 0.2205 0.3091
vt 0.2283 0.3091
vt 0.2362 0.3091
vt 0.2441 0.3091
vt 0.2520 0.3091
vt 0.2598 0.3091
vt 0.2677 0.3091
vt 0.2756 0.3091
vt 0.2835 0.3091
vt 0.2913 0.3091
vt 0.2992 0.3091
vt 0.3071 0.3091
vt 0.3150 0.3091
vt 0.3228 0.3091
vt 0.3307 0.3091
vt 0.3386 0.3091
vt 0.3465 0.3091
vt 0.3543 0.3091
vt 0.3622 0.3091
vt 0.3701 0.3091
vt 0.3780 0.3091
vt 0.3858 0.3091
vt 0.3937 0.3091
vt 0.4016 0.3091
vt 0.4094 0.3091
vt 0.4173 0.3091
vt 0.4252 0.3091
vt 0.4331 0.3091
vt 0.4409 0.3091
vt 0.4488 0.3091
vt 0.4567 0.3091
vt 0.4646 0.3091
vt 0.4724 0.3091
vt 0.4803 0.3091
vt 0.4882 0.3091
vt 0.4961 0.3091
vt 0.5039 0.3091
vt 0.5118 0.3091
vt 0.5197 0.3091
vt 0.5276 0.3091
vt 0.5354 0.3091
vt 0.5433 0.3091
vt 0.5512 0.3091
vt 0.5591 0.3091
vt 0.5669 0.3091
vt 0.5748 0.3091
vt 0.5827 0.3091
vt 0.5906 0.3091
vt 0.5984 0.3091
vt 0.6063 0.3091
vt 0.6142 0.3091
vt 0.6220 0.3091
vt 0.6299 0.3091
vt 0.6378 0.3091
vt 0.6457 0.3091
vt 0.6535 0.3091
vt 0.6614 0.3091
vt 0.6693 0.3091
vt 0.6772 0.3091
vt 0.6850 0.3091
vt 0.6929 0.3091
vt 0.7008 0.3091
vt 0.7087 0.3091
vt 0.7165 0.3091
vt 0.7244 0.3091
vt 0.7323 0.3091
vt 0.7402 0.3091
vt 0.7480 0.3091
vt 0.7559 0.3091
vt 0.7638 0.3091
vt 0.7717 0.3091
vt 0.7795 0.3091
vt 0.7874 0.3091
vt 0.7953 0.3091
vt 0.8031 0.3091
vt 0.8110 0.3091
vt 0.8189 0.3091
vt 0.8268 0.3091
vt 0.8346 0.3091
vt 0.8425 0.3091
vt 0.8504 0.3091
vt 0.8583 0.3091
vt 0.8661 0.3091
vt 0.8740 0.3091
vt 0.8819 0.3091
vt 0.8898 0.3091
vt 0.8976 0.3091
vt 0.9055 0.3091
vt 0.9134 0.3091
vt 0.9213 0.3091
vt 0.9291 0.3091
vt 0.9370 0.3091
vt 0.9449 0.3091
vt 0.9528 0.3091
vt 0.9606 0.3091
vt 0.9685 0.3091
vt 0.9764 0.3091
vt 0.9843 0.3091
vt 0.9921 0.3091
vt 1.0000 0.3091
vt 0.0000 0.2909
vt 0.0079 0.2909
vt 0.0157 0.2909
vt 0.0236 0.2909
vt 0.0315 0.2909
vt 0.0394 0.2909
vt 0.0472 0.2909
vt 0.0551 0.2909
vt 0.0630 0.2909
vt 0.0709 0.2909
vt 0.0787 0.2909
vt 0.0866 0.2909
vt 0.0945 0.2909
vt 0.1024 0.2909
vt 0.1102 0.2909
vt 0.1181 0.2909
vt 0.1260 0.2909
vt 0.1339 0.2909
vt 0.1417 0.2909
vt 0.1496 0.2909
vt 0.1575 0.2909
vt 0.1654 0.2909
vt 0.1732 0.2909
vt 0.1811 0.2909
vt 0.1890 0.2909
vt 0.1969 0.2909
vt 0.2047 0.2909
vt 0.2126 0.2909
vt 0.2205 0.2909
vt 0.2283 0.2909
vt 0.2362 0.2909
vt 0.2441 0.2909
vt 0.2520 0.2909
vt 0.2598 0.2909
vt 0.2677 0.2909
vt 0.2756 0.2909
vt 0.2835 0.2909
vt 0.2913 0.2909
vt 0.2992 0.2909
vt 0.3071 0.2909
vt 0.3150 0.2909
vt 0.3228 0.2909
vt 0.3307 0.2909
vt 0.3386 0.2909
vt 0.3465 0.2909
vt 0.3543 0.2909
vt 0.3622 0.2909
vt 0.3701 0.2909
vt 0.3780 0.2909
vt 0.3858 0.2909
vt 0.3937 0.2909
vt 0.4016 0.2909
vt 0.4094 0.2909
vt 0.4173 0.2909
vt 0.4252 0.2909
vt 0.4331 0.2909
vt 0.4409 0.2909
vt 0.4488 0.2909
vt 0.4567 0.2909
vt 0.4646 0.2909
vt 0.4724 0.2909
vt 0.4803 0.2909
vt 0.4882 0.2909
vt 0.4961 0.2909
vt 0.5039 0.2909
vt 0.5118 0.2909
vt 0.5197 0.2909
vt 0.5276 0.2909
vt 0.5354 0.2909
vt 0.5433 0.2909
vt 0.5512 0.2909
vt 0.5591 0.2909
vt 0.5669 0.2909
vt 0.5748 0.2909
vt 0.5827 0.2909
vt 0.5906 0.2909
vt 0.5984 0.2909
vt 0.6063 0.2909
vt 0.6142 0.2909
vt 0.6220 0.2909
vt 0.6299 0.2909
vt 0.6378 0.2909
vt 0.6457 0.2909
vt 0.6535 0.2909
vt 0.6614 0.2909
vt 0.6693 0.2909
vt 0.6772 0.2909
vt 0.6850 0.2909
vt 0.6929 0.2909
vt 0.7008 0.2909
vt 0.7087 0.2909
vt 0.7165 0.2909
vt 0.7244 0.2909
vt 0.7323 0.2909
vt 0.7402 0.2909
vt 0.7480 0.2909
vt 0.7559 0.2909
vt 0.7638 0.2909
vt 0.7717 0.2909
vt 0.7795 0.2909
vt 0.7874 0.2909
vt 0.7953 0.2909
vt 0.8031 0.2909
vt 0.8110 0.2909
vt 0.8189 0.2909
vt 0.8268 0.2909
vt 0.8346 0.2909
vt 0.8425 0.2909
vt 0.8504 0.2909
vt 0.8583 0.2909
vt 0.8661 0.2909
vt 0.8740 0.2909
vt 0.8819 0.2909
vt 0.8898 0.2909
vt 0.8976 0.2909
vt 0.9055 0.2909
vt 0.9134 0.2909
vt 0.9213 0.2909
vt 0.9291 0.2909
vt 0.9370 0.2909
vt 0.9449 0.2909
vt 0.9528 0.2909
vt 0.9606 0.2909
vt 0.9685 0.2909
vt 0.9764 0.2909
vt 0.9843 0.2909
vt 0.9921 0.2909
vt 1.0000 0.2909
vt 0.0000 0.2727
vt 0.0079 0.2727
vt 0.0157 0.2727
vt 0.0236 0.2727
vt 0.0315 0.2727
vt 0.0394 0.2727
vt 0.0472 0.2727
vt 0.0551 0.2727
vt 0.0630 0.2727
vt 0.0709 0.2727
vt 0.0787 0.2727
vt 0.0866 0.2727
vt 0.0945 0.2727
vt 0.1024 0.2727
vt 0.1102 0.2727
vt 0.1181 0.2727
vt 0.1260 0.2727
vt 0.1339 0.2727
vt 0.1417 0.2727
vt 0.1496 0.2727
vt 0.1575 0.2727
vt 0.1654 0.2727
vt 0.1732 0.2727
vt 0.1811 0.2727
vt 0.1890 0.2727
vt 0.1969 0.2727
vt 0.2047 0.2727
vt 0.2126 0.2727
vt 0.2205 0.2727
vt 0.2283 0.2727
vt 0.2362 0.2727
vt 0.2441 0.2727
vt 0.2520 0.2727
vt 0.2598 0.2727
vt 0.2677 0.2727
vt 0.2756 0.2727
vt 0.2835 0.2727
vt 0.2913 0.2727
vt 0.2992 0.2727
vt 0.3071 0.2727
vt 0.3150 0.2727
vt 0.3228 0.2727
vt 0.3307 0.2727
vt 0.3386 0.2727
vt 0.3465 0.2727
vt 0.3543 0.2727
vt 0.3622 0.2727
vt 0.3701 0.2727
vt 0.3780 0.2727
vt 0.3858 0.2727
vt 0.3937 0.2727
vt 0.4016 0.2727
vt 0.4094 0.2727
vt 0.4173 0.2727
vt 0.4252 0.2727
vt 0.4331 0.2727
vt 0.4409 0.2727
vt 0.4488 0.2727
vt 0.4567 0.2727
vt 0.4646 0.2727
vt 0.4724 0.2727
vt 0.4803 0.2727
vt 0.4882 0.2727
vt 0.4961 0.2727
vt 0.5039 0.2727
vt 0.5118 0.2727
vt 0.5197 0.2727
vt 0.5276 0.2727
vt 0.5354 0.2727
vt 0.5433 0.2727
vt 0.5512 0.2727
vt 0.5591 0.2727
vt 0.5669 0.2727
vt 0.5748 0.2727
vt 0.5827 0.2727
vt 0.5906 0.2727
vt 0.5984 0.2727
vt 0.6063 0.2727
vt 0.6142 0.2727
vt 0.6220 0.2727
vt 0.6299 0.2727
vt 0.6378 0.2727
vt 0.6457 0.2727
vt 0.6535 0.2727
vt 0.6614 0.2727
vt 0.6693 0.2727
vt 0.6772 0.2727
vt 0.6850 0.2727
vt 0.6929 0.2727
vt 0.7008 0.2727
vt 0.7087 0.2727
vt 0.7165 0.2727
vt 0.7244 0.2727
vt 0.7323 0.2727
vt 0.7402 0.2727
vt 0.7480 0.2727
vt 0.7559 0.2727
vt 0.7638 0.2727
vt 0.7717 0.2727
vt 0.7795 0.2727
vt 0.7874 0.2727
vt 0.7953 0.2727
vt 0.8031 0.2727
vt 0.8110 0.2727
vt 0.8189 0.2727
vt 0.8268 0.2727
vt 0.8346 0.2727
vt 0.8425 0.2727
vt 0.8504 0.2727
vt 0.8583 0.2727
vt 0.8661 0.2727
vt 0.8740 0.2727
vt 0.8819 0.2727
vt 0.8898 0.2727
vt 0.8976 0.2727
vt 0.9055 0.2727
vt 0.9134 0.2727
vt 0.9213 0.2727
vt 0.9291 0.2727
vt 0.9370 0.2727
vt 0.9449 0.2727
vt 0.9528 0.2727
vt 0.9606 0.2727
vt 0.9685 0.2727
vt 0.9764 0.2727
vt 0.9843 0.2727
vt 0.9921 0.2727
vt 1.0000 0.2727
vt 0.0000 0.2545
vt 0.0079 0.2545
vt 0.0157 0.2545
vt 0.0236 0.2545
vt 0.0315 0.2545
vt 0.0394 0.2545
vt 0.0472 0.2545
vt 0.0551 0.2545
vt 0.0630 0.2545
vt 0.0709 0.2545
vt 0.0787 0.2545
vt 0.0866 0.2545
vt 0.0945 0.2545
vt 0.1024 0.2545
vt 0.1102 0.2545
vt 0.1181 0.2545
vt 0.1260 0.2545
vt 0.1339 0.2545
vt 0.1417 0.2545
vt 0.1496 0.2545
vt 0.1575 0.2545
vt 0.1654 0.2545
vt 0.1732 0.2545
vt 0.1811 0.2545
vt 0.1890 0.2545
vt 0.1969 0.2545
vt 0.2047 0.2545
vt 0.2126 0.2545
vt 0.2205 0.2545
vt 0.2283 0.2545
vt 0.2362 0.2545
vt 0.2441 0.2545
vt 0.2520 0.2545
vt 0.2598 0.2545
vt 0.2677 0.2545
vt 0.2756 0.2545
vt 0.2835 0.2545
vt 0.2913 0.2545
vt 0.2992 0.2545
vt 0.3071 0.2545
vt 0.3150 0.2545
vt 0.3228 0.2545
vt 0.3307 0.2545
vt 0.3386 0.2545
vt 0.3465 0.2545
vt 0.3543 0.2545
vt 0.3622 0.2545
vt 0.3701 0.2545
vt 0.3780 0.2545
vt 0.3858 0.2545
vt 0.3937 0.2545
vt 0.4016 0.2545
vt 0.4094 0.2545
vt 0.4173 0.2545
vt 0.4252 0.2545
vt 0.4331 0.2545
vt 0.4409 0.2545
vt 0.4488 0.2545
vt 0.4567 0.2545
vt 0.4646 0.2545
vt 0.4724 0.2545
vt 0.4803 0.2545
vt 0.4882 0.2545
vt 0.4961 0.2545
vt 0.5039 0.2545
vt 0.5118 0.2545
vt 0.5197 0.2545
vt 0.5276 0.2545
vt 0.5354 0.2545
vt 0.5433 0.2545
vt 0.5512 0.2545
vt 0.5591 0.2545
vt 0.5669 0.2545
vt 0.5748 0.2545
vt 0.5827 0.2545
vt 0.5906 0.2545
vt 0.5984 0.2545
vt 0.6063 0.2545
vt 0.6142 0.2545
vt 0.6220 0.2545
vt 0.6299 0.2545
vt 0.6378 0.2545
vt 0.6457 0.2545
vt 0.6535 0.2545
vt 0.6614 0.2545
vt 0.6693 0.2545
vt 0.6772 0.2545
vt 0.6850 0.2545
vt 0.6929 0.2545
vt 0.7008 0.2545
vt 0.7087 0.2545
vt 0.7165 0.2545
vt 0.7244 0.2545
vt 0.7323 0.2545
vt 0.7402 0.2545
vt 0.7480 0.2545
vt 0.7559 0.2545
vt 0.7638 0.2545
vt 0.7717 0.2545
vt 0.7795 0.2545
vt 0.7874 0.2545
vt 0.7953 0.2545
vt 0.8031 0.2545
vt 0.8110 0.2545
vt 0.8189 0.2545
vt 0.8268 0.2545
vt 0.8346 0.2545
vt 0.8425 0.2545
vt 0.8504 0.2545
vt 0.8583 0.2545
vt 0.8661 0.2545
vt 0.8740 0.2545
vt 0.8819 0.2545
vt 0.8898 0.2545
vt 0.8976 0.2545
vt 0.9055 0.2545
vt 0.9134 0.2545
vt 0.9213 0.2545
vt 0.9291 0.2545
vt 0.9370 0.2545
vt 0.9449 0.2545
vt 0.9528 0.2545
vt 0.9606 0.2545
vt 0.9685 0.2545
vt 0.9764 0.2545
vt 0.9843 0.2545
vt 0.9921 0.2545
vt 1.0000 0.2545
vt 0.0000 0.2364
vt 0.0079 0.2364
vt 0.0157 0.2364
vt 0.0236 0.2364
vt 0.0315 0.2364
vt 0.0394 0.2364
vt 0.0472 0.2364
vt 0.0551 0.2364
vt 0.0630 0.2364
vt 0.0709 0.2364
vt 0.0787 0.2364
vt 0.0866 0.2364
vt 0.0945 0.2364
vt 0.1024 0.2364
vt 0.1102 0.2364
vt 0.1181 0.2364
vt 0.1260 0.2364
vt 0.1339 0.2364
vt 0.1417 0.2364
vt 0.1496 0.2364
vt 0.1575 0.2364
vt 0.1654 0.2364
vt 0.1732 0.2364
vt 0.1811 0.2364
vt 0.1890 0.2364
vt 0.1969 0.2364
vt 0.2047 0.2364
vt 0.2126 0.2364
vt 0.2205 0.2364
vt 0.2283 0.2364
vt 0.2362 0.2364
vt 0.2441 0.2364
vt 0.2520 0.2364
vt 0.2598 0.2364
vt 0.2677 0.2364
vt 0.2756 0.2364
vt 0.2835 0.2364
vt 0.2913 0.2364
vt 0.2992 0.2364
vt 0.3071 0.2364
vt 0.3150 0.2364
vt 0.3228 0.2364
vt 0.3307 0.2364
vt 0.3386 0.2364
vt 0.3465 0.2364
vt 0.3543 0.2364
vt 0.3622 0.2364
vt 0.3701 0.2364
vt 0.3780 0.2364
vt 0.3858 0.2364
vt 0.3937 0.2364
vt 0.4016 0.2364
vt 0.4094 0.2364
vt 0.4173 0.2364
vt 0.4252 0.2364
vt 0.4331 0.2364
vt 0.4409 0.2364
vt 0.4488 0.2364
vt 0.4567 0.2364
vt 0.4646 0.2364
vt 0.4724 0.2364
vt 0.4803 0.2364
vt 0.4882 0.2364
vt 0.4961 0.2364
vt 0.5039 0.2364
vt 0.5118 0.2364
vt 0.5197 0.2364
vt 0.5276 0.2364
vt 0.5354 0.2364
vt 0.5433 0.2364
vt 0.5512 0.2364
vt 0.5591 0.2364
vt 0.5669 0.2364
vt 0.5748 0.2364
vt 0.5827 0.2364
vt 0.5906 0.2364
vt 0.5984 0.2364
vt 0.6063 0.2364
vt 0.6142 0.2364
vt 0.6220 0.2364
vt 0.6299 0.2364
vt 0.6378 0.2364
vt 0.6457 0.2364
vt 0.6535 0.2364
vt 0.6614 0.2364
vt 0.6693 0.2364
vt 0.6772 0.2364
vt 0.6850 0.2364
vt 0.6929 0.2364
vt 0.7008 0.2364
vt 0.7087 0.2364
vt 0.7165 0.2364
vt 0.7244 0.2364
vt 0.7323 0.2364
vt 0.7402 0.2364
vt 0.7480 0.2364
vt 0.7559 0.2364
vt 0.7638 0.2364
vt 0.7717 0.2364
vt 0.7795 0.2364
vt 0.7874 0.2364
vt 0.7953 0.2364
vt 0.8031 0.2364
vt 0.8110 0.2364
vt 0.8189 0.2364
vt 0.8268 0.2364
vt 0.8346 0.2364
vt 0.8425 0.2364
vt 0.8504 0.2364
vt 0.8583 0.2364
vt 0.8661 0.2364
vt 0.8740 0.2364
vt 0.8819 0.2364
vt 0.8898 0.2364
vt 0.8976 0.2364
vt 0.9055 0.2364
vt 0.9134 0.2364
vt 0.9213 0.2364
vt 0.9291 0.2364
vt 0.9370 0.2364
vt 0.9449 0.2364
vt 0.9528 0.2364
vt 0.9606 0.2364
vt 0.9685 0.2364
vt 0.9764 0.2364
vt 0.9843 0.2364
vt 0.9921 0.2364
vt 1.0000 0.2364
vt 0.0000 0.2182
vt 0.0079 0.2182
vt 0.0157 0.2182
vt 0.0236 0.2182
vt 0.0315 0.2182
vt 0.0394 0.2182
vt 0.0472 0.2182
vt 0.0551 0.2182
vt 0.0630 0.2182
vt 0.0709 0.2182
vt 0.0787 0.2182
vt 0.0866 0.2182
vt 0.0945 0.2182
vt 0.1024 0.2182
vt 0.1102 0.2182
vt 0.1181 0.2182
vt 0.1260 0.2182
vt 0.1339 0.2182
vt 0.1417 0.2182
vt 0.1496 0.2182
vt 0.1575 0.2182
vt 0.1654 0.2182
vt 0.1732 0.2182
vt 0.1811 0.2182
vt 0.1890 0.2182
vt 0.1969 0.2182
vt 0.2047 0.2182
vt 0.2126 0.2182
vt 0.2205 0.2182
vt 0.2283 0.2182
vt 0.2362 0.2182
vt 0.2441 0.2182
vt 0.2520 0.2182
vt 0.2598 0.2182
vt 0.2677 0.2182
vt 0.2756 0.2182
vt 0.2835 0.2182
vt 0.2913 0.2182
vt 0.2992 0.2182
vt 0.3071 0.2182
vt 0.3150 0.2182
vt 0.3228 0.2182
vt 0.3307 0.2182
vt 0.3386 0.2182
vt 0.3465 0.2182
vt 0.3543 0.2182
vt 0.3622 0.2182
vt 0.3701 0.2182
vt 0.3780 0.2182
vt 0.3858 0.2182
vt 0.3937 0.2182
vt 0.4016 0.2182
vt 0.4094 0.2182
vt 0.4173 0.2182
vt 0.4252 0.2182
vt 0.4331 0.2182
vt 0.4409 0.2182
vt 0.4488 0.2182
vt 0.4567 0.2182
vt 0.4646 0.2182
vt 0.4724 0.2182
vt 0.4803 0.2182
vt 0.4882 0.2182
vt 0.4961 0.2182
vt 0.5039 0.2182
vt 0.5118 0.2182
vt 0.5197 0.2182
vt 0.5276 0.2182
vt 0.5354 0.2182
vt 0.5433 0.2182
vt 0.5512 0.2182
vt 0.5591 0.2182
vt 0.5669 0.2182
vt 0.5748 0.2182
vt 0.5827 0.2182
vt 0.5906 0.2182
vt 0.5984 0.2182
vt 0.6063 0.2182
vt 0.6142 0.2182
vt 0.6220 0.2182
vt 0.6299 0.2182
vt 0.6378 0.2182
vt 0.6457 0.2182
vt 0.6535 0.2182
vt 0.6614 0.2182
vt 0.6693 0.2182
vt 0.6772 0.2182
vt 0.6850 0.2182
vt 0.6929 0.2182
vt 0.7008 0.2182
vt 0.7087 0.2182
vt 0.7165 0.2182
vt 0.7244 0.2182
vt 0.7323 0.2182
vt 0.7402 0.2182
vt 0.7480 0.2182
vt 0.7559 0.2182
vt 0.7638 0.2182
vt 0.7717 0.2182
vt 0.7795 0.2182
vt 0.7874 0.2182
vt 0.7953 0.2182
vt 0.8031 0.2182
vt 0.8110 0.2182
vt 0.8189 0.2182
vt 0.8268 0.2182
vt 0.8346 0.2182
vt 0.8425 0.2182
vt 0.8504 0.2182
vt 0.8583 0.2182
vt 0.8661 0.2182
vt 0.8740 0.2182
vt 0.8819 0.2182
vt 0.8898 0.2182
vt 0.8976 0.2182
vt 0.9055 0.2182
vt 0.9134 0.2182
vt 0.9213 0.2182
vt 0.9291 0.2182
vt 0.9370 0.2182
vt 0.9449 0.2182
vt 0.9528 0.2182
vt 0.9606 0.2182
vt 0.9685 0.2182
vt 0.9764 0.2182
vt 0.9843 0.2182
vt 0.9921 0.2182
vt 1.0000 0.2182
vt 0.0000 0.2000
vt 0.0079 0.2000
vt 0.0157 0.2000
vt 0.0236 0.2000
vt 0.0315 0.2000
vt 0.0394 0.2000
vt 0.0472 0.2000
vt 0.0551 0.2000
vt 0.0630 0.2000
vt 0.0709 0.2000
vt 0.0787 0.2000
vt 0.0866 0.2000
vt 0.0945 0.2000
vt 0.1024 0.2000
vt 0.1102 0.2000
vt 0.1181 0.2000
vt 0.1260 0.2000
vt 0.1339 0.2000
vt 0.1417 0.2000
vt 0.1496 0.2000
vt 0.1575 0.2000
vt 0.1654 0.2000
vt 0.1732 0.2000
vt 0.1811 0.2000
vt 0.1890 0.2000
vt 0.1969 0.2000
vt 0.2047 0.2000
vt 0.2126 0.2000
vt 0.2205 0.2000
vt 0.2283 0.2000
vt 0.2362 0.2000
vt 0.2441 0.2000
vt 0.2520 0.2000
vt 0.2598 0.2000
vt 0.2677 0.2000
vt 0.2756 0.2000
vt 0.2835 0.2000
vt 0.2913 0.2000
vt 0.2992 0.2000
vt 0.3071 0.2000
vt 0.3150 0.2000
vt 0.3228 0.2000
vt 0.3307 0.2000
vt 0.3386 0.2000
vt 0.3465 0.2000
vt 0.3543 0.2000
vt 0.3622 0.2000
vt 0.3701 0.2000
vt 0.3780 0.2000
vt 0.3858 0.2000
vt 0.3937 0.2000
vt 0.4016 0.2000
vt 0.4094 0.2000
vt 0.4173 0.2000
vt 0.4252 0.2000
vt 0.4331 0.2000
vt 0.4409 0.2000
vt 0.4488 0.2000
vt 0.4567 0.2000
vt 0.4646 0.2000
vt 0.4724 0.2000
vt 0.4803 0.2000
vt 0.4882 0.2000
vt 0.4961 0.2000
vt 0.5039 0.2000
vt 0.5118 0.2000
vt 0.5197 0.2000
vt 0.5276 0.2000
vt 0.5354 0.2000
vt 0.5433 0.2000
vt 0.5512 0.2000
vt 0.5591 0.2000
vt 0.5669 0.2000
vt 0.5748 0.2000
vt 0.5827 0.2000
vt 0.5906 0.2000
vt 0.5984 0.2000
vt 0.6063 0.2000
vt 0.6142 0.2000
vt 0.6220 0.2000
vt 0.6299 0.2000
vt 0.6378 0.2000
vt 0.6457 0.2000
vt 0.6535 0.2000
vt 0.6614 0.2000
vt 0.6693 0.2000
vt 0.6772 0.2000
vt 0.6850 0.2000
vt 0.6929 0.2000
vt 0.7008 0.2000
vt 0.7087 0.2000
vt 0.7165 0.2000
vt 0.7244 0.2000
vt 0.7323 0.2000
vt 0.7402 0.2000
vt 0.7480 0.2000
vt 0.7559 0.2000
vt 0.7638 0.2000
vt 0.7717 0.2000
vt 0.7795 0.2000
vt 0.7874 0.2000
vt 0.7953 0.2000
vt 0.8031 0.2000
vt 0.8110 0.2000
vt 0.8189 0.2000
vt 0.8268 0.2000
vt 0.8346 0.2000
vt 0.8425 0.2000
vt 0.8504 0.2000
vt 0.8583 0.2000
vt 0.8661 0.2000
vt 0.8740 0.2000
vt 0.8819 0.2000
vt 0.8898 0.2000
vt 0.8976 0.2000
vt 0.9055 0.2000
vt 0.9134 0.2000
vt 0.9213 0.2000
vt 0.9291 0.2000
vt 0.9370 0.2000
vt 0.9449 0.2000
vt 0.9528 0.2000
vt 0.9606 0.2000
vt 0.9685 0.2000
vt 0.9764 0.2000
vt 0.9843 0.2000
vt 0.9921 0.2000
vt 1.0000 0.2000
vt 0.0000 0.1818
vt 0.0079 0.1818
vt 0.0157 0.1818
vt 0.0236 0.1818
vt 0.0315 0.1818
vt 0.0394 0.1818
vt 0.0472 0.1818
vt 0.0551 0.1818
vt 0.0630 0.1818
vt 0.0709 0.1818
vt 0.0787 0.1818
vt 0.0866 0.1818
vt 0.0945 0.1818
vt 0.1024 0.1818
vt 0.1102 0.1818
vt 0.1181 0.1818
vt 0.1260 0.1818
vt 0.1339 0.1818
vt 0.1417 0.1818
vt 0.1496 0.1818
vt 0.1575 0.1818
vt 0.1654 0.1818
vt 0.1732 0.1818
vt 0.1811 0.1818
vt 0.1890 0.1818
vt 0.1969 0.1818
vt 0.2047 0.1818
vt 0.2126 0.1818
vt 0.2205 0.1818
vt 0.2283 0.1818
vt 0.2362 0.1818
vt 0.2441 0.1818
vt 0.2520 0.1818
vt 0.2598 0.1818
vt 0.2677 0.1818
vt 0.2756 0.1818
vt 0.2835 0.1818
vt 0.2913 0.1818
vt 0.2992 0.1818
vt 0.3071 0.1818
vt 0.3150 0.1818
vt 0.3228 0.1818
vt 0.3307 0.1818
vt 0.3386 0.1818
vt 0.3465 0.1818
vt 0.3543 0.1818
vt 0.3622 0.1818
vt 0.3701 0.1818
vt 0.3780 0.1818
vt 0.3858 0.1818
vt 0.3937 0.1818
vt 0.4016 0.1818
vt 0.4094 0.1818
vt 0.4173 0.1818
vt 0.4252 0.1818
vt 0.4331 0.1818
vt 0.4409 0.1818
vt 0.4488 0.1818
vt 0.4567 0.1818
vt 0.4646 0.1818
vt 0.4724 0.1818
vt 0.4803 0.1818
vt 0.4882 0.1818
vt 0.4961 0.1818
vt 0.5039 0.1818
vt 0.5118 0.1818
vt 0.5197 0.1818
vt 0.5276 0.1818
vt 0.5354 0.1818
vt 0.5433 0.1818
vt 0.5512 0.1818
vt 0.5591 0.1818
vt 0.5669 0.1818
vt 0.5748 0.1818
vt 0.5827 0.1818
vt 0.5906 0.1818
vt 0.5984 0.1818
vt 0.6063 0.1818
vt 0.6142 0.1818
vt 0.6220 0.1818
vt 0.6299 0.1818
vt 0.6378 0.1818
vt 0.6457 0.1818
vt 0.6535 0.1818
vt 0.6614 0.1818
vt 0.6693 0.1818
vt 0.6772 0.1818
vt 0.6850 0.1818
vt 0.6929 0.1818
vt 0.7008 0.1818
vt 0.7087 0.1818
vt 0.7165 0.1818
vt 0.7244 0.1818
vt 0.7323 0.1818
vt 0.7402 0.1818
vt 0.7480 0.1818
vt 0.7559 0.1818
vt 0.7638 0.1818
vt 0.7717 0.1818
vt 0.7795 0.1818
vt 0.7874 0.1818
vt 0.7953 0.1818
vt 0.8031 0.1818
vt 0.8110 0.1818
vt 0.8189 0.1818
vt 0.8268 0.1818
vt 0.8346 0.1818
vt 0.8425 0.1818
vt 0.8504 0.1818
vt 0.8583 0.1818
vt 0.8661 0.1818
vt 0.8740 0.1818
vt 0.8819 0.1818
vt 0.8898 0.1818
vt 0.8976 0.1818
vt 0.9055 0.1818
vt 0.9134 0.1818
vt 0.9213 0.1818
vt 0.9291 0.1818
vt 0.9370 0.1818
vt 0.9449 0.1818
vt 0.9528 0.1818
vt 0.9606 0.1818
vt 0.9685 0.1818
vt 0.9764 0.1818
vt 0.9843 0.1818
vt 0.9921 0.1818
vt 1.0000 0.1818
vt 0.0000 0.1636
vt 0.0079 0.1636
vt 0.0157 0.1636
vt 0.0236 0.1636
vt 0.0315 0.1636
vt 0.0394 0.1636
vt 0.0472 0.1636
vt 0.0551 0.1636
vt 0.0630 0.1636
vt 0.0709 0.1636
vt 0.0787 0.1636
vt 0.0866 0.1636
vt 0.0945 0.1636
vt 0.1024 0.1636
vt 0.1102 0.1636
vt 0.1181 0.1636
vt 0.1260 0.1636
vt 0.1339 0.1636
vt 0.1417 0.1636
vt 0.1496 0.1636
vt 0.1575 0.1636
vt 0.1654 0.1636
vt 0.1732 0.1636
vt 0.1811 0.1636
vt 0.1890 0.1636
vt 0.1969 0.1636
vt 0.2047 0.1636
vt 0.2126 0.1636
vt 0.2205 0.1636
vt 0.2283 0.1636
vt 0.2362 0.1636
vt 0.2441 0.1636
vt 0.2520 0.1636
vt 0.2598 0.1636
vt 0.2677 0.1636
vt 0.2756 0.1636
vt 0.2835 0.1636
vt 0.2913 0.1636
vt 0.2992 0.1636
vt 0.3071 0.1636
vt 0.3150 0.1636
vt 0.3228 0.1636
vt 0.3307 0.1636
vt 0.3386 0.1636
vt 0.3465 0.1636
vt 0.3543 0.1636
vt 0.3622 0.1636
vt 0.3701 0.1636
vt 0.3780 0.1636
vt 0.3858 0.1636
vt 0.3937 0.1636
vt 0.4016 0.1636
vt 0.4094 0.1636
vt 0.4173 0.1636
vt 0.4252 0.1636
vt 0.4331 0.1636
vt 0.4409 0.1636
vt 0.4488 0.1636
vt 0.4567 0.1636
vt 0.4646 0.1636
vt 0.4724 0.1636
vt 0.4803 0.1636
vt 0.4882 0.1636
vt 0.4961 0.1636
vt 0.5039 0.1636
vt 0.5118 0.1636
vt 0.5197 0.1636
vt 0.5276 0.1636
vt 0.5354 0.1636
vt 0.5433 0.1636
vt 0.5512 0.1636
vt 0.5591 0.1636
vt 0.5669 0.1636
vt 0.5748 0.1636
vt 0.5827 0.1636
vt 0.5906 0.1636
vt 0.5984 0.1636
vt 0.6063 0.1636
vt 0.6142 0.1636
vt 0.6220 0.1636
vt 0.6299 0.1636
vt 0.6378 0.1636
vt 0.6457 0.1636
vt 0.6535 0.1636
vt 0.6614 0.1636
vt 0.6693 0.1636
vt 0.6772 0.1636
vt 0.6850 0.1636
vt 0.6929 0.1636
vt 0.7008 0.1636
vt 0.7087 0.1636
vt 0.7165 0.1636
vt 0.7244 0.1636
vt 0.7323 0.1636
vt 0.7402 0.1636
vt 0.7480 0.1636
vt 0.7559 0.1636
vt 0.7638 0.1636
vt 0.7717 0.1636
vt 0.7795 0.1636
vt 0.7874 0.1636
vt 0.7953 0.1636
vt 0.8031 0.1636
vt 0.8110 0.1636
vt 0.8189 0.1636
vt 0.8268 0.1636
vt 0.8346 0.1636
vt 0.8425 0.1636
vt 0.8504 0.1636
vt 0.8583 0.1636
vt 0.8661 0.1636
vt 0.8740 0.1636
vt 0.8819 0.1636
vt 0.8898 0.1636
vt 0.8976 0.1636
vt 0.9055 0.1636
vt 0.9134 0.1636
vt 0.9213 0.1636
vt 0.9291 0.1636
vt 0.9370 0.1636
vt 0.9449 0.1636
vt 0.9528 0.1636
vt 0.9606 0.1636
vt 0.9685 0.1636
vt 0.9764 0.1636
vt 0.9843 0.1636
vt 0.9921 0.1636
vt 1.0000 0.1636
vt 0.0000 0.1455
vt 0.0079 0.1455
vt 0.0157 0.1455
vt 0.0236 0.1455
vt 0.0315 0.1455
vt 0.0394 0.1455
vt 0.0472 0.1455
vt 0.0551 0.1455
vt 0.0630 0.1455
vt 0.0709 0.1455
vt 0.0787 0.1455
vt 0.0866 0.1455
vt 0.0945 0.1455
vt 0.1024 0.1455
vt 0.1102 0.1455
vt 0.1181 0.1455
vt 0.1260 0.1455
vt 0.1339 0.1455
vt 0.1417 0.1455
vt 0.1496 0.1455
vt 0.1575 0.1455
vt 0.1654 0.1455
vt 0.1732 0.1455
vt 0.1811 0.1455
vt 0.1890 0.1455
vt 0.1969 0.1455
vt 0.2047 0.1455
vt 0.2126 0.1455
vt 0.2205 0.1455
vt 0.2283 0.1455
vt 0.2362 0.1455
vt 0.2441 0.1455
vt 0.2520 0.1455
vt 0.2598 0.1455
vt 0.2677 0.1455
vt 0.2756 0.1455
vt 0.2835 0.1455
vt 0.2913 0.1455
vt 0.2992 0.1455
vt 0.3071 0.1455
vt 0.3150 0.1455
vt 0.3228 0.1455
vt 0.3307 0.1455
vt 0.3386 0.1455
vt 0.3465 0.1455
vt 0.3543 0.1455
vt 0.3622 0.1455
vt 0.3701 0.1455
vt 0.3780 0.1455
vt 0.3858 0.1455
vt 0.3937 0.1455
vt 0.4016 0.1455
vt 0.4094 0.1455
vt 0.4173 0.1455
vt 0.4252 0.1455
vt 0.4331 0.1455
vt 0.4409 0.1455
vt 0.4488 0.1455
vt 0.4567 0.1455
vt 0.4646 0.1455
vt 0.4724 0.1455
vt 0.4803 0.1455
vt 0.4882 0.1455
vt 0.4961 0.1455
vt 0.5039 0.1455
vt 0.5118 0.1455
vt 0.5197 0.1455
vt 0.5276 0.1455
vt 0.5354 0.1455
vt 0.5433 0.1455
vt 0.5512 0.1455
vt 0.5591 0.1455
vt 0.5669 0.1455
vt 0.5748 0.1455
vt 0.5827 0.1455
vt 0.5906 0.1455
vt 0.5984 0.1455
vt 0.6063 0.1455
vt 0.6142 0.1455
vt 0.6220 0.1455
vt 0.6299 0.1455
vt 0.6378 0.1455
vt 0.6457 0.1455
vt 0.6535 0.1455
vt 0.6614 0.1455
vt 0.6693 0.1455
vt 0.6772 0.1455
vt 0.6850 0.1455
vt 0.6929 0.1455
vt 0.7008 0.1455
vt 0.7087 0.1455
vt 0.7165 0.1455
vt 0.7244 0.1455
vt 0.7323 0.1455
vt 0.7402 0.1455
vt 0.7480 0.1455
vt 0.7559 0.1455
vt 0.7638 0.1455
vt 0.7717 0.1455
vt 0.7795 0.1455
vt 0.7874 0.1455
vt 0.7953 0.1455
vt 0.8031 0.1455
vt 0.8110 0.1455
vt 0.8189 0.1455
vt 0.8268 0.1455
vt 0.8346 0.1455
vt 0.8425 0.1455
vt 0.8504 0.1455
vt 0.8583 0.1455
vt 0.8661 0.1455
vt 0.8740 0.1455
vt 0.8819 0.1455
vt 0.8898 0.1455
vt 0.8976 0.1455
vt 0.9055 0.1455
vt 0.9134 0.1455
vt 0.9213 0.1455
vt 0.9291 0.1455
vt 0.9370 0.1455
vt 0.9449 0.1455
vt 0.9528 0.1455
vt 0.9606 0.1455
vt 0.9685 0.1455
vt 0.9764 0.1455
vt 0.9843 0.1455
vt 0.9921 0.1455
vt 1.0000 0.1455
vt 0.0000 0.1273
vt 0.0079 0.1273
vt 0.0157 0.1273
vt 0.0236 0.1273
vt 0.0315 0.1273
vt 0.0394 0.1273
vt 0.0472 0.1273
vt 0.0551 0.1273
vt 0.0630 0.1273
vt 0.0709 0.1273
vt 0.0787 0.1273
vt 0.0866 0.1273
vt 0.0945 0.1273
vt 0.1024 0.1273
vt 0.1102 0.1273
vt 0.1181 0.1273
vt 0.1260 0.1273
vt 0.1339 0.1273
vt 0.1417 0.1273
vt 0.1496 0.1273
vt 0.1575 0.1273
vt 0.1654 0.1273
vt 0.1732 0.1273
vt 0.1811 0.1273
vt 0.1890 0.1273
vt 0.1969 0.1273
vt 0.2047 0.1273
vt 0.2126 0.1273
vt 0.2205 0.1273
vt 0.2283 0.1273
vt 0.2362 0.1273
vt 0.2441 0.1273
vt 0.2520 0.1273
vt 0.2598 0.1273
vt 0.2677 0.1273
vt 0.2756 0.1273
vt 0.2835 0.1273
vt 0.2913 0.1273
vt 0.2992 0.1273
vt 0.3071 0.1273
vt 0.3150 0.1273
vt 0.3228 0.1273
vt 0.3307 0.1273
vt 0.3386 0.1273
vt 0.3465 0.1273
vt 0.3543 0.1273
vt 0.3622 0.1273
vt 0.3701 0.1273
vt 0.3780 0.1273
vt 0.3858 0.1273
vt 0.3937 0.1273
vt 0.4016 0.1273
vt 0.4094 0.1273
vt 0.4173 0.1273
vt 0.4252 0.1273
vt 0.4331 0.1273
vt 0.4409 0.1273
vt 0.4488 0.1273
vt 0.4567 0.1273
vt 0.4646 0.1273
vt 0.4724 0.1273
vt 0.4803 0.1273
vt 0.4882 0.1273
vt 0.4961 0.1273
vt 0.5039 0.1273
vt 0.5118 0.1273
vt 0.5197 0.1273
vt 0.5276 0.1273
vt 0.5354 0.1273
vt 0.5433 0.1273
vt 0.5512 0.1273
vt 0.5591 0.1273
vt 0.5669 0.1273
vt 0.5748 0.1273
vt 0.5827 0.1273
vt 0.5906 0.1273
vt 0.5984 0.1273
vt 0.6063 0.1273
vt 0.6142 0.1273
vt 0.6220 0.1273
vt 0.6299 0.1273
vt 0.6378 0.1273
vt 0.6457 0.1273
vt 0.6535 0.1273
vt 0.6614 0.1273
vt 0.6693 0.1273
vt 0.6772 0.1273
vt 0.6850 0.1273
vt 0.6929 0.1273
vt 0.7008 0.1273
vt 0.7087 0.1273
vt 0.7165 0.1273
vt 0.7244 0.1273
vt 0.7323 0.1273
vt 0.7402 0.1273
vt 0.7480 0.1273
vt 0.7559 0.1273
vt 0.7638 0.1273
vt 0.7717 0.1273
vt 0.7795 0.1273
vt 0.7874 0.1273
vt 0.7953 0.1273
vt 0.8031 0.1273
vt 0.8110 0.1273
vt 0.8189 0.1273
vt 0.8268 0.1273
vt 0.8346 0.1273
vt 0.8425 0.1273
vt 0.8504 0.1273
vt 0.8583 0.1273
vt 0.8661 0.1273
vt 0.8740 0.1273
vt 0.8819 0.1273
vt 0.8898 0.1273
vt 0.8976 0.1273
vt 0.9055 0.1273
vt 0.9134 0.1273
vt 0.9213 0.1273
vt 0.9291 0.1273
vt 0.9370 0.1273
vt 0.9449 0.1273
vt 0.9528 0.1273
vt 0.9606 0.1273
vt 0.9685 0.1273
vt 0.9764 0.1273
vt 0.9843 0.1273
vt 0.9921 0.1273
vt 1.0000 0.1273
vt 0.0000 0.1091
vt 0.0079 0.1091
vt 0.0157 0.1091
vt 0.0236 0.1091
vt 0.0315 0.1091
vt 0.0394 0.1091
vt 0.0472 0.1091
vt 0.0551 0.1091
vt 0.0630 0.1091
vt 0.0709 0.1091
vt 0.0787 0.1091
vt 0.0866 0.1091
vt 0.0945 0.1091
vt 0.1024 0.1091
vt 0.1102 0.1091
vt 0.1181 0.1091
vt 0.1260 0.1091
vt 0.1339 0.1091
vt 0.1417 0.1091
vt 0.1496 0.1091
vt 0.1575 0.1091
vt 0.1654 0.1091
vt 0.1732 0.1091
vt 0.1811 0.1091
vt 0.1890 0.1091
vt 0.1969 0.1091
vt 0.2047 0.1091
vt 0.2126 0.1091
vt 0.2205 0.1091
vt 0.2283 0.1091
vt 0.2362 0.1091
vt 0.2441 0.1091
vt 0.2520 0.1091
vt 0.2598 0.1091
vt 0.2677 0.1091
vt 0.2756 0.1091
vt 0.2835 0.1091
vt 0.2913 0.1091
vt 0.2992 0.1091
vt 0.3071 0.1091
vt 0.3150 0.1091
vt 0.3228 0.1091
vt 0.3307 0.1091
vt 0.3386 0.1091
vt 0.3465 0.1091
vt 0.3543 0.1091
vt 0.3622 0.1091
vt 0.3701 0.1091
vt 0.3780 0.1091
vt 0.3858 0.1091
vt 0.3937 0.1091
vt 0.4016 0.1091
vt 0.4094 0.1091
vt 0.4173 0.1091
vt 0.4252 0.1091
vt 0.4331 0.1091
vt 0.4409 0.1091
vt 0.4488 0.1091
vt 0.4567 0.1091
vt 0.4646 0.1091
vt 0.4724 0.1091
vt 0.4803 0.1091
vt 0.4882 0.1091
vt 0.4961 0.1091
vt 0.5039 0.1091
vt 0.5118 0.1091
vt 0.5197 0.1091
vt 0.5276 0.1091
vt 0.5354 0.1091
vt 0.5433 0.1091
vt 0.5512 0.1091
vt 0.5591 0.1091
vt 0.5669 0.1091
vt 0.5748 0.1091
vt 0.5827 0.1091
vt 0.5906 0.1091
vt 0.5984 0.1091
vt 0.6063 0.1091
vt 0.6142 0.1091
vt 0.6220 0.1091
vt 0.6299 0.1091
vt 0.6378 0.1091
vt 0.6457 0.1091
vt 0.6535 0.1091
vt 0.6614 0.1091
vt 0.6693 0.1091
vt 0.6772 0.1091
vt 0.6850 0.1091
vt 0.6929 0.1091
vt 0.7008 0.1091
vt 0.7087 0.1091
vt 0.7165 0.1091
vt 0.7244 0.1091
vt 0.7323 0.1091
vt 0.7402 0.1091
vt 0.7480 0.1091
vt 0.7559 0.1091
vt 0.7638 0.1091
vt 0.7717 0.1091
vt 0.7795 0.1091
vt 0.7874 0.1091
vt 0.7953 0.1091
vt 0.8031 0.1091
vt 0.8110 0.1091
vt 0.8189 0.1091
vt 0.8268 0.1091
vt 0.8346 0.1091
vt 0.8425 0.1091
vt 0.8504 0.1091
vt 0.8583 0.1091
vt 0.8661 0.1091
vt 0.8740 0.1091
vt 0.8819 0.1091
vt 0.8898 0.1091
vt 0.8976 0.1091
vt 0.9055 0.1091
vt 0.9134 0.1091
vt 0.9213 0.1091
vt 0.9291 0.1091
vt 0.9370 0.1091
vt 0.9449 0.1091
vt 0.9528 0.1091
vt 0.9606 0.1091
vt 0.9685 0.1091
vt 0.9764 0.1091
vt 0.9843 0.1091
vt 0.9921 0.1091
vt 1.0000 0.1091
vt 0.0000 0.0909
vt 0.0079 0.0909
vt 0.0157 0.0909
vt 0.0236 0.0909
vt 0.0315 0.0909
vt 0.0394 0.0909
vt 0.0472 0.0909
vt 0.0551 0.0909
vt 0.0630 0.0909
vt 0.0709 0.0909
vt 0.0787 0.0909
vt 0.0866 0.0909
vt 0.0945 0.0909
vt 0.1024 0.0909
vt 0.1102 0.0909
vt 0.1181 0.0909
vt 0.1260 0.0909
vt 0.1339 0.0909
vt 0.1417 0.0909
vt 0.1496 0.0909
vt 0.1575 0.0909
vt 0.1654 0.0909
vt 0.1732 0.0909
vt 0.1811 0.0909
vt 0.1890 0.0909
vt 0.1969 0.0909
vt 0.2047 0.0909
vt 0.2126 0.0909
vt 0.2205 0.0909
vt 0.2283 0.0909
vt 0.2362 0.0909
vt 0.2441 0.0909
vt 0.2520 0.0909
vt 0.2598 0.0909
vt 0.2677 0.0909
vt 0.2756 0.0909
vt 0.2835 0.0909
vt 0.2913 0.0909
vt 0.2992 0.0909
vt 0.3071 0.0909
vt 0.3150 0.0909
vt 0.3228 0.0909
vt 0.3307 0.0909
vt 0.3386 0.0909
vt 0.3465 0.0909
vt 0.3543 0.0909
vt 0.3622 0.0909
vt 0.3701 0.0909
vt 0.3780 0.0909
vt 0.3858 0.0909
vt 0.3937 0.0909
vt 0.4016 0.0909
vt 0.4094 0.0909
vt 0.4173 0.0909
vt 0.4252 0.0909
vt 0.4331 0.0909
vt 0.4409 0.0909
vt 0.4488 0.0909
vt 0.4567 0.0909
vt 0.4646 0.0909
vt 0.4724 0.0909
vt 0.4803 0.0909
vt 0.4882 0.0909
vt 0.4961 0.0909
vt 0.5039 0.0909
vt 0.5118 0.0909
vt 0.5197 0.0909
vt 0.5276 0.0909
vt 0.5354 0.0909
vt 0.5433 0.0909
vt 0.5512 0.0909
vt 0.5591 0.0909
vt 0.5669 0.0909
vt 0.5748 0.0909
vt 0.5827 0.0909
vt 0.5906 0.0909
vt 0.5984 0.0909
vt 0.6063 0.0909
vt 0.6142 0.0909
vt 0.6220 0.0909
vt 0.6299 0.0909
vt 0.6378 0.0909
vt 0.6457 0.0909
vt 0.6535 0.0909
vt 0.6614 0.0909
vt 0.6693 0.0909
vt 0.6772 0.0909
vt 0.6850 0.0909
vt 0.6929 0.0909
vt 0.7008 0.0909
vt 0.7087 0.0909
vt 0.7165 0.0909
vt 0.7244 0.0909
vt 0.7323 0.0909
vt 0.7402 0.0909
vt 0.7480 0.0909
vt 0.7559 0.0909
vt 0.7638 0.0909
vt 0.7717 0.0909
vt 0.7795 0.0909
vt 0.7874 0.0909
vt 0.7953 0.0909
vt 0.8031 0.0909
vt 0.8110 0.0909
vt 0.8189 0.0909
vt 0.8268 0.0909
vt 0.8346 0.0909
vt 0.8425 0.0909
vt 0.8504 0.0909
vt 0.8583 0.0909
vt 0.8661 0.0909
vt 0.8740 0.0909
vt 0.8819 0.0909
vt 0.8898 0.0909
vt 0.8976 0.0909
vt 0.9055 0.0909
vt 0.9134 0.0909
vt 0.9213 0.0909
vt 0.9291 0.0909
vt 0.9370 0.0909
vt 0.9449 0.0909
vt 0.9528 0.0909
vt 0.9606 0.0909
vt 0.9685 0.0909
vt 0.9764 0.0909
vt 0.9843 0.0909
vt 0.9921 0.0909
vt 1.0000 0.0909
vt 0.0000 0.0727
vt 0.0079 0.0727
vt 0.0157 0.0727
vt 0.0236 0.0727
vt 0.0315 0.0727
vt 0.0394 0.0727
vt 0.0472 0.0727
vt 0.0551 0.0727
vt 0.0630 0.0727
vt 0.0709 0.0727
vt 0.0787 0.0727
vt 0.0866 0.0727
vt 0.0945 0.0727
vt 0.1024 0.0727
vt 0.1102 0.0727
vt 0.1181 0.0727
vt 0.1260 0.0727
vt 0.1339 0.0727
vt 0.1417 0.0727
vt 0.1496 0.0727
vt 0.1575 0.0727
vt 0.1654 0.0727
vt 0.1732 0.0727
vt 0.1811 0.0727
vt 0.1890 0.0727
vt 0.1969 0.0727
vt 0.2047 0.0727
vt 0.2126 0.0727
vt 0.2205 0.0727
vt 0.2283 0.0727
vt 0.2362 0.0727
vt 0.2441 0.0727
vt 0.2520 0.0727
vt 0.2598 0.0727
vt 0.2677 0.0727
vt 0.2756 0.0727
vt 0.2835 0.0727
vt 0.2913 0.0727
vt 0.2992 0.0727
vt 0.3071 0.0727
vt 0.3150 0.0727
vt 0.3228 0.0727
vt 0.3307 0.0727
vt 0.3386 0.0727
vt 0.3465 0.0727
vt 0.3543 0.0727
vt 0.3622 0.0727
vt 0.3701 0.0727
vt 0.3780 0.0727
vt 0.3858 0.0727
vt 0.3937 0.0727
vt 0.4016 0.0727
vt 0.4094 0.0727
vt 0.4173 0.0727
vt 0.4252 0.0727
vt 0.4331 0.0727
vt 0.4409 0.0727
vt 0.4488 0.0727
vt 0.4567 0.0727
vt 0.4646 0.0727
vt 0.4724 0.0727
vt 0.4803 0.0727
vt 0.4882 0.0727
vt 0.4961 0.0727
vt 0.5039 0.0727
vt 0.5118 0.0727
vt 0.5197 0.0727
vt 0.5276 0.0727
vt 0.5354 0.0727
vt 0.5433 0.0727
vt 0.5512 0.0727
vt 0.5591 0.0727
vt 0.5669 0.0727
vt 0.5748 0.0727
vt 0.5827 0.0727
vt 0.5906 0.0727
vt 0.5984 0.0727
vt 0.6063 0.0727
vt 0.6142 0.0727
vt 0.6220 0.0727
vt 0.6299 0.0727
vt 0.6378 0.0727
vt 0.6457 0.0727
vt 0.6535 0.0727
vt 0.6614 0.0727
vt 0.6693 0.0727
vt 0.6772 0.0727
vt 0.6850 0.0727
vt 0.6929 0.0727
vt 0.7008 0.0727
vt 0.7087 0.0727
vt 0.7165 0.0727
vt 0.7244 0.0727
vt 0.7323 0.0727
vt 0.7402 0.0727
vt 0.7480 0.0727
vt 0.7559 0.0727
vt 0.7638 0.0727
vt 0.7717 0.0727
vt 0.7795 0.0727
vt 0.7874 0.0727
vt 0.7953 0.0727
vt 0.8031 0.0727
vt 0.8110 0.0727
vt 0.8189 0.0727
vt 0.8268 0.0727
vt 0.8346 0.0727
vt 0.8425 0.0727
vt 0.8504 0.0727
vt 0.8583 0.0727
vt 0.8661 0.0727
vt 0.8740 0.0727
vt 0.8819 0.0727
vt 0.8898 0.0727
vt 0.8976 0.0727
vt 0.9055 0.0727
vt 0.9134 0.0727
vt 0.9213 0.0727
vt 0.9291 0.0727
vt 0.9370 0.0727
vt 0.9449 0.0727
vt 0.9528 0.0727
vt 0.9606 0.0727
vt 0.9685 0.0727
vt 0.9764 0.0727
vt 0.9843 0.0727
vt 0.9921 0.0727
vt 1.0000 0.0727
vt 0.0000 0.0545
vt 0.0079 0.0545
vt 0.0157 0.0545
vt 0.0236 0.0545
vt 0.0315 0.0545
vt 0.0394 0.0545
vt 0.0472 0.0545
vt 0.0551 0.0545
vt 0.0630 0.0545
vt 0.0709 0.0545
vt 0.0787 0.0545
vt 0.0866 0.0545
vt 0.0945 0.0545
vt 0.1024 0.0545
vt 0.1102 0.0545
vt 0.1181 0.0545
vt 0.1260 0.0545
vt 0.1339 0.0545
vt 0.1417 0.0545
vt 0.1496 0.0545
vt 0.1575 0.0545
vt 0.1654 0.0545
vt 0.1732 0.0545
vt 0.1811 0.0545
vt 0.1890 0.0545
vt 0.1969 0.0545
vt 0.2047 0.0545
vt 0.2126 0.0545
vt 0.2205 0.0545
vt 0.2283 0.0545
vt 0.2362 0.0545
vt 0.2441 0.0545
vt 0.2520 0.0545
vt 0.2598 0.0545
vt 0.2677 0.0545
vt 0.2756 0.0545
vt 0.2835 0.0545
vt 0.2913 0.0545
vt 0.2992 0.0545
vt 0.3071 0.0545
vt 0.3150 0.0545
vt 0.3228 0.0545
vt 0.3307 0.0545
vt 0.3386 0.0545
vt 0.3465 0.0545
vt 0.3543 0.0545
vt 0.3622 0.0545
vt 0.3701 0.0545
vt 0.3780 0.0545
vt 0.3858 0.0545
vt 0.3937 0.0545
vt 0.4016 0.0545
vt 0.4094 0.0545
vt 0.4173 0.0545
vt 0.4252 0.0545
vt 0.4331 0.0545
vt 0.4409 0.0545
vt 0.4488 0.0545
vt 0.4567 0.0545
vt 0.4646 0.0545
vt 0.4724 0.0545
vt 0.4803 0.0545
vt 0.4882 0.0545
vt 0.4961 0.0545
vt 0.5039 0.0545
vt 0.5118 0.0545
vt 0.5197 0.0545
vt 0.5276 0.0545
vt 0.5354 0.0545
vt 0.5433 0.0545
vt 0.5512 0.0545
vt 0.5591 0.0545
vt 0.5669 0.0545
vt 0.5748 0.0545
vt 0.5827 0.0545
vt 0.5906 0.0545
vt 0.5984 0.0545
vt 0.6063 0.0545
vt 0.6142 0.0545
vt 0.6220 0.0545
vt 0.6299 0.0545
vt 0.6378 0.0545
vt 0.6457 0.0545
vt 0.6535 0.0545
vt 0.6614 0.0545
vt 0.6693 0.0545
vt 0.6772 0.0545
vt 0.6850 0.0545
vt 0.6929 0.0545
vt 0.7008 0.0545
vt 0.7087 0.0545
vt 0.7165 0.0545
vt 0.7244 0.0545
vt 0.7323 0.0545
vt 0.7402 0.0545
vt 0.7480 0.0545
vt 0.7559 0.0545
vt 0.7638 0.0545
vt 0.7717 0.0545
vt 0.7795 0.0545
vt 0.7874 0.0545
vt 0.7953 0.0545
vt 0.8031 0.0545
vt 0.8110 0.0545
vt 0.8189 0.0545
vt 0.8268 0.0545
vt 0.8346 0.0545
vt 0.8425 0.0545
vt 0.8504 0.0545
vt 0.8583 0.0545
vt 0.8661 0.0545
vt 0.8740 0.0545
vt 0.8819 0.0545
vt 0.8898 0.0545
vt 0.8976 0.0545
vt 0.9055 0.0545
vt 0.9134 0.0545
vt 0.9213 0.0545
vt 0.9291 0.0545
vt 0.9370 0.0545
vt 0.9449 0.0545
vt 0.9528 0.0545
vt 0.9606 0.0545
vt 0.9685 0.0545
vt 0.9764 0.0545
vt 0.9843 0.0545
vt 0.9921 0.0545
vt 1.0000 0.0545
vt 0.0000 0.0364
vt 0.0079 0.0364
vt 0.0157 0.0364
vt 0.0236 0.0364
vt 0.0315 0.0364
vt 0.0394 0.0364
vt 0.0472 0.0364
vt 0.0551 0.0364
vt 0.0630 0.0364
vt 0.0709 0.0364
vt 0.0787 0.0364
vt 0.0866 0.0364
vt 0.0945 0.0364
vt 0.1024 0.0364
vt 0.1102 0.0364
vt 0.1181 0.0364
vt 0.1260 0.0364
vt 0.1339 0.0364
vt 0.1417 0.0364
vt 0.1496 0.0364
vt 0.1575 0.0364
vt 0.1654 0.0364
vt 0.1732 0.0364
vt 0.1811 0.0364
vt 0.1890 0.0364
vt 0.1969 0.0364
vt 0.2047 0.0364
vt 0.2126 0.0364
vt 0.2205 0.0364
vt 0.2283 0.0364
vt 0.2362 0.0364
vt 0.2441 0.0364
vt 0.2520 0.0364
vt 0.2598 0.0364
vt 0.2677 0.0364
vt 0.2756 0.0364
vt 0.2835 0.0364
vt 0.2913 0.0364
vt 0.2992 0.0364
vt 0.3071 0.0364
vt 0.3150 0.0364
vt 0.3228 0.0364
vt 0.3307 0.0364
vt 0.3386 0.0364
vt 0.3465 0.0364
vt 0.3543 0.0364
vt 0.3622 0.0364
vt 0.3701 0.0364
vt 0.3780 0.0364
vt 0.3858 0.0364
vt 0.3937 0.0364
vt 0.4016 0.0364
vt 0.4094 0.0364
vt 0.4173 0.0364
vt 0.4252 0.0364
vt 0.4331 0.0364
vt 0.4409 0.0364
vt 0.4488 0.0364
vt 0.4567 0.0364
vt 0.4646 0.0364
vt 0.4724 0.0364
vt 0.4803 0.0364
vt 0.4882 0.0364
vt 0.4961 0.0364
vt 0.5039 0.0364
vt 0.5118 0.0364
vt 0.5197 0.0364
vt 0.5276 0.0364
vt 0.5354 0.0364
vt 0.5433 0.0364
vt 0.5512 0.0364
vt 0.5591 0.0364
vt 0.5669 0.0364
vt 0.5748 0.0364
vt 0.5827 0.0364
vt 0.5906 0.0364
vt 0.5984 0.0364
vt 0.6063 0.0364
vt 0.6142 0.0364
vt 0.6220 0.0364
vt 0.6299 0.0364
vt 0.6378 0.0364
vt 0.6457 0.0364
vt 0.6535 0.0364
vt 0.6614 0.0364
vt 0.6693 0.0364
vt 0.6772 0.0364
vt 0.6850 0.0364
vt 0.6929 0.0364
vt 0.7008 0.0364
vt 0.7087 0.0364
vt 0.7165 0.0364
vt 0.7244 0.0364
vt 0.7323 0.0364
vt 0.7402 0.0364
vt 0.7480 0.0364
vt 0.7559 0.0364
vt 0.7638 0.0364
vt 0.7717 0.0364
vt 0.7795 0.0364
vt 0.7874 0.0364
vt 0.7953 0.0364
vt 0.8031 0.0364
vt 0.8110 0.0364
vt 0.8189 0.0364
vt 0.8268 0.0364
vt 0.8346 0.0364
vt 0.8425 0.0364
vt 0.8504 0.0364
vt 0.8583 0.0364
vt 0.8661 0.0364
vt 0.8740 0.0364
vt 0.8819 0.0364
vt 0.8898 0.0364
vt 0.8976 0.0364
vt 0.9055 0.0364
vt 0.9134 0.0364
vt 0.9213 0.0364
vt 0.9291 0.0364
vt 0.9370 0.0364
vt 0.9449 0.0364
vt 0.9528 0.0364
vt 0.9606 0.0364
vt 0.9685 0.0364
vt 0.9764 0.0364
vt 0.9843 0.0364
vt 0.9921 0.0364
vt 1.0000 0.0364
vt 0.0000 0.0182
vt 0.0079 0.0182
vt 0.0157 0.0182
vt 0.0236 0.0182
vt 0.0315 0.0182
vt 0.0394 0.0182
vt 0.0472 0.0182
vt 0.0551 0.0182
vt 0.0630 0.0182
vt 0.0709 0.0182
vt 0.0787 0.0182
vt 0.0866 0.0182
vt 0.0945 0.0182
vt 0.1024 0.0182
vt 0.1102 0.0182
vt 0.1181 0.0182
vt 0.1260 0.0182
vt 0.1339 0.0182
vt 0.1417 0.0182
vt 0.1496 0.0182
vt 0.1575 0.0182
vt 0.1654 0.0182
vt 0.1732 0.0182
vt 0.1811 0.0182
vt 0.1890 0.0182
vt 0.1969 0.0182
vt 0.2047 0.0182
vt 0.2126 0.0182
vt 0.2205 0.0182
vt 0.2283 0.0182
vt 0.2362 0.0182
vt 0.2441 0.0182
vt 0.2520 0.0182
vt 0.2598 0.0182
vt 0.2677 0.0182
vt 0.2756 0.0182
vt 0.2835 0.0182
vt 0.2913 0.0182
vt 0.2992 0.0182
vt 0.3071 0.0182
vt 0.3150 0.0182
vt 0.3228 0.0182
vt 0.3307 0.0182
vt 0.3386 0.0182
vt 0.3465 0.0182
vt 0.3543 0.0182
vt 0.3622 0.0182
vt 0.3701 0.0182
vt 0.3780 0.0182
vt 0.3858 0.0182
vt 0.3937 0.0182
vt 0.4016 0.0182
vt 0.4094 0.0182
vt 0.4173 0.0182
vt 0.4252 0.0182
vt 0.4331 0.0182
vt 0.4409 0.0182
vt 0.4488 0.0182
vt 0.4567 0.0182
vt 0.4646 0.0182
vt 0.4724 0.0182
vt 0.4803 0.0182
vt 0.4882 0.0182
vt 0.4961 0.0182
vt 0.5039 0.0182
vt 0.5118 0.0182
vt 0.5197 0.0182
vt 0.5276 0.0182
vt 0.5354 0.0182
vt 0.5433 0.0182
vt 0.5512 0.0182
vt 0.5591 0.0182
vt 0.5669 0.0182
vt 0.5748 0.0182
vt 0.5827 0.0182
vt 0.5906 0.0182
vt 0.5984 0.0182
vt 0.6063 0.0182
vt 0.6142 0.0182
vt 0.6220 0.0182
vt 0.6299 0.0182
vt 0.6378 0.0182
vt 0.6457 0.0182
vt 0.6535 0.0182
vt 0.6614 0.0182
vt 0.6693 0.0182
vt 0.6772 0.0182
vt 0.6850 0.0182
vt 0.6929 0.0182
vt 0.7008 0.0182
vt 0.7087 0.0182
vt 0.7165 0.0182
vt 0.7244 0.0182
vt 0.7323 0.0182
vt 0.7402 0.0182
vt 0.7480 0.0182
vt 0.7559 0.0182
vt 0.7638 0.0182
vt 0.7717 0.0182
vt 0.7795 0.0182
vt 0.7874 0.0182
vt 0.7953 0.0182
vt 0.8031 0.0182
vt 0.8110 0.0182
vt 0.8189 0.0182
vt 0.8268 0.0182
vt 0.8346 0.0182
vt 0.8425 0.0182
vt 0.8504 0.0182
vt 0.8583 0.0182
vt 0.8661 0.0182
vt 0.8740 0.0182
vt 0.8819 0.0182
vt 0.8898 0.0182
vt 0.8976 0.0182
vt 0.9055 0.0182
vt 0.9134 0.0182
vt 0.9213 0.0182
vt 0.9291 0.0182
vt 0.9370 0.0182
vt 0.9449 0.0182
vt 0.9528 0.0182
vt 0.9606 0.0182
vt 0.9685 0.0182
vt 0.9764 0.0182
vt 0.9843 0.0182
vt 0.9921 0.0182
vt 1.0000 0.0182
vt 0.0000 0.0000
vt 0.0079 0.0000
vt 0.0157 0.0000
vt 0.0236 0.0000
vt 0.0315 0.0000
vt 0.0394 0.0000
vt 0.0472 0.0000
vt 0.0551 0.0000
vt 0.0630 0.0000
vt 0.0709 0.0000
vt 0.0787 0.0000
vt 0.0866 0.0000
vt 0.0945 0.0000
vt 0.1024 0.0000
vt 0.1102 0.0000
vt 0.1181 0.0000
vt 0.1260 0.0000
vt 0.1339 0.0000
vt 0.1417 0.0000
vt 0.1496 0.0000
vt 0.1575 0.0000
vt 0.1654 0.0000
vt 0.1732 0.0000
vt 0.1811 0.0000
vt 0.1890 0.0000
vt 0.1969 0.0000
vt 0.2047 0.0000
vt 0.2126 0.0000
vt 0.2205 0.0000
vt 0.2283 0.0000
vt 0.2362 0.0000
vt 0.2441 0.0000
vt 0.2520 0.0000
vt 0.2598 0.0000
vt 0.2677 0.0000
vt 0.2756 0.0000
vt 0.2835 0.0000
vt 0.2913 0.0000
vt 0.2992 0.0000
vt 0.3071 0.0000
vt 0.3150 0.0000
vt 0.3228 0.0000
vt 0.3307 0.0000
vt 0.3386 0.0000
vt 0.3465 0.0000
vt 0.3543 0.0000
vt 0.3622 0.0000
vt 0.3701 0.0000
vt 0.3780 0.0000
vt 0.3858 0.0000
vt 0.3937 0.0000
vt 0.4016 0.0000
vt 0.4094 0.0000
vt 0.4173 0.0000
vt 0.4252 0.0000
vt 0.4331 0.0000
vt 0.4409 0.0000
vt 0.4488 0.0000
vt 0.4567 0.0000
vt 0.4646 0.0000
vt 0.4724 0.0000
vt 0.4803 0.0000
vt 0.4882 0.0000
vt 0.4961 0.0000
vt 0.5039 0.0000
vt 0.5118 0.0000
vt 0.5197 0.0000
vt 0.5276 0.0000
vt 0.5354 0.0000
vt 0.5433 0.0000
vt 0.5512 0.0000
vt 0.5591 0.0000
vt 0.5669 0.0000
vt 0.5748 0.0000
vt 0.5827 0.0000
vt 0.5906 0.0000
vt 0.5984 0.0000
vt 0.6063 0.0000
vt 0.6142 0.0000
vt 0.6220 0.0000
vt 0.6299 0.0000
vt 0.6378 0.0000
vt 0.6457 0.0000
vt 0.6535 0.0000
vt 0.6614 0.0000
vt 0.6693 0.0000
vt 0.6772 0.0000
vt 0.6850 0.0000
vt 0.6929 0.0000
vt 0.7008 0.0000
vt 0.7087 0.0000
vt 0.7165 0.0000
vt 0.7244 0.0000
vt 0.7323 0.0000
vt 0.7402 0.0000
vt 0.7480 0.0000
vt 0.7559 0.0000
vt 0.7638 0.0000
vt 0.7717 0.0000
vt 0.7795 0.0000
vt 0.7874 0.0000
vt 0.7953 0.0000
vt 0.8031 0.0000
vt 0.8110 0.0000
vt 0.8189 0.0000
vt 0.8268 0.0000
vt 0.8346 0.0000
vt 0.8425 0.0000
vt 0.8504 0.0000
vt 0.8583 0.0000
vt 0.8661 0.0000
vt 0.8740 0.0000
vt 0.8819 0.0000
vt 0.8898 0.0000
vt 0.8976 0.0000
vt 0.9055 0.0000
vt 0.9134 0.0000
vt 0.9213 0.0000
vt 0.9291 0.0000
vt 0.9370 0.0000
vt 0.9449 0.0000
vt 0.9528 0.0000
vt 0.9606 0.0000
vt 0.9685 0.0000
vt 0.9764 0.0000
vt 0.9843 0.0000
vt 0.9921 0.0000
vt 1.0000 0.0000
f 1/1 2/2 130/130
f 1/1 130/130 129/129
f 2/2 3/3 131/131
f 2/2 131/131 130/130
f 3/3 4/4 132/132
f 3/3 132/132 131/131
f 4/4 5/5 133/133
f 4/4 133/133 132/132
f 5/5 6/6 134/134
f 5/5 134/134 133/133
f 6/6 7/7 135/135
f 6/6 135/135 134/134
f 7/7 8/8 136/136
f 7/7 136/136 135/135
f 8/8 9/9 137/137
f 8/8 137/137 136/136
f 9/9 10/10 138/138
f 9/9 138/138 137/137
f 10/10 11/11 139/139
f 10/10 139/139 138/138
f 11/11 12/12 140/140
f 11/11 140/140 139/139
f 12/12 13/13 141/141
f 12/12 141/141 140/140
f 13/13 14/14 142/142
f 13/13 142/142 141/141
f 14/14 15/15 143/143
f 14/14 143/143 142/142
f 15/15 16/16 144/144
f 15/15 144/144 143/143
f 16/16 17/17 145/145
f 16/16 145/145 144/144
f 17/17 18/18 146/146
f 17/17 146/146 145/145
f 18/18 19/19 147/147
f 18/18 147/147 146/146
f 19/19 20/20 148/148
f 19/19 148/148 147/147
f 20/20 21/21 149/149
f 20/20 149/149 148/148
f 21/21 22/22 150/150
f 21/21 150/150 149/149
f 22/22 23/23 151/151
f 22/22 151/151 150/150
f 23/23 24/24 152/152
f 23/23 152/152 151/151
f 24/24 25/25 153/153
f 24/24 153/153 152/152
f 25/25 26/26 154/154
f 25/25 154/154 153/153
f 26/26 27/27 155/155
f 26/26 155/155 154/154
f 27/27 28/28 156/156
f 27/27 156/156 155/155
f 28/28 29/29 157/157
f 28/28 157/157 156/156
f 29/29 30/30 158/158
f 29/29 158/158 157/157
f 30/30 31/31 159/159
f 30/30 159/159 158/158
f 31/31 32/32 160/160
f 31/31 160/160 159/159
f 32/32 33/33 161/161
f 32/32 161/161 160/160
f 33/33 34/34 162/162
f 33/33 162/162 161/161
f 34/34 35/35 163/163
f 34/34 163/163 162/162
f 35/35 36/36 164/164
f 35/35 164/164 163/163
f 36/36 37/37 165/165
f 36/36 165/165 164/164
f 37/37 38/38 166/166
f 37/37 166/166 165/165
f 38/38 39/39 167/167
f 38/38 167/167 166/166
f 39/39 40/40 168/168
f 39/39 168/168 167/167
f 40/40 41/41 169/169
f 40/40 169/169 168/168
f 41/41 42/42 170/170
f 41/41 170/170 169/169
f 42/42 43/43 171/171
f 42/42 171/171 170/170
f 43/43 44/44 172/172
f 43/43 172/172 171/171
f 44/44 45/45 173/173
f 44/44 173/173 172/172
f 45/45 46/46 174/174
f 45/45 174/174 173/173
f 46/46 47/47 175/175
f 46/46 175/175 174/174
f 47/47 48/48 176/176
f 47/47 176/176 175/175
f 48/48 49/49 177/177
f 48/48 177/177 176/176
f 49/49 50/50 178/178
f 49/49 178/178 177/177
f 50/50 51/51 179/179
f 50/50 179/179 178/178
f 51/51 52/52 180/180
f 51/51 180/180 179/179
f 52/52 53/53 181/181
f 52/52 181/181 180/180
f 53/53 54/54 182/182
f 53/53 182/182 181/181
f 54/54 55/55 183/183
f 54/54 183/183 182/182
f 55/55 56/56 184/184
f 55/55 184/184 183/183
f 56/56 57/57 185/185
f 56/56 185/185 184/184
f 57/57 58/58 186/186
f 57/57 186/186 185/185
f 58/58 59/59 187/187
f 58/58 187/187 186/186
f 59/59 60/60 188/188
f 59/59 188/188 187/187
f 60/60 61/61 189/189
f 60/60 189/189 188/188
f 61/61 62/62 190/190
f 61/61 190/190 189/189
f 62/62 63/63 191/191
f 62/62 191/191 190/190
f 63/63 64/64 192/192
f 63/63 192/192 191/191
f 64/64 65/65 193/193
f 64/64 193/193 192/192
f 65/65 66/66 194/194
f 65/65 194/194 193/193
f 66/66 67/67 195/195
f 66/66 195/195 194/194
f 67/67 68/68 196/196
f 67/67 196/196 195/195
f 68/68 69/69 197/197
f 68/68 197/197 196/196
f 69/69 70/70 198/198
f 69/69 198/198 197/197
f 70/70 71/71 199/199
f 70/70 199/199 198/198
f 71/71 72/72 200/200
f 71/71 200/200 199/199
f 72/72 73/73 201/201
f 72/72 201/201 200/200
f 73/73 74/74 202/202
f 73/73 202/202 201/201
f 74/74 75/75 203/203
f 74/74 203/203 202/202
f 75/75 76/76 204/204
f 75/75 204/204 203/203
f 76/76 77/77 205/205
f 76/76 205/205 204/204
f 77/77 78/78 206/206
f 77/77 206/206 205/205
f 78/78 79/79 207/207
f 78/78 207/207 206/206
f 79/79 80/80 208/208
f 79/79 208/208 207/207
f 80/80 81/81 209/209
f 80/80 209/209 208/208
f 81/81 82/82 210/210
f 81/81 210/210 209/209
f 82/82 83/83 211/211
f 82/82 211/211 210/210
f 83/83 84/84 212/212
f 83/83 212/212 211/211
f 84/84 85/85 213/213
f 84/84 213/213 212/212
f 85/85 86/86 214/214
f 85/85 214/214 213/213
f 86/86 87/87 215/215
f 86/86 215/215 214/214
f 87/87 88/88 216/216
f 87/87 216/216 215/215
f 88/88 89/89 217/217
f 88/88 217/217 216/216
f 89/89 90/90 218/218
f 89/89 218/218 217/217
f 90/90 91/91 219/219
f 90/90 219/219 218/218
f 91/91 92/92 220/220
f 91/91 220/220 219/219
f 92/92 93/93 221/221
f 92/92 221/221 220/220
f 93/93 94/94 222/222
f 93/93 222/222 221/221
f 94/94 95/95 223/223
f 94/94 223/223 222/222
f 95/95 96/96 224/224
f 95/95 224/224 223/223
f 96/96 97/97 225/225
f 96/96 225/225 224/224
f 97/97 98/98 226/226
f 97/97 226/226 225/225
f 98/98 99/99 227/227
f 98/98 227/227 226/226
f 99/99 100/100 228/228
f 99/99 228/228 227/227
f 100/100 101/101 229/229
f 100/100 229/229 228/228
f 101/101 102/102 230/230
f 101/101 230/230 229/229
f 102/102 103/103 231/231
f 102/102 231/231 230/230
f 103/103 104/104 232/232
f 103/103 232/232 231/231
f 104/104 105/105 233/233
f 104/104 233/233 232/232
f 105/105 106/106 234/234
f 105/105 234/234 233/233
f 106/106 107/107 235/235
f 106/106 235/235 234/234
f 107/107 108/108 236/236
f 107/107 236/236 235/235
f 108/108 109/109 237/237
f 108/108 237/237 236/236
f 109/109 110/110 238/238
f 109/109 238/238 237/237
f 110/110 111/111 239/239
f 110/110 239/239 238/238
f 111/111 112/112 240/240
f 111/111 240/240 239/239
f 112/112 113/113 241/241
f 112/112 241/241 240/240
f 113/113 114/114 242/242
f 113/113 242/242 241/241
f 114/114 115/115 243/243
f 114/114 243/243 242/242
f 115/115 116/116 244/244
f 115/115 244/244 243/243
f 116/116 117/117 245/245
f 116/116 245/245 244/244
f 117/117 118/118 246/246
f 117/117 246/246 245/245
f 118/118 119/119 247/247
f 118/118 247/247 246/246
f 119/119 120/120 248/248
f 119/119 248/248 247/247
f 120/120 121/121 249/249
f 120/120 249/249 248/248
f 121/121 122/122 250/250
f 121/121 250/250 249/249
f 122/122 123/123 251/251
f 122/122 251/251 250/250
f 123/123 124/124 252/252
f 123/123 252/252 251/251
f 124/124 125/125 253/253
f 124/124 253/253 252/252
f 125/125 126/126 254/254
f 125/125 254/254 253/253
f 126/126 127/127 255/255
f 126/126 255/255 254/254
f 127/127 128/128 256/256
f 127/127 256/256 255/255
f 129/129 130/130 258/258
f 129/129 258/258 257/257
f 130/130 131/131 259/259
f 130/130 259/259 258/258
f 131/131 132/132 260/260
f 131/131 260/260 259/259
f 132/132 133/133 261/261
f 132/132 261/261 260/260
f 133/133 134/134 262/262
f 133/133 262/262 261/261
f 134/134 135/135 263/263
f 134/134 263/263 262/262
f 135/135 136/136 264/264
f 135/135 264/264 263/263
f 136/136 137/137 265/265
f 136/136 265/265 264/264
f 137/137 138/138 266/266
f 137/137 266/266 265/265
f 138/138 139/139 267/267
f 138/138 267/267 266/266
f 139/139 140/140 268/268
f 139/139 268/268 267/267
f 140/140 141/141 269/269
f 140/140 269/269 268/268
f 141/141 142/142 270/270
f 141/141 270/270 269/269
f 142/142 143/143 271/271
f 142/142 271/271 270/270
f 143/143 144/144 272/272
f 143/143 272/272 271/271
f 144/144 145/145 273/273
f 144/144 273/273 272/272
f 145/145 146/146 274/274
f 145/145 274/274 273/273
f 146/146 147/147 275/275
f 146/146 275/275 274/274
f 147/147 148/148 276/276
f 147/147 276/276 275/275
f 148/148 149/149 277/277
f 148/148 277/277 276/276
f 149/149 150/150 278/278
f 149/149 278/278 277/277
f 150/150 151/151 279/279
f 150/150 279/279 278/278
f 151/151 152/152 280/280
f 151/151 280/280 279/279
f 152/152 153/153 281/281
f 152/152 281/281 280/280
f 153/153 154/154 282/282
f 153/153 282/282 281/281
f 154/154 155/155 283/283
f 154/154 283/283 282/282
f 155/155 156/156 284/284
f 155/155 284/284 283/283
f 156/156 157/157 285/285
f 156/156 285/285 284/284
f 157/157 158/158 286/286
f 157/157 286/286 285/285
f 158/158 159/159 287/287
f 158/158 287/287 286/286
f 159/159 160/160 288/288
f 159/159 288/288 287/287
f 160/160 161/161 289/289
f 160/160 289/289 288/288
f 161/161 162/162 290/290
f 161/161 290/290 289/289
f 162/162 163/163 291/291
f 162/162 291/291 290/290
f 163/163 164/164 292/292
f 163/163 292/292 291/291
f 164/164 165/165 293/293
f 164/164 293/293 292/292
f 165/165 166/166 294/294
f 165/165 294/294 293/293
f 166/166 167/167 295/295
f 166/166 295/295 294/294
f 167/167 168/168 296/296
f 167/167 296/296 295/295
f 168/168 169/169 297/297
f 168/168 297/297 296/296
f 169/169 170/170 298/298
f 169/169 298/298 297/297
f 170/170 171/171 299/299
f 170/170 299/299 298/298
f 171/171 172/172 300/300
f 171/171 300/300 299/299
f 172/172 173/173 301/301
f 172/172 301/301 300/300
f 173/173 174/174 302/302
f 173/173 302/302 301/301
f 174/174 175/175 303/303
f 174/174 303/303 302/302
f 175/175 176/176 304/304
f 175/175 304/304 303/303
f 176/176 177/177 305/305
f 176/176 305/305 304/304
f 177/177 178/178 306/306
f 177/177 306/306 305/305
f 178/178 179/179 307/307
f 178/178 307/307 306/306
f 179/179 180/180 308/308
f 179/179 308/308 307/307
f 180/180 181/181 309/309
f 180/180 309/309 308/308
f 181/181 182/182 310/310
f 181/181 310/310 309/309
f 182/182 183/183 311/311
f 182/182 311/311 310/310
f 183/183 184/184 312/312
f 183/183 312/312 311/311
f 184/184 185/185 313/313
f 184/184 313/313 312/312
f 185/185 186/186 314/314
f 185/185 314/314 313/313
f 186/186 187/187 315/315
f 186/186 315/315 314/314
f 187/187 188/188 316/316
f 187/187 316/316 315/315
f 188/188 189/189 317/317
f 188/188 317/317 316/316
f 189/189 190/190 318/318
f 189/189 318/318 317/317
f 190/190 191/191 319/319
f 190/190 319/319 318/318
f 191/191 192/192 320/320
f 191/191 320/320 319/319
f 192/192 193/193 321/321
f 192/192 321/321 320/320
f 193/193 194/194 322/322
f 193/193 322/322 321/321
f 194/194 195/195 323/323
f 194/194 323/323 322/322
f 195/195 196/196 324/324
f 195/195 324/324 323/323
f 196/196 197/197 325/325
f 196/196 325/325 324/324
f 197/197 198/198 326/326
f 197/197 326/326 325/325
f 198/198 199/199 327/327
f 198/198 327/327 326/326
f 199/199 200/200 328/328
f 199/199 328/328 327/327
f 200/200 201/201 329/329
f 200/200 329/329 328/328
f 201/201 202/202 330/330
f 201/201 330/330 329/329
f 202/202 203/203 331/331
f 202/202 331/331 330/330
f 203/203 204/204 332/332
f 203/203 332/332 331/331
f 204/204 205/205 333/333
f 204/204 333/333 332/332
f 205/205 206/206 334/334
f 205/205 334/334 333/333
f 206/206 207/207 335/335
f 206/206 335/335 334/334
f 207/207 208/208 336/336
f 207/207 336/336 335/335
f 208/208 209/209 337/337
f 208/208 337/337 336/336
f 209/209 210/210 338/338
f 209/209 338/338 337/337
f 210/210 211/211 339/339
f 210/210 339/339 338/338
f 211/211 212/212 340/340
f 211/211 340/340 339/339
f 212/212 213/213 341/341
f 212/212 341/341 340/340
f 213/213 214/214 342/342
f 213/213 342/342 341/341
f 214/214 215/215 343/343
f 214/214 343/343 342/342
f 215/215 216/216 344/344
f 215/215 344/344 343/343
f 216/216 217/217 345/345
f 216/216 345/345 344/344
f 217/217 218/218 346/346
f 217/217 346/346 345/345
f 218/218 219/219 347/347
f 218/218 347/347 346/346
f 219/219 220/220 348/348
f 219/219 348/348 347/347
f 220/220 221/221 349/349
f 220/220 349/349 348/348
f 221/221 222/222 350/350
f 221/221 350/350 349/349
f 222/222 223/223 351/351
f 222/222 351/351 350/350
f 223/223 224/224 352/352
f 223/223 352/352 351/351
f 224/224 225/225 353/353
f 224/224 353/353 352/352
f 225/225 226/226 354/354
f 225/225 354/354 353/353
f 226/226 227/227 355/355
f 226/226 355/355 354/354
f 227/227 228/228 356/356
f 227/227 356/356 355/355
f 228/228 229/229 357/357
f 228/228 357/357 356/356
f 229/229 230/230 358/358
f 229/229 358/358 357/357
f 230/230 231/231 359/359
f 230/230 359/359 358/358
f 231/231 232/232 360/360
f 231/231 360/360 359/359
f 232/232 233/233 361/361
f 232/232 361/361 360/360
f 233/233 234/234 362/362
f 233/233 362/362 361/361
f 234/234 235/235 363/363
f 234/234 363/363 362/362
f 235/235 236/236 364/364
f 235/235 364/364 363/363
f 236/236 237/237 365/365
f 236/236 365/365 364/364
f 237/237 238/238 366/366
f 237/237 366/366 365/365
f 238/238 239/239 367/367
f 238/238 367/367 366/366
f 239/239 240/240 368/368
f 239/239 368/368 367/367
f 240/240 241/241 369/369
f 240/240 369/369 368/368
f 241/241 242/242 370/370
f 241/241 370/370 369/369
f 242/242 243/243 371/371
f 242/242 371/371 370/370
f 243/243 244/244 372/372
f 243/243 372/372 371/371
f 244/244 245/245 373/373
f 244/244 373/373 372/372
f 245/245 246/246 374/374
f 245/245 374/374 373/373
f 246/246 247/247 375/375
f 246/246 375/375 374/374
f 247/247 248/248 376/376
f 247/247 376/376 375/375
f 248/248 249/249 377/377
f 248/248 377/377 376/376
f 249/249 250/250 378/378
f 249/249 378/378 377/377
f 250/250 251/251 379/379
f 250/250 379/379 378/378
f 251/251 252/252 380/380
f 251/251 380/380 379/379
f 252/252 253/253 381/381
f 252/252 381/381 380/380
f 253/253 254/254 382/382
f 253/253 382/382 381/381
f 254/254 255/255 383/383
f 254/254 383/383 382/382
f 255/255 256/256 384/384
f 255/255 384/384 383/383
f 257/257 258/258 386/386
f 257/257 386/386 385/385
f 258/258 259/259 387/387
f 258/258 387/387 386/386
f 259/259 260/260 388/388
f 259/259 388/388 387/387
f 260/260 261/261 389/389
f 260/260 389/389 388/388
f 261/261 262/262 390/390
f 261/261 390/390 389/389
f 262/262 263/263 391/391
f 262/262 391/391 390/390
f 263/263 264/264 392/392
f 263/263 392/392 391/391
f 264/264 265/265 393/393
f 264/264 393/393 392/392
f 265/265 266/266 394/394
f 265/265 394/394 393/393
f 266/266 267/267 395/395
f 266/266 395/395 394/394
f 267/267 268/268 396/396
f 267/267 396/396 395/395
f 268/268 269/269 397/397
f 268/268 397/397 396/396
f 269/269 270/270 398/398
f 269/269 398/398 397/397
f 270/270 271/271 399/399
f 270/270 399/399 398/398
f 271/271 272/272 400/400
f 271/271 400/400 399/399
f 272/272 273/273 401/401
f 272/272 401/401 400/400
f 273/273 274/274 402/402
f 273/273 402/402 401/401
f 274/274 275/275 403/403
f 274/274 403/403 402/402
f 275/275 276/276 404/404
f 275/275 404/404 403/403
f 276/276 277/277 405/405
f 276/276 405/405 404/404
f 277/277 278/278 406/406
f 277/277 406/406 405/405
f 278/278 279/279 407/407
f 278/278 407/407 406/406
f 279/279 280/280 408/408
f 279/279 408/408 407/407
f 280/280 281/281 409/409
f 280/280 409/409 408/408
f 281/281 282/282 410/410
f 281/281 410/410 409/409
f 282/282 283/283 411/411
f 282/282 411/411 410/410
f 283/283 284/284 412/412
f 283/283 412/412 411/411
f 284/284 285/285 413/413
f 284/284 413/413 412/412
f 285/285 286/286 414/414
f 285/285 414/414 413/413
f 286/286 287/287 415/415
f 286/286 415/415 414/414
f 287/287 288/288 416/416
f 287/287 416/416 415/415
f 288/288 289/289 417/417
f 288/288 417/417 416/416
f 289/289 290/290 418/418
f 289/289 418/418 417/417
f 290/290 291/291 419/419
f 290/290 419/419 418/418
f 291/291 292/292 420/420
f 291/291 420/420 419/419
f 292/292 293/293 421/421
f 292/292 421/421 420/420
f 293/293 294/294 422/422
f 293/293 422/422 421/421
f 294/294 295/295 423/423
f 294/294 423/423 422/422
f 295/295 296/296 424/424
f 295/295 424/424 423/423
f 296/296 297/297 425/425
f 296/296 425/425 424/424
f 297/297 298/298 426/426
f 297/297 426/426 425/425
f 298/298 299/299 427/427
f 298/298 427/427 426/426
f 299/299 300/300 428/428
f 299/299 428/428 427/427
f 300/300 301/301 429/429
f 300/300 429/429 428/428
f 301/301 302/302 430/430
f 301/301 430/430 429/429
f 302/302 303/303 431/431
f 302/302 431/431 430/430
f 303/303 304/304 432/432
f 303/303 432/432 431/431
f 304/304 305/305 433/433
f 304/304 433/433 432/432
f 305/305 306/306 434/434
f 305/305 434/434 433/433
f 306/306 307/307 435/435
f 306/306 435/435 434/434
f 307/307 308/308 436/436
f 307/307 436/436 435/435
f 308/308 309/309 437/437
f 308/308 437/437 436/436
f 309/309 310/310 438/438
f 309/309 438/438 437/437
f 310/310 311/311 439/439
f 310/310 439/439 438/438
f 311/311 312/312 440/440
f 311/311 440/440 439/439
f 312/312 313/313 441/441
f 312/312 441/441 440/440
f 313/313 314/314 442/442
f 313/313 442/442 441/441
f 314/314 315/315 443/443
f 314/314 443/443 442/442
f 315/315 316/316 444/444
f 315/315 444/444 443/443
f 316/316 317/317 445/445
f 316/316 445/445 444/444
f 317/317 318/318 446/446
f 317/317 446/446 445/445
f 318/318 319/319 447/447
f 318/318 447/447 446/446
f 319/319 320/320 448/448
f 319/319 448/448 447/447
f 320/320 321/321 449/449
f 320/320 449/449 448/448
f 321/321 322/322 450/450
f 321/321 450/450 449/449
f 322/322 323/323 451/451
f 322/322 451/451 450/450
f 323/323 324/324 452/452
f 323/323 452/452 451/451
f 324/324 325/325 453/453
f 324/324 453/453 452/452
f 325/325 326/326 454/454
f 325/325 454/454 453/453
f 326/326 327/327 455/455
f 326/326 455/455 454/454
f 327/327 328/328 456/456
f 327/327 456/456 455/455
f 328/328 329/329 457/457
f 328/328 457/457 456/456
f 329/329 330/330 458/458
f 329/329 458/458 457/457
f 330/330 331/331 459/459
f 330/330 459/459 458/458
f 331/331 332/332 460/460
f 331/331 460/460 459/459
f 332/332 333/333 461/461
f 332/332 461/461 460/460
f 333/333 334/334 462/462
f 333/333 462/462 461/461
f 334/334 335/335 463/463
f 334/334 463/463 462/462
f 335/335 336/336 464/464
f 335/335 464/464 463/463
f 336/336 337/337 465/465
f 336/336 465/465 464/464
f 337/337 338/338 466/466
f 337/337 466/466 465/465
f 338/338 339/339 467/467
f 338/338 467/467 466/466
f 339/339 340/340 468/468
f 339/339 468/468 467/467
f 340/340 341/341 469/469
f 340/340 469/469 468/468
f 341/341 342/342 470/470
f 341/341 470/470 469/469
f 342/342 343/343 471/471
f 342/342 471/471 470/470
f 343/343 344/344 472/472
f 343/343 472/472 471/471
f 344/344 345/345 473/473
f 344/344 473/473 472/472
f 345/345 346/346 474/474
f 345/345 474/474 473/473
f 346/346 347/347 475/475
f 346/346 475/475 474/474
f 347/347 348/348 476/476
f 347/347 476/476 475/475
f 348/348 349/349 477/477
f 348/348 477/477 476/476
f 349/349 350/350 478/478
f 349/349 478/478 477/477
f 350/350 351/351 479/479
f 350/350 479/479 478/478
f 351/351 352/352 480/480
f 351/351 480/480 479/479
f 352/352 353/353 481/481
f 352/352 481/481 480/480
f 353/353 354/354 482/482
f 353/353 482/482 481/481
f 354/354 355/355 483/483
f 354/354 483/483 482/482
f 355/355 356/356 484/484
f 355/355 484/484 483/483
f 356/356 357/357 485/485
f 356/356 485/485 484/484
f 357/357 358/358 486/486
f 357/357 486/486 485/485
f 358/358 359/359 487/487
f 358/358 487/487 486/486
f 359/359 360/360 488/488
f 359/359 488/488 487/487
f 360/360 361/361 489/489
f 360/360 489/489 488/488
f 361/361 362/362 490/490
f 361/361 490/490 489/489
f 362/362 363/363 491/491
f 362/362 491/491 490/490
f 363/363 364/364 492/492
f 363/363 492/492 491/491
f 364/364 365/365 493/493
f 364/364 493/493 492/492
f 365/365 366/366 494/494
f 365/365 494/494 493/493
f 366/366 367/367 495/495
f 366/366 495/495 494/494
f 367/367 368/368 496/496
f 367/367 496/496 495/495
f 368/368 369/369 497/497
f 368/368 497/497 496/496
f 369/369 370/370 498/498
f 369/369 498/498 497/497
f 370/370 371/371 499/499
f 370/370 499/499 498/498
f 371/371 372/372 500/500
f 371/371 500/500 499/499
f 372/372 373/373 501/501
f 372/372 501/501 500/500
f 373/373 374/374 502/502
f 373/373 502/502 501/501
f 374/374 375/375 503/503
f 374/374 503/503 502/502
f 375/375 376/376 504/504
f 375/375 504/504 503/503
f 376/376 377/377 505/505
f 376/376 505/505 504/504
f 377/377 378/378 506/506
f 377/377 506/506 505/505
f 378/378 379/379 507/507
f 378/378 507/507 506/506
f 379/379 380/380 508/508
f 379/379 508/508 507/507
f 380/380 381/381 509/509
f 380/380 509/509 508/508
f 381/381 382/382 510/510
f 381/381 510/510 509/509
f 382/382 383/383 511/511
f 382/382 511/511 510/510
f 383/383 384/384 512/512
f 383/383 512/512 511/511
f 385/385 386/386 514/514
f 385/385 514/514 513/513
f 386/386 387/387 515/515
f 386/386 515/515 514/514
f 387/387 388/388 516/516
f 387/387 516/516 515/515
f 388/388 389/389 517/517
f 388/388 517/517 516/516
f 389/389 390/390 518/518
f 389/389 518/518 517/517
f 390/390 391/391 519/519
f 390/390 519/519 518/518
f 391/391 392/392 520/520
f 391/391 520/520 519/519
f 392/392 393/393 521/521
f 392/392 521/521 520/520
f 393/393 394/394 522/522
f 393/393 522/522 521/521
f 394/394 395/395 523/523
f 394/394 523/523 522/522
f 395/395 396/396 524/524
f 395/395 524/524 523/523
f 396/396 397/397 525/525
f 396/396 525/525 524/524
f 397/397 398/398 526/526
f 397/397 526/526 525/525
f 398/398 399/399 527/527
f 398/398 527/527 526/526
f 399/399 400/400 528/528
f 399/399 528/528 527/527
f 400/400 401/401 529/529
f 400/400 529/529 528/528
f 401/401 402/402 530/530
f 401/401 530/530 529/529
f 402/402 403/403 531/531
f 402/402 531/531 530/530
f 403/403 404/404 532/532
f 403/403 532/532 531/531
f 404/404 405/405 533/533
f 404/404 533/533 532/532
f 405/405 406/406 534/534
f 405/405 534/534 533/533
f 406/406 407/407 535/535
f 406/406 535/535 534/534
f 407/407 408/408 536/536
f 407/407 536/536 535/535
f 408/408 409/409 537/537
f 408/408 537/537 536/536
f 409/409 410/410 538/538
f 409/409 538/538 537/537
f 410/410 411/411 539/539
f 410/410 539/539 538/538
f 411/411 412/412 540/540
f 411/411 540/540 539/539
f 412/412 413/413 541/541
f 412/412 541/541 540/540
f 413/413 414/414 542/542
f 413/413 542/542 541/541
f 414/414 415/415 543/543
f 414/414 543/543 542/542
f 415/415 416/416 544/544
f 415/415 544/544 543/543
f 416/416 417/417 545/545
f 416/416 545/545 544/544
f 417/417 418/418 546/546
f 417/417 546/546 545/545
f 418/418 419/419 547/547
f 418/418 547/547 546/546
f 419/419 420/420 548/548
f 419/419 548/548 547/547
f 420/420 421/421 549/549
f 420/420 549/549 548/548
f 421/421 422/422 550/550
f 421/421 550/550 549/549
f 422/422 423/423 551/551
f 422/422 551/551 550/550
f 423/423 424/424 552/552
f 423/423 552/552 551/551
f 424/424 425/425 553/553
f 424/424 553/553 552/552
f 425/425 426/426 554/554
f 425/425 554/554 553/553
f 426/426 427/427 555/555
f 426/426 555/555 554/554
f 427/427 428/428 556/556
f 427/427 556/556 555/555
f 428/428 429/429 557/557
f 428/428 557/557 556/556
f 429/429 430/430 558/558
f 429/429 558/558 557/557
f 430/430 431/431 559/559
f 430/430 559/559 558/558
f 431/431 432/432 560/560
f 431/431 560/560 559/559
f 432/432 433/433 561/561
f 432/432 561/561 560/560
f 433/433 434/434 562/562
f 433/433 562/562 561/561
f 434/434 435/435 563/563
f 434/434 563/563 562/562
f 435/435 436/436 564/564
f 435/435 564/564 563/563
f 436/436 437/437 565/565
f 436/436 565/565 564/564
f 437/437 438/438 566/566
f 437/437 566/566 565/565
f 438/438 439/439 567/567
f 438/438 567/567 566/566
f 439/439 440/440 568/568
f 439/439 568/568 567/567
f 440/440 441/441 569/569
f 440/440 569/569 568/568
f 441/441 442/442 570/570
f 441/441 570/570 569/569
f 442/442 443/443 571/571
f 442/442 571/571 570/570
f 443/443 444/444 572/572
f 443/443 572/572 571/571
f 444/444 445/445 573/573
f 444/444 573/573 572/572
f 445/445 446/446 574/574
f 445/445 574/574 573/573
f 446/446 447/447 575/575
f 446/446 575/575 574/574
f 447/447 448/448 576/576
f 447/447 576/576 575/575
f 448/448 449/449 577/577
f 448/448 577/577 576/576
f 449/449 450/450 578/578
f 449/449 578/578 577/577
f 450/450 451/451 579/579
f 450/450 579/579 578/578
f 451/451 452/452 580/580
f 451/451 580/580 579/579
f 452/452 453/453 581/581
f 452/452 581/581 580/580
f 453/453 454/454 582/582
f 453/453 582/582 581/581
f 454/454 455/455 583/583
f 454/454 583/583 582/582
f 455/455 456/456 584/584
f 455/455 584/584 583/583
f 456/456 457/457 585/585
f 456/456 585/585 584/584
f 457/457 458/458 586/586
f 457/457 586/586 585/585
f 458/458 459/459 587/587
f 458/458 587/587 586/586
f 459/459 460/460 588/588
f 459/459 588/588 587/587
f 460/460 461/461 589/589
f 460/460 589/589 588/588
f 461/461 462/462 590/590
f 461/461 590/590 589/589
f 462/462 463/463 591/591
f 462/462 591/591 590/590
f 463/463 464/464 592/592
f 463/463 592/592 591/591
f 464/464 465/465 593/593
f 464/464 593/593 592/592
f 465/465 466/466 594/594
f 465/465 594/594 593/593
f 466/466 467/467 595/595
f 466/466 595/595 594/594
f 467/467 468/468 596/596
f 467/467 596/596 595/595
f 468/468 469/469 597/597
f 468/468 597/597 596/596
f 469/469 470/470 598/598
f 469/469 598/598 597/597
f 470/470 471/471 599/599
f 470/470 599/599 598/598
f 471/471 472/472 600/600
f 471/471 600/600 599/599
f 472/472 473/473 601/601
f 472/472 601/601 600/600
f 473/473 474/474 602/602
f 473/473 602/602 601/601
f 474/474 475/475 603/603
f 474/474 603/603 602/602
f 475/475 476/476 604/604
f 475/475 604/604 603/603
f 476/476 477/477 605/605
f 476/476 605/605 604/604
f 477/477 478/478 606/606
f 477/477 606/606 605/605
f 478/478 479/479 607/607
f 478/478 607/607 606/606
f 479/479 480/480 608/608
f 479/479 608/608 607/607
f 480/480 481/481 609/609
f 480/480 609/609 608/608
f 481/481 482/482 610/610
f 481/481 610/610 609/609
f 482/482 483/483 611/611
f 482/482 611/611 610/610
f 483/483 484/484 612/612
f 483/483 612/612 611/611
f 484/484 485/485 613/613
f 484/484 613/613 612/612
f 485/485 486/486 614/614
f 485/485 614/614 613/613
f 486/486 487/487 615/615
f 486/486 615/615 614/614
f 487/487 488/488 616/616
f 487/487 616/616 615/615
f 488/488 489/489 617/617
f 488/488 617/617 616/616
f 489/489 490/490 618/618
f 489/489 618/618 617/617
f 490/490 491/491 619/619
f 490/490 619/619 618/618
f 491/491 492/492 620/620
f 491/491 620/620 619/619
f 492/492 493/493 621/621
f 492/492 621/621 620/620
f 493/493 494/494 622/622
f 493/493 622/622 621/621
f 494/494 495/495 623/623
f 494/494 623/623 622/622
f 495/495 496/496 624/624
f 495/495 624/624 623/623
f 496/496 497/497 625/625
f 496/496 625/625 624/624
f 497/497 498/498 626/626
f 497/497 626/626 625/625
f 498/498 499/499 627/627
f 498/498 627/627 626/626
f 499/499 500/500 628/628
f 499/499 628/628 627/627
f 500/500 501/501 629/629
f 500/500 629/629 628/628
f 501/501 502/502 630/630
f 501/501 630/630 629/629
f 502/502 503/503 631/631
f 502/502 631/631 630/630
f 503/503 504/504 632/632
f 503/503 632/632 631/631
f 504/504 505/505 633/633
f 504/504 633/633 632/632
f 505/505 506/506 634/634
f 505/505 634/634 633/633
f 506/506 507/507 635/635
f 506/506 635/635 634/634
f 507/507 508/508 636/636
f 507/507 636/636 635/635
f 508/508 509/509 637/637
f 508/508 637/637 636/636
f 509/509 510/510 638/638
f 509/509 638/638 637/637
f 510/510 511/511 639/639
f 510/510 639/639 638/638
f 511/511 512/512 640/640
f 511/511 640/640 639/639
f 513/513 514/514 642/642
f 513/513 642/642 641/641
f 514/514 515/515 643/643
f 514/514 643/643 642/642
f 515/515 516/516 644/644
f 515/515 644/644 643/643
f 516/516 517/517 645/645
f 516/516 645/645 644/644
f 517/517 518/518 646/646
f 517/517 646/646 645/645
f 518/518 519/519 647/647
f 518/518 647/647 646/646
f 519/519 520/520 648/648
f 519/519 648/648 647/647
f 520/520 521/521 649/649
f 520/520 649/649 648/648
f 521/521 522/522 650/650
f 521/521 650/650 649/649
f 522/522 523/523 651/651
f 522/522 651/651 650/650
f 523/523 524/524 652/652
f 523/523 652/652 651/651
f 524/524 525/525 653/653
f 524/524 653/653 652/652
f 525/525 526/526 654/654
f 525/525 654/654 653/653
f 526/526 527/527 655/655
f 526/526 655/655 654/654
f 527/527 528/528 656/656
f 527/527 656/656 655/655
f 528/528 529/529 657/657
f 528/528 657/657 656/656
f 529/529 530/530 658/658
f 529/529 658/658 657/657
f 530/530 531/531 659/659
f 530/530 659/659 658/658
f 531/531 532/532 660/660
f 531/531 660/660 659/659
f 532/532 533/533 661/661
f 532/532 661/661 660/660
f 533/533 534/534 662/662
f 533/533 662/662 661/661
f 534/534 535/535 663/663
f 534/534 663/663 662/662
f 535/535 536/536 664/664
f 535/535 664/664 663/663
f 536/536 537/537 665/665
f 536/536 665/665 664/664
f 537/537 538/538 666/666
f 537/537 666/666 665/665
f 538/538 539/539 667/667
f 538/538 667/667 666/666
f 539/539 540/540 668/668
f 539/539 668/668 667/667
f 540/540 541/541 669/669
f 540/540 669/669 668/668
f 541/541 542/542 670/670
f 541/541 670/670 669/669
f 542/542 543/543 671/671
f 542/542 671/671 670/670
f 543/543 544/544 672/672
f 543/543 672/672 671/671
f 544/544 545/545 673/673
f 544/544 673/673 672/672
f 545/545 546/546 674/674
f 545/545 674/674 673/673
f 546/546 547/547 675/675
f 546/546 675/675 674/674
f 547/547 548/548 676/676
f 547/547 676/676 675/675
f 548/548 549/549 677/677
f 548/548 677/677 676/676
f 549/549 550/550 678/678
f 549/549 678/678 677/677
f 550/550 551/551 679/679
f 550/550 679/679 678/678
f 551/551 552/552 680/680
f 551/551 680/680 679/679
f 552/552 553/553 681/681
f 552/552 681/681 680/680
f 553/553 554/554 682/682
f 553/553 682/682 681/681
f 554/554 555/555 683/683
f 554/554 683/683 682/682
f 555/555 556/556 684/684
f 555/555 684/684 683/683
f 556/556 557/557 685/685
f 556/556 685/685 684/684
f 557/557 558/558 686/686
f 557/557 686/686 685/685
f 558/558 559/559 687/687
f 558/558 687/687 686/686
f 559/559 560/560 688/688
f 559/559 688/688 687/687
f 560/560 561/561 689/689
f 560/560 689/689 688/688
f 561/561 562/562 690/690
f 561/561 690/690 689/689
f 562/562 563/563 691/691
f 562/562 691/691 690/690
f 563/563 564/564 692/692
f 563/563 692/692 691/691
f 564/564 565/565 693/693
f 564/564 693/693 692/692
f 565/565 566/566 694/694
f 565/565 694/694 693/693
f 566/566 567/567 695/695
f 566/566 695/695 694/694
f 567/567 568/568 696/696
f 567/567 696/696 695/695
f 568/568 569/569 697/697
f 568/568 697/697 696/696
f 569/569 570/570 698/698
f 569/569 698/698 697/697
f 570/570 571/571 699/699
f 570/570 699/699 698/698
f 571/571 572/572 700/700
f 571/571 700/700 699/699
f 572/572 573/573 701/701
f 572/572 701/701 700/700
f 573/573 574/574 702/702
f 573/573 702/702 701/701
f 574/574 575/575 703/703
f 574/574 703/703 702/702
f 575/575 576/576 704/704
f 575/575 704/704 703/703
f 576/576 577/577 705/705
f 576/576 705/705 704/704
f 577/577 578/578 706/706
f 577/577 706/706 705/705
f 578/578 579/579 707/707
f 578/578 707/707 706/706
f 579/579 580/580 708/708
f 579/579 708/708 707/707
f 580/580 581/581 709/709
f 580/580 709/709 708/708
f 581/581 582/582 710/710
f 581/581 710/710 709/709
f 582/582 583/583 711/711
f 582/582 711/711 710/710
f 583/583 584/584 712/712
f 583/583 712/712 711/711
f 584/584 585/585 713/713
f 584/584 713/713 712/712
f 585/585 586/586 714/714
f 585/585 714/714 713/713
f 586/586 587/587 715/715
f 586/586 715/715 714/714
f 587/587 588/588 716/716
f 587/587 716/716 715/715
f 588/588 589/589 717/717
f 588/588 717/717 716/716
f 589/589 590/590 718/718
f 589/589 718/718 717/717
f 590/590 591/591 719/719
f 590/590 719/719 718/718
f 591/591 592/592 720/720
f 591/591 720/720 719/719
f 592/592 593/593 721/721
f 592/592 721/721 720/720
f 593/593 594/594 722/722
f 593/593 722/722 721/721
f 594/594 595/595 723/723
f 594/594 723/723 722/722
f 595/595 596/596 724/724
f 595/595 724/724 723/723
f 596/596 597/597 725/725
f 596/596 725/725 724/724
f 597/597 598/598 726/726
f 597/597 726/726 725/725
f 598/598 599/599 727/727
f 598/598 727/727 726/726
f 599/599 600/600 728/728
f 599/599 728/728 727/727
f 600/600 601/601 729/729
f 600/600 729/729 728/728
f 601/601 602/602 730/730
f 601/601 730/730 729/729
f 602/602 603/603 731/731
f 602/602 731/731 730/730
f 603/603 604/604 732/732
f 603/603 732/732 731/731
f 604/604 605/605 733/733
f 604/604 733/733 732/732
f 605/605 606/606 734/734
f 605/605 734/734 733/733
f 606/606 607/607 735/735
f 606/606 735/735 734/734
f 607/607 608/608 736/736
f 607/607 736/736 735/735
f 608/608 609/609 737/737
f 608/608 737/737 736/736
f 609/609 610/610 738/738
f 609/609 738/738 737/737
f 610/610 611/611 739/739
f 610/610 739/739 738/738
f 611/611 612/612 740/740
f 611/611 740/740 739/739
f 612/612 613/613 741/741
f 612/612 741/741 740/740
f 613/613 614/614 742/742
f 613/613 742/742 741/741
f 614/614 615/615 743/743
f 614/614 743/743 742/742
f 615/615 616/616 744/744
f 615/615 744/744 743/743
f 616/616 617/617 745/745
f 616/616 745/745 744/744
f 617/617 618/618 746/746
f 617/617 746/746 745/745
f 618/618 619/619 747/747
f 618/618 747/747 746/746
f 619/619 620/620 748/748
f 619/619 748/748 747/747
f 620/620 621/621 749/749
f 620/620 749/749 748/748
f 621/621 622/622 750/750
f 621/621 750/750 749/749
f 622/622 623/623 751/751
f 622/622 751/751 750/750
f 623/623 624/624 752/752
f 623/623 752/752 751/751
f 624/624 625/625 753/753
f 624/624 753/753 752/752
f 625/625 626/626 754/754
f 625/625 754/754 753/753
f 626/626 627/627 755/755
f 626/626 755/755 754/754
f 627/627 628/628 756/756
f 627/627 756/756 755/755
f 628/628 629/629 757/757
f 628/628 757/757 756/756
f 629/629 630/630 758/758
f 629/629 758/758 757/757
f 630/630 631/631 759/759
f 630/630 759/759 758/758
f 631/631 632/632 760/760
f 631/631 760/760 759/759
f 632/632 633/633 761/761
f 632/632 761/761 760/760
f 633/633 634/634 762/762
f 633/633 762/762 761/761
f 634/634 635/635 763/763
f 634/634 763/763 762/762
f 635/635 636/636 764/764
f 635/635 764/764 763/763
f 636/636 637/637 765/765
f 636/636 765/765 764/764
f 637/637 638/638 766/766
f 637/637 766/766 765/765
f 638/638 639/639 767/767
f 638/638 767/767 766/766
f 639/639 640/640 768/768
f 639/639 768/768 767/767
f 641/641 642/642 770/770
f 641/641 770/770 769/769
f 642/642 643/643 771/771
f 642/642 771/771 770/770
f 643/643 644/644 772/772
f 643/643 772/772 771/771
f 644/644 645/645 773/773
f 644/644 773/773 772/772
f 645/645 646/646 774/774
f 645/645 774/774 773/773
f 646/646 647/647 775/775
f 646/646 775/775 774/774
f 647/647 648/648 776/776
f 647/647 776/776 775/775
f 648/648 649/649 777/777
f 648/648 777/777 776/776
f 649/649 650/650 778/778
f 649/649 778/778 777/777
f 650/650 651/651 779/779
f 650/650 779/779 778/778
f 651/651 652/652 780/780
f 651/651 780/780 779/779
f 652/652 653/653 781/781
f 652/652 781/781 780/780
f 653/653 654/654 782/782
f 653/653 782/782 781/781
f 654/654 655/655 783/783
f 654/654 783/783 782/782
f 655/655 656/656 784/784
f 655/655 784/784 783/783
f 656/656 657/657 785/785
f 656/656 785/785 784/784
f 657/657 658/658 786/786
f 657/657 786/786 785/785
f 658/658 659/659 787/787
f 658/658 787/787 786/786
f 659/659 660/660 788/788
f 659/659 788/788 787/787
f 660/660 661/661 789/789
f 660/660 789/789 788/788
f 661/661 662/662 790/790
f 661/661 790/790 789/789
f 662/662 663/663 791/791
f 662/662 791/791 790/790
f 663/663 664/664 792/792
f 663/663 792/792 791/791
f 664/664 665/665 793/793
f 664/664 793/793 792/792
f 665/665 666/666 794/794
f 665/665 794/794 793/793
f 666/666 667/667 795/795
f 666/666 795/795 794/794
f 667/667 668/668 796/796
f 667/667 796/796 795/795
f 668/668 669/669 797/797
f 668/668 797/797 796/796
f 669/669 670/670 798/798
f 669/669 798/798 797/797
f 670/670 671/671 799/799
f 670/670 799/799 798/798
f 671/671 672/672 800/800
f 671/671 800/800 799/799
f 672/672 673/673 801/801
f 672/672 801/801 800/800
f 673/673 674/674 802/802
f 673/673 802/802 801/801
f 674/674 675/675 803/803
f 674/674 803/803 802/802
f 675/675 676/676 804/804
f 675/675 804/804 803/803
f 676/676 677/677 805/805
f 676/676 805/805 804/804
f 677/677 678/678 806/806
f 677/677 806/806 805/805
f 678/678 679/679 807/807
f 678/678 807/807 806/806
f 679/679 680/680 808/808
f 679/679 808/808 807/807
f 680/680 681/681 809/809
f 680/680 809/809 808/808
f 681/681 682/682 810/810
f 681/681 810/810 809/809
f 682/682 683/683 811/811
f 682/682 811/811 810/810
f 683/683 684/684 812/812
f 683/683 812/812 811/811
f 684/684 685/685 813/813
f 684/684 813/813 812/812
f 685/685 686/686 814/814
f 685/685 814/814 813/813
f 686/686 687/687 815/815
f 686/686 815/815 814/814
f 687/687 688/688 816/816
f 687/687 816/816 815/815
f 688/688 689/689 817/817
f 688/688 817/817 816/816
f 689/689 690/690 818/818
f 689/689 818/818 817/817
f 690/690 691/691 819/819
f 690/690 819/819 818/818
f 691/691 692/692 820/820
f 691/691 820/820 819/819
f 692/692 693/693 821/821
f 692/692 821/821 820/820
f 693/693 694/694 822/822
f 693/693 822/822 821/821
f 694/694 695/695 823/823
f 694/694 823/823 822/822
f 695/695 696/696 824/824
f 695/695 824/824 823/823
f 696/696 697/697 825/825
f 696/696 825/825 824/824
f 697/697 698/698 826/826
f 697/697 826/826 825/825
f 698/698 699/699 827/827
f 698/698 827/827 826/826
f 699/699 700/700 828/828
f 699/699 828/828 827/827
f 700/700 701/701 829/829
f 700/700 829/829 828/828
f 701/701 702/702 830/830
f 701/701 830/830 829/829
f 702/702 703/703 831/831
f 702/702 831/831 830/830
f 703/703 704/704 832/832
f 703/703 832/832 831/831
f 704/704 705/705 833/833
f 704/704 833/833 832/832
f 705/705 706/706 834/834
f 705/705 834/834 833/833
f 706/706 707/707 835/835
f 706/706 835/835 834/834
f 707/707 708/708 836/836
f 707/707 836/836 835/835
f 708/708 709/709 837/837
f 708/708 837/837 836/836
f 709/709 710/710 838/838
f 709/709 838/838 837/837
f 710/710 711/711 839/839
f 710/710 839/839 838/838
f 711/711 712/712 840/840
f 711/711 840/840 839/839
f 712/712 713/713 841/841
f 712/712 841/841 840/840
f 713/713 714/714 842/842
f 713/713 842/842 841/841
f 714/714 715/715 843/843
f 714/714 843/843 842/842
f 715/715 716/716 844/844
f 715/715 844/844 843/843
f 716/716 717/717 845/845
f 716/716 845/845 844/844
f 717/717 718/718 846/846
f 717/717 846/846 845/845
f 718/718 719/719 847/847
f 718/718 847/847 846/846
f 719/719 720/720 848/848
f 719/719 848/848 847/847
f 720/720 721/721 849/849
f 720/720 849/849 848/848
f 721/721 722/722 850/850
f 721/721 850/850 849/849
f 722/722 723/723 851/851
f 722/722 851/851 850/850
f 723/723 724/724 852/852
f 723/723 852/852 851/851
f 724/724 725/725 853/853
f 724/724 853/853 852/852
f 725/725 726/726 854/854
f 725/725 854/854 853/853
f 726/726 727/727 855/855
f 726/726 855/855 854/854
f 727/727 728/728 856/856
f 727/727 856/856 855/855
f 728/728 729/729 857/857
f 728/728 857/857 856/856
f 729/729 730/730 858/858
f 729/729 858/858 857/857
f 730/730 731/731 859/859
f 730/730 859/859 858/858
f 731/731 732/732 860/860
f 731/731 860/860 859/859
f 732/732 733/733 861/861
f 732/732 861/861 860/860
f 733/733 734/734 862/862
f 733/733 862/862 861/861
f 734/734 735/735 863/863
f 734/734 863/863 862/862
f 735/735 736/736 864/864
f 735/735 864/864 863/863
f 736/736 737/737 865/865
f 736/736 865/865 864/864
f 737/737 738/738 866/866
f 737/737 866/866 865/865
f 738/738 739/739 867/867
f 738/738 867/867 866/866
f 739/739 740/740 868/868
f 739/739 868/868 867/867
f 740/740 741/741 869/869
f 740/740 869/869 868/868
f 741/741 742/742 870/870
f 741/741 870/870 869/869
f 742/742 743/743 871/871
f 742/742 871/871 870/870
f 743/743 744/744 872/872
f 743/743 872/872 871/871
f 744/744 745/745 873/873
f 744/744 873/873 872/872
f 745/745 746/746 874/874
f 745/745 874/874 873/873
f 746/746 747/747 875/875
f 746/746 875/875 874/874
f 747/747 748/748 876/876
f 747/747 876/876 875/875
f 748/748 749/749 877/877
f 748/748 877/877 876/876
f 749/749 750/750 878/878
f 749/749 878/878 877/877
f 750/750 751/751 879/879
f 750/750 879/879 878/878
f 751/751 752/752 880/880
f 751/751 880/880 879/879
f 752/752 753/753 881/881
f 752/752 881/881 880/880
f 753/753 754/754 882/882
f 753/753 882/882 881/881
f 754/754 755/755 883/883
f 754/754 883/883 882/882
f 755/755 756/756 884/884
f 755/755 884/884 883/883
f 756/756 757/757 885/885
f 756/756 885/885 884/884
f 757/757 758/758 886/886
f 757/757 886/886 885/885
f 758/758 759/759 887/887
f 758/758 887/887 886/886
f 759/759 760/760 888/888
f 759/759 888/888 887/887
f 760/760 761/761 889/889
f 760/760 889/889 888/888
f 761/761 762/762 890/890
f 761/761 890/890 889/889
f 762/762 763/763 891/891
f 762/762 891/891 890/890
f 763/763 764/764 892/892
f 763/763 892/892 891/891
f 764/764 765/765 893/893
f 764/764 893/893 892/892
f 765/765 766/766 894/894
f 765/765 894/894 893/893
f 766/766 767/767 895/895
f 766/766 895/895 894/894
f 767/767 768/768 896/896
f 767/767 896/896 895/895
f 769/769 770/770 898/898
f 769/769 898/898 897/897
f 770/770 771/771 899/899
f 770/770 899/899 898/898
f 771/771 772/772 900/900
f 771/771 900/900 899/899
f 772/772 773/773 901/901
f 772/772 901/901 900/900
f 773/773 774/774 902/902
f 773/773 902/902 901/901
f 774/774 775/775 903/903
f 774/774 903/903 902/902
f 775/775 776/776 904/904
f 775/775 904/904 903/903
f 776/776 777/777 905/905
f 776/776 905/905 904/904
f 777/777 778/778 906/906
f 777/777 906/906 905/905
f 778/778 779/779 907/907
f 778/778 907/907 906/906
f 779/779 780/780 908/908
f 779/779 908/908 907/907
f 780/780 781/781 909/909
f 780/780 909/909 908/908
f 781/781 782/782 910/910
f 781/781 910/910 909/909
f 782/782 783/783 911/911
f 782/782 911/911 910/910
f 783/783 784/784 912/912
f 783/783 912/912 911/911
f 784/784 785/785 913/913
f 784/784 913/913 912/912
f 785/785 786/786 914/914
f 785/785 914/914 913/913
f 786/786 787/787 915/915
f 786/786 915/915 914/914
f 787/787 788/788 916/916
f 787/787 916/916 915/915
f 788/788 789/789 917/917
f 788/788 917/917 916/916
f 789/789 790/790 918/918
f 789/789 918/918 917/917
f 790/790 791/791 919/919
f 790/790 919/919 918/918
f 791/791 792/792 920/920
f 791/791 920/920 919/919
f 792/792 793/793 921/921
f 792/792 921/921 920/920
f 793/793 794/794 922/922
f 793/793 922/922 921/921
f 794/794 795/795 923/923
f 794/794 923/923 922/922
f 795/795 796/796 924/924
f 795/795 924/924 923/923
f 796/796 797/797 925/925
f 796/796 925/925 924/924
f 797/797 798/798 926/926
f 797/797 926/926 925/925
f 798/798 799/799 927/927
f 798/798 927/927 926/926
f 799/799 800/800 928/928
f 799/799 928/928 927/927
f 800/800 801/801 929/929
f 800/800 929/929 928/928
f 801/801 802/802 930/930
f 801/801 930/930 929/929
f 802/802 803/803 931/931
f 802/802 931/931 930/930
f 803/803 804/804 932/932
f 803/803 932/932 931/931
f 804/804 805/805 933/933
f 804/804 933/933 932/932
f 805/805 806/806 934/934
f 805/805 934/934 933/933
f 806/806 807/807 935/935
f 806/806 935/935 934/934
f 807/807 808/808 936/936
f 807/807 936/936 935/935
f 808/808 809/809 937/937
f 808/808 937/937 936/936
f 809/809 810/810 938/938
f 809/809 938/938 937/937
f 810/810 811/811 939/939
f 810/810 939/939 938/938
f 811/811 812/812 940/940
f 811/811 940/940 939/939
f 812/812 813/813 941/941
f 812/812 941/941 940/940
f 813/813 814/814 942/942
f 813/813 942/942 941/941
f 814/814 815/815 943/943
f 814/814 943/943 942/942
f 815/815 816/816 944/944
f 815/815 944/944 943/943
f 816/816 817/817 945/945
f 816/816 945/945 944/944
f 817/817 818/818 946/946
f 817/817 946/946 945/945
f 818/818 819/819 947/947
f 818/818 947/947 946/946
f 819/819 820/820 948/948
f 819/819 948/948 947/947
f 820/820 821/821 949/949
f 820/820 949/949 948/948
f 821/821 822/822 950/950
f 821/821 950/950 949/949
f 822/822 823/823 951/951
f 822/822 951/951 950/950
f 823/823 824/824 952/952
f 823/823 952/952 951/951
f 824/824 825/825 953/953
f 824/824 953/953 952/952
f 825/825 826/826 954/954
f 825/825 954/954 953/953
f 826/826 827/827 955/955
f 826/826 955/955 954/954
f 827/827 828/828 956/956
f 827/827 956/956 955/955
f 828/828 829/829 957/957
f 828/828 957/957 956/956
f 829/829 830/830 958/958
f 829/829 958/958 957/957
f 830/830 831/831 959/959
f 830/830 959/959 958/958
f 831/831 832/832 960/960
f 831/831 960/960 959/959
f 832/832 833/833 961/961
f 832/832 961/961 960/960
f 833/833 834/834 962/962
f 833/833 962/962 961/961
f 834/834 835/835 963/963
f 834/834 963/963 962/962
f 835/835 836/836 964/964
f 835/835 964/964 963/963
f 836/836 837/837 965/965
f 836/836 965/965 964/964
f 837/837 838/838 966/966
f 837/837 966/966 965/965
f 838/838 839/839 967/967
f 838/838 967/967 966/966
f 839/839 840/840 968/968
f 839/839 968/968 967/967
f 840/840 841/841 969/969
f 840/840 969/969 968/968
f 841/841 842/842 970/970
f 841/841 970/970 969/969
f 842/842 843/843 971/971
f 842/842 971/971 970/970
f 843/843 844/844 972/972
f 843/843 972/972 971/971
f 844/844 845/845 973/973
f 844/844 973/973 972/972
f 845/845 846/846 974/974
f 845/845 974/974 973/973
f 846/846 847/847 975/975
f 846/846 975/975 974/974
f 847/847 848/848 976/976
f 847/847 976/976 975/975
f 848/848 849/849 977/977
f 848/848 977/977 976/976
f 849/849 850/850 978/978
f 849/849 978/978 977/977
f 850/850 851/851 979/979
f 850/850 979/979 978/978
f 851/851 852/852 980/980
f 851/851 980/980 979/979
f 852/852 853/853 981/981
f 852/852 981/981 980/980
f 853/853 854/854 982/982
f 853/853 982/982 981/981
f 854/854 855/855 983/983
f 854/854 983/983 982/982
f 855/855 856/856 984/984
f 855/855 984/984 983/983
f 856/856 857/857 985/985
f 856/856 985/985 984/984
f 857/857 858/858 986/986
f 857/857 986/986 985/985
f 858/858 859/859 987/987
f 858/858 987/987 986/986
f 859/859 860/860 988/988
f 859/859 988/988 987/987
f 860/860 861/861 989/989
f 860/860 989/989 988/988
f 861/861 862/862 990/990
f 861/861 990/990 989/989
f 862/862 863/863 991/991
f 862/862 991/991 990/990
f 863/863 864/864 992/992
f 863/863 992/992 991/991
f 864/864 865/865 993/993
f 864/864 993/993 992/992
f 865/865 866/866 994/994
f 865/865 994/994 993/993
f 866/866 867/867 995/995
f 866/866 995/995 994/994
f 867/867 868/868 996/996
f 867/867 996/996 995/995
f 868/868 869/869 997/997
f 868/868 997/997 996/996
f 869/869 870/870 998/998
f 869/869 998/998 997/997
f 870/870 871/871 999/999
f 870/870 999/999 998/998
f 871/871 872/872 1000/1000
f 871/871 1000/1000 999/999
f 872/872 873/873 1001/1001
f 872/872 1001/1001 1000/1000
f 873/873 874/874 1002/1002
f 873/873 1002/1002 1001/1001
f 874/874 875/875 1003/1003
f 874/874 1003/1003 1002/1002
f 875/875 876/876 1004/1004
f 875/875 1004/1004 1003/1003
f 876/876 877/877 1005/1005
f 876/876 1005/1005 1004/1004
f 877/877 878/878 1006/1006
f 877/877 1006/1006 1005/1005
f 878/878 879/879 1007/1007
f 878/878 1007/1007 1006/1006
f 879/879 880/880 1008/1008
f 879/879 1008/1008 1007/1007
f 880/880 881/881 1009/1009
f 880/880 1009/1009 1008/1008
f 881/881 882/882 1010/1010
f 881/881 1010/1010 1009/1009
f 882/882 883/883 1011/1011
f 882/882 1011/1011 1010/1010
f 883/883 884/884 1012/1012
f 883/883 1012/1012 1011/1011
f 884/884 885/885 1013/1013
f 884/884 1013/1013 1012/1012
f 885/885 886/886 1014/1014
f 885/885 1014/1014 1013/1013
f 886/886 887/887 1015/1015
f 886/886 1015/1015 1014/1014
f 887/887 888/888 1016/1016
f 887/887 1016/1016 1015/1015
f 888/888 889/889 1017/1017
f 888/888 1017/1017 1016/1016
f 889/889 890/890 1018/1018
f 889/889 1018/1018 1017/1017
f 890/890 891/891 1019/1019
f 890/890 1019/1019 1018/1018
f 891/891 892/892 1020/1020
f 891/891 1020/1020 1019/1019
f 892/892 893/893 1021/1021
f 892/892 1021/1021 1020/1020
f 893/893 894/894 1022/1022
f 893/893 1022/1022 1021/1021
f 894/894 895/895 1023/1023
f 894/894 1023/1023 1022/1022
f 895/895 896/896 1024/1024
f 895/895 1024/1024 1023/1023
f 897/897 898/898 1026/1026
f 897/897 1026/1026 1025/1025
f 898/898 899/899 1027/1027
f 898/898 1027/1027 1026/1026
f 899/899 900/900 1028/1028
f 899/899 1028/1028 1027/1027
f 900/900 901/901 1029/1029
f 900/900 1029/1029 1028/1028
f 901/901 902/902 1030/1030
f 901/901 1030/1030 1029/1029
f 902/902 903/903 1031/1031
f 902/902 1031/1031 1030/1030
f 903/903 904/904 1032/1032
f 903/903 1032/1032 1031/1031
f 904/904 905/905 1033/1033
f 904/904 1033/1033 1032/1032
f 905/905 906/906 1034/1034
f 905/905 1034/1034 1033/1033
f 906/906 907/907 1035/1035
f 906/906 1035/1035 1034/1034
f 907/907 908/908 1036/1036
f 907/907 1036/1036 1035/1035
f 908/908 909/909 1037/1037
f 908/908 1037/1037 1036/1036
f 909/909 910/910 1038/1038
f 909/909 1038/1038 1037/1037
f 910/910 911/911 1039/1039
f 910/910 1039/1039 1038/1038
f 911/911 912/912 1040/1040
f 911/911 1040/1040 1039/1039
f 912/912 913/913 1041/1041
f 912/912 1041/1041 1040/1040
f 913/913 914/914 1042/1042
f 913/913 1042/1042 1041/1041
f 914/914 915/915 1043/1043
f 914/914 1043/1043 1042/1042
f 915/915 916/916 1044/1044
f 915/915 1044/1044 1043/1043
f 916/916 917/917 1045/1045
f 916/916 1045/1045 1044/1044
f 917/917 918/918 1046/1046
f 917/917 1046/1046 1045/1045
f 918/918 919/919 1047/1047
f 918/918 1047/1047 1046/1046
f 919/919 920/920 1048/1048
f 919/919 1048/1048 1047/1047
f 920/920 921/921 1049/1049
f 920/920 1049/1049 1048/1048
f 921/921 922/922 1050/1050
f 921/921 1050/1050 1049/1049
f 922/922 923/923 1051/1051
f 922/922 1051/1051 1050/1050
f 923/923 924/924 1052/1052
f 923/923 1052/1052 1051/1051
f 924/924 925/925 1053/1053
f 924/924 1053/1053 1052/1052
f 925/925 926/926 1054/1054
f 925/925 1054/1054 1053/1053
f 926/926 927/927 1055/1055
f 926/926 1055/1055 1054/1054
f 927/927 928/928 1056/1056
f 927/927 1056/1056 1055/1055
f 928/928 929/929 1057/1057
f 928/928 1057/1057 1056/1056
f 929/929 930/930 1058/1058
f 929/929 1058/1058 1057/1057
f 930/930 931/931 1059/1059
f 930/930 1059/1059 1058/1058
f 931/931 932/932 1060/1060
f 931/931 1060/1060 1059/1059
f 932/932 933/933 1061/1061
f 932/932 1061/1061 1060/1060
f 933/933 934/934 1062/1062
f 933/933 1062/1062 1061/1061
f 934/934 935/935 1063/1063
f 934/934 1063/1063 1062/1062
f 935/935 936/936 1064/1064
f 935/935 1064/1064 1063/1063
f 936/936 937/937 1065/1065
f 936/936 1065/1065 1064/1064
f 937/937 938/938 1066/1066
f 937/937 1066/1066 1065/1065
f 938/938 939/939 1067/1067
f 938/938 1067/1067 1066/1066
f 939/939 940/940 1068/1068
f 939/939 1068/1068 1067/1067
f 940/940 941/941 1069/1069
f 940/940 1069/1069 1068/1068
f 941/941 942/942 1070/1070
f 941/941 1070/1070 1069/1069
f 942/942 943/943 1071/1071
f 942/942 1071/1071 1070/1070
f 943/943 944/944 1072/1072
f 943/943 1072/1072 1071/1071
f 944/944 945/945 1073/1073
f 944/944 1073/1073 1072/1072
f 945/945 946/946 1074/1074
f 945/945 1074/1074 1073/1073
f 946/946 947/947 1075/1075
f 946/946 1075/1075 1074/1074
f 947/947 948/948 1076/1076
f 947/947 1076/1076 1075/1075
f 948/948 949/949 1077/1077
f 948/948 1077/1077 1076/1076
f 949/949 950/950 1078/1078
f 949/949 1078/1078 1077/1077
f 950/950 951/951 1079/1079
f 950/950 1079/1079 1078/1078
f 951/951 952/952 1080/1080
f 951/951 1080/1080 1079/1079
f 952/952 953/953 1081/1081
f 952/952 1081/1081 1080/1080
f 953/953 954/954 1082/1082
f 953/953 1082/1082 1081/1081
f 954/954 955/955 1083/1083
f 954/954 1083/1083 1082/1082
f 955/955 956/956 1084/1084
f 955/955 1084/1084 1083/1083
f 956/956 957/957 1085/1085
f 956/956 1085/1085 1084/1084
f 957/957 958/958 1086/1086
f 957/957 1086/1086 1085/1085
f 958/958 959/959 1087/1087
f 958/958 1087/1087 1086/1086
f 959/959 960/960 1088/1088
f 959/959 1088/1088 1087/1087
f 960/960 961/961 1089/1089
f 960/960 1089/1089 1088/1088
f 961/961 962/962 1090/1090
f 961/961 1090/1090 1089/1089
f 962/962 963/963 1091/1091
f 962/962 1091/1091 1090/1090
f 963/963 964/964 1092/1092
f 963/963 1092/1092 1091/1091
f 964/964 965/965 1093/1093
f 964/964 1093/1093 1092/1092
f 965/965 966/966 1094/1094
f 965/965 1094/1094 1093/1093
f 966/966 967/967 1095/1095
f 966/966 1095/1095 1094/1094
f 967/967 968/968 1096/1096
f 967/967 1096/1096 1095/1095
f 968/968 969/969 1097/1097
f 968/968 1097/1097 1096/1096
f 969/969 970/970 1098/1098
f 969/969 1098/1098 1097/1097
f 970/970 971/971 1099/1099
f 970/970 1099/1099 1098/1098
f 971/971 972/972 1100/1100
f 971/971 1100/1100 1099/1099
f 972/972 973/973 1101/1101
f 972/972 1101/1101 1100/1100
f 973/973 974/974 1102/1102
f 973/973 1102/1102 1101/1101
f 974/974 975/975 1103/1103
f 974/974 1103/1103 1102/1102
f 975/975 976/976 1104/1104
f 975/975 1104/1104 1103/1103
f 976/976 977/977 1105/1105
f 976/976 1105/1105 1104/1104
f 977/977 978/978 1106/1106
f 977/977 1106/1106 1105/1105
f 978/978 979/979 1107/1107
f 978/978 1107/1107 1106/1106
f 979/979 980/980 1108/1108
f 979/979 1108/1108 1107/1107
f 980/980 981/981 1109/1109
f 980/980 1109/1109 1108/1108
f 981/981 982/982 1110/1110
f 981/981 1110/1110 1109/1109
f 982/982 983/983 1111/1111
f 982/982 1111/1111 1110/1110
f 983/983 984/984 1112/1112
f 983/983 1112/1112 1111/1111
f 984/984 985/985 1113/1113
f 984/984 1113/1113 1112/1112
f 985/985 986/986 1114/1114
f 985/985 1114/1114 1113/1113
f 986/986 987/987 1115/1115
f 986/986 1115/1115 1114/1114
f 987/987 988/988 1116/1116
f 987/987 1116/1116 1115/1115
f 988/988 989/989 1117/1117
f 988/988 1117/1117 1116/1116
f 989/989 990/990 1118/1118
f 989/989 1118/1118 1117/1117
f 990/990 991/991 1119/1119
f 990/990 1119/1119 1118/1118
f 991/991 992/992 1120/1120
f 991/991 1120/1120 1119/1119
f 992/992 993/993 1121/1121
f 992/992 1121/1121 1120/1120
f 993/993 994/994 1122/1122
f 993/993 1122/1122 1121/1121
f 994/994 995/995 1123/1123
f 994/994 1123/1123 1122/1122
f 995/995 996/996 1124/1124
f 995/995 1124/1124 1123/1123
f 996/996 997/997 1125/1125
f 996/996 1125/1125 1124/1124
f 997/997 998/998 1126/1126
f 997/997 1126/1126 1125/1125
f 998/998 999/999 1127/1127
f 998/998 1127/1127 1126/1126
f 999/999 1000/1000 1128/1128
f 999/999 1128/1128 1127/1127
f 1000/1000 1001/1001 1129/1129
f 1000/1000 1129/1129 1128/1128
f 1001/1001 1002/1002 1130/1130
f 1001/1001 1130/1130 1129/1129
f 1002/1002 1003/1003 1131/1131
f 1002/1002 1131/1131 1130/1130
f 1003/1003 1004/1004 1132/1132
f 1003/1003 1132/1132 1131/1131
f 1004/1004 1005/1005 1133/1133
f 1004/1004 1133/1133 1132/1132
f 1005/1005 1006/1006 1134/1134
f 1005/1005 1134/1134 1133/1133
f 1006/1006 1007/1007 1135/1135
f 1006/1006 1135/1135 1134/1134
f 1007/1007 1008/1008 1136/1136
f 1007/1007 1136/1136 1135/1135
f 1008/1008 1009/1009 1137/1137
f 1008/1008 1137/1137 1136/1136
f 1009/1009 1010/1010 1138/1138
f 1009/1009 1138/1138 1137/1137
f 1010/1010 1011/1011 1139/1139
f 1010/1010 1139/1139 1138/1138
f 1011/1011 1012/1012 1140/1140
f 1011/1011 1140/1140 1139/1139
f 1012/1012 1013/1013 1141/1141
f 1012/1012 1141/1141 1140/1140
f 1013/1013 1014/1014 1142/1142
f 1013/1013 1142/1142 1141/1141
f 1014/1014 1015/1015 1143/1143
f 1014/1014 1143/1143 1142/1142
f 1015/1015 1016/1016 1144/1144
f 1015/1015 1144/1144 1143/1143
f 1016/1016 1017/1017 1145/1145
f 1016/1016 1145/1145 1144/1144
f 1017/1017 1018/1018 1146/1146
f 1017/1017 1146/1146 1145/1145
f 1018/1018 1019/1019 1147/1147
f 1018/1018 1147/1147 1146/1146
f 1019/1019 1020/1020 1148/1148
f 1019/1019 1148/1148 1147/1147
f 1020/1020 1021/1021 1149/1149
f 1020/1020 1149/1149 1148/1148
f 1021/1021 1022/1022 1150/1150
f 1021/1021 1150/1150 1149/1149
f 1022/1022 1023/1023 1151/1151
f 1022/1022 1151/1151 1150/1150
f 1023/1023 1024/1024 1152/1152
f 1023/1023 1152/1152 1151/1151
f 1025/1025 1026/1026 1154/1154
f 1025/1025 1154/1154 1153/1153
f 1026/1026 1027/1027 1155/1155
f 1026/1026 1155/1155 1154/1154
f 1027/1027 1028/1028 1156/1156
f 1027/1027 1156/1156 1155/1155
f 1028/1028 1029/1029 1157/1157
f 1028/1028 1157/1157 1156/1156
f 1029/1029 1030/1030 1158/1158
f 1029/1029 1158/1158 1157/1157
f 1030/1030 1031/1031 1159/1159
f 1030/1030 1159/1159 1158/1158
f 1031/1031 1032/1032 1160/1160
f 1031/1031 1160/1160 1159/1159
f 1032/1032 1033/1033 1161/1161
f 1032/1032 1161/1161 1160/1160
f 1033/1033 1034/1034 1162/1162
f 1033/1033 1162/1162 1161/1161
f 1034/1034 1035/1035 1163/1163
f 1034/1034 1163/1163 1162/1162
f 1035/1035 1036/1036 1164/1164
f 1035/1035 1164/1164 1163/1163
f 1036/1036 1037/1037 1165/1165
f 1036/1036 1165/1165 1164/1164
f 1037/1037 1038/1038 1166/1166
f 1037/1037 1166/1166 1165/1165
f 1038/1038 1039/1039 1167/1167
f 1038/1038 1167/1167 1166/1166
f 1039/1039 1040/1040 1168/1168
f 1039/1039 1168/1168 1167/1167
f 1040/1040 1041/1041 1169/1169
f 1040/1040 1169/1169 1168/1168
f 1041/1041 1042/1042 1170/1170
f 1041/1041 1170/1170 1169/1169
f 1042/1042 1043/1043 1171/1171
f 1042/1042 1171/1171 1170/1170
f 1043/1043 1044/1044 1172/1172
f 1043/1043 1172/1172 1171/1171
f 1044/1044 1045/1045 1173/1173
f 1044/1044 1173/1173 1172/1172
f 1045/1045 1046/1046 1174/1174
f 1045/1045 1174/1174 1173/1173
f 1046/1046 1047/1047 1175/1175
f 1046/1046 1175/1175 1174/1174
f 1047/1047 1048/1048 1176/1176
f 1047/1047 1176/1176 1175/1175
f 1048/1048 1049/1049 1177/1177
f 1048/1048 1177/1177 1176/1176
f 1049/1049 1050/1050 1178/1178
f 1049/1049 1178/1178 1177/1177
f 1050/1050 1051/1051 1179/1179
f 1050/1050 1179/1179 1178/1178
f 1051/1051 1052/1052 1180/1180
f 1051/1051 1180/1180 1179/1179
f 1052/1052 1053/1053 1181/1181
f 1052/1052 1181/1181 1180/1180
f 1053/1053 1054/1054 1182/1182
f 1053/1053 1182/1182 1181/1181
f 1054/1054 1055/1055 1183/1183
f 1054/1054 1183/1183 1182/1182
f 1055/1055 1056/1056 1184/1184
f 1055/1055 1184/1184 1183/1183
f 1056/1056 1057/1057 1185/1185
f 1056/1056 1185/1185 1184/1184
f 1057/1057 1058/1058 1186/1186
f 1057/1057 1186/1186 1185/1185
f 1058/1058 1059/1059 1187/1187
f 1058/1058 1187/1187 1186/1186
f 1059/1059 1060/1060 1188/1188
f 1059/1059 1188/1188 1187/1187
f 1060/1060 1061/1061 1189/1189
f 1060/1060 1189/1189 1188/1188
f 1061/1061 1062/1062 1190/1190
f 1061/1061 1190/1190 1189/1189
f 1062/1062 1063/1063 1191/1191
f 1062/1062 1191/1191 1190/1190
f 1063/1063 1064/1064 1192/1192
f 1063/1063 1192/1192 1191/1191
f 1064/1064 1065/1065 1193/1193
f 1064/1064 1193/1193 1192/1192
f 1065/1065 1066/1066 1194/1194
f 1065/1065 1194/1194 1193/1193
f 1066/1066 1067/1067 1195/1195
f 1066/1066 1195/1195 1194/1194
f 1067/1067 1068/1068 1196/1196
f 1067/1067 1196/1196 1195/1195
f 1068/1068 1069/1069 1197/1197
f 1068/1068 1197/1197 1196/1196
f 1069/1069 1070/1070 1198/1198
f 1069/1069 1198/1198 1197/1197
f 1070/1070 1071/1071 1199/1199
f 1070/1070 1199/1199 1198/1198
f 1071/1071 1072/1072 1200/1200
f 1071/1071 1200/1200 1199/1199
f 1072/1072 1073/1073 1201/1201
f 1072/1072 1201/1201 1200/1200
f 1073/1073 1074/1074 1202/1202
f 1073/1073 1202/1202 1201/1201
f 1074/1074 1075/1075 1203/1203
f 1074/1074 1203/1203 1202/1202
f 1075/1075 1076/1076 1204/1204
f 1075/1075 1204/1204 1203/1203
f 1076/1076 1077/1077 1205/1205
f 1076/1076 1205/1205 1204/1204
f 1077/1077 1078/1078 1206/1206
f 1077/1077 1206/1206 1205/1205
f 1078/1078 1079/1079 1207/1207
f 1078/1078 1207/1207 1206/1206
f 1079/1079 1080/1080 1208/1208
f 1079/1079 1208/1208 1207/1207
f 1080/1080 1081/1081 1209/1209
f 1080/1080 1209/1209 1208/1208
f 1081/1081 1082/1082 1210/1210
f 1081/1081 1210/1210 1209/1209
f 1082/1082 1083/1083 1211/1211
f 1082/1082 1211/1211 1210/1210
f 1083/1083 1084/1084 1212/1212
f 1083/1083 1212/1212 1211/1211
f 1084/1084 1085/1085 1213/1213
f 1084/1084 1213/1213 1212/1212
f 1085/1085 1086/1086 1214/1214
f 1085/1085 1214/1214 1213/1213
f 1086/1086 1087/1087 1215/1215
f 1086/1086 1215/1215 1214/1214
f 1087/1087 1088/1088 1216/1216
f 1087/1087 1216/1216 1215/1215
f 1088/1088 1089/1089 1217/1217
f 1088/1088 1217/1217 1216/1216
f 1089/1089 1090/1090 1218/1218
f 1089/1089 1218/1218 1217/1217
f 1090/1090 1091/1091 1219/1219
f 1090/1090 1219/1219 1218/1218
f 1091/1091 1092/1092 1220/1220
f 1091/1091 1220/1220 1219/1219
f 1092/1092 1093/1093 1221/1221
f 1092/1092 1221/1221 1220/1220
f 1093/1093 1094/1094 1222/1222
f 1093/1093 1222/1222 1221/1221
f 1094/1094 1095/1095 1223/1223
f 1094/1094 1223/1223 1222/1222
f 1095/1095 1096/1096 1224/1224
f 1095/1095 1224/1224 1223/1223
f 1096/1096 1097/1097 1225/1225
f 1096/1096 1225/1225 1224/1224
f 1097/1097 1098/1098 1226/1226
f 1097/1097 1226/1226 1225/1225
f 1098/1098 1099/1099 1227/1227
f 1098/1098 1227/1227 1226/1226
f 1099/1099 1100/1100 1228/1228
f 1099/1099 1228/1228 1227/1227
f 1100/1100 1101/1101 1229/1229
f 1100/1100 1229/1229 1228/1228
f 1101/1101 1102/1102 1230/1230
f 1101/1101 1230/1230 1229/1229
f 1102/1102 1103/1103 1231/1231
f 1102/1102 1231/1231 1230/1230
f 1103/1103 1104/1104 1232/1232
f 1103/1103 1232/1232 1231/1231
f 1104/1104 1105/1105 1233/1233
f 1104/1104 1233/1233 1232/1232
f 1105/1105 1106/1106 1234/1234
f 1105/1105 1234/1234 1233/1233
f 1106/1106 1107/1107 1235/1235
f 1106/1106 1235/1235 1234/1234
f 1107/1107 1108/1108 1236/1236
f 1107/1107 1236/1236 1235/1235
f 1108/1108 1109/1109 1237/1237
f 1108/1108 1237/1237 1236/1236
f 1109/1109 1110/1110 1238/1238
f 1109/1109 1238/1238 1237/1237
f 1110/1110 1111/1111 1239/1239
f 1110/1110 1239/1239 1238/1238
f 1111/1111 1112/1112 1240/1240
f 1111/1111 1240/1240 1239/1239
f 1112/1112 1113/1113 1241/1241
f 1112/1112 1241/1241 1240/1240
f 1113/1113 1114/1114 1242/1242
f 1113/1113 1242/1242 1241/1241
f 1114/1114 1115/1115 1243/1243
f 1114/1114 1243/1243 1242/1242
f 1115/1115 1116/1116 1244/1244
f 1115/1115 1244/1244 1243/1243
f 1116/1116 1117/1117 1245/1245
f 1116/1116 1245/1245 1244/1244
f 1117/1117 1118/1118 1246/1246
f 1117/1117 1246/1246 1245/1245
f 1118/1118 1119/1119 1247/1247
f 1118/1118 1247/1247 1246/1246
f 1119/1119 1120/1120 1248/1248
f 1119/1119 1248/1248 1247/1247
f 1120/1120 1121/1121 1249/1249
f 1120/1120 1249/1249 1248/1248
f 1121/1121 1122/1122 1250/1250
f 1121/1121 1250/1250 1249/1249
f 1122/1122 1123/1123 1251/1251
f 1122/1122 1251/1251 1250/1250
f 1123/1123 1124/1124 1252/1252
f 1123/1123 1252/1252 1251/1251
f 1124/1124 1125/1125 1253/1253
f 1124/1124 1253/1253 1252/1252
f 1125/1125 1126/1126 1254/1254
f 1125/1125 1254/1254 1253/1253
f 1126/1126 1127/1127 1255/1255
f 1126/1126 1255/1255 1254/1254
f 1127/1127 1128/1128 1256/1256
f 1127/1127 1256/1256 1255/1255
f 1128/1128 1129/1129 1257/1257
f 1128/1128 1257/1257 1256/1256
f 1129/1129 1130/1130 1258/1258
f 1129/1129 1258/1258 1257/1257
f 1130/1130 1131/1131 1259/1259
f 1130/1130 1259/1259 1258/1258
f 1131/1131 1132/1132 1260/1260
f 1131/1131 1260/1260 1259/1259
f 1132/1132 1133/1133 1261/1261
f 1132/1132 1261/1261 1260/1260
f 1133/1133 1134/1134 1262/1262
f 1133/1133 1262/1262 1261/1261
f 1134/1134 1135/1135 1263/1263
f 1134/1134 1263/1263 1262/1262
f 1135/1135 1136/1136 1264/1264
f 1135/1135 1264/1264 1263/1263
f 1136/1136 1137/1137 1265/1265
f 1136/1136 1265/1265 1264/1264
f 1137/1137 1138/1138 1266/1266
f 1137/1137 1266/1266 1265/1265
f 1138/1138 1139/1139 1267/1267
f 1138/1138 1267/1267 1266/1266
f 1139/1139 1140/1140 1268/1268
f 1139/1139 1268/1268 1267/1267
f 1140/1140 1141/1141 1269/1269
f 1140/1140 1269/1269 1268/1268
f 1141/1141 1142/1142 1270/1270
f 1141/1141 1270/1270 1269/1269
f 1142/1142 1143/1143 1271/1271
f 1142/1142 1271/1271 1270/1270
f 1143/1143 1144/1144 1272/1272
f 1143/1143 1272/1272 1271/1271
f 1144/1144 1145/1145 1273/1273
f 1144/1144 1273/1273 1272/1272
f 1145/1145 1146/1146 1274/1274
f 1145/1145 1274/1274 1273/1273
f 1146/1146 1147/1147 1275/1275
f 1146/1146 1275/1275 1274/1274
f 1147/1147 1148/1148 1276/1276
f 1147/1147 1276/1276 1275/1275
f 1148/1148 1149/1149 1277/1277
f 1148/1148 1277/1277 1276/1276
f 1149/1149 1150/1150 1278/1278
f 1149/1149 1278/1278 1277/1277
f 1150/1150 1151/1151 1279/1279
f 1150/1150 1279/1279 1278/1278
f 1151/1151 1152/1152 1280/1280
f 1151/1151 1280/1280 1279/1279
f 1153/1153 1154/1154 1282/1282
f 1153/1153 1282/1282 1281/1281
f 1154/1154 1155/1155 1283/1283
f 1154/1154 1283/1283 1282/1282
f 1155/1155 1156/1156 1284/1284
f 1155/1155 1284/1284 1283/1283
f 1156/1156 1157/1157 1285/1285
f 1156/1156 1285/1285 1284/1284
f 1157/1157 1158/1158 1286/1286
f 1157/1157 1286/1286 1285/1285
f 1158/1158 1159/1159 1287/1287
f 1158/1158 1287/1287 1286/1286
f 1159/1159 1160/1160 1288/1288
f 1159/1159 1288/1288 1287/1287
f 1160/1160 1161/1161 1289/1289
f 1160/1160 1289/1289 1288/1288
f 1161/1161 1162/1162 1290/1290
f 1161/1161 1290/1290 1289/1289
f 1162/1162 1163/1163 1291/1291
f 1162/1162 1291/1291 1290/1290
f 1163/1163 1164/1164 1292/1292
f 1163/1163 1292/1292 1291/1291
f 1164/1164 1165/1165 1293/1293
f 1164/1164 1293/1293 1292/1292
f 1165/1165 1166/1166 1294/1294
f 1165/1165 1294/1294 1293/1293
f 1166/1166 1167/1167 1295/1295
f 1166/1166 1295/1295 1294/1294
f 1167/1167 1168/1168 1296/1296
f 1167/1167 1296/1296 1295/1295
f 1168/1168 1169/1169 1297/1297
f 1168/1168 1297/1297 1296/1296
f 1169/1169 1170/1170 1298/1298
f 1169/1169 1298/1298 1297/1297
f 1170/1170 1171/1171 1299/1299
f 1170/1170 1299/1299 1298/1298
f 1171/1171 1172/1172 1300/1300
f 1171/1171 1300/1300 1299/1299
f 1172/1172 1173/1173 1301/1301
f 1172/1172 1301/1301 1300/1300
f 1173/1173 1174/1174 1302/1302
f 1173/1173 1302/1302 1301/1301
f 1174/1174 1175/1175 1303/1303
f 1174/1174 1303/1303 1302/1302
f 1175/1175 1176/1176 1304/1304
f 1175/1175 1304/1304 1303/1303
f 1176/1176 1177/1177 1305/1305
f 1176/1176 1305/1305 1304/1304
f 1177/1177 1178/1178 1306/1306
f 1177/1177 1306/1306 1305/1305
f 1178/1178 1179/1179 1307/1307
f 1178/1178 1307/1307 1306/1306
f 1179/1179 1180/1180 1308/1308
f 1179/1179 1308/1308 1307/1307
f 1180/1180 1181/1181 1309/1309
f 1180/1180 1309/1309 1308/1308
f 1181/1181 1182/1182 1310/1310
f 1181/1181 1310/1310 1309/1309
f 1182/1182 1183/1183 1311/1311
f 1182/1182 1311/1311 1310/1310
f 1183/1183 1184/1184 1312/1312
f 1183/1183 1312/1312 1311/1311
f 1184/1184 1185/1185 1313/1313
f 1184/1184 1313/1313 1312/1312
f 1185/1185 1186/1186 1314/1314
f 1185/1185 1314/1314 1313/1313
f 1186/1186 1187/1187 1315/1315
f 1186/1186 1315/1315 1314/1314
f 1187/1187 1188/1188 1316/1316
f 1187/1187 1316/1316 1315/1315
f 1188/1188 1189/1189 1317/1317
f 1188/1188 1317/1317 1316/1316
f 1189/1189 1190/1190 1318/1318
f 1189/1189 1318/1318 1317/1317
f 1190/1190 1191/1191 1319/1319
f 1190/1190 1319/1319 1318/1318
f 1191/1191 1192/1192 1320/1320
f 1191/1191 1320/1320 1319/1319
f 1192/1192 1193/1193 1321/1321
f 1192/1192 1321/1321 1320/1320
f 1193/1193 1194/1194 1322/1322
f 1193/1193 1322/1322 1321/1321
f 1194/1194 1195/1195 1323/1323
f 1194/1194 1323/1323 1322/1322
f 1195/1195 1196/1196 1324/1324
f 1195/1195 1324/1324 1323/1323
f 1196/1196 1197/1197 1325/1325
f 1196/1196 1325/1325 1324/1324
f 1197/1197 1198/1198 1326/1326
f 1197/1197 1326/1326 1325/1325
f 1198/1198 1199/1199 1327/1327
f 1198/1198 1327/1327 1326/1326
f 1199/1199 1200/1200 1328/1328
f 1199/1199 1328/1328 1327/1327
f 1200/1200 1201/1201 1329/1329
f 1200/1200 1329/1329 1328/1328
f 1201/1201 1202/1202 1330/1330
f 1201/1201 1330/1330 1329/1329
f 1202/1202 1203/1203 1331/1331
f 1202/1202 1331/1331 1330/1330
f 1203/1203 1204/1204 1332/1332
f 1203/1203 1332/1332 1331/1331
f 1204/1204 1205/1205 1333/1333
f 1204/1204 1333/1333 1332/1332
f 1205/1205 1206/1206 1334/1334
f 1205/1205 1334/1334 1333/1333
f 1206/1206 1207/1207 1335/1335
f 1206/1206 1335/1335 1334/1334
f 1207/1207 1208/1208 1336/1336
f 1207/1207 1336/1336 1335/1335
f 1208/1208 1209/1209 1337/1337
f 1208/1208 1337/1337 1336/1336
f 1209/1209 1210/1210 1338/1338
f 1209/1209 1338/1338 1337/1337
f 1210/1210 1211/1211 1339/1339
f 1210/1210 1339/1339 1338/1338
f 1211/1211 1212/1212 1340/1340
f 1211/1211 1340/1340 1339/1339
f 1212/1212 1213/1213 1341/1341
f 1212/1212 1341/1341 1340/1340
f 1213/1213 1214/1214 1342/1342
f 1213/1213 1342/1342 1341/1341
f 1214/1214 1215/1215 1343/1343
f 1214/1214 1343/1343 1342/1342
f 1215/1215 1216/1216 1344/1344
f 1215/1215 1344/1344 1343/1343
f 1216/1216 1217/1217 1345/1345
f 1216/1216 1345/1345 1344/1344
f 1217/1217 1218/1218 1346/1346
f 1217/1217 1346/1346 1345/1345
f 1218/1218 1219/1219 1347/1347
f 1218/1218 1347/1347 1346/1346
f 1219/1219 1220/1220 1348/1348
f 1219/1219 1348/1348 1347/1347
f 1220/1220 1221/1221 1349/1349
f 1220/1220 1349/1349 1348/1348
f 1221/1221 1222/1222 1350/1350
f 1221/1221 1350/1350 1349/1349
f 1222/1222 1223/1223 1351/1351
f 1222/1222 1351/1351 1350/1350
f 1223/1223 1224/1224 1352/1352
f 1223/1223 1352/1352 1351/1351
f 1224/1224 1225/1225 1353/1353
f 1224/1224 1353/1353 1352/1352
f 1225/1225 1226/1226 1354/1354
f 1225/1225 1354/1354 1353/1353
f 1226/1226 1227/1227 1355/1355
f 1226/1226 1355/1355 1354/1354
f 1227/1227 1228/1228 1356/1356
f 1227/1227 1356/1356 1355/1355
f 1228/1228 1229/1229 1357/1357
f 1228/1228 1357/1357 1356/1356
f 1229/1229 1230/1230 1358/1358
f 1229/1229 1358/1358 1357/1357
f 1230/1230 1231/1231 1359/1359
f 1230/1230 1359/1359 1358/1358
f 1231/1231 1232/1232 1360/1360
f 1231/1231 1360/1360 1359/1359
f 1232/1232 1233/1233 1361/1361
f 1232/1232 1361/1361 1360/1360
f 1233/1233 1234/1234 1362/1362
f 1233/1233 1362/1362 1361/1361
f 1234/1234 1235/1235 1363/1363
f 1234/1234 1363/1363 1362/1362
f 1235/1235 1236/1236 1364/1364
f 1235/1235 1364/1364 1363/1363
f 1236/1236 1237/1237 1365/1365
f 1236/1236 1365/1365 1364/1364
f 1237/1237 1238/1238 1366/1366
f 1237/1237 1366/1366 1365/1365
f 1238/1238 1239/1239 1367/1367
f 1238/1238 1367/1367 1366/1366
f 1239/1239 1240/1240 1368/1368
f 1239/1239 1368/1368 1367/1367
f 1240/1240 1241/1241 1369/1369
f 1240/1240 1369/1369 1368/1368
f 1241/1241 1242/1242 1370/1370
f 1241/1241 1370/1370 1369/1369
f 1242/1242 1243/1243 1371/1371
f 1242/1242 1371/1371 1370/1370
f 1243/1243 1244/1244 1372/1372
f 1243/1243 1372/1372 1371/1371
f 1244/1244 1245/1245 1373/1373
f 1244/1244 1373/1373 1372/1372
f 1245/1245 1246/1246 1374/1374
f 1245/1245 1374/1374 1373/1373
f 1246/1246 1247/1247 1375/1375
f 1246/1246 1375/1375 1374/1374
f 1247/1247 1248/1248 1376/1376
f 1247/1247 1376/1376 1375/1375
f 1248/1248 1249/1249 1377/1377
f 1248/1248 1377/1377 1376/1376
f 1249/1249 1250/1250 1378/1378
f 1249/1249 1378/1378 1377/1377
f 1250/1250 1251/1251 1379/1379
f 1250/1250 1379/1379 1378/1378
f 1251/1251 1252/1252 1380/1380
f 1251/1251 1380/1380 1379/1379
f 1252/1252 1253/1253 1381/1381
f 1252/1252 1381/1381 1380/1380
f 1253/1253 1254/1254 1382/1382
f 1253/1253 1382/1382 1381/1381
f 1254/1254 1255/1255 1383/1383
f 1254/1254 1383/1383 1382/1382
f 1255/1255 1256/1256 1384/1384
f 1255/1255 1384/1384 1383/1383
f 1256/1256 1257/1257 1385/1385
f 1256/1256 1385/1385 1384/1384
f 1257/1257 1258/1258 1386/1386
f 1257/1257 1386/1386 1385/1385
f 1258/1258 1259/1259 1387/1387
f 1258/1258 1387/1387 1386/1386
f 1259/1259 1260/1260 1388/1388
f 1259/1259 1388/1388 1387/1387
f 1260/1260 1261/1261 1389/1389
f 1260/1260 1389/1389 1388/1388
f 1261/1261 1262/1262 1390/1390
f 1261/1261 1390/1390 1389/1389
f 1262/1262 1263/1263 1391/1391
f 1262/1262 1391/1391 1390/1390
f 1263/1263 1264/1264 1392/1392
f 1263/1263 1392/1392 1391/1391
f 1264/1264 1265/1265 1393/1393
f 1264/1264 1393/1393 1392/1392
f 1265/1265 1266/1266 1394/1394
f 1265/1265 1394/1394 1393/1393
f 1266/1266 1267/1267 1395/1395
f 1266/1266 1395/1395 1394/1394
f 1267/1267 1268/1268 1396/1396
f 1267/1267 1396/1396 1395/1395
f 1268/1268 1269/1269 1397/1397
f 1268/1268 1397/1397 1396/1396
f 1269/1269 1270/1270 1398/1398
f 1269/1269 1398/1398 1397/1397
f 1270/1270 1271/1271 1399/1399
f 1270/1270 1399/1399 1398/1398
f 1271/1271 1272/1272 1400/1400
f 1271/1271 1400/1400 1399/1399
f 1272/1272 1273/1273 1401/1401
f 1272/1272 1401/1401 1400/1400
f 1273/1273 1274/1274 1402/1402
f 1273/1273 1402/1402 1401/1401
f 1274/1274 1275/1275 1403/1403
f 1274/1274 1403/1403 1402/1402
f 1275/1275 1276/1276 1404/1404
f 1275/1275 1404/1404 1403/1403
f 1276/1276 1277/1277 1405/1405
f 1276/1276 1405/1405 1404/1404
f 1277/1277 1278/1278 1406/1406
f 1277/1277 1406/1406 1405/1405
f 1278/1278 1279/1279 1407/1407
f 1278/1278 1407/1407 1406/1406
f 1279/1279 1280/1280 1408/1408
f 1279/1279 1408/1408 1407/1407
f 1281/1281 1282/1282 1410/1410
f 1281/1281 1410/1410 1409/1409
f 1282/1282 1283/1283 1411/1411
f 1282/1282 1411/1411 1410/1410
f 1283/1283 1284/1284 1412/1412
f 1283/1283 1412/1412 1411/1411
f 1284/1284 1285/1285 1413/1413
f 1284/1284 1413/1413 1412/1412
f 1285/1285 1286/1286 1414/1414
f 1285/1285 1414/1414 1413/1413
f 1286/1286 1287/1287 1415/1415
f 1286/1286 1415/1415 1414/1414
f 1287/1287 1288/1288 1416/1416
f 1287/1287 1416/1416 1415/1415
f 1288/1288 1289/1289 1417/1417
f 1288/1288 1417/1417 1416/1416
f 1289/1289 1290/1290 1418/1418
f 1289/1289 1418/1418 1417/1417
f 1290/1290 1291/1291 1419/1419
f 1290/1290 1419/1419 1418/1418
f 1291/1291 1292/1292 1420/1420
f 1291/1291 1420/1420 1419/1419
f 1292/1292 1293/1293 1421/1421
f 1292/1292 1421/1421 1420/1420
f 1293/1293 1294/1294 1422/1422
f 1293/1293 1422/1422 1421/1421
f 1294/1294 1295/1295 1423/1423
f 1294/1294 1423/1423 1422/1422
f 1295/1295 1296/1296 1424/1424
f 1295/1295 1424/1424 1423/1423
f 1296/1296 1297/1297 1425/1425
f 1296/1296 1425/1425 1424/1424
f 1297/1297 1298/1298 1426/1426
f 1297/1297 1426/1426 1425/1425
f 1298/1298 1299/1299 1427/1427
f 1298/1298 1427/1427 1426/1426
f 1299/1299 1300/1300 1428/1428
f 1299/1299 1428/1428 1427/1427
f 1300/1300 1301/1301 1429/1429
f 1300/1300 1429/1429 1428/1428
f 1301/1301 1302/1302 1430/1430
f 1301/1301 1430/1430 1429/1429
f 1302/1302 1303/1303 1431/1431
f 1302/1302 1431/1431 1430/1430
f 1303/1303 1304/1304 1432/1432
f 1303/1303 1432/1432 1431/1431
f 1304/1304 1305/1305 1433/1433
f 1304/1304 1433/1433 1432/1432
f 1305/1305 1306/1306 1434/1434
f 1305/1305 1434/1434 1433/1433
f 1306/1306 1307/1307 1435/1435
f 1306/1306 1435/1435 1434/1434
f 1307/1307 1308/1308 1436/1436
f 1307/1307 1436/1436 1435/1435
f 1308/1308 1309/1309 1437/1437
f 1308/1308 1437/1437 1436/1436
f 1309/1309 1310/1310 1438/1438
f 1309/1309 1438/1438 1437/1437
f 1310/1310 1311/1311 1439/1439
f 1310/1310 1439/1439 1438/1438
f 1311/1311 1312/1312 1440/1440
f 1311/1311 1440/1440 1439/1439
f 1312/1312 1313/1313 1441/1441
f 1312/1312 1441/1441 1440/1440
f 1313/1313 1314/1314 1442/1442
f 1313/1313 1442/1442 1441/1441
f 1314/1314 1315/1315 1443/1443
f 1314/1314 1443/1443 1442/1442
f 1315/1315 1316/1316 1444/1444
f 1315/1315 1444/1444 1443/1443
f 1316/1316 1317/1317 1445/1445
f 1316/1316 1445/1445 1444/1444
f 1317/1317 1318/1318 1446/1446
f 1317/1317 1446/1446 1445/1445
f 1318/1318 1319/1319 1447/1447
f 1318/1318 1447/1447 1446/1446
f 1319/1319 1320/1320 1448/1448
f 1319/1319 1448/1448 1447/1447
f 1320/1320 1321/1321 1449/1449
f 1320/1320 1449/1449 1448/1448
f 1321/1321 1322/1322 1450/1450
f 1321/1321 1450/1450 1449/1449
f 1322/1322 1323/1323 1451/1451
f 1322/1322 1451/1451 1450/1450
f 1323/1323 1324/1324 1452/1452
f 1323/1323 1452/1452 1451/1451
f 1324/1324 1325/1325 1453/1453
f 1324/1324 1453/1453 1452/1452
f 1325/1325 1326/1326 1454/1454
f 1325/1325 1454/1454 1453/1453
f 1326/1326 1327/1327 1455/1455
f 1326/1326 1455/1455 1454/1454
f 1327/1327 1328/1328 1456/1456
f 1327/1327 1456/1456 1455/1455
f 1328/1328 1329/1329 1457/1457
f 1328/1328 1457/1457 1456/1456
f 1329/1329 1330/1330 1458/1458
f 1329/1329 1458/1458 1457/1457
f 1330/1330 1331/1331 1459/1459
f 1330/1330 1459/1459 1458/1458
f 1331/1331 1332/1332 1460/1460
f 1331/1331 1460/1460 1459/1459
f 1332/1332 1333/1333 1461/1461
f 1332/1332 1461/1461 1460/1460
f 1333/1333 1334/1334 1462/1462
f 1333/1333 1462/1462 1461/1461
f 1334/1334 1335/1335 1463/1463
f 1334/1334 1463/1463 1462/1462
f 1335/1335 1336/1336 1464/1464
f 1335/1335 1464/1464 1463/1463
f 1336/1336 1337/1337 1465/1465
f 1336/1336 1465/1465 1464/1464
f 1337/1337 1338/1338 1466/1466
f 1337/1337 1466/1466 1465/1465
f 1338/1338 1339/1339 1467/1467
f 1338/1338 1467/1467 1466/1466
f 1339/1339 1340/1340 1468/1468
f 1339/1339 1468/1468 1467/1467
f 1340/1340 1341/1341 1469/1469
f 1340/1340 1469/1469 1468/1468
f 1341/1341 1342/1342 1470/1470
f 1341/1341 1470/1470 1469/1469
f 1342/1342 1343/1343 1471/1471
f 1342/1342 1471/1471 1470/1470
f 1343/1343 1344/1344 1472/1472
f 1343/1343 1472/1472 1471/1471
f 1344/1344 1345/1345 1473/1473
f 1344/1344 1473/1473 1472/1472
f 1345/1345 1346/1346 1474/1474
f 1345/1345 1474/1474 1473/1473
f 1346/1346 1347/1347 1475/1475
f 1346/1346 1475/1475 1474/1474
f 1347/1347 1348/1348 1476/1476
f 1347/1347 1476/1476 1475/1475
f 1348/1348 1349/1349 1477/1477
f 1348/1348 1477/1477 1476/1476
f 1349/1349 1350/1350 1478/1478
f 1349/1349 1478/1478 1477/1477
f 1350/1350 1351/1351 1479/1479
f 1350/1350 1479/1479 1478/1478
f 1351/1351 1352/1352 1480/1480
f 1351/1351 1480/1480 1479/1479
f 1352/1352 1353/1353 1481/1481
f 1352/1352 1481/1481 1480/1480
f 1353/1353 1354/1354 1482/1482
f 1353/1353 1482/1482 1481/1481
f 1354/1354 1355/1355 1483/1483
f 1354/1354 1483/1483 1482/1482
f 1355/1355 1356/1356 1484/1484
f 1355/1355 1484/1484 1483/1483
f 1356/1356 1357/1357 1485/1485
f 1356/1356 1485/1485 1484/1484
f 1357/1357 1358/1358 1486/1486
f 1357/1357 1486/1486 1485/1485
f 1358/1358 1359/1359 1487/1487
f 1358/1358 1487/1487 1486/1486
f 1359/1359 1360/1360 1488/1488
f 1359/1359 1488/1488 1487/1487
f 1360/1360 1361/1361 1489/1489
f 1360/1360 1489/1489 1488/1488
f 1361/1361 1362/1362 1490/1490
f 1361/1361 1490/1490 1489/1489
f 1362/1362 1363/1363 1491/1491
f 1362/1362 1491/1491 1490/1490
f 1363/1363 1364/1364 1492/1492
f 1363/1363 1492/1492 1491/1491
f 1364/1364 1365/1365 1493/1493
f 1364/1364 1493/1493 1492/1492
f 1365/1365 1366/1366 1494/1494
f 1365/1365 1494/1494 1493/1493
f 1366/1366 1367/1367 1495/1495
f 1366/1366 1495/1495 1494/1494
f 1367/1367 1368/1368 1496/1496
f 1367/1367 1496/1496 1495/1495
f 1368/1368 1369/1369 1497/1497
f 1368/1368 1497/1497 1496/1496
f 1369/1369 1370/1370 1498/1498
f 1369/1369 1498/1498 1497/1497
f 1370/1370 1371/1371 1499/1499
f 1370/1370 1499/1499 1498/1498
f 1371/1371 1372/1372 1500/1500
f 1371/1371 1500/1500 1499/1499
f 1372/1372 1373/1373 1501/1501
f 1372/1372 1501/1501 1500/1500
f 1373/1373 1374/1374 1502/1502
f 1373/1373 1502/1502 1501/1501
f 1374/1374 1375/1375 1503/1503
f 1374/1374 1503/1503 1502/1502
f 1375/1375 1376/1376 1504/1504
f 1375/1375 1504/1504 1503/1503
f 1376/1376 1377/1377 1505/1505
f 1376/1376 1505/1505 1504/1504
f 1377/1377 1378/1378 1506/1506
f 1377/1377 1506/1506 1505/1505
f 1378/1378 1379/1379 1507/1507
f 1378/1378 1507/1507 1506/1506
f 1379/1379 1380/1380 1508/1508
f 1379/1379 1508/1508 1507/1507
f 1380/1380 1381/1381 1509/1509
f 1380/1380 1509/1509 1508/1508
f 1381/1381 1382/1382 1510/1510
f 1381/1381 1510/1510 1509/1509
f 1382/1382 1383/1383 1511/1511
f 1382/1382 1511/1511 1510/1510
f 1383/1383 1384/1384 1512/1512
f 1383/1383 1512/1512 1511/1511
f 1384/1384 1385/1385 1513/1513
f 1384/1384 1513/1513 1512/1512
f 1385/1385 1386/1386 1514/1514
f 1385/1385 1514/1514 1513/1513
f 1386/1386 1387/1387 1515/1515
f 1386/1386 1515/1515 1514/1514
f 1387/1387 1388/1388 1516/1516
f 1387/1387 1516/1516 1515/1515
f 1388/1388 1389/1389 1517/1517
f 1388/1388 1517/1517 1516/1516
f 1389/1389 1390/1390 1518/1518
f 1389/1389 1518/1518 1517/1517
f 1390/1390 1391/1391 1519/1519
f 1390/1390 1519/1519 1518/1518
f 1391/1391 1392/1392 1520/1520
f 1391/1391 1520/1520 1519/1519
f 1392/1392 1393/1393 1521/1521
f 1392/1392 1521/1521 1520/1520
f 1393/1393 1394/1394 1522/1522
f 1393/1393 1522/1522 1521/1521
f 1394/1394 1395/1395 1523/1523
f 1394/1394 1523/1523 1522/1522
f 1395/1395 1396/1396 1524/1524
f 1395/1395 1524/1524 1523/1523
f 1396/1396 1397/1397 1525/1525
f 1396/1396 1525/1525 1524/1524
f 1397/1397 1398/1398 1526/1526
f 1397/1397 1526/1526 1525/1525
f 1398/1398 1399/1399 1527/1527
f 1398/1398 1527/1527 1526/1526
f 1399/1399 1400/1400 1528/1528
f 1399/1399 1528/1528 1527/1527
f 1400/1400 1401/1401 1529/1529
f 1400/1400 1529/1529 1528/1528
f 1401/1401 1402/1402 1530/1530
f 1401/1401 1530/1530 1529/1529
f 1402/1402 1403/1403 1531/1531
f 1402/1402 1531/1531 1530/1530
f 1403/1403 1404/1404 1532/1532
f 1403/1403 1532/1532 1531/1531
f 1404/1404 1405/1405 1533/1533
f 1404/1404 1533/1533 1532/1532
f 1405/1405 1406/1406 1534/1534
f 1405/1405 1534/1534 1533/1533
f 1406/1406 1407/1407 1535/1535
f 1406/1406 1535/1535 1534/1534
f 1407/1407 1408/1408 1536/1536
f 1407/1407 1536/1536 1535/1535
f 1409/1409 1410/1410 1538/1538
f 1409/1409 1538/1538 1537/1537
f 1410/1410 1411/1411 1539/1539
f 1410/1410 1539/1539 1538/1538
f 1411/1411 1412/1412 1540/1540
f 1411/1411 1540/1540 1539/1539
f 1412/1412 1413/1413 1541/1541
f 1412/1412 1541/1541 1540/1540
f 1413/1413 1414/1414 1542/1542
f 1413/1413 1542/1542 1541/1541
f 1414/1414 1415/1415 1543/1543
f 1414/1414 1543/1543 1542/1542
f 1415/1415 1416/1416 1544/1544
f 1415/1415 1544/1544 1543/1543
f 1416/1416 1417/1417 1545/1545
f 1416/1416 1545/1545 1544/1544
f 1417/1417 1418/1418 1546/1546
f 1417/1417 1546/1546 1545/1545
f 1418/1418 1419/1419 1547/1547
f 1418/1418 1547/1547 1546/1546
f 1419/1419 1420/1420 1548/1548
f 1419/1419 1548/1548 1547/1547
f 1420/1420 1421/1421 1549/1549
f 1420/1420 1549/1549 1548/1548
f 1421/1421 1422/1422 1550/1550
f 1421/1421 1550/1550 1549/1549
f 1422/1422 1423/1423 1551/1551
f 1422/1422 1551/1551 1550/1550
f 1423/1423 1424/1424 1552/1552
f 1423/1423 1552/1552 1551/1551
f 1424/1424 1425/1425 1553/1553
f 1424/1424 1553/1553 1552/1552
f 1425/1425 1426/1426 1554/1554
f 1425/1425 1554/1554 1553/1553
f 1426/1426 1427/1427 1555/1555
f 1426/1426 1555/1555 1554/1554
f 1427/1427 1428/1428 1556/1556
f 1427/1427 1556/1556 1555/1555
f 1428/1428 1429/1429 1557/1557
f 1428/1428 1557/1557 1556/1556
f 1429/1429 1430/1430 1558/1558
f 1429/1429 1558/1558 1557/1557
f 1430/1430 1431/1431 1559/1559
f 1430/1430 1559/1559 1558/1558
f 1431/1431 1432/1432 1560/1560
f 1431/1431 1560/1560 1559/1559
f 1432/1432 1433/1433 1561/1561
f 1432/1432 1561/1561 1560/1560
f 1433/1433 1434/1434 1562/1562
f 1433/1433 1562/1562 1561/1561
f 1434/1434 1435/1435 1563/1563
f 1434/1434 1563/1563 1562/1562
f 1435/1435 1436/1436 1564/1564
f 1435/1435 1564/1564 1563/1563
f 1436/1436 1437/1437 1565/1565
f 1436/1436 1565/1565 1564/1564
f 1437/1437 1438/1438 1566/1566
f 1437/1437 1566/1566 1565/1565
f 1438/1438 1439/1439 1567/1567
f 1438/1438 1567/1567 1566/1566
f 1439/1439 1440/1440 1568/1568
f 1439/1439 1568/1568 1567/1567
f 1440/1440 1441/1441 1569/1569
f 1440/1440 1569/1569 1568/1568
f 1441/1441 1442/1442 1570/1570
f 1441/1441 1570/1570 1569/1569
f 1442/1442 1443/1443 1571/1571
f 1442/1442 1571/1571 1570/1570
f 1443/1443 1444/1444 1572/1572
f 1443/1443 1572/1572 1571/1571
f 1444/1444 1445/1445 1573/1573
f 1444/1444 1573/1573 1572/1572
f 1445/1445 1446/1446 1574/1574
f 1445/1445 1574/1574 1573/1573
f 1446/1446 1447/1447 1575/1575
f 1446/1446 1575/1575 1574/1574
f 1447/1447 1448/1448 1576/1576
f 1447/1447 1576/1576 1575/1575
f 1448/1448 1449/1449 1577/1577
f 1448/1448 1577/1577 1576/1576
f 1449/1449 1450/1450 1578/1578
f 1449/1449 1578/1578 1577/1577
f 1450/1450 1451/1451 1579/1579
f 1450/1450 1579/1579 1578/1578
f 1451/1451 1452/1452 1580/1580
f 1451/1451 1580/1580 1579/1579
f 1452/1452 1453/1453 1581/1581
f 1452/1452 1581/1581 1580/1580
f 1453/1453 1454/1454 1582/1582
f 1453/1453 1582/1582 1581/1581
f 1454/1454 1455/1455 1583/1583
f 1454/1454 1583/1583 1582/1582
f 1455/1455 1456/1456 1584/1584
f 1455/1455 1584/1584 1583/1583
f 1456/1456 1457/1457 1585/1585
f 1456/1456 1585/1585 1584/1584
f 1457/1457 1458/1458 1586/1586
f 1457/1457 1586/1586 1585/1585
f 1458/1458 1459/1459 1587/1587
f 1458/1458 1587/1587 1586/1586
f 1459/1459 1460/1460 1588/1588
f 1459/1459 1588/1588 1587/1587
f 1460/1460 1461/1461 1589/1589
f 1460/1460 1589/1589 1588/1588
f 1461/1461 1462/1462 1590/1590
f 1461/1461 1590/1590 1589/1589
f 1462/1462 1463/1463 1591/1591
f 1462/1462 1591/1591 1590/1590
f 1463/1463 1464/1464 1592/1592
f 1463/1463 1592/1592 1591/1591
f 1464/1464 1465/1465 1593/1593
f 1464/1464 1593/1593 1592/1592
f 1465/1465 1466/1466 1594/1594
f 1465/1465 1594/1594 1593/1593
f 1466/1466 1467/1467 1595/1595
f 1466/1466 1595/1595 1594/1594
f 1467/1467 1468/1468 1596/1596
f 1467/1467 1596/1596 1595/1595
f 1468/1468 1469/1469 1597/1597
f 1468/1468 1597/1597 1596/1596
f 1469/1469 1470/1470 1598/1598
f 1469/1469 1598/1598 1597/1597
f 1470/1470 1471/1471 1599/1599
f 1470/1470 1599/1599 1598/1598
f 1471/1471 1472/1472 1600/1600
f 1471/1471 1600/1600 1599/1599
f 1472/1472 1473/1473 1601/1601
f 1472/1472 1601/1601 1600/1600
f 1473/1473 1474/1474 1602/1602
f 1473/1473 1602/1602 1601/1601
f 1474/1474 1475/1475 1603/1603
f 1474/1474 1603/1603 1602/1602
f 1475/1475 1476/1476 1604/1604
f 1475/1475 1604/1604 1603/1603
f 1476/1476 1477/1477 1605/1605
f 1476/1476 1605/1605 1604/1604
f 1477/1477 1478/1478 1606/1606
f 1477/1477 1606/1606 1605/1605
f 1478/1478 1479/1479 1607/1607
f 1478/1478 1607/1607 1606/1606
f 1479/1479 1480/1480 1608/1608
f 1479/1479 1608/1608 1607/1607
f 1480/1480 1481/1481 1609/1609
f 1480/1480 1609/1609 1608/1608
f 1481/1481 1482/1482 1610/1610
f 1481/1481 1610/1610 1609/1609
f 1482/1482 1483/1483 1611/1611
f 1482/1482 1611/1611 1610/1610
f 1483/1483 1484/1484 1612/1612
f 1483/1483 1612/1612 1611/1611
f 1484/1484 1485/1485 1613/1613
f 1484/1484 1613/1613 1612/1612
f 1485/1485 1486/1486 1614/1614
f 1485/1485 1614/1614 1613/1613
f 1486/1486 1487/1487 1615/1615
f 1486/1486 1615/1615 1614/1614
f 1487/1487 1488/1488 1616/1616
f 1487/1487 1616/1616 1615/1615
f 1488/1488 1489/1489 1617/1617
f 1488/1488 1617/1617 1616/1616
f 1489/1489 1490/1490 1618/1618
f 1489/1489 1618/1618 1617/1617
f 1490/1490 1491/1491 1619/1619
f 1490/1490 1619/1619 1618/1618
f 1491/1491 1492/1492 1620/1620
f 1491/1491 1620/1620 1619/1619
f 1492/1492 1493/1493 1621/1621
f 1492/1492 1621/1621 1620/1620
f 1493/1493 1494/1494 1622/1622
f 1493/1493 1622/1622 1621/1621
f 1494/1494 1495/1495 1623/1623
f 1494/1494 1623/1623 1622/1622
f 1495/1495 1496/1496 1624/1624
f 1495/1495 1624/1624 1623/1623
f 1496/1496 1497/1497 1625/1625
f 1496/1496 1625/1625 1624/1624
f 1497/1497 1498/1498 1626/1626
f 1497/1497 1626/1626 1625/1625
f 1498/1498 1499/1499 1627/1627
f 1498/1498 1627/1627 1626/1626
f 1499/1499 1500/1500 1628/1628
f 1499/1499 1628/1628 1627/1627
f 1500/1500 1501/1501 1629/1629
f 1500/1500 1629/1629 1628/1628
f 1501/1501 1502/1502 1630/1630
f 1501/1501 1630/1630 1629/1629
f 1502/1502 1503/1503 1631/1631
f 1502/1502 1631/1631 1630/1630
f 1503/1503 1504/1504 1632/1632
f 1503/1503 1632/1632 1631/1631
f 1504/1504 1505/1505 1633/1633
f 1504/1504 1633/1633 1632/1632
f 1505/1505 1506/1506 1634/1634
f 1505/1505 1634/1634 1633/1633
f 1506/1506 1507/1507 1635/1635
f 1506/1506 1635/1635 1634/1634
f 1507/1507 1508/1508 1636/1636
f 1507/1507 1636/1636 1635/1635
f 1508/1508 1509/1509 1637/1637
f 1508/1508 1637/1637 1636/1636
f 1509/1509 1510/1510 1638/1638
f 1509/1509 1638/1638 1637/1637
f 1510/1510 1511/1511 1639/1639
f 1510/1510 1639/1639 1638/1638
f 1511/1511 1512/1512 1640/1640
f 1511/1511 1640/1640 1639/1639
f 1512/1512 1513/1513 1641/1641
f 1512/1512 1641/1641 1640/1640
f 1513/1513 1514/1514 1642/1642
f 1513/1513 1642/1642 1641/1641
f 1514/1514 1515/1515 1643/1643
f 1514/1514 1643/1643 1642/1642
f 1515/1515 1516/1516 1644/1644
f 1515/1515 1644/1644 1643/1643
f 1516/1516 1517/1517 1645/1645
f 1516/1516 1645/1645 1644/1644
f 1517/1517 1518/1518 1646/1646
f 1517/1517 1646/1646 1645/1645
f 1518/1518 1519/1519 1647/1647
f 1518/1518 1647/1647 1646/1646
f 1519/1519 1520/1520 1648/1648
f 1519/1519 1648/1648 1647/1647
f 1520/1520 1521/1521 1649/1649
f 1520/1520 1649/1649 1648/1648
f 1521/1521 1522/1522 1650/1650
f 1521/1521 1650/1650 1649/1649
f 1522/1522 1523/1523 1651/1651
f 1522/1522 1651/1651 1650/1650
f 1523/1523 1524/1524 1652/1652
f 1523/1523 1652/1652 1651/1651
f 1524/1524 1525/1525 1653/1653
f 1524/1524 1653/1653 1652/1652
f 1525/1525 1526/1526 1654/1654
f 1525/1525 1654/1654 1653/1653
f 1526/1526 1527/1527 1655/1655
f 1526/1526 1655/1655 1654/1654
f 1527/1527 1528/1528 1656/1656
f 1527/1527 1656/1656 1655/1655
f 1528/1528 1529/1529 1657/1657
f 1528/1528 1657/1657 1656/1656
f 1529/1529 1530/1530 1658/1658
f 1529/1529 1658/1658 1657/1657
f 1530/1530 1531/1531 1659/1659
f 1530/1530 1659/1659 1658/1658
f 1531/1531 1532/1532 1660/1660
f 1531/1531 1660/1660 1659/1659
f 1532/1532 1533/1533 1661/1661
f 1532/1532 1661/1661 1660/1660
f 1533/1533 1534/1534 1662/1662
f 1533/1533 1662/1662 1661/1661
f 1534/1534 1535/1535 1663/1663
f 1534/1534 1663/1663 1662/1662
f 1535/1535 1536/1536 1664/1664
f 1535/1535 1664/1664 1663/1663
f 1537/1537 1538/1538 1666/1666
f 1537/1537 1666/1666 1665/1665
f 1538/1538 1539/1539 1667/1667
f 1538/1538 1667/1667 1666/1666
f 1539/1539 1540/1540 1668/1668
f 1539/1539 1668/1668 1667/1667
f 1540/1540 1541/1541 1669/1669
f 1540/1540 1669/1669 1668/1668
f 1541/1541 1542/1542 1670/1670
f 1541/1541 1670/1670 1669/1669
f 1542/1542 1543/1543 1671/1671
f 1542/1542 1671/1671 1670/1670
f 1543/1543 1544/1544 1672/1672
f 1543/1543 1672/1672 1671/1671
f 1544/1544 1545/1545 1673/1673
f 1544/1544 1673/1673 1672/1672
f 1545/1545 1546/1546 1674/1674
f 1545/1545 1674/1674 1673/1673
f 1546/1546 1547/1547 1675/1675
f 1546/1546 1675/1675 1674/1674
f 1547/1547 1548/1548 1676/1676
f 1547/1547 1676/1676 1675/1675
f 1548/1548 1549/1549 1677/1677
f 1548/1548 1677/1677 1676/1676
f 1549/1549 1550/1550 1678/1678
f 1549/1549 1678/1678 1677/1677
f 1550/1550 1551/1551 1679/1679
f 1550/1550 1679/1679 1678/1678
f 1551/1551 1552/1552 1680/1680
f 1551/1551 1680/1680 1679/1679
f 1552/1552 1553/1553 1681/1681
f 1552/1552 1681/1681 1680/1680
f 1553/1553 1554/1554 1682/1682
f 1553/1553 1682/1682 1681/1681
f 1554/1554 1555/1555 1683/1683
f 1554/1554 1683/1683 1682/1682
f 1555/1555 1556/1556 1684/1684
f 1555/1555 1684/1684 1683/1683
f 1556/1556 1557/1557 1685/1685
f 1556/1556 1685/1685 1684/1684
f 1557/1557 1558/1558 1686/1686
f 1557/1557 1686/1686 1685/1685
f 1558/1558 1559/1559 1687/1687
f 1558/1558 1687/1687 1686/1686
f 1559/1559 1560/1560 1688/1688
f 1559/1559 1688/1688 1687/1687
f 1560/1560 1561/1561 1689/1689
f 1560/1560 1689/1689 1688/1688
f 1561/1561 1562/1562 1690/1690
f 1561/1561 1690/1690 1689/1689
f 1562/1562 1563/1563 1691/1691
f 1562/1562 1691/1691 1690/1690
f 1563/1563 1564/1564 1692/1692
f 1563/1563 1692/1692 1691/1691
f 1564/1564 1565/1565 1693/1693
f 1564/1564 1693/1693 1692/1692
f 1565/1565 1566/1566 1694/1694
f 1565/1565 1694/1694 1693/1693
f 1566/1566 1567/1567 1695/1695
f 1566/1566 1695/1695 1694/1694
f 1567/1567 1568/1568 1696/1696
f 1567/1567 1696/1696 1695/1695
f 1568/1568 1569/1569 1697/1697
f 1568/1568 1697/1697 1696/1696
f 1569/1569 1570/1570 1698/1698
f 1569/1569 1698/1698 1697/1697
f 1570/1570 1571/1571 1699/1699
f 1570/1570 1699/1699 1698/1698
f 1571/1571 1572/1572 1700/1700
f 1571/1571 1700/1700 1699/1699
f 1572/1572 1573/1573 1701/1701
f 1572/1572 1701/1701 1700/1700
f 1573/1573 1574/1574 1702/1702
f 1573/1573 1702/1702 1701/1701
f 1574/1574 1575/1575 1703/1703
f 1574/1574 1703/1703 1702/1702
f 1575/1575 1576/1576 1704/1704
f 1575/1575 1704/1704 1703/1703
f 1576/1576 1577/1577 1705/1705
f 1576/1576 1705/1705 1704/1704
f 1577/1577 1578/1578 1706/1706
f 1577/1577 1706/1706 1705/1705
f 1578/1578 1579/1579 1707/1707
f 1578/1578 1707/1707 1706/1706
f 1579/1579 1580/1580 1708/1708
f 1579/1579 1708/1708 1707/1707
f 1580/1580 1581/1581 1709/1709
f 1580/1580 1709/1709 1708/1708
f 1581/1581 1582/1582 1710/1710
f 1581/1581 1710/1710 1709/1709
f 1582/1582 1583/1583 1711/1711
f 1582/1582 1711/1711 1710/1710
f 1583/1583 1584/1584 1712/1712
f 1583/1583 1712/1712 1711/1711
f 1584/1584 1585/1585 1713/1713
f 1584/1584 1713/1713 1712/1712
f 1585/1585 1586/1586 1714/1714
f 1585/1585 1714/1714 1713/1713
f 1586/1586 1587/1587 1715/1715
f 1586/1586 1715/1715 1714/1714
f 1587/1587 1588/1588 1716/1716
f 1587/1587 1716/1716 1715/1715
f 1588/1588 1589/1589 1717/1717
f 1588/1588 1717/1717 1716/1716
f 1589/1589 1590/1590 1718/1718
f 1589/1589 1718/1718 1717/1717
f 1590/1590 1591/1591 1719/1719
f 1590/1590 1719/1719 1718/1718
f 1591/1591 1592/1592 1720/1720
f 1591/1591 1720/1720 1719/1719
f 1592/1592 1593/1593 1721/1721
f 1592/1592 1721/1721 1720/1720
f 1593/1593 1594/1594 1722/1722
f 1593/1593 1722/1722 1721/1721
f 1594/1594 1595/1595 1723/1723
f 1594/1594 1723/1723 1722/1722
f 1595/1595 1596/1596 1724/1724
f 1595/1595 1724/1724 1723/1723
f 1596/1596 1597/1597 1725/1725
f 1596/1596 1725/1725 1724/1724
f 1597/1597 1598/1598 1726/1726
f 1597/1597 1726/1726 1725/1725
f 1598/1598 1599/1599 1727/1727
f 1598/1598 1727/1727 1726/1726
f 1599/1599 1600/1600 1728/1728
f 1599/1599 1728/1728 1727/1727
f 1600/1600 1601/1601 1729/1729
f 1600/1600 1729/1729 1728/1728
f 1601/1601 1602/1602 1730/1730
f 1601/1601 1730/1730 1729/1729
f 1602/1602 1603/1603 1731/1731
f 1602/1602 1731/1731 1730/1730
f 1603/1603 1604/1604 1732/1732
f 1603/1603 1732/1732 1731/1731
f 1604/1604 1605/1605 1733/1733
f 1604/1604 1733/1733 1732/1732
f 1605/1605 1606/1606 1734/1734
f 1605/1605 1734/1734 1733/1733
f 1606/1606 1607/1607 1735/1735
f 1606/1606 1735/1735 1734/1734
f 1607/1607 1608/1608 1736/1736
f 1607/1607 1736/1736 1735/1735
f 1608/1608 1609/1609 1737/1737
f 1608/1608 1737/1737 1736/1736
f 1609/1609 1610/1610 1738/1738
f 1609/1609 1738/1738 1737/1737
f 1610/1610 1611/1611 1739/1739
f 1610/1610 1739/1739 1738/1738
f 1611/1611 1612/1612 1740/1740
f 1611/1611 1740/1740 1739/1739
f 1612/1612 1613/1613 1741/1741
f 1612/1612 1741/1741 1740/1740
f 1613/1613 1614/1614 1742/1742
f 1613/1613 1742/1742 1741/1741
f 1614/1614 1615/1615 1743/1743
f 1614/1614 1743/1743 1742/1742
f 1615/1615 1616/1616 1744/1744
f 1615/1615 1744/1744 1743/1743
f 1616/1616 1617/1617 1745/1745
f 1616/1616 1745/1745 1744/1744
f 1617/1617 1618/1618 1746/1746
f 1617/1617 1746/1746 1745/1745
f 1618/1618 1619/1619 1747/1747
f 1618/1618 1747/1747 1746/1746
f 1619/1619 1620/1620 1748/1748
f 1619/1619 1748/1748 1747/1747
f 1620/1620 1621/1621 1749/1749
f 1620/1620 1749/1749 1748/1748
f 1621/1621 1622/1622 1750/1750
f 1621/1621 1750/1750 1749/1749
f 1622/1622 1623/1623 1751/1751
f 1622/1622 1751/1751 1750/1750
f 1623/1623 1624/1624 1752/1752
f 1623/1623 1752/1752 1751/1751
f 1624/1624 1625/1625 1753/1753
f 1624/1624 1753/1753 1752/1752
f 1625/1625 1626/1626 1754/1754
f 1625/1625 1754/1754 1753/1753
f 1626/1626 1627/1627 1755/1755
f 1626/1626 1755/1755 1754/1754
f 1627/1627 1628/1628 1756/1756
f 1627/1627 1756/1756 1755/1755
f 1628/1628 1629/1629 1757/1757
f 1628/1628 1757/1757 1756/1756
f 1629/1629 1630/1630 1758/1758
f 1629/1629 1758/1758 1757/1757
f 1630/1630 1631/1631 1759/1759
f 1630/1630 1759/1759 1758/1758
f 1631/1631 1632/1632 1760/1760
f 1631/1631 1760/1760 1759/1759
f 1632/1632 1633/1633 1761/1761
f 1632/1632 1761/1761 1760/1760
f 1633/1633 1634/1634 1762/1762
f 1633/1633 1762/1762 1761/1761
f 1634/1634 1635/1635 1763/1763
f 1634/1634 1763/1763 1762/1762
f 1635/1635 1636/1636 1764/1764
f 1635/1635 1764/1764 1763/1763
f 1636/1636 1637/1637 1765/1765
f 1636/1636 1765/1765 1764/1764
f 1637/1637 1638/1638 1766/1766
f 1637/1637 1766/1766 1765/1765
f 1638/1638 1639/1639 1767/1767
f 1638/1638 1767/1767 1766/1766
f 1639/1639 1640/1640 1768/1768
f 1639/1639 1768/1768 1767/1767
f 1640/1640 1641/1641 1769/1769
f 1640/1640 1769/1769 1768/1768
f 1641/1641 1642/1642 1770/1770
f 1641/1641 1770/1770 1769/1769
f 1642/1642 1643/1643 1771/1771
f 1642/1642 1771/1771 1770/1770
f 1643/1643 1644/1644 1772/1772
f 1643/1643 1772/1772 1771/1771
f 1644/1644 1645/1645 1773/1773
f 1644/1644 1773/1773 1772/1772
f 1645/1645 1646/1646 1774/1774
f 1645/1645 1774/1774 1773/1773
f 1646/1646 1647/1647 1775/1775
f 1646/1646 1775/1775 1774/1774
f 1647/1647 1648/1648 1776/1776
f 1647/1647 1776/1776 1775/1775
f 1648/1648 1649/1649 1777/1777
f 1648/1648 1777/1777 1776/1776
f 1649/1649 1650/1650 1778/1778
f 1649/1649 1778/1778 1777/1777
f 1650/1650 1651/1651 1779/1779
f 1650/1650 1779/1779 1778/1778
f 1651/1651 1652/1652 1780/1780
f 1651/1651 1780/1780 1779/1779
f 1652/1652 1653/1653 1781/1781
f 1652/1652 1781/1781 1780/1780
f 1653/1653 1654/1654 1782/1782
f 1653/1653 1782/1782 1781/1781
f 1654/1654 1655/1655 1783/1783
f 1654/1654 1783/1783 1782/1782
f 1655/1655 1656/1656 1784/1784
f 1655/1655 1784/1784 1783/1783
f 1656/1656 1657/1657 1785/1785
f 1656/1656 1785/1785 1784/1784
f 1657/1657 1658/1658 1786/1786
f 1657/1657 1786/1786 1785/1785
f 1658/1658 1659/1659 1787/1787
f 1658/1658 1787/1787 1786/1786
f 1659/1659 1660/1660 1788/1788
f 1659/1659 1788/1788 1787/1787
f 1660/1660 1661/1661 1789/1789
f 1660/1660 1789/1789 1788/1788
f 1661/1661 1662/1662 1790/1790
f 1661/1661 1790/1790 1789/1789
f 1662/1662 1663/1663 1791/1791
f 1662/1662 1791/1791 1790/1790
f 1663/1663 1664/1664 1792/1792
f 1663/1663 1792/1792 1791/1791
f 1665/1665 1666/1666 1794/1794
f 1665/1665 1794/1794 1793/1793
f 1666/1666 1667/1667 1795/1795
f 1666/1666 1795/1795 1794/1794
f 1667/1667 1668/1668 1796/1796
f 1667/1667 1796/1796 1795/1795
f 1668/1668 1669/1669 1797/1797
f 1668/1668 1797/1797 1796/1796
f 1669/1669 1670/1670 1798/1798
f 1669/1669 1798/1798 1797/1797
f 1670/1670 1671/1671 1799/1799
f 1670/1670 1799/1799 1798/1798
f 1671/1671 1672/1672 1800/1800
f 1671/1671 1800/1800 1799/1799
f 1672/1672 1673/1673 1801/1801
f 1672/1672 1801/1801 1800/1800
f 1673/1673 1674/1674 1802/1802
f 1673/1673 1802/1802 1801/1801
f 1674/1674 1675/1675 1803/1803
f 1674/1674 1803/1803 1802/1802
f 1675/1675 1676/1676 1804/1804
f 1675/1675 1804/1804 1803/1803
f 1676/1676 1677/1677 1805/1805
f 1676/1676 1805/1805 1804/1804
f 1677/1677 1678/1678 1806/1806
f 1677/1677 1806/1806 1805/1805
f 1678/1678 1679/1679 1807/1807
f 1678/1678 1807/1807 1806/1806
f 1679/1679 1680/1680 1808/1808
f 1679/1679 1808/1808 1807/1807
f 1680/1680 1681/1681 1809/1809
f 1680/1680 1809/1809 1808/1808
f 1681/1681 1682/1682 1810/1810
f 1681/1681 1810/1810 1809/1809
f 1682/1682 1683/1683 1811/1811
f 1682/1682 1811/1811 1810/1810
f 1683/1683 1684/1684 1812/1812
f 1683/1683 1812/1812 1811/1811
f 1684/1684 1685/1685 1813/1813
f 1684/1684 1813/1813 1812/1812
f 1685/1685 1686/1686 1814/1814
f 1685/1685 1814/1814 1813/1813
f 1686/1686 1687/1687 1815/1815
f 1686/1686 1815/1815 1814/1814
f 1687/1687 1688/1688 1816/1816
f 1687/1687 1816/1816 1815/1815
f 1688/1688 1689/1689 1817/1817
f 1688/1688 1817/1817 1816/1816
f 1689/1689 1690/1690 1818/1818
f 1689/1689 1818/1818 1817/1817
f 1690/1690 1691/1691 1819/1819
f 1690/1690 1819/1819 1818/1818
f 1691/1691 1692/1692 1820/1820
f 1691/1691 1820/1820 1819/1819
f 1692/1692 1693/1693 1821/1821
f 1692/1692 1821/1821 1820/1820
f 1693/1693 1694/1694 1822/1822
f 1693/1693 1822/1822 1821/1821
f 1694/1694 1695/1695 1823/1823
f 1694/1694 1823/1823 1822/1822
f 1695/1695 1696/1696 1824/1824
f 1695/1695 1824/1824 1823/1823
f 1696/1696 1697/1697 1825/1825
f 1696/1696 1825/1825 1824/1824
f 1697/1697 1698/1698 1826/1826
f 1697/1697 1826/1826 1825/1825
f 1698/1698 1699/1699 1827/1827
f 1698/1698 1827/1827 1826/1826
f 1699/1699 1700/1700 1828/1828
f 1699/1699 1828/1828 1827/1827
f 1700/1700 1701/1701 1829/1829
f 1700/1700 1829/1829 1828/1828
f 1701/1701 1702/1702 1830/1830
f 1701/1701 1830/1830 1829/1829
f 1702/1702 1703/1703 1831/1831
f 1702/1702 1831/1831 1830/1830
f 1703/1703 1704/1704 1832/1832
f 1703/1703 1832/1832 1831/1831
f 1704/1704 1705/1705 1833/1833
f 1704/1704 1833/1833 1832/1832
f 1705/1705 1706/1706 1834/1834
f 1705/1705 1834/1834 1833/1833
f 1706/1706 1707/1707 1835/1835
f 1706/1706 1835/1835 1834/1834
f 1707/1707 1708/1708 1836/1836
f 1707/1707 1836/1836 1835/1835
f 1708/1708 1709/1709 1837/1837
f 1708/1708 1837/1837 1836/1836
f 1709/1709 1710/1710 1838/1838
f 1709/1709 1838/1838 1837/1837
f 1710/1710 1711/1711 1839/1839
f 1710/1710 1839/1839 1838/1838
f 1711/1711 1712/1712 1840/1840
f 1711/1711 1840/1840 1839/1839
f 1712/1712 1713/1713 1841/1841
f 1712/1712 1841/1841 1840/1840
f 1713/1713 1714/1714 1842/1842
f 1713/1713 1842/1842 1841/1841
f 1714/1714 1715/1715 1843/1843
f 1714/1714 1843/1843 1842/1842
f 1715/1715 1716/1716 1844/1844
f 1715/1715 1844/1844 1843/1843
f 1716/1716 1717/1717 1845/1845
f 1716/1716 1845/1845 1844/1844
f 1717/1717 1718/1718 1846/1846
f 1717/1717 1846/1846 1845/1845
f 1718/1718 1719/1719 1847/1847
f 1718/1718 1847/1847 1846/1846
f 1719/1719 1720/1720 1848/1848
f 1719/1719 1848/1848 1847/1847
f 1720/1720 1721/1721 1849/1849
f 1720/1720 1849/1849 1848/1848
f 1721/1721 1722/1722 1850/1850
f 1721/1721 1850/1850 1849/1849
f 1722/1722 1723/1723 1851/1851
f 1722/1722 1851/1851 1850/1850
f 1723/1723 1724/1724 1852/1852
f 1723/1723 1852/1852 1851/1851
f 1724/1724 1725/1725 1853/1853
f 1724/1724 1853/1853 1852/1852
f 1725/1725 1726/1726 1854/1854
f 1725/1725 1854/1854 1853/1853
f 1726/1726 1727/1727 1855/1855
f 1726/1726 1855/1855 1854/1854
f 1727/1727 1728/1728 1856/1856
f 1727/1727 1856/1856 1855/1855
f 1728/1728 1729/1729 1857/1857
f 1728/1728 1857/1857 1856/1856
f 1729/1729 1730/1730 1858/1858
f 1729/1729 1858/1858 1857/1857
f 1730/1730 1731/1731 1859/1859
f 1730/1730 1859/1859 1858/1858
f 1731/1731 1732/1732 1860/1860
f 1731/1731 1860/1860 1859/1859
f 1732/1732 1733/1733 1861/1861
f 1732/1732 1861/1861 1860/1860
f 1733/1733 1734/1734 1862/1862
f 1733/1733 1862/1862 1861/1861
f 1734/1734 1735/1735 1863/1863
f 1734/1734 1863/1863 1862/1862
f 1735/1735 1736/1736 1864/1864
f 1735/1735 1864/1864 1863/1863
f 1736/1736 1737/1737 1865/1865
f 1736/1736 1865/1865 1864/1864
f 1737/1737 1738/1738 1866/1866
f 1737/1737 1866/1866 1865/1865
f 1738/1738 1739/1739 1867/1867
f 1738/1738 1867/1867 1866/1866
f 1739/1739 1740/1740 1868/1868
f 1739/1739 1868/1868 1867/1867
f 1740/1740 1741/1741 1869/1869
f 1740/1740 1869/1869 1868/1868
f 1741/1741 1742/1742 1870/1870
f 1741/1741 1870/1870 1869/1869
f 1742/1742 1743/1743 1871/1871
f 1742/1742 1871/1871 1870/1870
f 1743/1743 1744/1744 1872/1872
f 1743/1743 1872/1872 1871/1871
f 1744/1744 1745/1745 1873/1873
f 1744/1744 1873/1873 1872/1872
f 1745/1745 1746/1746 1874/1874
f 1745/1745 1874/1874 1873/1873
f 1746/1746 1747/1747 1875/1875
f 1746/1746 1875/1875 1874/1874
f 1747/1747 1748/1748 1876/1876
f 1747/1747 1876/1876 1875/1875
f 1748/1748 1749/1749 1877/1877
f 1748/1748 1877/1877 1876/1876
f 1749/1749 1750/1750 1878/1878
f 1749/1749 1878/1878 1877/1877
f 1750/1750 1751/1751 1879/1879
f 1750/1750 1879/1879 1878/1878
f 1751/1751 1752/1752 1880/1880
f 1751/1751 1880/1880 1879/1879
f 1752/1752 1753/1753 1881/1881
f 1752/1752 1881/1881 1880/1880
f 1753/1753 1754/1754 1882/1882
f 1753/1753 1882/1882 1881/1881
f 1754/1754 1755/1755 1883/1883
f 1754/1754 1883/1883 1882/1882
f 1755/1755 1756/1756 1884/1884
f 1755/1755 1884/1884 1883/1883
f 1756/1756 1757/1757 1885/1885
f 1756/1756 1885/1885 1884/1884
f 1757/1757 1758/1758 1886/1886
f 1757/1757 1886/1886 1885/1885
f 1758/1758 1759/1759 1887/1887
f 1758/1758 1887/1887 1886/1886
f 1759/1759 1760/1760 1888/1888
f 1759/1759 1888/1888 1887/1887
f 1760/1760 1761/1761 1889/1889
f 1760/1760 1889/1889 1888/1888
f 1761/1761 1762/1762 1890/1890
f 1761/1761 1890/1890 1889/1889
f 1762/1762 1763/1763 1891/1891
f 1762/1762 1891/1891 1890/1890
f 1763/1763 1764/1764 1892/1892
f 1763/1763 1892/1892 1891/1891
f 1764/1764 1765/1765 1893/1893
f 1764/1764 1893/1893 1892/1892
f 1765/1765 1766/1766 1894/1894
f 1765/1765 1894/1894 1893/1893
f 1766/1766 1767/1767 1895/1895
f 1766/1766 1895/1895 1894/1894
f 1767/1767 1768/1768 1896/1896
f 1767/1767 1896/1896 1895/1895
f 1768/1768 1769/1769 1897/1897
f 1768/1768 1897/1897 1896/1896
f 1769/1769 1770/1770 1898/1898
f 1769/1769 1898/1898 1897/1897
f 1770/1770 1771/1771 1899/1899
f 1770/1770 1899/1899 1898/1898
f 1771/1771 1772/1772 1900/1900
f 1771/1771 1900/1900 1899/1899
f 1772/1772 1773/1773 1901/1901
f 1772/1772 1901/1901 1900/1900
f 1773/1773 1774/1774 1902/1902
f 1773/1773 1902/1902 1901/1901
f 1774/1774 1775/1775 1903/1903
f 1774/1774 1903/1903 1902/1902
f 1775/1775 1776/1776 1904/1904
f 1775/1775 1904/1904 1903/1903
f 1776/1776 1777/1777 1905/1905
f 1776/1776 1905/1905 1904/1904
f 1777/1777 1778/1778 1906/1906
f 1777/1777 1906/1906 1905/1905
f 1778/1778 1779/1779 1907/1907
f 1778/1778 1907/1907 1906/1906
f 1779/1779 1780/1780 1908/1908
f 1779/1779 1908/1908 1907/1907
f 1780/1780 1781/1781 1909/1909
f 1780/1780 1909/1909 1908/1908
f 1781/1781 1782/1782 1910/1910
f 1781/1781 1910/1910 1909/1909
f 1782/1782 1783/1783 1911/1911
f 1782/1782 1911/1911 1910/1910
f 1783/1783 1784/1784 1912/1912
f 1783/1783 1912/1912 1911/1911
f 1784/1784 1785/1785 1913/1913
f 1784/1784 1913/1913 1912/1912
f 1785/1785 1786/1786 1914/1914
f 1785/1785 1914/1914 1913/1913
f 1786/1786 1787/1787 1915/1915
f 1786/1786 1915/1915 1914/1914
f 1787/1787 1788/1788 1916/1916
f 1787/1787 1916/1916 1915/1915
f 1788/1788 1789/1789 1917/1917
f 1788/1788 1917/1917 1916/1916
f 1789/1789 1790/1790 1918/1918
f 1789/1789 1918/1918 1917/1917
f 1790/1790 1791/1791 1919/1919
f 1790/1790 1919/1919 1918/1918
f 1791/1791 1792/1792 1920/1920
f 1791/1791 1920/1920 1919/1919
f 1793/1793 1794/1794 1922/1922
f 1793/1793 1922/1922 1921/1921
f 1794/1794 1795/1795 1923/1923
f 1794/1794 1923/1923 1922/1922
f 1795/1795 1796/1796 1924/1924
f 1795/1795 1924/1924 1923/1923
f 1796/1796 1797/1797 1925/1925
f 1796/1796 1925/1925 1924/1924
f 1797/1797 1798/1798 1926/1926
f 1797/1797 1926/1926 1925/1925
f 1798/1798 1799/1799 1927/1927
f 1798/1798 1927/1927 1926/1926
f 1799/1799 1800/1800 1928/1928
f 1799/1799 1928/1928 1927/1927
f 1800/1800 1801/1801 1929/1929
f 1800/1800 1929/1929 1928/1928
f 1801/1801 1802/1802 1930/1930
f 1801/1801 1930/1930 1929/1929
f 1802/1802 1803/1803 1931/1931
f 1802/1802 1931/1931 1930/1930
f 1803/1803 1804/1804 1932/1932
f 1803/1803 1932/1932 1931/1931
f 1804/1804 1805/1805 1933/1933
f 1804/1804 1933/1933 1932/1932
f 1805/1805 1806/1806 1934/1934
f 1805/1805 1934/1934 1933/1933
f 1806/1806 1807/1807 1935/1935
f 1806/1806 1935/1935 1934/1934
f 1807/1807 1808/1808 1936/1936
f 1807/1807 1936/1936 1935/1935
f 1808/1808 1809/1809 1937/1937
f 1808/1808 1937/1937 1936/1936
f 1809/1809 1810/1810 1938/1938
f 1809/1809 1938/1938 1937/1937
f 1810/1810 1811/1811 1939/1939
f 1810/1810 1939/1939 1938/1938
f 1811/1811 1812/1812 1940/1940
f 1811/1811 1940/1940 1939/1939
f 1812/1812 1813/1813 1941/1941
f 1812/1812 1941/1941 1940/1940
f 1813/1813 1814/1814 1942/1942
f 1813/1813 1942/1942 1941/1941
f 1814/1814 1815/1815 1943/1943
f 1814/1814 1943/1943 1942/1942
f 1815/1815 1816/1816 1944/1944
f 1815/1815 1944/1944 1943/1943
f 1816/1816 1817/1817 1945/1945
f 1816/1816 1945/1945 1944/1944
f 1817/1817 1818/1818 1946/1946
f 1817/1817 1946/1946 1945/1945
f 1818/1818 1819/1819 1947/1947
f 1818/1818 1947/1947 1946/1946
f 1819/1819 1820/1820 1948/1948
f 1819/1819 1948/1948 1947/1947
f 1820/1820 1821/1821 1949/1949
f 1820/1820 1949/1949 1948/1948
f 1821/1821 1822/1822 1950/1950
f 1821/1821 1950/1950 1949/1949
f 1822/1822 1823/1823 1951/1951
f 1822/1822 1951/1951 1950/1950
f 1823/1823 1824/1824 1952/1952
f 1823/1823 1952/1952 1951/1951
f 1824/1824 1825/1825 1953/1953
f 1824/1824 1953/1953 1952/1952
f 1825/1825 1826/1826 1954/1954
f 1825/1825 1954/1954 1953/1953
f 1826/1826 1827/1827 1955/1955
f 1826/1826 1955/1955 1954/1954
f 1827/1827 1828/1828 1956/1956
f 1827/1827 1956/1956 1955/1955
f 1828/1828 1829/1829 1957/1957
f 1828/1828 1957/1957 1956/1956
f 1829/1829 1830/1830 1958/1958
f 1829/1829 1958/1958 1957/1957
f 1830/1830 1831/1831 1959/1959
f 1830/1830 1959/1959 1958/1958
f 1831/1831 1832/1832 1960/1960
f 1831/1831 1960/1960 1959/1959
f 1832/1832 1833/1833 1961/1961
f 1832/1832 1961/1961 1960/1960
f 1833/1833 1834/1834 1962/1962
f 1833/1833 1962/1962 1961/1961
f 1834/1834 1835/1835 1963/1963
f 1834/1834 1963/1963 1962/1962
f 1835/1835 1836/1836 1964/1964
f 1835/1835 1964/1964 1963/1963
f 1836/1836 1837/1837 1965/1965
f 1836/1836 1965/1965 1964/1964
f 1837/1837 1838/1838 1966/1966
f 1837/1837 1966/1966 1965/1965
f 1838/1838 1839/1839 1967/1967
f 1838/1838 1967/1967 1966/1966
f 1839/1839 1840/1840 1968/1968
f 1839/1839 1968/1968 1967/1967
f 1840/1840 1841/1841 1969/1969
f 1840/1840 1969/1969 1968/1968
f 1841/1841 1842/1842 1970/1970
f 1841/1841 1970/1970 1969/1969
f 1842/1842 1843/1843 1971/1971
f 1842/1842 1971/1971 1970/1970
f 1843/1843 1844/1844 1972/1972
f 1843/1843 1972/1972 1971/1971
f 1844/1844 1845/1845 1973/1973
f 1844/1844 1973/1973 1972/1972
f 1845/1845 1846/1846 1974/1974
f 1845/1845 1974/1974 1973/1973
f 1846/1846 1847/1847 1975/1975
f 1846/1846 1975/1975 1974/1974
f 1847/1847 1848/1848 1976/1976
f 1847/1847 1976/1976 1975/1975
f 1848/1848 1849/1849 1977/1977
f 1848/1848 1977/1977 1976/1976
f 1849/1849 1850/1850 1978/1978
f 1849/1849 1978/1978 1977/1977
f 1850/1850 1851/1851 1979/1979
f 1850/1850 1979/1979 1978/1978
f 1851/1851 1852/1852 1980/1980
f 1851/1851 1980/1980 1979/1979
f 1852/1852 1853/1853 1981/1981
f 1852/1852 1981/1981 1980/1980
f 1853/1853 1854/1854 1982/1982
f 1853/1853 1982/1982 1981/1981
f 1854/1854 1855/1855 1983/1983
f 1854/1854 1983/1983 1982/1982
f 1855/1855 1856/1856 1984/1984
f 1855/1855 1984/1984 1983/1983
f 1856/1856 1857/1857 1985/1985
f 1856/1856 1985/1985 1984/1984
f 1857/1857 1858/1858 1986/1986
f 1857/1857 1986/1986 1985/1985
f 1858/1858 1859/1859 1987/1987
f 1858/1858 1987/1987 1986/1986
f 1859/1859 1860/1860 1988/1988
f 1859/1859 1988/1988 1987/1987
f 1860/1860 1861/1861 1989/1989
f 1860/1860 1989/1989 1988/1988
f 1861/1861 1862/1862 1990/1990
f 1861/1861 1990/1990 1989/1989
f 1862/1862 1863/1863 1991/1991
f 1862/1862 1991/1991 1990/1990
f 1863/1863 1864/1864 1992/1992
f 1863/1863 1992/1992 1991/1991
f 1864/1864 1865/1865 1993/1993
f 1864/1864 1993/1993 1992/1992
f 1865/1865 1866/1866 1994/1994
f 1865/1865 1994/1994 1993/1993
f 1866/1866 1867/1867 1995/1995
f 1866/1866 1995/1995 1994/1994
f 1867/1867 1868/1868 1996/1996
f 1867/1867 1996/1996 1995/1995
f 1868/1868 1869/1869 1997/1997
f 1868/1868 1997/1997 1996/1996
f 1869/1869 1870/1870 1998/1998
f 1869/1869 1998/1998 1997/1997
f 1870/1870 1871/1871 1999/1999
f 1870/1870 1999/1999 1998/1998
f 1871/1871 1872/1872 2000/2000
f 1871/1871 2000/2000 1999/1999
f 1872/1872 1873/1873 2001/2001
f 1872/1872 2001/2001 2000/2000
f 1873/1873 1874/1874 2002/2002
f 1873/1873 2002/2002 2001/2001
f 1874/1874 1875/1875 2003/2003
f 1874/1874 2003/2003 2002/2002
f 1875/1875 1876/1876 2004/2004
f 1875/1875 2004/2004 2003/2003
f 1876/1876 1877/1877 2005/2005
f 1876/1876 2005/2005 2004/2004
f 1877/1877 1878/1878 2006/2006
f 1877/1877 2006/2006 2005/2005
f 1878/1878 1879/1879 2007/2007
f 1878/1878 2007/2007 2006/2006
f 1879/1879 1880/1880 2008/2008
f 1879/1879 2008/2008 2007/2007
f 1880/1880 1881/1881 2009/2009
f 1880/1880 2009/2009 2008/2008
f 1881/1881 1882/1882 2010/2010
f 1881/1881 2010/2010 2009/2009
f 1882/1882 1883/1883 2011/2011
f 1882/1882 2011/2011 2010/2010
f 1883/1883 1884/1884 2012/2012
f 1883/1883 2012/2012 2011/2011
f 1884/1884 1885/1885 2013/2013
f 1884/1884 2013/2013 2012/2012
f 1885/1885 1886/1886 2014/2014
f 1885/1885 2014/2014 2013/2013
f 1886/1886 1887/1887 2015/2015
f 1886/1886 2015/2015 2014/2014
f 1887/1887 1888/1888 2016/2016
f 1887/1887 2016/2016 2015/2015
f 1888/1888 1889/1889 2017/2017
f 1888/1888 2017/2017 2016/2016
f 1889/1889 1890/1890 2018/2018
f 1889/1889 2018/2018 2017/2017
f 1890/1890 1891/1891 2019/2019
f 1890/1890 2019/2019 2018/2018
f 1891/1891 1892/1892 2020/2020
f 1891/1891 2020/2020 2019/2019
f 1892/1892 1893/1893 2021/2021
f 1892/1892 2021/2021 2020/2020
f 1893/1893 1894/1894 2022/2022
f 1893/1893 2022/2022 2021/2021
f 1894/1894 1895/1895 2023/2023
f 1894/1894 2023/2023 2022/2022
f 1895/1895 1896/1896 2024/2024
f 1895/1895 2024/2024 2023/2023
f 1896/1896 1897/1897 2025/2025
f 1896/1896 2025/2025 2024/2024
f 1897/1897 1898/1898 2026/2026
f 1897/1897 2026/2026 2025/2025
f 1898/1898 1899/1899 2027/2027
f 1898/1898 2027/2027 2026/2026
f 1899/1899 1900/1900 2028/2028
f 1899/1899 2028/2028 2027/2027
f 1900/1900 1901/1901 2029/2029
f 1900/1900 2029/2029 2028/2028
f 1901/1901 1902/1902 2030/2030
f 1901/1901 2030/2030 2029/2029
f 1902/1902 1903/1903 2031/2031
f 1902/1902 2031/2031 2030/2030
f 1903/1903 1904/1904 2032/2032
f 1903/1903 2032/2032 2031/2031
f 1904/1904 1905/1905 2033/2033
f 1904/1904 2033/2033 2032/2032
f 1905/1905 1906/1906 2034/2034
f 1905/1905 2034/2034 2033/2033
f 1906/1906 1907/1907 2035/2035
f 1906/1906 2035/2035 2034/2034
f 1907/1907 1908/1908 2036/2036
f 1907/1907 2036/2036 2035/2035
f 1908/1908 1909/1909 2037/2037
f 1908/1908 2037/2037 2036/2036
f 1909/1909 1910/1910 2038/2038
f 1909/1909 2038/2038 2037/2037
f 1910/1910 1911/1911 2039/2039
f 1910/1910 2039/2039 2038/2038
f 1911/1911 1912/1912 2040/2040
f 1911/1911 2040/2040 2039/2039
f 1912/1912 1913/1913 2041/2041
f 1912/1912 2041/2041 2040/2040
f 1913/1913 1914/1914 2042/2042
f 1913/1913 2042/2042 2041/2041
f 1914/1914 1915/1915 2043/2043
f 1914/1914 2043/2043 2042/2042
f 1915/1915 1916/1916 2044/2044
f 1915/1915 2044/2044 2043/2043
f 1916/1916 1917/1917 2045/2045
f 1916/1916 2045/2045 2044/2044
f 1917/1917 1918/1918 2046/2046
f 1917/1917 2046/2046 2045/2045
f 1918/1918 1919/1919 2047/2047
f 1918/1918 2047/2047 2046/2046
f 1919/1919 1920/1920 2048/2048
f 1919/1919 2048/2048 2047/2047
f 1921/1921 1922/1922 2050/2050
f 1921/1921 2050/2050 2049/2049
f 1922/1922 1923/1923 2051/2051
f 1922/1922 2051/2051 2050/2050
f 1923/1923 1924/1924 2052/2052
f 1923/1923 2052/2052 2051/2051
f 1924/1924 1925/1925 2053/2053
f 1924/1924 2053/2053 2052/2052
f 1925/1925 1926/1926 2054/2054
f 1925/1925 2054/2054 2053/2053
f 1926/1926 1927/1927 2055/2055
f 1926/1926 2055/2055 2054/2054
f 1927/1927 1928/1928 2056/2056
f 1927/1927 2056/2056 2055/2055
f 1928/1928 1929/1929 2057/2057
f 1928/1928 2057/2057 2056/2056
f 1929/1929 1930/1930 2058/2058
f 1929/1929 2058/2058 2057/2057
f 1930/1930 1931/1931 2059/2059
f 1930/1930 2059/2059 2058/2058
f 1931/1931 1932/1932 2060/2060
f 1931/1931 2060/2060 2059/2059
f 1932/1932 1933/1933 2061/2061
f 1932/1932 2061/2061 2060/2060
f 1933/1933 1934/1934 2062/2062
f 1933/1933 2062/2062 2061/2061
f 1934/1934 1935/1935 2063/2063
f 1934/1934 2063/2063 2062/2062
f 1935/1935 1936/1936 2064/2064
f 1935/1935 2064/2064 2063/2063
f 1936/1936 1937/1937 2065/2065
f 1936/1936 2065/2065 2064/2064
f 1937/1937 1938/1938 2066/2066
f 1937/1937 2066/2066 2065/2065
f 1938/1938 1939/1939 2067/2067
f 1938/1938 2067/2067 2066/2066
f 1939/1939 1940/1940 2068/2068
f 1939/1939 2068/2068 2067/2067
f 1940/1940 1941/1941 2069/2069
f 1940/1940 2069/2069 2068/2068
f 1941/1941 1942/1942 2070/2070
f 1941/1941 2070/2070 2069/2069
f 1942/1942 1943/1943 2071/2071
f 1942/1942 2071/2071 2070/2070
f 1943/1943 1944/1944 2072/2072
f 1943/1943 2072/2072 2071/2071
f 1944/1944 1945/1945 2073/2073
f 1944/1944 2073/2073 2072/2072
f 1945/1945 1946/1946 2074/2074
f 1945/1945 2074/2074 2073/2073
f 1946/1946 1947/1947 2075/2075
f 1946/1946 2075/2075 2074/2074
f 1947/1947 1948/1948 2076/2076
f 1947/1947 2076/2076 2075/2075
f 1948/1948 1949/1949 2077/2077
f 1948/1948 2077/2077 2076/2076
f 1949/1949 1950/1950 2078/2078
f 1949/1949 2078/2078 2077/2077
f 1950/1950 1951/1951 2079/2079
f 1950/1950 2079/2079 2078/2078
f 1951/1951 1952/1952 2080/2080
f 1951/1951 2080/2080 2079/2079
f 1952/1952 1953/1953 2081/2081
f 1952/1952 2081/2081 2080/2080
f 1953/1953 1954/1954 2082/2082
f 1953/1953 2082/2082 2081/2081
f 1954/1954 1955/1955 2083/2083
f 1954/1954 2083/2083 2082/2082
f 1955/1955 1956/1956 2084/2084
f 1955/1955 2084/2084 2083/2083
f 1956/1956 1957/1957 2085/2085
f 1956/1956 2085/2085 2084/2084
f 1957/1957 1958/1958 2086/2086
f 1957/1957 2086/2086 2085/2085
f 1958/1958 1959/1959 2087/2087
f 1958/1958 2087/2087 2086/2086
f 1959/1959 1960/1960 2088/2088
f 1959/1959 2088/2088 2087/2087
f 1960/1960 1961/1961 2089/2089
f 1960/1960 2089/2089 2088/2088
f 1961/1961 1962/1962 2090/2090
f 1961/1961 2090/2090 2089/2089
f 1962/1962 1963/1963 2091/2091
f 1962/1962 2091/2091 2090/2090
f 1963/1963 1964/1964 2092/2092
f 1963/1963 2092/2092 2091/2091
f 1964/1964 1965/1965 2093/2093
f 1964/1964 2093/2093 2092/2092
f 1965/1965 1966/1966 2094/2094
f 1965/1965 2094/2094 2093/2093
f 1966/1966 1967/1967 2095/2095
f 1966/1966 2095/2095 2094/2094
f 1967/1967 1968/1968 2096/2096
f 1967/1967 2096/2096 2095/2095
f 1968/1968 1969/1969 2097/2097
f 1968/1968 2097/2097 2096/2096
f 1969/1969 1970/1970 2098/2098
f 1969/1969 2098/2098 2097/2097
f 1970/1970 1971/1971 2099/2099
f 1970/1970 2099/2099 2098/2098
f 1971/1971 1972/1972 2100/2100
f 1971/1971 2100/2100 2099/2099
f 1972/1972 1973/1973 2101/2101
f 1972/1972 2101/2101 2100/2100
f 1973/1973 1974/1974 2102/2102
f 1973/1973 2102/2102 2101/2101
f 1974/1974 1975/1975 2103/2103
f 1974/1974 2103/2103 2102/2102
f 1975/1975 1976/1976 2104/2104
f 1975/1975 2104/2104 2103/2103
f 1976/1976 1977/1977 2105/2105
f 1976/1976 2105/2105 2104/2104
f 1977/1977 1978/1978 2106/2106
f 1977/1977 2106/2106 2105/2105
f 1978/1978 1979/1979 2107/2107
f 1978/1978 2107/2107 2106/2106
f 1979/1979 1980/1980 2108/2108
f 1979/1979 2108/2108 2107/2107
f 1980/1980 1981/1981 2109/2109
f 1980/1980 2109/2109 2108/2108
f 1981/1981 1982/1982 2110/2110
f 1981/1981 2110/2110 2109/2109
f 1982/1982 1983/1983 2111/2111
f 1982/1982 2111/2111 2110/2110
f 1983/1983 1984/1984 2112/2112
f 1983/1983 2112/2112 2111/2111
f 1984/1984 1985/1985 2113/2113
f 1984/1984 2113/2113 2112/2112
f 1985/1985 1986/1986 2114/2114
f 1985/1985 2114/2114 2113/2113
f 1986/1986 1987/1987 2115/2115
f 1986/1986 2115/2115 2114/2114
f 1987/1987 1988/1988 2116/2116
f 1987/1987 2116/2116 2115/2115
f 1988/1988 1989/1989 2117/2117
f 1988/1988 2117/2117 2116/2116
f 1989/1989 1990/1990 2118/2118
f 1989/1989 2118/2118 2117/2117
f 1990/1990 1991/1991 2119/2119
f 1990/1990 2119/2119 2118/2118
f 1991/1991 1992/1992 2120/2120
f 1991/1991 2120/2120 2119/2119
f 1992/1992 1993/1993 2121/2121
f 1992/1992 2121/2121 2120/2120
f 1993/1993 1994/1994 2122/2122
f 1993/1993 2122/2122 2121/2121
f 1994/1994 1995/1995 2123/2123
f 1994/1994 2123/2123 2122/2122
f 1995/1995 1996/1996 2124/2124
f 1995/1995 2124/2124 2123/2123
f 1996/1996 1997/1997 2125/2125
f 1996/1996 2125/2125 2124/2124
f 1997/1997 1998/1998 2126/2126
f 1997/1997 2126/2126 2125/2125
f 1998/1998 1999/1999 2127/2127
f 1998/1998 2127/2127 2126/2126
f 1999/1999 2000/2000 2128/2128
f 1999/1999 2128/2128 2127/2127
f 2000/2000 2001/2001 2129/2129
f 2000/2000 2129/2129 2128/2128
f 2001/2001 2002/2002 2130/2130
f 2001/2001 2130/2130 2129/2129
f 2002/2002 2003/2003 2131/2131
f 2002/2002 2131/2131 2130/2130
f 2003/2003 2004/2004 2132/2132
f 2003/2003 2132/2132 2131/2131
f 2004/2004 2005/2005 2133/2133
f 2004/2004 2133/2133 2132/2132
f 2005/2005 2006/2006 2134/2134
f 2005/2005 2134/2134 2133/2133
f 2006/2006 2007/2007 2135/2135
f 2006/2006 2135/2135 2134/2134
f 2007/2007 2008/2008 2136/2136
f 2007/2007 2136/2136 2135/2135
f 2008/2008 2009/2009 2137/2137
f 2008/2008 2137/2137 2136/2136
f 2009/2009 2010/2010 2138/2138
f 2009/2009 2138/2138 2137/2137
f 2010/2010 2011/2011 2139/2139
f 2010/2010 2139/2139 2138/2138
f 2011/2011 2012/2012 2140/2140
f 2011/2011 2140/2140 2139/2139
f 2012/2012 2013/2013 2141/2141
f 2012/2012 2141/2141 2140/2140
f 2013/2013 2014/2014 2142/2142
f 2013/2013 2142/2142 2141/2141
f 2014/2014 2015/2015 2143/2143
f 2014/2014 2143/2143 2142/2142
f 2015/2015 2016/2016 2144/2144
f 2015/2015 2144/2144 2143/2143
f 2016/2016 2017/2017 2145/2145
f 2016/2016 2145/2145 2144/2144
f 2017/2017 2018/2018 2146/2146
f 2017/2017 2146/2146 2145/2145
f 2018/2018 2019/2019 2147/2147
f 2018/2018 2147/2147 2146/2146
f 2019/2019 2020/2020 2148/2148
f 2019/2019 2148/2148 2147/2147
f 2020/2020 2021/2021 2149/2149
f 2020/2020 2149/2149 2148/2148
f 2021/2021 2022/2022 2150/2150
f 2021/2021 2150/2150 2149/2149
f 2022/2022 2023/2023 2151/2151
f 2022/2022 2151/2151 2150/2150
f 2023/2023 2024/2024 2152/2152
f 2023/2023 2152/2152 2151/2151
f 2024/2024 2025/2025 2153/2153
f 2024/2024 2153/2153 2152/2152
f 2025/2025 2026/2026 2154/2154
f 2025/2025 2154/2154 2153/2153
f 2026/2026 2027/2027 2155/2155
f 2026/2026 2155/2155 2154/2154
f 2027/2027 2028/2028 2156/2156
f 2027/2027 2156/2156 2155/2155
f 2028/2028 2029/2029 2157/2157
f 2028/2028 2157/2157 2156/2156
f 2029/2029 2030/2030 2158/2158
f 2029/2029 2158/2158 2157/2157
f 2030/2030 2031/2031 2159/2159
f 2030/2030 2159/2159 2158/2158
f 2031/2031 2032/2032 2160/2160
f 2031/2031 2160/2160 2159/2159
f 2032/2032 2033/2033 2161/2161
f 2032/2032 2161/2161 2160/2160
f 2033/2033 2034/2034 2162/2162
f 2033/2033 2162/2162 2161/2161
f 2034/2034 2035/2035 2163/2163
f 2034/2034 2163/2163 2162/2162
f 2035/2035 2036/2036 2164/2164
f 2035/2035 2164/2164 2163/2163
f 2036/2036 2037/2037 2165/2165
f 2036/2036 2165/2165 2164/2164
f 2037/2037 2038/2038 2166/2166
f 2037/2037 2166/2166 2165/2165
f 2038/2038 2039/2039 2167/2167
f 2038/2038 2167/2167 2166/2166
f 2039/2039 2040/2040 2168/2168
f 2039/2039 2168/2168 2167/2167
f 2040/2040 2041/2041 2169/2169
f 2040/2040 2169/2169 2168/2168
f 2041/2041 2042/2042 2170/2170
f 2041/2041 2170/2170 2169/2169
f 2042/2042 2043/2043 2171/2171
f 2042/2042 2171/2171 2170/2170
f 2043/2043 2044/2044 2172/2172
f 2043/2043 2172/2172 2171/2171
f 2044/2044 2045/2045 2173/2173
f 2044/2044 2173/2173 2172/2172
f 2045/2045 2046/2046 2174/2174
f 2045/2045 2174/2174 2173/2173
f 2046/2046 2047/2047 2175/2175
f 2046/2046 2175/2175 2174/2174
f 2047/2047 2048/2048 2176/2176
f 2047/2047 2176/2176 2175/2175
f 2049/2049 2050/2050 2178/2178
f 2049/2049 2178/2178 2177/2177
f 2050/2050 2051/2051 2179/2179
f 2050/2050 2179/2179 2178/2178
f 2051/2051 2052/2052 2180/2180
f 2051/2051 2180/2180 2179/2179
f 2052/2052 2053/2053 2181/2181
f 2052/2052 2181/2181 2180/2180
f 2053/2053 2054/2054 2182/2182
f 2053/2053 2182/2182 2181/2181
f 2054/2054 2055/2055 2183/2183
f 2054/2054 2183/2183 2182/2182
f 2055/2055 2056/2056 2184/2184
f 2055/2055 2184/2184 2183/2183
f 2056/2056 2057/2057 2185/2185
f 2056/2056 2185/2185 2184/2184
f 2057/2057 2058/2058 2186/2186
f 2057/2057 2186/2186 2185/2185
f 2058/2058 2059/2059 2187/2187
f 2058/2058 2187/2187 2186/2186
f 2059/2059 2060/2060 2188/2188
f 2059/2059 2188/2188 2187/2187
f 2060/2060 2061/2061 2189/2189
f 2060/2060 2189/2189 2188/2188
f 2061/2061 2062/2062 2190/2190
f 2061/2061 2190/2190 2189/2189
f 2062/2062 2063/2063 2191/2191
f 2062/2062 2191/2191 2190/2190
f 2063/2063 2064/2064 2192/2192
f 2063/2063 2192/2192 2191/2191
f 2064/2064 2065/2065 2193/2193
f 2064/2064 2193/2193 2192/2192
f 2065/2065 2066/2066 2194/2194
f 2065/2065 2194/2194 2193/2193
f 2066/2066 2067/2067 2195/2195
f 2066/2066 2195/2195 2194/2194
f 2067/2067 2068/2068 2196/2196
f 2067/2067 2196/2196 2195/2195
f 2068/2068 2069/2069 2197/2197
f 2068/2068 2197/2197 2196/2196
f 2069/2069 2070/2070 2198/2198
f 2069/2069 2198/2198 2197/2197
f 2070/2070 2071/2071 2199/2199
f 2070/2070 2199/2199 2198/2198
f 2071/2071 2072/2072 2200/2200
f 2071/2071 2200/2200 2199/2199
f 2072/2072 2073/2073 2201/2201
f 2072/2072 2201/2201 2200/2200
f 2073/2073 2074/2074 2202/2202
f 2073/2073 2202/2202 2201/2201
f 2074/2074 2075/2075 2203/2203
f 2074/2074 2203/2203 2202/2202
f 2075/2075 2076/2076 2204/2204
f 2075/2075 2204/2204 2203/2203
f 2076/2076 2077/2077 2205/2205
f 2076/2076 2205/2205 2204/2204
f 2077/2077 2078/2078 2206/2206
f 2077/2077 2206/2206 2205/2205
f 2078/2078 2079/2079 2207/2207
f 2078/2078 2207/2207 2206/2206
f 2079/2079 2080/2080 2208/2208
f 2079/2079 2208/2208 2207/2207
f 2080/2080 2081/2081 2209/2209
f 2080/2080 2209/2209 2208/2208
f 2081/2081 2082/2082 2210/2210
f 2081/2081 2210/2210 2209/2209
f 2082/2082 2083/2083 2211/2211
f 2082/2082 2211/2211 2210/2210
f 2083/2083 2084/2084 2212/2212
f 2083/2083 2212/2212 2211/2211
f 2084/2084 2085/2085 2213/2213
f 2084/2084 2213/2213 2212/2212
f 2085/2085 2086/2086 2214/2214
f 2085/2085 2214/2214 2213/2213
f 2086/2086 2087/2087 2215/2215
f 2086/2086 2215/2215 2214/2214
f 2087/2087 2088/2088 2216/2216
f 2087/2087 2216/2216 2215/2215
f 2088/2088 2089/2089 2217/2217
f 2088/2088 2217/2217 2216/2216
f 2089/2089 2090/2090 2218/2218
f 2089/2089 2218/2218 2217/2217
f 2090/2090 2091/2091 2219/2219
f 2090/2090 2219/2219 2218/2218
f 2091/2091 2092/2092 2220/2220
f 2091/2091 2220/2220 2219/2219
f 2092/2092 2093/2093 2221/2221
f 2092/2092 2221/2221 2220/2220
f 2093/2093 2094/2094 2222/2222
f 2093/2093 2222/2222 2221/2221
f 2094/2094 2095/2095 2223/2223
f 2094/2094 2223/2223 2222/2222
f 2095/2095 2096/2096 2224/2224
f 2095/2095 2224/2224 2223/2223
f 2096/2096 2097/2097 2225/2225
f 2096/2096 2225/2225 2224/2224
f 2097/2097 2098/2098 2226/2226
f 2097/2097 2226/2226 2225/2225
f 2098/2098 2099/2099 2227/2227
f 2098/2098 2227/2227 2226/2226
f 2099/2099 2100/2100 2228/2228
f 2099/2099 2228/2228 2227/2227
f 2100/2100 2101/2101 2229/2229
f 2100/2100 2229/2229 2228/2228
f 2101/2101 2102/2102 2230/2230
f 2101/2101 2230/2230 2229/2229
f 2102/2102 2103/2103 2231/2231
f 2102/2102 2231/2231 2230/2230
f 2103/2103 2104/2104 2232/2232
f 2103/2103 2232/2232 2231/2231
f 2104/2104 2105/2105 2233/2233
f 2104/2104 2233/2233 2232/2232
f 2105/2105 2106/2106 2234/2234
f 2105/2105 2234/2234 2233/2233
f 2106/2106 2107/2107 2235/2235
f 2106/2106 2235/2235 2234/2234
f 2107/2107 2108/2108 2236/2236
f 2107/2107 2236/2236 2235/2235
f 2108/2108 2109/2109 2237/2237
f 2108/2108 2237/2237 2236/2236
f 2109/2109 2110/2110 2238/2238
f 2109/2109 2238/2238 2237/2237
f 2110/2110 2111/2111 2239/2239
f 2110/2110 2239/2239 2238/2238
f 2111/2111 2112/2112 2240/2240
f 2111/2111 2240/2240 2239/2239
f 2112/2112 2113/2113 2241/2241
f 2112/2112 2241/2241 2240/2240
f 2113/2113 2114/2114 2242/2242
f 2113/2113 2242/2242 2241/2241
f 2114/2114 2115/2115 2243/2243
f 2114/2114 2243/2243 2242/2242
f 2115/2115 2116/2116 2244/2244
f 2115/2115 2244/2244 2243/2243
f 2116/2116 2117/2117 2245/2245
f 2116/2116 2245/2245 2244/2244
f 2117/2117 2118/2118 2246/2246
f 2117/2117 2246/2246 2245/2245
f 2118/2118 2119/2119 2247/2247
f 2118/2118 2247/2247 2246/2246
f 2119/2119 2120/2120 2248/2248
f 2119/2119 2248/2248 2247/2247
f 2120/2120 2121/2121 2249/2249
f 2120/2120 2249/2249 2248/2248
f 2121/2121 2122/2122 2250/2250
f 2121/2121 2250/2250 2249/2249
f 2122/2122 2123/2123 2251/2251
f 2122/2122 2251/2251 2250/2250
f 2123/2123 2124/2124 2252/2252
f 2123/2123 2252/2252 2251/2251
f 2124/2124 2125/2125 2253/2253
f 2124/2124 2253/2253 2252/2252
f 2125/2125 2126/2126 2254/2254
f 2125/2125 2254/2254 2253/2253
f 2126/2126 2127/2127 2255/2255
f 2126/2126 2255/2255 2254/2254
f 2127/2127 2128/2128 2256/2256
f 2127/2127 2256/2256 2255/2255
f 2128/2128 2129/2129 2257/2257
f 2128/2128 2257/2257 2256/2256
f 2129/2129 2130/2130 2258/2258
f 2129/2129 2258/2258 2257/2257
f 2130/2130 2131/2131 2259/2259
f 2130/2130 2259/2259 2258/2258
f 2131/2131 2132/2132 2260/2260
f 2131/2131 2260/2260 2259/2259
f 2132/2132 2133/2133 2261/2261
f 2132/2132 2261/2261 2260/2260
f 2133/2133 2134/2134 2262/2262
f 2133/2133 2262/2262 2261/2261
f 2134/2134 2135/2135 2263/2263
f 2134/2134 2263/2263 2262/2262
f 2135/2135 2136/2136 2264/2264
f 2135/2135 2264/2264 2263/2263
f 2136/2136 2137/2137 2265/2265
f 2136/2136 2265/2265 2264/2264
f 2137/2137 2138/2138 2266/2266
f 2137/2137 2266/2266 2265/2265
f 2138/2138 2139/2139 2267/2267
f 2138/2138 2267/2267 2266/2266
f 2139/2139 2140/2140 2268/2268
f 2139/2139 2268/2268 2267/2267
f 2140/2140 2141/2141 2269/2269
f 2140/2140 2269/2269 2268/2268
f 2141/2141 2142/2142 2270/2270
f 2141/2141 2270/2270 2269/2269
f 2142/2142 2143/2143 2271/2271
f 2142/2142 2271/2271 2270/2270
f 2143/2143 2144/2144 2272/2272
f 2143/2143 2272/2272 2271/2271
f 2144/2144 2145/2145 2273/2273
f 2144/2144 2273/2273 2272/2272
f 2145/2145 2146/2146 2274/2274
f 2145/2145 2274/2274 2273/2273
f 2146/2146 2147/2147 2275/2275
f 2146/2146 2275/2275 2274/2274
f 2147/2147 2148/2148 2276/2276
f 2147/2147 2276/2276 2275/2275
f 2148/2148 2149/2149 2277/2277
f 2148/2148 2277/2277 2276/2276
f 2149/2149 2150/2150 2278/2278
f 2149/2149 2278/2278 2277/2277
f 2150/2150 2151/2151 2279/2279
f 2150/2150 2279/2279 2278/2278
f 2151/2151 2152/2152 2280/2280
f 2151/2151 2280/2280 2279/2279
f 2152/2152 2153/2153 2281/2281
f 2152/2152 2281/2281 2280/2280
f 2153/2153 2154/2154 2282/2282
f 2153/2153 2282/2282 2281/2281
f 2154/2154 2155/2155 2283/2283
f 2154/2154 2283/2283 2282/2282
f 2155/2155 2156/2156 2284/2284
f 2155/2155 2284/2284 2283/2283
f 2156/2156 2157/2157 2285/2285
f 2156/2156 2285/2285 2284/2284
f 2157/2157 2158/2158 2286/2286
f 2157/2157 2286/2286 2285/2285
f 2158/2158 2159/2159 2287/2287
f 2158/2158 2287/2287 2286/2286
f 2159/2159 2160/2160 2288/2288
f 2159/2159 2288/2288 2287/2287
f 2160/2160 2161/2161 2289/2289
f 2160/2160 2289/2289 2288/2288
f 2161/2161 2162/2162 2290/2290
f 2161/2161 2290/2290 2289/2289
f 2162/2162 2163/2163 2291/2291
f 2162/2162 2291/2291 2290/2290
f 2163/2163 2164/2164 2292/2292
f 2163/2163 2292/2292 2291/2291
f 2164/2164 2165/2165 2293/2293
f 2164/2164 2293/2293 2292/2292
f 2165/2165 2166/2166 2294/2294
f 2165/2165 2294/2294 2293/2293
f 2166/2166 2167/2167 2295/2295
f 2166/2166 2295/2295 2294/2294
f 2167/2167 2168/2168 2296/2296
f 2167/2167 2296/2296 2295/2295
f 2168/2168 2169/2169 2297/2297
f 2168/2168 2297/2297 2296/2296
f 2169/2169 2170/2170 2298/2298
f 2169/2169 2298/2298 2297/2297
f 2170/2170 2171/2171 2299/2299
f 2170/2170 2299/2299 2298/2298
f 2171/2171 2172/2172 2300/2300
f 2171/2171 2300/2300 2299/2299
f 2172/2172 2173/2173 2301/2301
f 2172/2172 2301/2301 2300/2300
f 2173/2173 2174/2174 2302/2302
f 2173/2173 2302/2302 2301/2301
f 2174/2174 2175/2175 2303/2303
f 2174/2174 2303/2303 2302/2302
f 2175/2175 2176/2176 2304/2304
f 2175/2175 2304/2304 2303/2303
f 2177/2177 2178/2178 2306/2306
f 2177/2177 2306/2306 2305/2305
f 2178/2178 2179/2179 2307/2307
f 2178/2178 2307/2307 2306/2306
f 2179/2179 2180/2180 2308/2308
f 2179/2179 2308/2308 2307/2307
f 2180/2180 2181/2181 2309/2309
f 2180/2180 2309/2309 2308/2308
f 2181/2181 2182/2182 2310/2310
f 2181/2181 2310/2310 2309/2309
f 2182/2182 2183/2183 2311/2311
f 2182/2182 2311/2311 2310/2310
f 2183/2183 2184/2184 2312/2312
f 2183/2183 2312/2312 2311/2311
f 2184/2184 2185/2185 2313/2313
f 2184/2184 2313/2313 2312/2312
f 2185/2185 2186/2186 2314/2314
f 2185/2185 2314/2314 2313/2313
f 2186/2186 2187/2187 2315/2315
f 2186/2186 2315/2315 2314/2314
f 2187/2187 2188/2188 2316/2316
f 2187/2187 2316/2316 2315/2315
f 2188/2188 2189/2189 2317/2317
f 2188/2188 2317/2317 2316/2316
f 2189/2189 2190/2190 2318/2318
f 2189/2189 2318/2318 2317/2317
f 2190/2190 2191/2191 2319/2319
f 2190/2190 2319/2319 2318/2318
f 2191/2191 2192/2192 2320/2320
f 2191/2191 2320/2320 2319/2319
f 2192/2192 2193/2193 2321/2321
f 2192/2192 2321/2321 2320/2320
f 2193/2193 2194/2194 2322/2322
f 2193/2193 2322/2322 2321/2321
f 2194/2194 2195/2195 2323/2323
f 2194/2194 2323/2323 2322/2322
f 2195/2195 2196/2196 2324/2324
f 2195/2195 2324/2324 2323/2323
f 2196/2196 2197/2197 2325/2325
f 2196/2196 2325/2325 2324/2324
f 2197/2197 2198/2198 2326/2326
f 2197/2197 2326/2326 2325/2325
f 2198/2198 2199/2199 2327/2327
f 2198/2198 2327/2327 2326/2326
f 2199/2199 2200/2200 2328/2328
f 2199/2199 2328/2328 2327/2327
f 2200/2200 2201/2201 2329/2329
f 2200/2200 2329/2329 2328/2328
f 2201/2201 2202/2202 2330/2330
f 2201/2201 2330/2330 2329/2329
f 2202/2202 2203/2203 2331/2331
f 2202/2202 2331/2331 2330/2330
f 2203/2203 2204/2204 2332/2332
f 2203/2203 2332/2332 2331/2331
f 2204/2204 2205/2205 2333/2333
f 2204/2204 2333/2333 2332/2332
f 2205/2205 2206/2206 2334/2334
f 2205/2205 2334/2334 2333/2333
f 2206/2206 2207/2207 2335/2335
f 2206/2206 2335/2335 2334/2334
f 2207/2207 2208/2208 2336/2336
f 2207/2207 2336/2336 2335/2335
f 2208/2208 2209/2209 2337/2337
f 2208/2208 2337/2337 2336/2336
f 2209/2209 2210/2210 2338/2338
f 2209/2209 2338/2338 2337/2337
f 2210/2210 2211/2211 2339/2339
f 2210/2210 2339/2339 2338/2338
f 2211/2211 2212/2212 2340/2340
f 2211/2211 2340/2340 2339/2339
f 2212/2212 2213/2213 2341/2341
f 2212/2212 2341/2341 2340/2340
f 2213/2213 2214/2214 2342/2342
f 2213/2213 2342/2342 2341/2341
f 2214/2214 2215/2215 2343/2343
f 2214/2214 2343/2343 2342/2342
f 2215/2215 2216/2216 2344/2344
f 2215/2215 2344/2344 2343/2343
f 2216/2216 2217/2217 2345/2345
f 2216/2216 2345/2345 2344/2344
f 2217/2217 2218/2218 2346/2346
f 2217/2217 2346/2346 2345/2345
f 2218/2218 2219/2219 2347/2347
f 2218/2218 2347/2347 2346/2346
f 2219/2219 2220/2220 2348/2348
f 2219/2219 2348/2348 2347/2347
f 2220/2220 2221/2221 2349/2349
f 2220/2220 2349/2349 2348/2348
f 2221/2221 2222/2222 2350/2350
f 2221/2221 2350/2350 2349/2349
f 2222/2222 2223/2223 2351/2351
f 2222/2222 2351/2351 2350/2350
f 2223/2223 2224/2224 2352/2352
f 2223/2223 2352/2352 2351/2351
f 2224/2224 2225/2225 2353/2353
f 2224/2224 2353/2353 2352/2352
f 2225/2225 2226/2226 2354/2354
f 2225/2225 2354/2354 2353/2353
f 2226/2226 2227/2227 2355/2355
f 2226/2226 2355/2355 2354/2354
f 2227/2227 2228/2228 2356/2356
f 2227/2227 2356/2356 2355/2355
f 2228/2228 2229/2229 2357/2357
f 2228/2228 2357/2357 2356/2356
f 2229/2229 2230/2230 2358/2358
f 2229/2229 2358/2358 2357/2357
f 2230/2230 2231/2231 2359/2359
f 2230/2230 2359/2359 2358/2358
f 2231/2231 2232/2232 2360/2360
f 2231/2231 2360/2360 2359/2359
f 2232/2232 2233/2233 2361/2361
f 2232/2232 2361/2361 2360/2360
f 2233/2233 2234/2234 2362/2362
f 2233/2233 2362/2362 2361/2361
f 2234/2234 2235/2235 2363/2363
f 2234/2234 2363/2363 2362/2362
f 2235/2235 2236/2236 2364/2364
f 2235/2235 2364/2364 2363/2363
f 2236/2236 2237/2237 2365/2365
f 2236/2236 2365/2365 2364/2364
f 2237/2237 2238/2238 2366/2366
f 2237/2237 2366/2366 2365/2365
f 2238/2238 2239/2239 2367/2367
f 2238/2238 2367/2367 2366/2366
f 2239/2239 2240/2240 2368/2368
f 2239/2239 2368/2368 2367/2367
f 2240/2240 2241/2241 2369/2369
f 2240/2240 2369/2369 2368/2368
f 2241/2241 2242/2242 2370/2370
f 2241/2241 2370/2370 2369/2369
f 2242/2242 2243/2243 2371/2371
f 2242/2242 2371/2371 2370/2370
f 2243/2243 2244/2244 2372/2372
f 2243/2243 2372/2372 2371/2371
f 2244/2244 2245/2245 2373/2373
f 2244/2244 2373/2373 2372/2372
f 2245/2245 2246/2246 2374/2374
f 2245/2245 2374/2374 2373/2373
f 2246/2246 2247/2247 2375/2375
f 2246/2246 2375/2375 2374/2374
f 2247/2247 2248/2248 2376/2376
f 2247/2247 2376/2376 2375/2375
f 2248/2248 2249/2249 2377/2377
f 2248/2248 2377/2377 2376/2376
f 2249/2249 2250/2250 2378/2378
f 2249/2249 2378/2378 2377/2377
f 2250/2250 2251/2251 2379/2379
f 2250/2250 2379/2379 2378/2378
f 2251/2251 2252/2252 2380/2380
f 2251/2251 2380/2380 2379/2379
f 2252/2252 2253/2253 2381/2381
f 2252/2252 2381/2381 2380/2380
f 2253/2253 2254/2254 2382/2382
f 2253/2253 2382/2382 2381/2381
f 2254/2254 2255/2255 2383/2383
f 2254/2254 2383/2383 2382/2382
f 2255/2255 2256/2256 2384/2384
f 2255/2255 2384/2384 2383/2383
f 2256/2256 2257/2257 2385/2385
f 2256/2256 2385/2385 2384/2384
f 2257/2257 2258/2258 2386/2386
f 2257/2257 2386/2386 2385/2385
f 2258/2258 2259/2259 2387/2387
f 2258/2258 2387/2387 2386/2386
f 2259/2259 2260/2260 2388/2388
f 2259/2259 2388/2388 2387/2387
f 2260/2260 2261/2261 2389/2389
f 2260/2260 2389/2389 2388/2388
f 2261/2261 2262/2262 2390/2390
f 2261/2261 2390/2390 2389/2389
f 2262/2262 2263/2263 2391/2391
f 2262/2262 2391/2391 2390/2390
f 2263/2263 2264/2264 2392/2392
f 2263/2263 2392/2392 2391/2391
f 2264/2264 2265/2265 2393/2393
f 2264/2264 2393/2393 2392/2392
f 2265/2265 2266/2266 2394/2394
f 2265/2265 2394/2394 2393/2393
f 2266/2266 2267/2267 2395/2395
f 2266/2266 2395/2395 2394/2394
f 2267/2267 2268/2268 2396/2396
f 2267/2267 2396/2396 2395/2395
f 2268/2268 2269/2269 2397/2397
f 2268/2268 2397/2397 2396/2396
f 2269/2269 2270/2270 2398/2398
f 2269/2269 2398/2398 2397/2397
f 2270/2270 2271/2271 2399/2399
f 2270/2270 2399/2399 2398/2398
f 2271/2271 2272/2272 2400/2400
f 2271/2271 2400/2400 2399/2399
f 2272/2272 2273/2273 2401/2401
f 2272/2272 2401/2401 2400/2400
f 2273/2273 2274/2274 2402/2402
f 2273/2273 2402/2402 2401/2401
f 2274/2274 2275/2275 2403/2403
f 2274/2274 2403/2403 2402/2402
f 2275/2275 2276/2276 2404/2404
f 2275/2275 2404/2404 2403/2403
f 2276/2276 2277/2277 2405/2405
f 2276/2276 2405/2405 2404/2404
f 2277/2277 2278/2278 2406/2406
f 2277/2277 2406/2406 2405/2405
f 2278/2278 2279/2279 2407/2407
f 2278/2278 2407/2407 2406/2406
f 2279/2279 2280/2280 2408/2408
f 2279/2279 2408/2408 2407/2407
f 2280/2280 2281/2281 2409/2409
f 2280/2280 2409/2409 2408/2408
f 2281/2281 2282/2282 2410/2410
f 2281/2281 2410/2410 2409/2409
f 2282/2282 2283/2283 2411/2411
f 2282/2282 2411/2411 2410/2410
f 2283/2283 2284/2284 2412/2412
f 2283/2283 2412/2412 2411/2411
f 2284/2284 2285/2285 2413/2413
f 2284/2284 2413/2413 2412/2412
f 2285/2285 2286/2286 2414/2414
f 2285/2285 2414/2414 2413/2413
f 2286/2286 2287/2287 2415/2415
f 2286/2286 2415/2415 2414/2414
f 2287/2287 2288/2288 2416/2416
f 2287/2287 2416/2416 2415/2415
f 2288/2288 2289/2289 2417/2417
f 2288/2288 2417/2417 2416/2416
f 2289/2289 2290/2290 2418/2418
f 2289/2289 2418/2418 2417/2417
f 2290/2290 2291/2291 2419/2419
f 2290/2290 2419/2419 2418/2418
f 2291/2291 2292/2292 2420/2420
f 2291/2291 2420/2420 2419/2419
f 2292/2292 2293/2293 2421/2421
f 2292/2292 2421/2421 2420/2420
f 2293/2293 2294/2294 2422/2422
f 2293/2293 2422/2422 2421/2421
f 2294/2294 2295/2295 2423/2423
f 2294/2294 2423/2423 2422/2422
f 2295/2295 2296/2296 2424/2424
f 2295/2295 2424/2424 2423/2423
f 2296/2296 2297/2297 2425/2425
f 2296/2296 2425/2425 2424/2424
f 2297/2297 2298/2298 2426/2426
f 2297/2297 2426/2426 2425/2425
f 2298/2298 2299/2299 2427/2427
f 2298/2298 2427/2427 2426/2426
f 2299/2299 2300/2300 2428/2428
f 2299/2299 2428/2428 2427/2427
f 2300/2300 2301/2301 2429/2429
f 2300/2300 2429/2429 2428/2428
f 2301/2301 2302/2302 2430/2430
f 2301/2301 2430/2430 2429/2429
f 2302/2302 2303/2303 2431/2431
f 2302/2302 2431/2431 2430/2430
f 2303/2303 2304/2304 2432/2432
f 2303/2303 2432/2432 2431/2431
f 2305/2305 2306/2306 2434/2434
f 2305/2305 2434/2434 2433/2433
f 2306/2306 2307/2307 2435/2435
f 2306/2306 2435/2435 2434/2434
f 2307/2307 2308/2308 2436/2436
f 2307/2307 2436/2436 2435/2435
f 2308/2308 2309/2309 2437/2437
f 2308/2308 2437/2437 2436/2436
f 2309/2309 2310/2310 2438/2438
f 2309/2309 2438/2438 2437/2437
f 2310/2310 2311/2311 2439/2439
f 2310/2310 2439/2439 2438/2438
f 2311/2311 2312/2312 2440/2440
f 2311/2311 2440/2440 2439/2439
f 2312/2312 2313/2313 2441/2441
f 2312/2312 2441/2441 2440/2440
f 2313/2313 2314/2314 2442/2442
f 2313/2313 2442/2442 2441/2441
f 2314/2314 2315/2315 2443/2443
f 2314/2314 2443/2443 2442/2442
f 2315/2315 2316/2316 2444/2444
f 2315/2315 2444/2444 2443/2443
f 2316/2316 2317/2317 2445/2445
f 2316/2316 2445/2445 2444/2444
f 2317/2317 2318/2318 2446/2446
f 2317/2317 2446/2446 2445/2445
f 2318/2318 2319/2319 2447/2447
f 2318/2318 2447/2447 2446/2446
f 2319/2319 2320/2320 2448/2448
f 2319/2319 2448/2448 2447/2447
f 2320/2320 2321/2321 2449/2449
f 2320/2320 2449/2449 2448/2448
f 2321/2321 2322/2322 2450/2450
f 2321/2321 2450/2450 2449/2449
f 2322/2322 2323/2323 2451/2451
f 2322/2322 2451/2451 2450/2450
f 2323/2323 2324/2324 2452/2452
f 2323/2323 2452/2452 2451/2451
f 2324/2324 2325/2325 2453/2453
f 2324/2324 2453/2453 2452/2452
f 2325/2325 2326/2326 2454/2454
f 2325/2325 2454/2454 2453/2453
f 2326/2326 2327/2327 2455/2455
f 2326/2326 2455/2455 2454/2454
f 2327/2327 2328/2328 2456/2456
f 2327/2327 2456/2456 2455/2455
f 2328/2328 2329/2329 2457/2457
f 2328/2328 2457/2457 2456/2456
f 2329/2329 2330/2330 2458/2458
f 2329/2329 2458/2458 2457/2457
f 2330/2330 2331/2331 2459/2459
f 2330/2330 2459/2459 2458/2458
f 2331/2331 2332/2332 2460/2460
f 2331/2331 2460/2460 2459/2459
f 2332/2332 2333/2333 2461/2461
f 2332/2332 2461/2461 2460/2460
f 2333/2333 2334/2334 2462/2462
f 2333/2333 2462/2462 2461/2461
f 2334/2334 2335/2335 2463/2463
f 2334/2334 2463/2463 2462/2462
f 2335/2335 2336/2336 2464/2464
f 2335/2335 2464/2464 2463/2463
f 2336/2336 2337/2337 2465/2465
f 2336/2336 2465/2465 2464/2464
f 2337/2337 2338/2338 2466/2466
f 2337/2337 2466/2466 2465/2465
f 2338/2338 2339/2339 2467/2467
f 2338/2338 2467/2467 2466/2466
f 2339/2339 2340/2340 2468/2468
f 2339/2339 2468/2468 2467/2467
f 2340/2340 2341/2341 2469/2469
f 2340/2340 2469/2469 2468/2468
f 2341/2341 2342/2342 2470/2470
f 2341/2341 2470/2470 2469/2469
f 2342/2342 2343/2343 2471/2471
f 2342/2342 2471/2471 2470/2470
f 2343/2343 2344/2344 2472/2472
f 2343/2343 2472/2472 2471/2471
f 2344/2344 2345/2345 2473/2473
f 2344/2344 2473/2473 2472/2472
f 2345/2345 2346/2346 2474/2474
f 2345/2345 2474/2474 2473/2473
f 2346/2346 2347/2347 2475/2475
f 2346/2346 2475/2475 2474/2474
f 2347/2347 2348/2348 2476/2476
f 2347/2347 2476/2476 2475/2475
f 2348/2348 2349/2349 2477/2477
f 2348/2348 2477/2477 2476/2476
f 2349/2349 2350/2350 2478/2478
f 2349/2349 2478/2478 2477/2477
f 2350/2350 2351/2351 2479/2479
f 2350/2350 2479/2479 2478/2478
f 2351/2351 2352/2352 2480/2480
f 2351/2351 2480/2480 2479/2479
f 2352/2352 2353/2353 2481/2481
f 2352/2352 2481/2481 2480/2480
f 2353/2353 2354/2354 2482/2482
f 2353/2353 2482/2482 2481/2481
f 2354/2354 2355/2355 2483/2483
f 2354/2354 2483/2483 2482/2482
f 2355/2355 2356/2356 2484/2484
f 2355/2355 2484/2484 2483/2483
f 2356/2356 2357/2357 2485/2485
f 2356/2356 2485/2485 2484/2484
f 2357/2357 2358/2358 2486/2486
f 2357/2357 2486/2486 2485/2485
f 2358/2358 2359/2359 2487/2487
f 2358/2358 2487/2487 2486/2486
f 2359/2359 2360/2360 2488/2488
f 2359/2359 2488/2488 2487/2487
f 2360/2360 2361/2361 2489/2489
f 2360/2360 2489/2489 2488/2488
f 2361/2361 2362/2362 2490/2490
f 2361/2361 2490/2490 2489/2489
f 2362/2362 2363/2363 2491/2491
f 2362/2362 2491/2491 2490/2490
f 2363/2363 2364/2364 2492/2492
f 2363/2363 2492/2492 2491/2491
f 2364/2364 2365/2365 2493/2493
f 2364/2364 2493/2493 2492/2492
f 2365/2365 2366/2366 2494/2494
f 2365/2365 2494/2494 2493/2493
f 2366/2366 2367/2367 2495/2495
f 2366/2366 2495/2495 2494/2494
f 2367/2367 2368/2368 2496/2496
f 2367/2367 2496/2496 2495/2495
f 2368/2368 2369/2369 2497/2497
f 2368/2368 2497/2497 2496/2496
f 2369/2369 2370/2370 2498/2498
f 2369/2369 2498/2498 2497/2497
f 2370/2370 2371/2371 2499/2499
f 2370/2370 2499/2499 2498/2498
f 2371/2371 2372/2372 2500/2500
f 2371/2371 2500/2500 2499/2499
f 2372/2372 2373/2373 2501/2501
f 2372/2372 2501/2501 2500/2500
f 2373/2373 2374/2374 2502/2502
f 2373/2373 2502/2502 2501/2501
f 2374/2374 2375/2375 2503/2503
f 2374/2374 2503/2503 2502/2502
f 2375/2375 2376/2376 2504/2504
f 2375/2375 2504/2504 2503/2503
f 2376/2376 2377/2377 2505/2505
f 2376/2376 2505/2505 2504/2504
f 2377/2377 2378/2378 2506/2506
f 2377/2377 2506/2506 2505/2505
f 2378/2378 2379/2379 2507/2507
f 2378/2378 2507/2507 2506/2506
f 2379/2379 2380/2380 2508/2508
f 2379/2379 2508/2508 2507/2507
f 2380/2380 2381/2381 2509/2509
f 2380/2380 2509/2509 2508/2508
f 2381/2381 2382/2382 2510/2510
f 2381/2381 2510/2510 2509/2509
f 2382/2382 2383/2383 2511/2511
f 2382/2382 2511/2511 2510/2510
f 2383/2383 2384/2384 2512/2512
f 2383/2383 2512/2512 2511/2511
f 2384/2384 2385/2385 2513/2513
f 2384/2384 2513/2513 2512/2512
f 2385/2385 2386/2386 2514/2514
f 2385/2385 2514/2514 2513/2513
f 2386/2386 2387/2387 2515/2515
f 2386/2386 2515/2515 2514/2514
f 2387/2387 2388/2388 2516/2516
f 2387/2387 2516/2516 2515/2515
f 2388/2388 2389/2389 2517/2517
f 2388/2388 2517/2517 2516/2516
f 2389/2389 2390/2390 2518/2518
f 2389/2389 2518/2518 2517/2517
f 2390/2390 2391/2391 2519/2519
f 2390/2390 2519/2519 2518/2518
f 2391/2391 2392/2392 2520/2520
f 2391/2391 2520/2520 2519/2519
f 2392/2392 2393/2393 2521/2521
f 2392/2392 2521/2521 2520/2520
f 2393/2393 2394/2394 2522/2522
f 2393/2393 2522/2522 2521/2521
f 2394/2394 2395/2395 2523/2523
f 2394/2394 2523/2523 2522/2522
f 2395/2395 2396/2396 2524/2524
f 2395/2395 2524/2524 2523/2523
f 2396/2396 2397/2397 2525/2525
f 2396/2396 2525/2525 2524/2524
f 2397/2397 2398/2398 2526/2526
f 2397/2397 2526/2526 2525/2525
f 2398/2398 2399/2399 2527/2527
f 2398/2398 2527/2527 2526/2526
f 2399/2399 2400/2400 2528/2528
f 2399/2399 2528/2528 2527/2527
f 2400/2400 2401/2401 2529/2529
f 2400/2400 2529/2529 2528/2528
f 2401/2401 2402/2402 2530/2530
f 2401/2401 2530/2530 2529/2529
f 2402/2402 2403/2403 2531/2531
f 2402/2402 2531/2531 2530/2530
f 2403/2403 2404/2404 2532/2532
f 2403/2403 2532/2532 2531/2531
f 2404/2404 2405/2405 2533/2533
f 2404/2404 2533/2533 2532/2532
f 2405/2405 2406/2406 2534/2534
f 2405/2405 2534/2534 2533/2533
f 2406/2406 2407/2407 2535/2535
f 2406/2406 2535/2535 2534/2534
f 2407/2407 2408/2408 2536/2536
f 2407/2407 2536/2536 2535/2535
f 2408/2408 2409/2409 2537/2537
f 2408/2408 2537/2537 2536/2536
f 2409/2409 2410/2410 2538/2538
f 2409/2409 2538/2538 2537/2537
f 2410/2410 2411/2411 2539/2539
f 2410/2410 2539/2539 2538/2538
f 2411/2411 2412/2412 2540/2540
f 2411/2411 2540/2540 2539/2539
f 2412/2412 2413/2413 2541/2541
f 2412/2412 2541/2541 2540/2540
f 2413/2413 2414/2414 2542/2542
f 2413/2413 2542/2542 2541/2541
f 2414/2414 2415/2415 2543/2543
f 2414/2414 2543/2543 2542/2542
f 2415/2415 2416/2416 2544/2544
f 2415/2415 2544/2544 2543/2543
f 2416/2416 2417/2417 2545/2545
f 2416/2416 2545/2545 2544/2544
f 2417/2417 2418/2418 2546/2546
f 2417/2417 2546/2546 2545/2545
f 2418/2418 2419/2419 2547/2547
f 2418/2418 2547/2547 2546/2546
f 2419/2419 2420/2420 2548/2548
f 2419/2419 2548/2548 2547/2547
f 2420/2420 2421/2421 2549/2549
f 2420/2420 2549/2549 2548/2548
f 2421/2421 2422/2422 2550/2550
f 2421/2421 2550/2550 2549/2549
f 2422/2422 2423/2423 2551/2551
f 2422/2422 2551/2551 2550/2550
f 2423/2423 2424/2424 2552/2552
f 2423/2423 2552/2552 2551/2551
f 2424/2424 2425/2425 2553/2553
f 2424/2424 2553/2553 2552/2552
f 2425/2425 2426/2426 2554/2554
f 2425/2425 2554/2554 2553/2553
f 2426/2426 2427/2427 2555/2555
f 2426/2426 2555/2555 2554/2554
f 2427/2427 2428/2428 2556/2556
f 2427/2427 2556/2556 2555/2555
f 2428/2428 2429/2429 2557/2557
f 2428/2428 2557/2557 2556/2556
f 2429/2429 2430/2430 2558/2558
f 2429/2429 2558/2558 2557/2557
f 2430/2430 2431/2431 2559/2559
f 2430/2430 2559/2559 2558/2558
f 2431/2431 2432/2432 2560/2560
f 2431/2431 2560/2560 2559/2559
f 2433/2433 2434/2434 2562/2562
f 2433/2433 2562/2562 2561/2561
f 2434/2434 2435/2435 2563/2563
f 2434/2434 2563/2563 2562/2562
f 2435/2435 2436/2436 2564/2564
f 2435/2435 2564/2564 2563/2563
f 2436/2436 2437/2437 2565/2565
f 2436/2436 2565/2565 2564/2564
f 2437/2437 2438/2438 2566/2566
f 2437/2437 2566/2566 2565/2565
f 2438/2438 2439/2439 2567/2567
f 2438/2438 2567/2567 2566/2566
f 2439/2439 2440/2440 2568/2568
f 2439/2439 2568/2568 2567/2567
f 2440/2440 2441/2441 2569/2569
f 2440/2440 2569/2569 2568/2568
f 2441/2441 2442/2442 2570/2570
f 2441/2441 2570/2570 2569/2569
f 2442/2442 2443/2443 2571/2571
f 2442/2442 2571/2571 2570/2570
f 2443/2443 2444/2444 2572/2572
f 2443/2443 2572/2572 2571/2571
f 2444/2444 2445/2445 2573/2573
f 2444/2444 2573/2573 2572/2572
f 2445/2445 2446/2446 2574/2574
f 2445/2445 2574/2574 2573/2573
f 2446/2446 2447/2447 2575/2575
f 2446/2446 2575/2575 2574/2574
f 2447/2447 2448/2448 2576/2576
f 2447/2447 2576/2576 2575/2575
f 2448/2448 2449/2449 2577/2577
f 2448/2448 2577/2577 2576/2576
f 2449/2449 2450/2450 2578/2578
f 2449/2449 2578/2578 2577/2577
f 2450/2450 2451/2451 2579/2579
f 2450/2450 2579/2579 2578/2578
f 2451/2451 2452/2452 2580/2580
f 2451/2451 2580/2580 2579/2579
f 2452/2452 2453/2453 2581/2581
f 2452/2452 2581/2581 2580/2580
f 2453/2453 2454/2454 2582/2582
f 2453/2453 2582/2582 2581/2581
f 2454/2454 2455/2455 2583/2583
f 2454/2454 2583/2583 2582/2582
f 2455/2455 2456/2456 2584/2584
f 2455/2455 2584/2584 2583/2583
f 2456/2456 2457/2457 2585/2585
f 2456/2456 2585/2585 2584/2584
f 2457/2457 2458/2458 2586/2586
f 2457/2457 2586/2586 2585/2585
f 2458/2458 2459/2459 2587/2587
f 2458/2458 2587/2587 2586/2586
f 2459/2459 2460/2460 2588/2588
f 2459/2459 2588/2588 2587/2587
f 2460/2460 2461/2461 2589/2589
f 2460/2460 2589/2589 2588/2588
f 2461/2461 2462/2462 2590/2590
f 2461/2461 2590/2590 2589/2589
f 2462/2462 2463/2463 2591/2591
f 2462/2462 2591/2591 2590/2590
f 2463/2463 2464/2464 2592/2592
f 2463/2463 2592/2592 2591/2591
f 2464/2464 2465/2465 2593/2593
f 2464/2464 2593/2593 2592/2592
f 2465/2465 2466/2466 2594/2594
f 2465/2465 2594/2594 2593/2593
f 2466/2466 2467/2467 2595/2595
f 2466/2466 2595/2595 2594/2594
f 2467/2467 2468/2468 2596/2596
f 2467/2467 2596/2596 2595/2595
f 2468/2468 2469/2469 2597/2597
f 2468/2468 2597/2597 2596/2596
f 2469/2469 2470/2470 2598/2598
f 2469/2469 2598/2598 2597/2597
f 2470/2470 2471/2471 2599/2599
f 2470/2470 2599/2599 2598/2598
f 2471/2471 2472/2472 2600/2600
f 2471/2471 2600/2600 2599/2599
f 2472/2472 2473/2473 2601/2601
f 2472/2472 2601/2601 2600/2600
f 2473/2473 2474/2474 2602/2602
f 2473/2473 2602/2602 2601/2601
f 2474/2474 2475/2475 2603/2603
f 2474/2474 2603/2603 2602/2602
f 2475/2475 2476/2476 2604/2604
f 2475/2475 2604/2604 2603/2603
f 2476/2476 2477/2477 2605/2605
f 2476/2476 2605/2605 2604/2604
f 2477/2477 2478/2478 2606/2606
f 2477/2477 2606/2606 2605/2605
f 2478/2478 2479/2479 2607/2607
f 2478/2478 2607/2607 2606/2606
f 2479/2479 2480/2480 2608/2608
f 2479/2479 2608/2608 2607/2607
f 2480/2480 2481/2481 2609/2609
f 2480/2480 2609/2609 2608/2608
f 2481/2481 2482/2482 2610/2610
f 2481/2481 2610/2610 2609/2609
f 2482/2482 2483/2483 2611/2611
f 2482/2482 2611/2611 2610/2610
f 2483/2483 2484/2484 2612/2612
f 2483/2483 2612/2612 2611/2611
f 2484/2484 2485/2485 2613/2613
f 2484/2484 2613/2613 2612/2612
f 2485/2485 2486/2486 2614/2614
f 2485/2485 2614/2614 2613/2613
f 2486/2486 2487/2487 2615/2615
f 2486/2486 2615/2615 2614/2614
f 2487/2487 2488/2488 2616/2616
f 2487/2487 2616/2616 2615/2615
f 2488/2488 2489/2489 2617/2617
f 2488/2488 2617/2617 2616/2616
f 2489/2489 2490/2490 2618/2618
f 2489/2489 2618/2618 2617/2617
f 2490/2490 2491/2491 2619/2619
f 2490/2490 2619/2619 2618/2618
f 2491/2491 2492/2492 2620/2620
f 2491/2491 2620/2620 2619/2619
f 2492/2492 2493/2493 2621/2621
f 2492/2492 2621/2621 2620/2620
f 2493/2493 2494/2494 2622/2622
f 2493/2493 2622/2622 2621/2621
f 2494/2494 2495/2495 2623/2623
f 2494/2494 2623/2623 2622/2622
f 2495/2495 2496/2496 2624/2624
f 2495/2495 2624/2624 2623/2623
f 2496/2496 2497/2497 2625/2625
f 2496/2496 2625/2625 2624/2624
f 2497/2497 2498/2498 2626/2626
f 2497/2497 2626/2626 2625/2625
f 2498/2498 2499/2499 2627/2627
f 2498/2498 2627/2627 2626/2626
f 2499/2499 2500/2500 2628/2628
f 2499/2499 2628/2628 2627/2627
f 2500/2500 2501/2501 2629/2629
f 2500/2500 2629/2629 2628/2628
f 2501/2501 2502/2502 2630/2630
f 2501/2501 2630/2630 2629/2629
f 2502/2502 2503/2503 2631/2631
f 2502/2502 2631/2631 2630/2630
f 2503/2503 2504/2504 2632/2632
f 2503/2503 2632/2632 2631/2631
f 2504/2504 2505/2505 2633/2633
f 2504/2504 2633/2633 2632/2632
f 2505/2505 2506/2506 2634/2634
f 2505/2505 2634/2634 2633/2633
f 2506/2506 2507/2507 2635/2635
f 2506/2506 2635/2635 2634/2634
f 2507/2507 2508/2508 2636/2636
f 2507/2507 2636/2636 2635/2635
f 2508/2508 2509/2509 2637/2637
f 2508/2508 2637/2637 2636/2636
f 2509/2509 2510/2510 2638/2638
f 2509/2509 2638/2638 2637/2637
f 2510/2510 2511/2511 2639/2639
f 2510/2510 2639/2639 2638/2638
f 2511/2511 2512/2512 2640/2640
f 2511/2511 2640/2640 2639/2639
f 2512/2512 2513/2513 2641/2641
f 2512/2512 2641/2641 2640/2640
f 2513/2513 2514/2514 2642/2642
f 2513/2513 2642/2642 2641/2641
f 2514/2514 2515/2515 2643/2643
f 2514/2514 2643/2643 2642/2642
f 2515/2515 2516/2516 2644/2644
f 2515/2515 2644/2644 2643/2643
f 2516/2516 2517/2517 2645/2645
f 2516/2516 2645/2645 2644/2644
f 2517/2517 2518/2518 2646/2646
f 2517/2517 2646/2646 2645/2645
f 2518/2518 2519/2519 2647/2647
f 2518/2518 2647/2647 2646/2646
f 2519/2519 2520/2520 2648/2648
f 2519/2519 2648/2648 2647/2647
f 2520/2520 2521/2521 2649/2649
f 2520/2520 2649/2649 2648/2648
f 2521/2521 2522/2522 2650/2650
f 2521/2521 2650/2650 2649/2649
f 2522/2522 2523/2523 2651/2651
f 2522/2522 2651/2651 2650/2650
f 2523/2523 2524/2524 2652/2652
f 2523/2523 2652/2652 2651/2651
f 2524/2524 2525/2525 2653/2653
f 2524/2524 2653/2653 2652/2652
f 2525/2525 2526/2526 2654/2654
f 2525/2525 2654/2654 2653/2653
f 2526/2526 2527/2527 2655/2655
f 2526/2526 2655/2655 2654/2654
f 2527/2527 2528/2528 2656/2656
f 2527/2527 2656/2656 2655/2655
f 2528/2528 2529/2529 2657/2657
f 2528/2528 2657/2657 2656/2656
f 2529/2529 2530/2530 2658/2658
f 2529/2529 2658/2658 2657/2657
f 2530/2530 2531/2531 2659/2659
f 2530/2530 2659/2659 2658/2658
f 2531/2531 2532/2532 2660/2660
f 2531/2531 2660/2660 2659/2659
f 2532/2532 2533/2533 2661/2661
f 2532/2532 2661/2661 2660/2660
f 2533/2533 2534/2534 2662/2662
f 2533/2533 2662/2662 2661/2661
f 2534/2534 2535/2535 2663/2663
f 2534/2534 2663/2663 2662/2662
f 2535/2535 2536/2536 2664/2664
f 2535/2535 2664/2664 2663/2663
f 2536/2536 2537/2537 2665/2665
f 2536/2536 2665/2665 2664/2664
f 2537/2537 2538/2538 2666/2666
f 2537/2537 2666/2666 2665/2665
f 2538/2538 2539/2539 2667/2667
f 2538/2538 2667/2667 2666/2666
f 2539/2539 2540/2540 2668/2668
f 2539/2539 2668/2668 2667/2667
f 2540/2540 2541/2541 2669/2669
f 2540/2540 2669/2669 2668/2668
f 2541/2541 2542/2542 2670/2670
f 2541/2541 2670/2670 2669/2669
f 2542/2542 2543/2543 2671/2671
f 2542/2542 2671/2671 2670/2670
f 2543/2543 2544/2544 2672/2672
f 2543/2543 2672/2672 2671/2671
f 2544/2544 2545/2545 2673/2673
f 2544/2544 2673/2673 2672/2672
f 2545/2545 2546/2546 2674/2674
f 2545/2545 2674/2674 2673/2673
f 2546/2546 2547/2547 2675/2675
f 2546/2546 2675/2675 2674/2674
f 2547/2547 2548/2548 2676/2676
f 2547/2547 2676/2676 2675/2675
f 2548/2548 2549/2549 2677/2677
f 2548/2548 2677/2677 2676/2676
f 2549/2549 2550/2550 2678/2678
f 2549/2549 2678/2678 2677/2677
f 2550/2550 2551/2551 2679/2679
f 2550/2550 2679/2679 2678/2678
f 2551/2551 2552/2552 2680/2680
f 2551/2551 2680/2680 2679/2679
f 2552/2552 2553/2553 2681/2681
f 2552/2552 2681/2681 2680/2680
f 2553/2553 2554/2554 2682/2682
f 2553/2553 2682/2682 2681/2681
f 2554/2554 2555/2555 2683/2683
f 2554/2554 2683/2683 2682/2682
f 2555/2555 2556/2556 2684/2684
f 2555/2555 2684/2684 2683/2683
f 2556/2556 2557/2557 2685/2685
f 2556/2556 2685/2685 2684/2684
f 2557/2557 2558/2558 2686/2686
f 2557/2557 2686/2686 2685/2685
f 2558/2558 2559/2559 2687/2687
f 2558/2558 2687/2687 2686/2686
f 2559/2559 2560/2560 2688/2688
f 2559/2559 2688/2688 2687/2687
f 2561/2561 2562/2562 2690/2690
f 2561/2561 2690/2690 2689/2689
f 2562/2562 2563/2563 2691/2691
f 2562/2562 2691/2691 2690/2690
f 2563/2563 2564/2564 2692/2692
f 2563/2563 2692/2692 2691/2691
f 2564/2564 2565/2565 2693/2693
f 2564/2564 2693/2693 2692/2692
f 2565/2565 2566/2566 2694/2694
f 2565/2565 2694/2694 2693/2693
f 2566/2566 2567/2567 2695/2695
f 2566/2566 2695/2695 2694/2694
f 2567/2567 2568/2568 2696/2696
f 2567/2567 2696/2696 2695/2695
f 2568/2568 2569/2569 2697/2697
f 2568/2568 2697/2697 2696/2696
f 2569/2569 2570/2570 2698/2698
f 2569/2569 2698/2698 2697/2697
f 2570/2570 2571/2571 2699/2699
f 2570/2570 2699/2699 2698/2698
f 2571/2571 2572/2572 2700/2700
f 2571/2571 2700/2700 2699/2699
f 2572/2572 2573/2573 2701/2701
f 2572/2572 2701/2701 2700/2700
f 2573/2573 2574/2574 2702/2702
f 2573/2573 2702/2702 2701/2701
f 2574/2574 2575/2575 2703/2703
f 2574/2574 2703/2703 2702/2702
f 2575/2575 2576/2576 2704/2704
f 2575/2575 2704/2704 2703/2703
f 2576/2576 2577/2577 2705/2705
f 2576/2576 2705/2705 2704/2704
f 2577/2577 2578/2578 2706/2706
f 2577/2577 2706/2706 2705/2705
f 2578/2578 2579/2579 2707/2707
f 2578/2578 2707/2707 2706/2706
f 2579/2579 2580/2580 2708/2708
f 2579/2579 2708/2708 2707/2707
f 2580/2580 2581/2581 2709/2709
f 2580/2580 2709/2709 2708/2708
f 2581/2581 2582/2582 2710/2710
f 2581/2581 2710/2710 2709/2709
f 2582/2582 2583/2583 2711/2711
f 2582/2582 2711/2711 2710/2710
f 2583/2583 2584/2584 2712/2712
f 2583/2583 2712/2712 2711/2711
f 2584/2584 2585/2585 2713/2713
f 2584/2584 2713/2713 2712/2712
f 2585/2585 2586/2586 2714/2714
f 2585/2585 2714/2714 2713/2713
f 2586/2586 2587/2587 2715/2715
f 2586/2586 2715/2715 2714/2714
f 2587/2587 2588/2588 2716/2716
f 2587/2587 2716/2716 2715/2715
f 2588/2588 2589/2589 2717/2717
f 2588/2588 2717/2717 2716/2716
f 2589/2589 2590/2590 2718/2718
f 2589/2589 2718/2718 2717/2717
f 2590/2590 2591/2591 2719/2719
f 2590/2590 2719/2719 2718/2718
f 2591/2591 2592/2592 2720/2720
f 2591/2591 2720/2720 2719/2719
f 2592/2592 2593/2593 2721/2721
f 2592/2592 2721/2721 2720/2720
f 2593/2593 2594/2594 2722/2722
f 2593/2593 2722/2722 2721/2721
f 2594/2594 2595/2595 2723/2723
f 2594/2594 2723/2723 2722/2722
f 2595/2595 2596/2596 2724/2724
f 2595/2595 2724/2724 2723/2723
f 2596/2596 2597/2597 2725/2725
f 2596/2596 2725/2725 2724/2724
f 2597/2597 2598/2598 2726/2726
f 2597/2597 2726/2726 2725/2725
f 2598/2598 2599/2599 2727/2727
f 2598/2598 2727/2727 2726/2726
f 2599/2599 2600/2600 2728/2728
f 2599/2599 2728/2728 2727/2727
f 2600/2600 2601/2601 2729/2729
f 2600/2600 2729/2729 2728/2728
f 2601/2601 2602/2602 2730/2730
f 2601/2601 2730/2730 2729/2729
f 2602/2602 2603/2603 2731/2731
f 2602/2602 2731/2731 2730/2730
f 2603/2603 2604/2604 2732/2732
f 2603/2603 2732/2732 2731/2731
f 2604/2604 2605/2605 2733/2733
f 2604/2604 2733/2733 2732/2732
f 2605/2605 2606/2606 2734/2734
f 2605/2605 2734/2734 2733/2733
f 2606/2606 2607/2607 2735/2735
f 2606/2606 2735/2735 2734/2734
f 2607/2607 2608/2608 2736/2736
f 2607/2607 2736/2736 2735/2735
f 2608/2608 2609/2609 2737/2737
f 2608/2608 2737/2737 2736/2736
f 2609/2609 2610/2610 2738/2738
f 2609/2609 2738/2738 2737/2737
f 2610/2610 2611/2611 2739/2739
f 2610/2610 2739/2739 2738/2738
f 2611/2611 2612/2612 2740/2740
f 2611/2611 2740/2740 2739/2739
f 2612/2612 2613/2613 2741/2741
f 2612/2612 2741/2741 2740/2740
f 2613/2613 2614/2614 2742/2742
f 2613/2613 2742/2742 2741/2741
f 2614/2614 2615/2615 2743/2743
f 2614/2614 2743/2743 2742/2742
f 2615/2615 2616/2616 2744/2744
f 2615/2615 2744/2744 2743/2743
f 2616/2616 2617/2617 2745/2745
f 2616/2616 2745/2745 2744/2744
f 2617/2617 2618/2618 2746/2746
f 2617/2617 2746/2746 2745/2745
f 2618/2618 2619/2619 2747/2747
f 2618/2618 2747/2747 2746/2746
f 2619/2619 2620/2620 2748/2748
f 2619/2619 2748/2748 2747/2747
f 2620/2620 2621/2621 2749/2749
f 2620/2620 2749/2749 2748/2748
f 2621/2621 2622/2622 2750/2750
f 2621/2621 2750/2750 2749/2749
f 2622/2622 2623/2623 2751/2751
f 2622/2622 2751/2751 2750/2750
f 2623/2623 2624/2624 2752/2752
f 2623/2623 2752/2752 2751/2751
f 2624/2624 2625/2625 2753/2753
f 2624/2624 2753/2753 2752/2752
f 2625/2625 2626/2626 2754/2754
f 2625/2625 2754/2754 2753/2753
f 2626/2626 2627/2627 2755/2755
f 2626/2626 2755/2755 2754/2754
f 2627/2627 2628/2628 2756/2756
f 2627/2627 2756/2756 2755/2755
f 2628/2628 2629/2629 2757/2757
f 2628/2628 2757/2757 2756/2756
f 2629/2629 2630/2630 2758/2758
f 2629/2629 2758/2758 2757/2757
f 2630/2630 2631/2631 2759/2759
f 2630/2630 2759/2759 2758/2758
f 2631/2631 2632/2632 2760/2760
f 2631/2631 2760/2760 2759/2759
f 2632/2632 2633/2633 2761/2761
f 2632/2632 2761/2761 2760/2760
f 2633/2633 2634/2634 2762/2762
f 2633/2633 2762/2762 2761/2761
f 2634/2634 2635/2635 2763/2763
f 2634/2634 2763/2763 2762/2762
f 2635/2635 2636/2636 2764/2764
f 2635/2635 2764/2764 2763/2763
f 2636/2636 2637/2637 2765/2765
f 2636/2636 2765/2765 2764/2764
f 2637/2637 2638/2638 2766/2766
f 2637/2637 2766/2766 2765/2765
f 2638/2638 2639/2639 2767/2767
f 2638/2638 2767/2767 2766/2766
f 2639/2639 2640/2640 2768/2768
f 2639/2639 2768/2768 2767/2767
f 2640/2640 2641/2641 2769/2769
f 2640/2640 2769/2769 2768/2768
f 2641/2641 2642/2642 2770/2770
f 2641/2641 2770/2770 2769/2769
f 2642/2642 2643/2643 2771/2771
f 2642/2642 2771/2771 2770/2770
f 2643/2643 2644/2644 2772/2772
f 2643/2643 2772/2772 2771/2771
f 2644/2644 2645/2645 2773/2773
f 2644/2644 2773/2773 2772/2772
f 2645/2645 2646/2646 2774/2774
f 2645/2645 2774/2774 2773/2773
f 2646/2646 2647/2647 2775/2775
f 2646/2646 2775/2775 2774/2774
f 2647/2647 2648/2648 2776/2776
f 2647/2647 2776/2776 2775/2775
f 2648/2648 2649/2649 2777/2777
f 2648/2648 2777/2777 2776/2776
f 2649/2649 2650/2650 2778/2778
f 2649/2649 2778/2778 2777/2777
f 2650/2650 2651/2651 2779/2779
f 2650/2650 2779/2779 2778/2778
f 2651/2651 2652/2652 2780/2780
f 2651/2651 2780/2780 2779/2779
f 2652/2652 2653/2653 2781/2781
f 2652/2652 2781/2781 2780/2780
f 2653/2653 2654/2654 2782/2782
f 2653/2653 2782/2782 2781/2781
f 2654/2654 2655/2655 2783/2783
f 2654/2654 2783/2783 2782/2782
f 2655/2655 2656/2656 2784/2784
f 2655/2655 2784/2784 2783/2783
f 2656/2656 2657/2657 2785/2785
f 2656/2656 2785/2785 2784/2784
f 2657/2657 2658/2658 2786/2786
f 2657/2657 2786/2786 2785/2785
f 2658/2658 2659/2659 2787/2787
f 2658/2658 2787/2787 2786/2786
f 2659/2659 2660/2660 2788/2788
f 2659/2659 2788/2788 2787/2787
f 2660/2660 2661/2661 2789/2789
f 2660/2660 2789/2789 2788/2788
f 2661/2661 2662/2662 2790/2790
f 2661/2661 2790/2790 2789/2789
f 2662/2662 2663/2663 2791/2791
f 2662/2662 2791/2791 2790/2790
f 2663/2663 2664/2664 2792/2792
f 2663/2663 2792/2792 2791/2791
f 2664/2664 2665/2665 2793/2793
f 2664/2664 2793/2793 2792/2792
f 2665/2665 2666/2666 2794/2794
f 2665/2665 2794/2794 2793/2793
f 2666/2666 2667/2667 2795/2795
f 2666/2666 2795/2795 2794/2794
f 2667/2667 2668/2668 2796/2796
f 2667/2667 2796/2796 2795/2795
f 2668/2668 2669/2669 2797/2797
f 2668/2668 2797/2797 2796/2796
f 2669/2669 2670/2670 2798/2798
f 2669/2669 2798/2798 2797/2797
f 2670/2670 2671/2671 2799/2799
f 2670/2670 2799/2799 2798/2798
f 2671/2671 2672/2672 2800/2800
f 2671/2671 2800/2800 2799/2799
f 2672/2672 2673/2673 2801/2801
f 2672/2672 2801/2801 2800/2800
f 2673/2673 2674/2674 2802/2802
f 2673/2673 2802/2802 2801/2801
f 2674/2674 2675/2675 2803/2803
f 2674/2674 2803/2803 2802/2802
f 2675/2675 2676/2676 2804/2804
f 2675/2675 2804/2804 2803/2803
f 2676/2676 2677/2677 2805/2805
f 2676/2676 2805/2805 2804/2804
f 2677/2677 2678/2678 2806/2806
f 2677/2677 2806/2806 2805/2805
f 2678/2678 2679/2679 2807/2807
f 2678/2678 2807/2807 2806/2806
f 2679/2679 2680/2680 2808/2808
f 2679/2679 2808/2808 2807/2807
f 2680/2680 2681/2681 2809/2809
f 2680/2680 2809/2809 2808/2808
f 2681/2681 2682/2682 2810/2810
f 2681/2681 2810/2810 2809/2809
f 2682/2682 2683/2683 2811/2811
f 2682/2682 2811/2811 2810/2810
f 2683/2683 2684/2684 2812/2812
f 2683/2683 2812/2812 2811/2811
f 2684/2684 2685/2685 2813/2813
f 2684/2684 2813/2813 2812/2812
f 2685/2685 2686/2686 2814/2814
f 2685/2685 2814/2814 2813/2813
f 2686/2686 2687/2687 2815/2815
f 2686/2686 2815/2815 2814/2814
f 2687/2687 2688/2688 2816/2816
f 2687/2687 2816/2816 2815/2815
f 2689/2689 2690/2690 2818/2818
f 2689/2689 2818/2818 2817/2817
f 2690/2690 2691/2691 2819/2819
f 2690/2690 2819/2819 2818/2818
f 2691/2691 2692/2692 2820/2820
f 2691/2691 2820/2820 2819/2819
f 2692/2692 2693/2693 2821/2821
f 2692/2692 2821/2821 2820/2820
f 2693/2693 2694/2694 2822/2822
f 2693/2693 2822/2822 2821/2821
f 2694/2694 2695/2695 2823/2823
f 2694/2694 2823/2823 2822/2822
f 2695/2695 2696/2696 2824/2824
f 2695/2695 2824/2824 2823/2823
f 2696/2696 2697/2697 2825/2825
f 2696/2696 2825/2825 2824/2824
f 2697/2697 2698/2698 2826/2826
f 2697/2697 2826/2826 2825/2825
f 2698/2698 2699/2699 2827/2827
f 2698/2698 2827/2827 2826/2826
f 2699/2699 2700/2700 2828/2828
f 2699/2699 2828/2828 2827/2827
f 2700/2700 2701/2701 2829/2829
f 2700/2700 2829/2829 2828/2828
f 2701/2701 2702/2702 2830/2830
f 2701/2701 2830/2830 2829/2829
f 2702/2702 2703/2703 2831/2831
f 2702/2702 2831/2831 2830/2830
f 2703/2703 2704/2704 2832/2832
f 2703/2703 2832/2832 2831/2831
f 2704/2704 2705/2705 2833/2833
f 2704/2704 2833/2833 2832/2832
f 2705/2705 2706/2706 2834/2834
f 2705/2705 2834/2834 2833/2833
f 2706/2706 2707/2707 2835/2835
f 2706/2706 2835/2835 2834/2834
f 2707/2707 2708/2708 2836/2836
f 2707/2707 2836/2836 2835/2835
f 2708/2708 2709/2709 2837/2837
f 2708/2708 2837/2837 2836/2836
f 2709/2709 2710/2710 2838/2838
f 2709/2709 2838/2838 2837/2837
f 2710/2710 2711/2711 2839/2839
f 2710/2710 2839/2839 2838/2838
f 2711/2711 2712/2712 2840/2840
f 2711/2711 2840/2840 2839/2839
f 2712/2712 2713/2713 2841/2841
f 2712/2712 2841/2841 2840/2840
f 2713/2713 2714/2714 2842/2842
f 2713/2713 2842/2842 2841/2841
f 2714/2714 2715/2715 2843/2843
f 2714/2714 2843/2843 2842/2842
f 2715/2715 2716/2716 2844/2844
f 2715/2715 2844/2844 2843/2843
f 2716/2716 2717/2717 2845/2845
f 2716/2716 2845/2845 2844/2844
f 2717/2717 2718/2718 2846/2846
f 2717/2717 2846/2846 2845/2845
f 2718/2718 2719/2719 2847/2847
f 2718/2718 2847/2847 2846/2846
f 2719/2719 2720/2720 2848/2848
f 2719/2719 2848/2848 2847/2847
f 2720/2720 2721/2721 2849/2849
f 2720/2720 2849/2849 2848/2848
f 2721/2721 2722/2722 2850/2850
f 2721/2721 2850/2850 2849/2849
f 2722/2722 2723/2723 2851/2851
f 2722/2722 2851/2851 2850/2850
f 2723/2723 2724/2724 2852/2852
f 2723/2723 2852/2852 2851/2851
f 2724/2724 2725/2725 2853/2853
f 2724/2724 2853/2853 2852/2852
f 2725/2725 2726/2726 2854/2854
f 2725/2725 2854/2854 2853/2853
f 2726/2726 2727/2727 2855/2855
f 2726/2726 2855/2855 2854/2854
f 2727/2727 2728/2728 2856/2856
f 2727/2727 2856/2856 2855/2855
f 2728/2728 2729/2729 2857/2857
f 2728/2728 2857/2857 2856/2856
f 2729/2729 2730/2730 2858/2858
f 2729/2729 2858/2858 2857/2857
f 2730/2730 2731/2731 2859/2859
f 2730/2730 2859/2859 2858/2858
f 2731/2731 2732/2732 2860/2860
f 2731/2731 2860/2860 2859/2859
f 2732/2732 2733/2733 2861/2861
f 2732/2732 2861/2861 2860/2860
f 2733/2733 2734/2734 2862/2862
f 2733/2733 2862/2862 2861/2861
f 2734/2734 2735/2735 2863/2863
f 2734/2734 2863/2863 2862/2862
f 2735/2735 2736/2736 2864/2864
f 2735/2735 2864/2864 2863/2863
f 2736/2736 2737/2737 2865/2865
f 2736/2736 2865/2865 2864/2864
f 2737/2737 2738/2738 2866/2866
f 2737/2737 2866/2866 2865/2865
f 2738/2738 2739/2739 2867/2867
f 2738/2738 2867/2867 2866/2866
f 2739/2739 2740/2740 2868/2868
f 2739/2739 2868/2868 2867/2867
f 2740/2740 2741/2741 2869/2869
f 2740/2740 2869/2869 2868/2868
f 2741/2741 2742/2742 2870/2870
f 2741/2741 2870/2870 2869/2869
f 2742/2742 2743/2743 2871/2871
f 2742/2742 2871/2871 2870/2870
f 2743/2743 2744/2744 2872/2872
f 2743/2743 2872/2872 2871/2871
f 2744/2744 2745/2745 2873/2873
f 2744/2744 2873/2873 2872/2872
f 2745/2745 2746/2746 2874/2874
f 2745/2745 2874/2874 2873/2873
f 2746/2746 2747/2747 2875/2875
f 2746/2746 2875/2875 2874/2874
f 2747/2747 2748/2748 2876/2876
f 2747/2747 2876/2876 2875/2875
f 2748/2748 2749/2749 2877/2877
f 2748/2748 2877/2877 2876/2876
f 2749/2749 2750/2750 2878/2878
f 2749/2749 2878/2878 2877/2877
f 2750/2750 2751/2751 2879/2879
f 2750/2750 2879/2879 2878/2878
f 2751/2751 2752/2752 2880/2880
f 2751/2751 2880/2880 2879/2879
f 2752/2752 2753/2753 2881/2881
f 2752/2752 2881/2881 2880/2880
f 2753/2753 2754/2754 2882/2882
f 2753/2753 2882/2882 2881/2881
f 2754/2754 2755/2755 2883/2883
f 2754/2754 2883/2883 2882/2882
f 2755/2755 2756/2756 2884/2884
f 2755/2755 2884/2884 2883/2883
f 2756/2756 2757/2757 2885/2885
f 2756/2756 2885/2885 2884/2884
f 2757/2757 2758/2758 2886/2886
f 2757/2757 2886/2886 2885/2885
f 2758/2758 2759/2759 2887/2887
f 2758/2758 2887/2887 2886/2886
f 2759/2759 2760/2760 2888/2888
f 2759/2759 2888/2888 2887/2887
f 2760/2760 2761/2761 2889/2889
f 2760/2760 2889/2889 2888/2888
f 2761/2761 2762/2762 2890/2890
f 2761/2761 2890/2890 2889/2889
f 2762/2762 2763/2763 2891/2891
f 2762/2762 2891/2891 2890/2890
f 2763/2763 2764/2764 2892/2892
f 2763/2763 2892/2892 2891/2891
f 2764/2764 2765/2765 2893/2893
f 2764/2764 2893/2893 2892/2892
f 2765/2765 2766/2766 2894/2894
f 2765/2765 2894/2894 2893/2893
f 2766/2766 2767/2767 2895/2895
f 2766/2766 2895/2895 2894/2894
f 2767/2767 2768/2768 2896/2896
f 2767/2767 2896/2896 2895/2895
f 2768/2768 2769/2769 2897/2897
f 2768/2768 2897/2897 2896/2896
f 2769/2769 2770/2770 2898/2898
f 2769/2769 2898/2898 2897/2897
f 2770/2770 2771/2771 2899/2899
f 2770/2770 2899/2899 2898/2898
f 2771/2771 2772/2772 2900/2900
f 2771/2771 2900/2900 2899/2899
f 2772/2772 2773/2773 2901/2901
f 2772/2772 2901/2901 2900/2900
f 2773/2773 2774/2774 2902/2902
f 2773/2773 2902/2902 2901/2901
f 2774/2774 2775/2775 2903/2903
f 2774/2774 2903/2903 2902/2902
f 2775/2775 2776/2776 2904/2904
f 2775/2775 2904/2904 2903/2903
f 2776/2776 2777/2777 2905/2905
f 2776/2776 2905/2905 2904/2904
f 2777/2777 2778/2778 2906/2906
f 2777/2777 2906/2906 2905/2905
f 2778/2778 2779/2779 2907/2907
f 2778/2778 2907/2907 2906/2906
f 2779/2779 2780/2780 2908/2908
f 2779/2779 2908/2908 2907/2907
f 2780/2780 2781/2781 2909/2909
f 2780/2780 2909/2909 2908/2908
f 2781/2781 2782/2782 2910/2910
f 2781/2781 2910/2910 2909/2909
f 2782/2782 2783/2783 2911/2911
f 2782/2782 2911/2911 2910/2910
f 2783/2783 2784/2784 2912/2912
f 2783/2783 2912/2912 2911/2911
f 2784/2784 2785/2785 2913/2913
f 2784/2784 2913/2913 2912/2912
f 2785/2785 2786/2786 2914/2914
f 2785/2785 2914/2914 2913/2913
f 2786/2786 2787/2787 2915/2915
f 2786/2786 2915/2915 2914/2914
f 2787/2787 2788/2788 2916/2916
f 2787/2787 2916/2916 2915/2915
f 2788/2788 2789/2789 2917/2917
f 2788/2788 2917/2917 2916/2916
f 2789/2789 2790/2790 2918/2918
f 2789/2789 2918/2918 2917/2917
f 2790/2790 2791/2791 2919/2919
f 2790/2790 2919/2919 2918/2918
f 2791/2791 2792/2792 2920/2920
f 2791/2791 2920/2920 2919/2919
f 2792/2792 2793/2793 2921/2921
f 2792/2792 2921/2921 2920/2920
f 2793/2793 2794/2794 2922/2922
f 2793/2793 2922/2922 2921/2921
f 2794/2794 2795/2795 2923/2923
f 2794/2794 2923/2923 2922/2922
f 2795/2795 2796/2796 2924/2924
f 2795/2795 2924/2924 2923/2923
f 2796/2796 2797/2797 2925/2925
f 2796/2796 2925/2925 2924/2924
f 2797/2797 2798/2798 2926/2926
f 2797/2797 2926/2926 2925/2925
f 2798/2798 2799/2799 2927/2927
f 2798/2798 2927/2927 2926/2926
f 2799/2799 2800/2800 2928/2928
f 2799/2799 2928/2928 2927/2927
f 2800/2800 2801/2801 2929/2929
f 2800/2800 2929/2929 2928/2928
f 2801/2801 2802/2802 2930/2930
f 2801/2801 2930/2930 2929/2929
f 2802/2802 2803/2803 2931/2931
f 2802/2802 2931/2931 2930/2930
f 2803/2803 2804/2804 2932/2932
f 2803/2803 2932/2932 2931/2931
f 2804/2804 2805/2805 2933/2933
f 2804/2804 2933/2933 2932/2932
f 2805/2805 2806/2806 2934/2934
f 2805/2805 2934/2934 2933/2933
f 2806/2806 2807/2807 2935/2935
f 2806/2806 2935/2935 2934/2934
f 2807/2807 2808/2808 2936/2936
f 2807/2807 2936/2936 2935/2935
f 2808/2808 2809/2809 2937/2937
f 2808/2808 2937/2937 2936/2936
f 2809/2809 2810/2810 2938/2938
f 2809/2809 2938/2938 2937/2937
f 2810/2810 2811/2811 2939/2939
f 2810/2810 2939/2939 2938/2938
f 2811/2811 2812/2812 2940/2940
f 2811/2811 2940/2940 2939/2939
f 2812/2812 2813/2813 2941/2941
f 2812/2812 2941/2941 2940/2940
f 2813/2813 2814/2814 2942/2942
f 2813/2813 2942/2942 2941/2941
f 2814/2814 2815/2815 2943/2943
f 2814/2814 2943/2943 2942/2942
f 2815/2815 2816/2816 2944/2944
f 2815/2815 2944/2944 2943/2943
f 2817/2817 2818/2818 2946/2946
f 2817/2817 2946/2946 2945/2945
f 2818/2818 2819/2819 2947/2947
f 2818/2818 2947/2947 2946/2946
f 2819/2819 2820/2820 2948/2948
f 2819/2819 2948/2948 2947/2947
f 2820/2820 2821/2821 2949/2949
f 2820/2820 2949/2949 2948/2948
f 2821/2821 2822/2822 2950/2950
f 2821/2821 2950/2950 2949/2949
f 2822/2822 2823/2823 2951/2951
f 2822/2822 2951/2951 2950/2950
f 2823/2823 2824/2824 2952/2952
f 2823/2823 2952/2952 2951/2951
f 2824/2824 2825/2825 2953/2953
f 2824/2824 2953/2953 2952/2952
f 2825/2825 2826/2826 2954/2954
f 2825/2825 2954/2954 2953/2953
f 2826/2826 2827/2827 2955/2955
f 2826/2826 2955/2955 2954/2954
f 2827/2827 2828/2828 2956/2956
f 2827/2827 2956/2956 2955/2955
f 2828/2828 2829/2829 2957/2957
f 2828/2828 2957/2957 2956/2956
f 2829/2829 2830/2830 2958/2958
f 2829/2829 2958/2958 2957/2957
f 2830/2830 2831/2831 2959/2959
f 2830/2830 2959/2959 2958/2958
f 2831/2831 2832/2832 2960/2960
f 2831/2831 2960/2960 2959/2959
f 2832/2832 2833/2833 2961/2961
f 2832/2832 2961/2961 2960/2960
f 2833/2833 2834/2834 2962/2962
f 2833/2833 2962/2962 2961/2961
f 2834/2834 2835/2835 2963/2963
f 2834/2834 2963/2963 2962/2962
f 2835/2835 2836/2836 2964/2964
f 2835/2835 2964/2964 2963/2963
f 2836/2836 2837/2837 2965/2965
f 2836/2836 2965/2965 2964/2964
f 2837/2837 2838/2838 2966/2966
f 2837/2837 2966/2966 2965/2965
f 2838/2838 2839/2839 2967/2967
f 2838/2838 2967/2967 2966/2966
f 2839/2839 2840/2840 2968/2968
f 2839/2839 2968/2968 2967/2967
f 2840/2840 2841/2841 2969/2969
f 2840/2840 2969/2969 2968/2968
f 2841/2841 2842/2842 2970/2970
f 2841/2841 2970/2970 2969/2969
f 2842/2842 2843/2843 2971/2971
f 2842/2842 2971/2971 2970/2970
f 2843/2843 2844/2844 2972/2972
f 2843/2843 2972/2972 2971/2971
f 2844/2844 2845/2845 2973/2973
f 2844/2844 2973/2973 2972/2972
f 2845/2845 2846/2846 2974/2974
f 2845/2845 2974/2974 2973/2973
f 2846/2846 2847/2847 2975/2975
f 2846/2846 2975/2975 2974/2974
f 2847/2847 2848/2848 2976/2976
f 2847/2847 2976/2976 2975/2975
f 2848/2848 2849/2849 2977/2977
f 2848/2848 2977/2977 2976/2976
f 2849/2849 2850/2850 2978/2978
f 2849/2849 2978/2978 2977/2977
f 2850/2850 2851/2851 2979/2979
f 2850/2850 2979/2979 2978/2978
f 2851/2851 2852/2852 2980/2980
f 2851/2851 2980/2980 2979/2979
f 2852/2852 2853/2853 2981/2981
f 2852/2852 2981/2981 2980/2980
f 2853/2853 2854/2854 2982/2982
f 2853/2853 2982/2982 2981/2981
f 2854/2854 2855/2855 2983/2983
f 2854/2854 2983/2983 2982/2982
f 2855/2855 2856/2856 2984/2984
f 2855/2855 2984/2984 2983/2983
f 2856/2856 2857/2857 2985/2985
f 2856/2856 2985/2985 2984/2984
f 2857/2857 2858/2858 2986/2986
f 2857/2857 2986/2986 2985/2985
f 2858/2858 2859/2859 2987/2987
f 2858/2858 2987/2987 2986/2986
f 2859/2859 2860/2860 2988/2988
f 2859/2859 2988/2988 2987/2987
f 2860/2860 2861/2861 2989/2989
f 2860/2860 2989/2989 2988/2988
f 2861/2861 2862/2862 2990/2990
f 2861/2861 2990/2990 2989/2989
f 2862/2862 2863/2863 2991/2991
f 2862/2862 2991/2991 2990/2990
f 2863/2863 2864/2864 2992/2992
f 2863/2863 2992/2992 2991/2991
f 2864/2864 2865/2865 2993/2993
f 2864/2864 2993/2993 2992/2992
f 2865/2865 2866/2866 2994/2994
f 2865/2865 2994/2994 2993/2993
f 2866/2866 2867/2867 2995/2995
f 2866/2866 2995/2995 2994/2994
f 2867/2867 2868/2868 2996/2996
f 2867/2867 2996/2996 2995/2995
f 2868/2868 2869/2869 2997/2997
f 2868/2868 2997/2997 2996/2996
f 2869/2869 2870/2870 2998/2998
f 2869/2869 2998/2998 2997/2997
f 2870/2870 2871/2871 2999/2999
f 2870/2870 2999/2999 2998/2998
f 2871/2871 2872/2872 3000/3000
f 2871/2871 3000/3000 2999/2999
f 2872/2872 2873/2873 3001/3001
f 2872/2872 3001/3001 3000/3000
f 2873/2873 2874/2874 3002/3002
f 2873/2873 3002/3002 3001/3001
f 2874/2874 2875/2875 3003/3003
f 2874/2874 3003/3003 3002/3002
f 2875/2875 2876/2876 3004/3004
f 2875/2875 3004/3004 3003/3003
f 2876/2876 2877/2877 3005/3005
f 2876/2876 3005/3005 3004/3004
f 2877/2877 2878/2878 3006/3006
f 2877/2877 3006/3006 3005/3005
f 2878/2878 2879/2879 3007/3007
f 2878/2878 3007/3007 3006/3006
f 2879/2879 2880/2880 3008/3008
f 2879/2879 3008/3008 3007/3007
f 2880/2880 2881/2881 3009/3009
f 2880/2880 3009/3009 3008/3008
f 2881/2881 2882/2882 3010/3010
f 2881/2881 3010/3010 3009/3009
f 2882/2882 2883/2883 3011/3011
f 2882/2882 3011/3011 3010/3010
f 2883/2883 2884/2884 3012/3012
f 2883/2883 3012/3012 3011/3011
f 2884/2884 2885/2885 3013/3013
f 2884/2884 3013/3013 3012/3012
f 2885/2885 2886/2886 3014/3014
f 2885/2885 3014/3014 3013/3013
f 2886/2886 2887/2887 3015/3015
f 2886/2886 3015/3015 3014/3014
f 2887/2887 2888/2888 3016/3016
f 2887/2887 3016/3016 3015/3015
f 2888/2888 2889/2889 3017/3017
f 2888/2888 3017/3017 3016/3016
f 2889/2889 2890/2890 3018/3018
f 2889/2889 3018/3018 3017/3017
f 2890/2890 2891/2891 3019/3019
f 2890/2890 3019/3019 3018/3018
f 2891/2891 2892/2892 3020/3020
f 2891/2891 3020/3020 3019/3019
f 2892/2892 2893/2893 3021/3021
f 2892/2892 3021/3021 3020/3020
f 2893/2893 2894/2894 3022/3022
f 2893/2893 3022/3022 3021/3021
f 2894/2894 2895/2895 3023/3023
f 2894/2894 3023/3023 3022/3022
f 2895/2895 2896/2896 3024/3024
f 2895/2895 3024/3024 3023/3023
f 2896/2896 2897/2897 3025/3025
f 2896/2896 3025/3025 3024/3024
f 2897/2897 2898/2898 3026/3026
f 2897/2897 3026/3026 3025/3025
f 2898/2898 2899/2899 3027/3027
f 2898/2898 3027/3027 3026/3026
f 2899/2899 2900/2900 3028/3028
f 2899/2899 3028/3028 3027/3027
f 2900/2900 2901/2901 3029/3029
f 2900/2900 3029/3029 3028/3028
f 2901/2901 2902/2902 3030/3030
f 2901/2901 3030/3030 3029/3029
f 2902/2902 2903/2903 3031/3031
f 2902/2902 3031/3031 3030/3030
f 2903/2903 2904/2904 3032/3032
f 2903/2903 3032/3032 3031/3031
f 2904/2904 2905/2905 3033/3033
f 2904/2904 3033/3033 3032/3032
f 2905/2905 2906/2906 3034/3034
f 2905/2905 3034/3034 3033/3033
f 2906/2906 2907/2907 3035/3035
f 2906/2906 3035/3035 3034/3034
f 2907/2907 2908/2908 3036/3036
f 2907/2907 3036/3036 3035/3035
f 2908/2908 2909/2909 3037/3037
f 2908/2908 3037/3037 3036/3036
f 2909/2909 2910/2910 3038/3038
f 2909/2909 3038/3038 3037/3037
f 2910/2910 2911/2911 3039/3039
f 2910/2910 3039/3039 3038/3038
f 2911/2911 2912/2912 3040/3040
f 2911/2911 3040/3040 3039/3039
f 2912/2912 2913/2913 3041/3041
f 2912/2912 3041/3041 3040/3040
f 2913/2913 2914/2914 3042/3042
f 2913/2913 3042/3042 3041/3041
f 2914/2914 2915/2915 3043/3043
f 2914/2914 3043/3043 3042/3042
f 2915/2915 2916/2916 3044/3044
f 2915/2915 3044/3044 3043/3043
f 2916/2916 2917/2917 3045/3045
f 2916/2916 3045/3045 3044/3044
f 2917/2917 2918/2918 3046/3046
f 2917/2917 3046/3046 3045/3045
f 2918/2918 2919/2919 3047/3047
f 2918/2918 3047/3047 3046/3046
f 2919/2919 2920/2920 3048/3048
f 2919/2919 3048/3048 3047/3047
f 2920/2920 2921/2921 3049/3049
f 2920/2920 3049/3049 3048/3048
f 2921/2921 2922/2922 3050/3050
f 2921/2921 3050/3050 3049/3049
f 2922/2922 2923/2923 3051/3051
f 2922/2922 3051/3051 3050/3050
f 2923/2923 2924/2924 3052/3052
f 2923/2923 3052/3052 3051/3051
f 2924/2924 2925/2925 3053/3053
f 2924/2924 3053/3053 3052/3052
f 2925/2925 2926/2926 3054/3054
f 2925/2925 3054/3054 3053/3053
f 2926/2926 2927/2927 3055/3055
f 2926/2926 3055/3055 3054/3054
f 2927/2927 2928/2928 3056/3056
f 2927/2927 3056/3056 3055/3055
f 2928/2928 2929/2929 3057/3057
f 2928/2928 3057/3057 3056/3056
f 2929/2929 2930/2930 3058/3058
f 2929/2929 3058/3058 3057/3057
f 2930/2930 2931/2931 3059/3059
f 2930/2930 3059/3059 3058/3058
f 2931/2931 2932/2932 3060/3060
f 2931/2931 3060/3060 3059/3059
f 2932/2932 2933/2933 3061/3061
f 2932/2932 3061/3061 3060/3060
f 2933/2933 2934/2934 3062/3062
f 2933/2933 3062/3062 3061/3061
f 2934/2934 2935/2935 3063/3063
f 2934/2934 3063/3063 3062/3062
f 2935/2935 2936/2936 3064/3064
f 2935/2935 3064/3064 3063/3063
f 2936/2936 2937/2937 3065/3065
f 2936/2936 3065/3065 3064/3064
f 2937/2937 2938/2938 3066/3066
f 2937/2937 3066/3066 3065/3065
f 2938/2938 2939/2939 3067/3067
f 2938/2938 3067/3067 3066/3066
f 2939/2939 2940/2940 3068/3068
f 2939/2939 3068/3068 3067/3067
f 2940/2940 2941/2941 3069/3069
f 2940/2940 3069/3069 3068/3068
f 2941/2941 2942/2942 3070/3070
f 2941/2941 3070/3070 3069/3069
f 2942/2942 2943/2943 3071/3071
f 2942/2942 3071/3071 3070/3070
f 2943/2943 2944/2944 3072/3072
f 2943/2943 3072/3072 3071/3071
f 2945/2945 2946/2946 3074/3074
f 2945/2945 3074/3074 3073/3073
f 2946/2946 2947/2947 3075/3075
f 2946/2946 3075/3075 3074/3074
f 2947/2947 2948/2948 3076/3076
f 2947/2947 3076/3076 3075/3075
f 2948/2948 2949/2949 3077/3077
f 2948/2948 3077/3077 3076/3076
f 2949/2949 2950/2950 3078/3078
f 2949/2949 3078/3078 3077/3077
f 2950/2950 2951/2951 3079/3079
f 2950/2950 3079/3079 3078/3078
f 2951/2951 2952/2952 3080/3080
f 2951/2951 3080/3080 3079/3079
f 2952/2952 2953/2953 3081/3081
f 2952/2952 3081/3081 3080/3080
f 2953/2953 2954/2954 3082/3082
f 2953/2953 3082/3082 3081/3081
f 2954/2954 2955/2955 3083/3083
f 2954/2954 3083/3083 3082/3082
f 2955/2955 2956/2956 3084/3084
f 2955/2955 3084/3084 3083/3083
f 2956/2956 2957/2957 3085/3085
f 2956/2956 3085/3085 3084/3084
f 2957/2957 2958/2958 3086/3086
f 2957/2957 3086/3086 3085/3085
f 2958/2958 2959/2959 3087/3087
f 2958/2958 3087/3087 3086/3086
f 2959/2959 2960/2960 3088/3088
f 2959/2959 3088/3088 3087/3087
f 2960/2960 2961/2961 3089/3089
f 2960/2960 3089/3089 3088/3088
f 2961/2961 2962/2962 3090/3090
f 2961/2961 3090/3090 3089/3089
f 2962/2962 2963/2963 3091/3091
f 2962/2962 3091/3091 3090/3090
f 2963/2963 2964/2964 3092/3092
f 2963/2963 3092/3092 3091/3091
f 2964/2964 2965/2965 3093/3093
f 2964/2964 3093/3093 3092/3092
f 2965/2965 2966/2966 3094/3094
f 2965/2965 3094/3094 3093/3093
f 2966/2966 2967/2967 3095/3095
f 2966/2966 3095/3095 3094/3094
f 2967/2967 2968/2968 3096/3096
f 2967/2967 3096/3096 3095/3095
f 2968/2968 2969/2969 3097/3097
f 2968/2968 3097/3097 3096/3096
f 2969/2969 2970/2970 3098/3098
f 2969/2969 3098/3098 3097/3097
f 2970/2970 2971/2971 3099/3099
f 2970/2970 3099/3099 3098/3098
f 2971/2971 2972/2972 3100/3100
f 2971/2971 3100/3100 3099/3099
f 2972/2972 2973/2973 3101/3101
f 2972/2972 3101/3101 3100/3100
f 2973/2973 2974/2974 3102/3102
f 2973/2973 3102/3102 3101/3101
f 2974/2974 2975/2975 3103/3103
f 2974/2974 3103/3103 3102/3102
f 2975/2975 2976/2976 3104/3104
f 2975/2975 3104/3104 3103/3103
f 2976/2976 2977/2977 3105/3105
f 2976/2976 3105/3105 3104/3104
f 2977/2977 2978/2978 3106/3106
f 2977/2977 3106/3106 3105/3105
f 2978/2978 2979/2979 3107/3107
f 2978/2978 3107/3107 3106/3106
f 2979/2979 2980/2980 3108/3108
f 2979/2979 3108/3108 3107/3107
f 2980/2980 2981/2981 3109/3109
f 2980/2980 3109/3109 3108/3108
f 2981/2981 2982/2982 3110/3110
f 2981/2981 3110/3110 3109/3109
f 2982/2982 2983/2983 3111/3111
f 2982/2982 3111/3111 3110/3110
f 2983/2983 2984/2984 3112/3112
f 2983/2983 3112/3112 3111/3111
f 2984/2984 2985/2985 3113/3113
f 2984/2984 3113/3113 3112/3112
f 2985/2985 2986/2986 3114/3114
f 2985/2985 3114/3114 3113/3113
f 2986/2986 2987/2987 3115/3115
f 2986/2986 3115/3115 3114/3114
f 2987/2987 2988/2988 3116/3116
f 2987/2987 3116/3116 3115/3115
f 2988/2988 2989/2989 3117/3117
f 2988/2988 3117/3117 3116/3116
f 2989/2989 2990/2990 3118/3118
f 2989/2989 3118/3118 3117/3117
f 2990/2990 2991/2991 3119/3119
f 2990/2990 3119/3119 3118/3118
f 2991/2991 2992/2992 3120/3120
f 2991/2991 3120/3120 3119/3119
f 2992/2992 2993/2993 3121/3121
f 2992/2992 3121/3121 3120/3120
f 2993/2993 2994/2994 3122/3122
f 2993/2993 3122/3122 3121/3121
f 2994/2994 2995/2995 3123/3123
f 2994/2994 3123/3123 3122/3122
f 2995/2995 2996/2996 3124/3124
f 2995/2995 3124/3124 3123/3123
f 2996/2996 2997/2997 3125/3125
f 2996/2996 3125/3125 3124/3124
f 2997/2997 2998/2998 3126/3126
f 2997/2997 3126/3126 3125/3125
f 2998/2998 2999/2999 3127/3127
f 2998/2998 3127/3127 3126/3126
f 2999/2999 3000/3000 3128/3128
f 2999/2999 3128/3128 3127/3127
f 3000/3000 3001/3001 3129/3129
f 3000/3000 3129/3129 3128/3128
f 3001/3001 3002/3002 3130/3130
f 3001/3001 3130/3130 3129/3129
f 3002/3002 3003/3003 3131/3131
f 3002/3002 3131/3131 3130/3130
f 3003/3003 3004/3004 3132/3132
f 3003/3003 3132/3132 3131/3131
f 3004/3004 3005/3005 3133/3133
f 3004/3004 3133/3133 3132/3132
f 3005/3005 3006/3006 3134/3134
f 3005/3005 3134/3134 3133/3133
f 3006/3006 3007/3007 3135/3135
f 3006/3006 3135/3135 3134/3134
f 3007/3007 3008/3008 3136/3136
f 3007/3007 3136/3136 3135/3135
f 3008/3008 3009/3009 3137/3137
f 3008/3008 3137/3137 3136/3136
f 3009/3009 3010/3010 3138/3138
f 3009/3009 3138/3138 3137/3137
f 3010/3010 3011/3011 3139/3139
f 3010/3010 3139/3139 3138/3138
f 3011/3011 3012/3012 3140/3140
f 3011/3011 3140/3140 3139/3139
f 3012/3012 3013/3013 3141/3141
f 3012/3012 3141/3141 3140/3140
f 3013/3013 3014/3014 3142/3142
f 3013/3013 3142/3142 3141/3141
f 3014/3014 3015/3015 3143/3143
f 3014/3014 3143/3143 3142/3142
f 3015/3015 3016/3016 3144/3144
f 3015/3015 3144/3144 3143/3143
f 3016/3016 3017/3017 3145/3145
f 3016/3016 3145/3145 3144/3144
f 3017/3017 3018/3018 3146/3146
f 3017/3017 3146/3146 3145/3145
f 3018/3018 3019/3019 3147/3147
f 3018/3018 3147/3147 3146/3146
f 3019/3019 3020/3020 3148/3148
f 3019/3019 3148/3148 3147/3147
f 3020/3020 3021/3021 3149/3149
f 3020/3020 3149/3149 3148/3148
f 3021/3021 3022/3022 3150/3150
f 3021/3021 3150/3150 3149/3149
f 3022/3022 3023/3023 3151/3151
f 3022/3022 3151/3151 3150/3150
f 3023/3023 3024/3024 3152/3152
f 3023/3023 3152/3152 3151/3151
f 3024/3024 3025/3025 3153/3153
f 3024/3024 3153/3153 3152/3152
f 3025/3025 3026/3026 3154/3154
f 3025/3025 3154/3154 3153/3153
f 3026/3026 3027/3027 3155/3155
f 3026/3026 3155/3155 3154/3154
f 3027/3027 3028/3028 3156/3156
f 3027/3027 3156/3156 3155/3155
f 3028/3028 3029/3029 3157/3157
f 3028/3028 3157/3157 3156/3156
f 3029/3029 3030/3030 3158/3158
f 3029/3029 3158/3158 3157/3157
f 3030/3030 3031/3031 3159/3159
f 3030/3030 3159/3159 3158/3158
f 3031/3031 3032/3032 3160/3160
f 3031/3031 3160/3160 3159/3159
f 3032/3032 3033/3033 3161/3161
f 3032/3032 3161/3161 3160/3160
f 3033/3033 3034/3034 3162/3162
f 3033/3033 3162/3162 3161/3161
f 3034/3034 3035/3035 3163/3163
f 3034/3034 3163/3163 3162/3162
f 3035/3035 3036/3036 3164/3164
f 3035/3035 3164/3164 3163/3163
f 3036/3036 3037/3037 3165/3165
f 3036/3036 3165/3165 3164/3164
f 3037/3037 3038/3038 3166/3166
f 3037/3037 3166/3166 3165/3165
f 3038/3038 3039/3039 3167/3167
f 3038/3038 3167/3167 3166/3166
f 3039/3039 3040/3040 3168/3168
f 3039/3039 3168/3168 3167/3167
f 3040/3040 3041/3041 3169/3169
f 3040/3040 3169/3169 3168/3168
f 3041/3041 3042/3042 3170/3170
f 3041/3041 3170/3170 3169/3169
f 3042/3042 3043/3043 3171/3171
f 3042/3042 3171/3171 3170/3170
f 3043/3043 3044/3044 3172/3172
f 3043/3043 3172/3172 3171/3171
f 3044/3044 3045/3045 3173/3173
f 3044/3044 3173/3173 3172/3172
f 3045/3045 3046/3046 3174/3174
f 3045/3045 3174/3174 3173/3173
f 3046/3046 3047/3047 3175/3175
f 3046/3046 3175/3175 3174/3174
f 3047/3047 3048/3048 3176/3176
f 3047/3047 3176/3176 3175/3175
f 3048/3048 3049/3049 3177/3177
f 3048/3048 3177/3177 3176/3176
f 3049/3049 3050/3050 3178/3178
f 3049/3049 3178/3178 3177/3177
f 3050/3050 3051/3051 3179/3179
f 3050/3050 3179/3179 3178/3178
f 3051/3051 3052/3052 3180/3180
f 3051/3051 3180/3180 3179/3179
f 3052/3052 3053/3053 3181/3181
f 3052/3052 3181/3181 3180/3180
f 3053/3053 3054/3054 3182/3182
f 3053/3053 3182/3182 3181/3181
f 3054/3054 3055/3055 3183/3183
f 3054/3054 3183/3183 3182/3182
f 3055/3055 3056/3056 3184/3184
f 3055/3055 3184/3184 3183/3183
f 3056/3056 3057/3057 3185/3185
f 3056/3056 3185/3185 3184/3184
f 3057/3057 3058/3058 3186/3186
f 3057/3057 3186/3186 3185/3185
f 3058/3058 3059/3059 3187/3187
f 3058/3058 3187/3187 3186/3186
f 3059/3059 3060/3060 3188/3188
f 3059/3059 3188/3188 3187/3187
f 3060/3060 3061/3061 3189/3189
f 3060/3060 3189/3189 3188/3188
f 3061/3061 3062/3062 3190/3190
f 3061/3061 3190/3190 3189/3189
f 3062/3062 3063/3063 3191/3191
f 3062/3062 3191/3191 3190/3190
f 3063/3063 3064/3064 3192/3192
f 3063/3063 3192/3192 3191/3191
f 3064/3064 3065/3065 3193/3193
f 3064/3064 3193/3193 3192/3192
f 3065/3065 3066/3066 3194/3194
f 3065/3065 3194/3194 3193/3193
f 3066/3066 3067/3067 3195/3195
f 3066/3066 3195/3195 3194/3194
f 3067/3067 3068/3068 3196/3196
f 3067/3067 3196/3196 3195/3195
f 3068/3068 3069/3069 3197/3197
f 3068/3068 3197/3197 3196/3196
f 3069/3069 3070/3070 3198/3198
f 3069/3069 3198/3198 3197/3197
f 3070/3070 3071/3071 3199/3199
f 3070/3070 3199/3199 3198/3198
f 3071/3071 3072/3072 3200/3200
f 3071/3071 3200/3200 3199/3199
f 3073/3073 3074/3074 3202/3202
f 3073/3073 3202/3202 3201/3201
f 3074/3074 3075/3075 3203/3203
f 3074/3074 3203/3203 3202/3202
f 3075/3075 3076/3076 3204/3204
f 3075/3075 3204/3204 3203/3203
f 3076/3076 3077/3077 3205/3205
f 3076/3076 3205/3205 3204/3204
f 3077/3077 3078/3078 3206/3206
f 3077/3077 3206/3206 3205/3205
f 3078/3078 3079/3079 3207/3207
f 3078/3078 3207/3207 3206/3206
f 3079/3079 3080/3080 3208/3208
f 3079/3079 3208/3208 3207/3207
f 3080/3080 3081/3081 3209/3209
f 3080/3080 3209/3209 3208/3208
f 3081/3081 3082/3082 3210/3210
f 3081/3081 3210/3210 3209/3209
f 3082/3082 3083/3083 3211/3211
f 3082/3082 3211/3211 3210/3210
f 3083/3083 3084/3084 3212/3212
f 3083/3083 3212/3212 3211/3211
f 3084/3084 3085/3085 3213/3213
f 3084/3084 3213/3213 3212/3212
f 3085/3085 3086/3086 3214/3214
f 3085/3085 3214/3214 3213/3213
f 3086/3086 3087/3087 3215/3215
f 3086/3086 3215/3215 3214/3214
f 3087/3087 3088/3088 3216/3216
f 3087/3087 3216/3216 3215/3215
f 3088/3088 3089/3089 3217/3217
f 3088/3088 3217/3217 3216/3216
f 3089/3089 3090/3090 3218/3218
f 3089/3089 3218/3218 3217/3217
f 3090/3090 3091/3091 3219/3219
f 3090/3090 3219/3219 3218/3218
f 3091/3091 3092/3092 3220/3220
f 3091/3091 3220/3220 3219/3219
f 3092/3092 3093/3093 3221/3221
f 3092/3092 3221/3221 3220/3220
f 3093/3093 3094/3094 3222/3222
f 3093/3093 3222/3222 3221/3221
f 3094/3094 3095/3095 3223/3223
f 3094/3094 3223/3223 3222/3222
f 3095/3095 3096/3096 3224/3224
f 3095/3095 3224/3224 3223/3223
f 3096/3096 3097/3097 3225/3225
f 3096/3096 3225/3225 3224/3224
f 3097/3097 3098/3098 3226/3226
f 3097/3097 3226/3226 3225/3225
f 3098/3098 3099/3099 3227/3227
f 3098/3098 3227/3227 3226/3226
f 3099/3099 3100/3100 3228/3228
f 3099/3099 3228/3228 3227/3227
f 3100/3100 3101/3101 3229/3229
f 3100/3100 3229/3229 3228/3228
f 3101/3101 3102/3102 3230/3230
f 3101/3101 3230/3230 3229/3229
f 3102/3102 3103/3103 3231/3231
f 3102/3102 3231/3231 3230/3230
f 3103/3103 3104/3104 3232/3232
f 3103/3103 3232/3232 3231/3231
f 3104/3104 3105/3105 3233/3233
f 3104/3104 3233/3233 3232/3232
f 3105/3105 3106/3106 3234/3234
f 3105/3105 3234/3234 3233/3233
f 3106/3106 3107/3107 3235/3235
f 3106/3106 3235/3235 3234/3234
f 3107/3107 3108/3108 3236/3236
f 3107/3107 3236/3236 3235/3235
f 3108/3108 3109/3109 3237/3237
f 3108/3108 3237/3237 3236/3236
f 3109/3109 3110/3110 3238/3238
f 3109/3109 3238/3238 3237/3237
f 3110/3110 3111/3111 3239/3239
f 3110/3110 3239/3239 3238/3238
f 3111/3111 3112/3112 3240/3240
f 3111/3111 3240/3240 3239/3239
f 3112/3112 3113/3113 3241/3241
f 3112/3112 3241/3241 3240/3240
f 3113/3113 3114/3114 3242/3242
f 3113/3113 3242/3242 3241/3241
f 3114/3114 3115/3115 3243/3243
f 3114/3114 3243/3243 3242/3242
f 3115/3115 3116/3116 3244/3244
f 3115/3115 3244/3244 3243/3243
f 3116/3116 3117/3117 3245/3245
f 3116/3116 3245/3245 3244/3244
f 3117/3117 3118/3118 3246/3246
f 3117/3117 3246/3246 3245/3245
f 3118/3118 3119/3119 3247/3247
f 3118/3118 3247/3247 3246/3246
f 3119/3119 3120/3120 3248/3248
f 3119/3119 3248/3248 3247/3247
f 3120/3120 3121/3121 3249/3249
f 3120/3120 3249/3249 3248/3248
f 3121/3121 3122/3122 3250/3250
f 3121/3121 3250/3250 3249/3249
f 3122/3122 3123/3123 3251/3251
f 3122/3122 3251/3251 3250/3250
f 3123/3123 3124/3124 3252/3252
f 3123/3123 3252/3252 3251/3251
f 3124/3124 3125/3125 3253/3253
f 3124/3124 3253/3253 3252/3252
f 3125/3125 3126/3126 3254/3254
f 3125/3125 3254/3254 3253/3253
f 3126/3126 3127/3127 3255/3255
f 3126/3126 3255/3255 3254/3254
f 3127/3127 3128/3128 3256/3256
f 3127/3127 3256/3256 3255/3255
f 3128/3128 3129/3129 3257/3257
f 3128/3128 3257/3257 3256/3256
f 3129/3129 3130/3130 3258/3258
f 3129/3129 3258/3258 3257/3257
f 3130/3130 3131/3131 3259/3259
f 3130/3130 3259/3259 3258/3258
f 3131/3131 3132/3132 3260/3260
f 3131/3131 3260/3260 3259/3259
f 3132/3132 3133/3133 3261/3261
f 3132/3132 3261/3261 3260/3260
f 3133/3133 3134/3134 3262/3262
f 3133/3133 3262/3262 3261/3261
f 3134/3134 3135/3135 3263/3263
f 3134/3134 3263/3263 3262/3262
f 3135/3135 3136/3136 3264/3264
f 3135/3135 3264/3264 3263/3263
f 3136/3136 3137/3137 3265/3265
f 3136/3136 3265/3265 3264/3264
f 3137/3137 3138/3138 3266/3266
f 3137/3137 3266/3266 3265/3265
f 3138/3138 3139/3139 3267/3267
f 3138/3138 3267/3267 3266/3266
f 3139/3139 3140/3140 3268/3268
f 3139/3139 3268/3268 3267/3267
f 3140/3140 3141/3141 3269/3269
f 3140/3140 3269/3269 3268/3268
f 3141/3141 3142/3142 3270/3270
f 3141/3141 3270/3270 3269/3269
f 3142/3142 3143/3143 3271/3271
f 3142/3142 3271/3271 3270/3270
f 3143/3143 3144/3144 3272/3272
f 3143/3143 3272/3272 3271/3271
f 3144/3144 3145/3145 3273/3273
f 3144/3144 3273/3273 3272/3272
f 3145/3145 3146/3146 3274/3274
f 3145/3145 3274/3274 3273/3273
f 3146/3146 3147/3147 3275/3275
f 3146/3146 3275/3275 3274/3274
f 3147/3147 3148/3148 3276/3276
f 3147/3147 3276/3276 3275/3275
f 3148/3148 3149/3149 3277/3277
f 3148/3148 3277/3277 3276/3276
f 3149/3149 3150/3150 3278/3278
f 3149/3149 3278/3278 3277/3277
f 3150/3150 3151/3151 3279/3279
f 3150/3150 3279/3279 3278/3278
f 3151/3151 3152/3152 3280/3280
f 3151/3151 3280/3280 3279/3279
f 3152/3152 3153/3153 3281/3281
f 3152/3152 3281/3281 3280/3280
f 3153/3153 3154/3154 3282/3282
f 3153/3153 3282/3282 3281/3281
f 3154/3154 3155/3155 3283/3283
f 3154/3154 3283/3283 3282/3282
f 3155/3155 3156/3156 3284/3284
f 3155/3155 3284/3284 3283/3283
f 3156/3156 3157/3157 3285/3285
f 3156/3156 3285/3285 3284/3284
f 3157/3157 3158/3158 3286/3286
f 3157/3157 3286/3286 3285/3285
f 3158/3158 3159/3159 3287/3287
f 3158/3158 3287/3287 3286/3286
f 3159/3159 3160/3160 3288/3288
f 3159/3159 3288/3288 3287/3287
f 3160/3160 3161/3161 3289/3289
f 3160/3160 3289/3289 3288/3288
f 3161/3161 3162/3162 3290/3290
f 3161/3161 3290/3290 3289/3289
f 3162/3162 3163/3163 3291/3291
f 3162/3162 3291/3291 3290/3290
f 3163/3163 3164/3164 3292/3292
f 3163/3163 3292/3292 3291/3291
f 3164/3164 3165/3165 3293/3293
f 3164/3164 3293/3293 3292/3292
f 3165/3165 3166/3166 3294/3294
f 3165/3165 3294/3294 3293/3293
f 3166/3166 3167/3167 3295/3295
f 3166/3166 3295/3295 3294/3294
f 3167/3167 3168/3168 3296/3296
f 3167/3167 3296/3296 3295/3295
f 3168/3168 3169/3169 3297/3297
f 3168/3168 3297/3297 3296/3296
f 3169/3169 3170/3170 3298/3298
f 3169/3169 3298/3298 3297/3297
f 3170/3170 3171/3171 3299/3299
f 3170/3170 3299/3299 3298/3298
f 3171/3171 3172/3172 3300/3300
f 3171/3171 3300/3300 3299/3299
f 3172/3172 3173/3173 3301/3301
f 3172/3172 3301/3301 3300/3300
f 3173/3173 3174/3174 3302/3302
f 3173/3173 3302/3302 3301/3301
f 3174/3174 3175/3175 3303/3303
f 3174/3174 3303/3303 3302/3302
f 3175/3175 3176/3176 3304/3304
f 3175/3175 3304/3304 3303/3303
f 3176/3176 3177/3177 3305/3305
f 3176/3176 3305/3305 3304/3304
f 3177/3177 3178/3178 3306/3306
f 3177/3177 3306/3306 3305/3305
f 3178/3178 3179/3179 3307/3307
f 3178/3178 3307/3307 3306/3306
f 3179/3179 3180/3180 3308/3308
f 3179/3179 3308/3308 3307/3307
f 3180/3180 3181/3181 3309/3309
f 3180/3180 3309/3309 3308/3308
f 3181/3181 3182/3182 3310/3310
f 3181/3181 3310/3310 3309/3309
f 3182/3182 3183/3183 3311/3311
f 3182/3182 3311/3311 3310/3310
f 3183/3183 3184/3184 3312/3312
f 3183/3183 3312/3312 3311/3311
f 3184/3184 3185/3185 3313/3313
f 3184/3184 3313/3313 3312/3312
f 3185/3185 3186/3186 3314/3314
f 3185/3185 3314/3314 3313/3313
f 3186/3186 3187/3187 3315/3315
f 3186/3186 3315/3315 3314/3314
f 3187/3187 3188/3188 3316/3316
f 3187/3187 3316/3316 3315/3315
f 3188/3188 3189/3189 3317/3317
f 3188/3188 3317/3317 3316/3316
f 3189/3189 3190/3190 3318/3318
f 3189/3189 3318/3318 3317/3317
f 3190/3190 3191/3191 3319/3319
f 3190/3190 3319/3319 3318/3318
f 3191/3191 3192/3192 3320/3320
f 3191/3191 3320/3320 3319/3319
f 3192/3192 3193/3193 3321/3321
f 3192/3192 3321/3321 3320/3320
f 3193/3193 3194/3194 3322/3322
f 3193/3193 3322/3322 3321/3321
f 3194/3194 3195/3195 3323/3323
f 3194/3194 3323/3323 3322/3322
f 3195/3195 3196/3196 3324/3324
f 3195/3195 3324/3324 3323/3323
f 3196/3196 3197/3197 3325/3325
f 3196/3196 3325/3325 3324/3324
f 3197/3197 3198/3198 3326/3326
f 3197/3197 3326/3326 3325/3325
f 3198/3198 3199/3199 3327/3327
f 3198/3198 3327/3327 3326/3326
f 3199/3199 3200/3200 3328/3328
f 3199/3199 3328/3328 3327/3327
f 3201/3201 3202/3202 3330/3330
f 3201/3201 3330/3330 3329/3329
f 3202/3202 3203/3203 3331/3331
f 3202/3202 3331/3331 3330/3330
f 3203/3203 3204/3204 3332/3332
f 3203/3203 3332/3332 3331/3331
f 3204/3204 3205/3205 3333/3333
f 3204/3204 3333/3333 3332/3332
f 3205/3205 3206/3206 3334/3334
f 3205/3205 3334/3334 3333/3333
f 3206/3206 3207/3207 3335/3335
f 3206/3206 3335/3335 3334/3334
f 3207/3207 3208/3208 3336/3336
f 3207/3207 3336/3336 3335/3335
f 3208/3208 3209/3209 3337/3337
f 3208/3208 3337/3337 3336/3336
f 3209/3209 3210/3210 3338/3338
f 3209/3209 3338/3338 3337/3337
f 3210/3210 3211/3211 3339/3339
f 3210/3210 3339/3339 3338/3338
f 3211/3211 3212/3212 3340/3340
f 3211/3211 3340/3340 3339/3339
f 3212/3212 3213/3213 3341/3341
f 3212/3212 3341/3341 3340/3340
f 3213/3213 3214/3214 3342/3342
f 3213/3213 3342/3342 3341/3341
f 3214/3214 3215/3215 3343/3343
f 3214/3214 3343/3343 3342/3342
f 3215/3215 3216/3216 3344/3344
f 3215/3215 3344/3344 3343/3343
f 3216/3216 3217/3217 3345/3345
f 3216/3216 3345/3345 3344/3344
f 3217/3217 3218/3218 3346/3346
f 3217/3217 3346/3346 3345/3345
f 3218/3218 3219/3219 3347/3347
f 3218/3218 3347/3347 3346/3346
f 3219/3219 3220/3220 3348/3348
f 3219/3219 3348/3348 3347/3347
f 3220/3220 3221/3221 3349/3349
f 3220/3220 3349/3349 3348/3348
f 3221/3221 3222/3222 3350/3350
f 3221/3221 3350/3350 3349/3349
f 3222/3222 3223/3223 3351/3351
f 3222/3222 3351/3351 3350/3350
f 3223/3223 3224/3224 3352/3352
f 3223/3223 3352/3352 3351/3351
f 3224/3224 3225/3225 3353/3353
f 3224/3224 3353/3353 3352/3352
f 3225/3225 3226/3226 3354/3354
f 3225/3225 3354/3354 3353/3353
f 3226/3226 3227/3227 3355/3355
f 3226/3226 3355/3355 3354/3354
f 3227/3227 3228/3228 3356/3356
f 3227/3227 3356/3356 3355/3355
f 3228/3228 3229/3229 3357/3357
f 3228/3228 3357/3357 3356/3356
f 3229/3229 3230/3230 3358/3358
f 3229/3229 3358/3358 3357/3357
f 3230/3230 3231/3231 3359/3359
f 3230/3230 3359/3359 3358/3358
f 3231/3231 3232/3232 3360/3360
f 3231/3231 3360/3360 3359/3359
f 3232/3232 3233/3233 3361/3361
f 3232/3232 3361/3361 3360/3360
f 3233/3233 3234/3234 3362/3362
f 3233/3233 3362/3362 3361/3361
f 3234/3234 3235/3235 3363/3363
f 3234/3234 3363/3363 3362/3362
f 3235/3235 3236/3236 3364/3364
f 3235/3235 3364/3364 3363/3363
f 3236/3236 3237/3237 3365/3365
f 3236/3236 3365/3365 3364/3364
f 3237/3237 3238/3238 3366/3366
f 3237/3237 3366/3366 3365/3365
f 3238/3238 3239/3239 3367/3367
f 3238/3238 3367/3367 3366/3366
f 3239/3239 3240/3240 3368/3368
f 3239/3239 3368/3368 3367/3367
f 3240/3240 3241/3241 3369/3369
f 3240/3240 3369/3369 3368/3368
f 3241/3241 3242/3242 3370/3370
f 3241/3241 3370/3370 3369/3369
f 3242/3242 3243/3243 3371/3371
f 3242/3242 3371/3371 3370/3370
f 3243/3243 3244/3244 3372/3372
f 3243/3243 3372/3372 3371/3371
f 3244/3244 3245/3245 3373/3373
f 3244/3244 3373/3373 3372/3372
f 3245/3245 3246/3246 3374/3374
f 3245/3245 3374/3374 3373/3373
f 3246/3246 3247/3247 3375/3375
f 3246/3246 3375/3375 3374/3374
f 3247/3247 3248/3248 3376/3376
f 3247/3247 3376/3376 3375/3375
f 3248/3248 3249/3249 3377/3377
f 3248/3248 3377/3377 3376/3376
f 3249/3249 3250/3250 3378/3378
f 3249/3249 3378/3378 3377/3377
f 3250/3250 3251/3251 3379/3379
f 3250/3250 3379/3379 3378/3378
f 3251/3251 3252/3252 3380/3380
f 3251/3251 3380/3380 3379/3379
f 3252/3252 3253/3253 3381/3381
f 3252/3252 3381/3381 3380/3380
f 3253/3253 3254/3254 3382/3382
f 3253/3253 3382/3382 3381/3381
f 3254/3254 3255/3255 3383/3383
f 3254/3254 3383/3383 3382/3382
f 3255/3255 3256/3256 3384/3384
f 3255/3255 3384/3384 3383/3383
f 3256/3256 3257/3257 3385/3385
f 3256/3256 3385/3385 3384/3384
f 3257/3257 3258/3258 3386/3386
f 3257/3257 3386/3386 3385/3385
f 3258/3258 3259/3259 3387/3387
f 3258/3258 3387/3387 3386/3386
f 3259/3259 3260/3260 3388/3388
f 3259/3259 3388/3388 3387/3387
f 3260/3260 3261/3261 3389/3389
f 3260/3260 3389/3389 3388/3388
f 3261/3261 3262/3262 3390/3390
f 3261/3261 3390/3390 3389/3389
f 3262/3262 3263/3263 3391/3391
f 3262/3262 3391/3391 3390/3390
f 3263/3263 3264/3264 3392/3392
f 3263/3263 3392/3392 3391/3391
f 3264/3264 3265/3265 3393/3393
f 3264/3264 3393/3393 3392/3392
f 3265/3265 3266/3266 3394/3394
f 3265/3265 3394/3394 3393/3393
f 3266/3266 3267/3267 3395/3395
f 3266/3266 3395/3395 3394/3394
f 3267/3267 3268/3268 3396/3396
f 3267/3267 3396/3396 3395/3395
f 3268/3268 3269/3269 3397/3397
f 3268/3268 3397/3397 3396/3396
f 3269/3269 3270/3270 3398/3398
f 3269/3269 3398/3398 3397/3397
f 3270/3270 3271/3271 3399/3399
f 3270/3270 3399/3399 3398/3398
f 3271/3271 3272/3272 3400/3400
f 3271/3271 3400/3400 3399/3399
f 3272/3272 3273/3273 3401/3401
f 3272/3272 3401/3401 3400/3400
f 3273/3273 3274/3274 3402/3402
f 3273/3273 3402/3402 3401/3401
f 3274/3274 3275/3275 3403/3403
f 3274/3274 3403/3403 3402/3402
f 3275/3275 3276/3276 3404/3404
f 3275/3275 3404/3404 3403/3403
f 3276/3276 3277/3277 3405/3405
f 3276/3276 3405/3405 3404/3404
f 3277/3277 3278/3278 3406/3406
f 3277/3277 3406/3406 3405/3405
f 3278/3278 3279/3279 3407/3407
f 3278/3278 3407/3407 3406/3406
f 3279/3279 3280/3280 3408/3408
f 3279/3279 3408/3408 3407/3407
f 3280/3280 3281/3281 3409/3409
f 3280/3280 3409/3409 3408/3408
f 3281/3281 3282/3282 3410/3410
f 3281/3281 3410/3410 3409/3409
f 3282/3282 3283/3283 3411/3411
f 3282/3282 3411/3411 3410/3410
f 3283/3283 3284/3284 3412/3412
f 3283/3283 3412/3412 3411/3411
f 3284/3284 3285/3285 3413/3413
f 3284/3284 3413/3413 3412/3412
f 3285/3285 3286/3286 3414/3414
f 3285/3285 3414/3414 3413/3413
f 3286/3286 3287/3287 3415/3415
f 3286/3286 3415/3415 3414/3414
f 3287/3287 3288/3288 3416/3416
f 3287/3287 3416/3416 3415/3415
f 3288/3288 3289/3289 3417/3417
f 3288/3288 3417/3417 3416/3416
f 3289/3289 3290/3290 3418/3418
f 3289/3289 3418/3418 3417/3417
f 3290/3290 3291/3291 3419/3419
f 3290/3290 3419/3419 3418/3418
f 3291/3291 3292/3292 3420/3420
f 3291/3291 3420/3420 3419/3419
f 3292/3292 3293/3293 3421/3421
f 3292/3292 3421/3421 3420/3420
f 3293/3293 3294/3294 3422/3422
f 3293/3293 3422/3422 3421/3421
f 3294/3294 3295/3295 3423/3423
f 3294/3294 3423/3423 3422/3422
f 3295/3295 3296/3296 3424/3424
f 3295/3295 3424/3424 3423/3423
f 3296/3296 3297/3297 3425/3425
f 3296/3296 3425/3425 3424/3424
f 3297/3297 3298/3298 3426/3426
f 3297/3297 3426/3426 3425/3425
f 3298/3298 3299/3299 3427/3427
f 3298/3298 3427/3427 3426/3426
f 3299/3299 3300/3300 3428/3428
f 3299/3299 3428/3428 3427/3427
f 3300/3300 3301/3301 3429/3429
f 3300/3300 3429/3429 3428/3428
f 3301/3301 3302/3302 3430/3430
f 3301/3301 3430/3430 3429/3429
f 3302/3302 3303/3303 3431/3431
f 3302/3302 3431/3431 3430/3430
f 3303/3303 3304/3304 3432/3432
f 3303/3303 3432/3432 3431/3431
f 3304/3304 3305/3305 3433/3433
f 3304/3304 3433/3433 3432/3432
f 3305/3305 3306/3306 3434/3434
f 3305/3305 3434/3434 3433/3433
f 3306/3306 3307/3307 3435/3435
f 3306/3306 3435/3435 3434/3434
f 3307/3307 3308/3308 3436/3436
f 3307/3307 3436/3436 3435/3435
f 3308/3308 3309/3309 3437/3437
f 3308/3308 3437/3437 3436/3436
f 3309/3309 3310/3310 3438/3438
f 3309/3309 3438/3438 3437/3437
f 3310/3310 3311/3311 3439/3439
f 3310/3310 3439/3439 3438/3438
f 3311/3311 3312/3312 3440/3440
f 3311/3311 3440/3440 3439/3439
f 3312/3312 3313/3313 3441/3441
f 3312/3312 3441/3441 3440/3440
f 3313/3313 3314/3314 3442/3442
f 3313/3313 3442/3442 3441/3441
f 3314/3314 3315/3315 3443/3443
f 3314/3314 3443/3443 3442/3442
f 3315/3315 3316/3316 3444/3444
f 3315/3315 3444/3444 3443/3443
f 3316/3316 3317/3317 3445/3445
f 3316/3316 3445/3445 3444/3444
f 3317/3317 3318/3318 3446/3446
f 3317/3317 3446/3446 3445/3445
f 3318/3318 3319/3319 3447/3447
f 3318/3318 3447/3447 3446/3446
f 3319/3319 3320/3320 3448/3448
f 3319/3319 3448/3448 3447/3447
f 3320/3320 3321/3321 3449/3449
f 3320/3320 3449/3449 3448/3448
f 3321/3321 3322/3322 3450/3450
f 3321/3321 3450/3450 3449/3449
f 3322/3322 3323/3323 3451/3451
f 3322/3322 3451/3451 3450/3450
f 3323/3323 3324/3324 3452/3452
f 3323/3323 3452/3452 3451/3451
f 3324/3324 3325/3325 3453/3453
f 3324/3324 3453/3453 3452/3452
f 3325/3325 3326/3326 3454/3454
f 3325/3325 3454/3454 3453/3453
f 3326/3326 3327/3327 3455/3455
f 3326/3326 3455/3455 3454/3454
f 3327/3327 3328/3328 3456/3456
f 3327/3327 3456/3456 3455/3455
f 3329/3329 3330/3330 3458/3458
f 3329/3329 3458/3458 3457/3457
f 3330/3330 3331/3331 3459/3459
f 3330/3330 3459/3459 3458/3458
f 3331/3331 3332/3332 3460/3460
f 3331/3331 3460/3460 3459/3459
f 3332/3332 3333/3333 3461/3461
f 3332/3332 3461/3461 3460/3460
f 3333/3333 3334/3334 3462/3462
f 3333/3333 3462/3462 3461/3461
f 3334/3334 3335/3335 3463/3463
f 3334/3334 3463/3463 3462/3462
f 3335/3335 3336/3336 3464/3464
f 3335/3335 3464/3464 3463/3463
f 3336/3336 3337/3337 3465/3465
f 3336/3336 3465/3465 3464/3464
f 3337/3337 3338/3338 3466/3466
f 3337/3337 3466/3466 3465/3465
f 3338/3338 3339/3339 3467/3467
f 3338/3338 3467/3467 3466/3466
f 3339/3339 3340/3340 3468/3468
f 3339/3339 3468/3468 3467/3467
f 3340/3340 3341/3341 3469/3469
f 3340/3340 3469/3469 3468/3468
f 3341/3341 3342/3342 3470/3470
f 3341/3341 3470/3470 3469/3469
f 3342/3342 3343/3343 3471/3471
f 3342/3342 3471/3471 3470/3470
f 3343/3343 3344/3344 3472/3472
f 3343/3343 3472/3472 3471/3471
f 3344/3344 3345/3345 3473/3473
f 3344/3344 3473/3473 3472/3472
f 3345/3345 3346/3346 3474/3474
f 3345/3345 3474/3474 3473/3473
f 3346/3346 3347/3347 3475/3475
f 3346/3346 3475/3475 3474/3474
f 3347/3347 3348/3348 3476/3476
f 3347/3347 3476/3476 3475/3475
f 3348/3348 3349/3349 3477/3477
f 3348/3348 3477/3477 3476/3476
f 3349/3349 3350/3350 3478/3478
f 3349/3349 3478/3478 3477/3477
f 3350/3350 3351/3351 3479/3479
f 3350/3350 3479/3479 3478/3478
f 3351/3351 3352/3352 3480/3480
f 3351/3351 3480/3480 3479/3479
f 3352/3352 3353/3353 3481/3481
f 3352/3352 3481/3481 3480/3480
f 3353/3353 3354/3354 3482/3482
f 3353/3353 3482/3482 3481/3481
f 3354/3354 3355/3355 3483/3483
f 3354/3354 3483/3483 3482/3482
f 3355/3355 3356/3356 3484/3484
f 3355/3355 3484/3484 3483/3483
f 3356/3356 3357/3357 3485/3485
f 3356/3356 3485/3485 3484/3484
f 3357/3357 3358/3358 3486/3486
f 3357/3357 3486/3486 3485/3485
f 3358/3358 3359/3359 3487/3487
f 3358/3358 3487/3487 3486/3486
f 3359/3359 3360/3360 3488/3488
f 3359/3359 3488/3488 3487/3487
f 3360/3360 3361/3361 3489/3489
f 3360/3360 3489/3489 3488/3488
f 3361/3361 3362/3362 3490/3490
f 3361/3361 3490/3490 3489/3489
f 3362/3362 3363/3363 3491/3491
f 3362/3362 3491/3491 3490/3490
f 3363/3363 3364/3364 3492/3492
f 3363/3363 3492/3492 3491/3491
f 3364/3364 3365/3365 3493/3493
f 3364/3364 3493/3493 3492/3492
f 3365/3365 3366/3366 3494/3494
f 3365/3365 3494/3494 3493/3493
f 3366/3366 3367/3367 3495/3495
f 3366/3366 3495/3495 3494/3494
f 3367/3367 3368/3368 3496/3496
f 3367/3367 3496/3496 3495/3495
f 3368/3368 3369/3369 3497/3497
f 3368/3368 3497/3497 3496/3496
f 3369/3369 3370/3370 3498/3498
f 3369/3369 3498/3498 3497/3497
f 3370/3370 3371/3371 3499/3499
f 3370/3370 3499/3499 3498/3498
f 3371/3371 3372/3372 3500/3500
f 3371/3371 3500/3500 3499/3499
f 3372/3372 3373/3373 3501/3501
f 3372/3372 3501/3501 3500/3500
f 3373/3373 3374/3374 3502/3502
f 3373/3373 3502/3502 3501/3501
f 3374/3374 3375/3375 3503/3503
f 3374/3374 3503/3503 3502/3502
f 3375/3375 3376/3376 3504/3504
f 3375/3375 3504/3504 3503/3503
f 3376/3376 3377/3377 3505/3505
f 3376/3376 3505/3505 3504/3504
f 3377/3377 3378/3378 3506/3506
f 3377/3377 3506/3506 3505/3505
f 3378/3378 3379/3379 3507/3507
f 3378/3378 3507/3507 3506/3506
f 3379/3379 3380/3380 3508/3508
f 3379/3379 3508/3508 3507/3507
f 3380/3380 3381/3381 3509/3509
f 3380/3380 3509/3509 3508/3508
f 3381/3381 3382/3382 3510/3510
f 3381/3381 3510/3510 3509/3509
f 3382/3382 3383/3383 3511/3511
f 3382/3382 3511/3511 3510/3510
f 3383/3383 3384/3384 3512/3512
f 3383/3383 3512/3512 3511/3511
f 3384/3384 3385/3385 3513/3513
f 3384/3384 3513/3513 3512/3512
f 3385/3385 3386/3386 3514/3514
f 3385/3385 3514/3514 3513/3513
f 3386/3386 3387/3387 3515/3515
f 3386/3386 3515/3515 3514/3514
f 3387/3387 3388/3388 3516/3516
f 3387/3387 3516/3516 3515/3515
f 3388/3388 3389/3389 3517/3517
f 3388/3388 3517/3517 3516/3516
f 3389/3389 3390/3390 3518/3518
f 3389/3389 3518/3518 3517/3517
f 3390/3390 3391/3391 3519/3519
f 3390/3390 3519/3519 3518/3518
f 3391/3391 3392/3392 3520/3520
f 3391/3391 3520/3520 3519/3519
f 3392/3392 3393/3393 3521/3521
f 3392/3392 3521/3521 3520/3520
f 3393/3393 3394/3394 3522/3522
f 3393/3393 3522/3522 3521/3521
f 3394/3394 3395/3395 3523/3523
f 3394/3394 3523/3523 3522/3522
f 3395/3395 3396/3396 3524/3524
f 3395/3395 3524/3524 3523/3523
f 3396/3396 3397/3397 3525/3525
f 3396/3396 3525/3525 3524/3524
f 3397/3397 3398/3398 3526/3526
f 3397/3397 3526/3526 3525/3525
f 3398/3398 3399/3399 3527/3527
f 3398/3398 3527/3527 3526/3526
f 3399/3399 3400/3400 3528/3528
f 3399/3399 3528/3528 3527/3527
f 3400/3400 3401/3401 3529/3529
f 3400/3400 3529/3529 3528/3528
f 3401/3401 3402/3402 3530/3530
f 3401/3401 3530/3530 3529/3529
f 3402/3402 3403/3403 3531/3531
f 3402/3402 3531/3531 3530/3530
f 3403/3403 3404/3404 3532/3532
f 3403/3403 3532/3532 3531/3531
f 3404/3404 3405/3405 3533/3533
f 3404/3404 3533/3533 3532/3532
f 3405/3405 3406/3406 3534/3534
f 3405/3405 3534/3534 3533/3533
f 3406/3406 3407/3407 3535/3535
f 3406/3406 3535/3535 3534/3534
f 3407/3407 3408/3408 3536/3536
f 3407/3407 3536/3536 3535/3535
f 3408/3408 3409/3409 3537/3537
f 3408/3408 3537/3537 3536/3536
f 3409/3409 3410/3410 3538/3538
f 3409/3409 3538/3538 3537/3537
f 3410/3410 3411/3411 3539/3539
f 3410/3410 3539/3539 3538/3538
f 3411/3411 3412/3412 3540/3540
f 3411/3411 3540/3540 3539/3539
f 3412/3412 3413/3413 3541/3541
f 3412/3412 3541/3541 3540/3540
f 3413/3413 3414/3414 3542/3542
f 3413/3413 3542/3542 3541/3541
f 3414/3414 3415/3415 3543/3543
f 3414/3414 3543/3543 3542/3542
f 3415/3415 3416/3416 3544/3544
f 3415/3415 3544/3544 3543/3543
f 3416/3416 3417/3417 3545/3545
f 3416/3416 3545/3545 3544/3544
f 3417/3417 3418/3418 3546/3546
f 3417/3417 3546/3546 3545/3545
f 3418/3418 3419/3419 3547/3547
f 3418/3418 3547/3547 3546/3546
f 3419/3419 3420/3420 3548/3548
f 3419/3419 3548/3548 3547/3547
f 3420/3420 3421/3421 3549/3549
f 3420/3420 3549/3549 3548/3548
f 3421/3421 3422/3422 3550/3550
f 3421/3421 3550/3550 3549/3549
f 3422/3422 3423/3423 3551/3551
f 3422/3422 3551/3551 3550/3550
f 3423/3423 3424/3424 3552/3552
f 3423/3423 3552/3552 3551/3551
f 3424/3424 3425/3425 3553/3553
f 3424/3424 3553/3553 3552/3552
f 3425/3425 3426/3426 3554/3554
f 3425/3425 3554/3554 3553/3553
f 3426/3426 3427/3427 3555/3555
f 3426/3426 3555/3555 3554/3554
f 3427/3427 3428/3428 3556/3556
f 3427/3427 3556/3556 3555/3555
f 3428/3428 3429/3429 3557/3557
f 3428/3428 3557/3557 3556/3556
f 3429/3429 3430/3430 3558/3558
f 3429/3429 3558/3558 3557/3557
f 3430/3430 3431/3431 3559/3559
f 3430/3430 3559/3559 3558/3558
f 3431/3431 3432/3432 3560/3560
f 3431/3431 3560/3560 3559/3559
f 3432/3432 3433/3433 3561/3561
f 3432/3432 3561/3561 3560/3560
f 3433/3433 3434/3434 3562/3562
f 3433/3433 3562/3562 3561/3561
f 3434/3434 3435/3435 3563/3563
f 3434/3434 3563/3563 3562/3562
f 3435/3435 3436/3436 3564/3564
f 3435/3435 3564/3564 3563/3563
f 3436/3436 3437/3437 3565/3565
f 3436/3436 3565/3565 3564/3564
f 3437/3437 3438/3438 3566/3566
f 3437/3437 3566/3566 3565/3565
f 3438/3438 3439/3439 3567/3567
f 3438/3438 3567/3567 3566/3566
f 3439/3439 3440/3440 3568/3568
f 3439/3439 3568/3568 3567/3567
f 3440/3440 3441/3441 3569/3569
f 3440/3440 3569/3569 3568/3568
f 3441/3441 3442/3442 3570/3570
f 3441/3441 3570/3570 3569/3569
f 3442/3442 3443/3443 3571/3571
f 3442/3442 3571/3571 3570/3570
f 3443/3443 3444/3444 3572/3572
f 3443/3443 3572/3572 3571/3571
f 3444/3444 3445/3445 3573/3573
f 3444/3444 3573/3573 3572/3572
f 3445/3445 3446/3446 3574/3574
f 3445/3445 3574/3574 3573/3573
f 3446/3446 3447/3447 3575/3575
f 3446/3446 3575/3575 3574/3574
f 3447/3447 3448/3448 3576/3576
f 3447/3447 3576/3576 3575/3575
f 3448/3448 3449/3449 3577/3577
f 3448/3448 3577/3577 3576/3576
f 3449/3449 3450/3450 3578/3578
f 3449/3449 3578/3578 3577/3577
f 3450/3450 3451/3451 3579/3579
f 3450/3450 3579/3579 3578/3578
f 3451/3451 3452/3452 3580/3580
f 3451/3451 3580/3580 3579/3579
f 3452/3452 3453/3453 3581/3581
f 3452/3452 3581/3581 3580/3580
f 3453/3453 3454/3454 3582/3582
f 3453/3453 3582/3582 3581/3581
f 3454/3454 3455/3455 3583/3583
f 3454/3454 3583/3583 3582/3582
f 3455/3455 3456/3456 3584/3584
f 3455/3455 3584/3584 3583/3583
f 3457/3457 3458/3458 3586/3586
f 3457/3457 3586/3586 3585/3585
f 3458/3458 3459/3459 3587/3587
f 3458/3458 3587/3587 3586/3586
f 3459/3459 3460/3460 3588/3588
f 3459/3459 3588/3588 3587/3587
f 3460/3460 3461/3461 3589/3589
f 3460/3460 3589/3589 3588/3588
f 3461/3461 3462/3462 3590/3590
f 3461/3461 3590/3590 3589/3589
f 3462/3462 3463/3463 3591/3591
f 3462/3462 3591/3591 3590/3590
f 3463/3463 3464/3464 3592/3592
f 3463/3463 3592/3592 3591/3591
f 3464/3464 3465/3465 3593/3593
f 3464/3464 3593/3593 3592/3592
f 3465/3465 3466/3466 3594/3594
f 3465/3465 3594/3594 3593/3593
f 3466/3466 3467/3467 3595/3595
f 3466/3466 3595/3595 3594/3594
f 3467/3467 3468/3468 3596/3596
f 3467/3467 3596/3596 3595/3595
f 3468/3468 3469/3469 3597/3597
f 3468/3468 3597/3597 3596/3596
f 3469/3469 3470/3470 3598/3598
f 3469/3469 3598/3598 3597/3597
f 3470/3470 3471/3471 3599/3599
f 3470/3470 3599/3599 3598/3598
f 3471/3471 3472/3472 3600/3600
f 3471/3471 3600/3600 3599/3599
f 3472/3472 3473/3473 3601/3601
f 3472/3472 3601/3601 3600/3600
f 3473/3473 3474/3474 3602/3602
f 3473/3473 3602/3602 3601/3601
f 3474/3474 3475/3475 3603/3603
f 3474/3474 3603/3603 3602/3602
f 3475/3475 3476/3476 3604/3604
f 3475/3475 3604/3604 3603/3603
f 3476/3476 3477/3477 3605/3605
f 3476/3476 3605/3605 3604/3604
f 3477/3477 3478/3478 3606/3606
f 3477/3477 3606/3606 3605/3605
f 3478/3478 3479/3479 3607/3607
f 3478/3478 3607/3607 3606/3606
f 3479/3479 3480/3480 3608/3608
f 3479/3479 3608/3608 3607/3607
f 3480/3480 3481/3481 3609/3609
f 3480/3480 3609/3609 3608/3608
f 3481/3481 3482/3482 3610/3610
f 3481/3481 3610/3610 3609/3609
f 3482/3482 3483/3483 3611/3611
f 3482/3482 3611/3611 3610/3610
f 3483/3483 3484/3484 3612/3612
f 3483/3483 3612/3612 3611/3611
f 3484/3484 3485/3485 3613/3613
f 3484/3484 3613/3613 3612/3612
f 3485/3485 3486/3486 3614/3614
f 3485/3485 3614/3614 3613/3613
f 3486/3486 3487/3487 3615/3615
f 3486/3486 3615/3615 3614/3614
f 3487/3487 3488/3488 3616/3616
f 3487/3487 3616/3616 3615/3615
f 3488/3488 3489/3489 3617/3617
f 3488/3488 3617/3617 3616/3616
f 3489/3489 3490/3490 3618/3618
f 3489/3489 3618/3618 3617/3617
f 3490/3490 3491/3491 3619/3619
f 3490/3490 3619/3619 3618/3618
f 3491/3491 3492/3492 3620/3620
f 3491/3491 3620/3620 3619/3619
f 3492/3492 3493/3493 3621/3621
f 3492/3492 3621/3621 3620/3620
f 3493/3493 3494/3494 3622/3622
f 3493/3493 3622/3622 3621/3621
f 3494/3494 3495/3495 3623/3623
f 3494/3494 3623/3623 3622/3622
f 3495/3495 3496/3496 3624/3624
f 3495/3495 3624/3624 3623/3623
f 3496/3496 3497/3497 3625/3625
f 3496/3496 3625/3625 3624/3624
f 3497/3497 3498/3498 3626/3626
f 3497/3497 3626/3626 3625/3625
f 3498/3498 3499/3499 3627/3627
f 3498/3498 3627/3627 3626/3626
f 3499/3499 3500/3500 3628/3628
f 3499/3499 3628/3628 3627/3627
f 3500/3500 3501/3501 3629/3629
f 3500/3500 3629/3629 3628/3628
f 3501/3501 3502/3502 3630/3630
f 3501/3501 3630/3630 3629/3629
f 3502/3502 3503/3503 3631/3631
f 3502/3502 3631/3631 3630/3630
f 3503/3503 3504/3504 3632/3632
f 3503/3503 3632/3632 3631/3631
f 3504/3504 3505/3505 3633/3633
f 3504/3504 3633/3633 3632/3632
f 3505/3505 3506/3506 3634/3634
f 3505/3505 3634/3634 3633/3633
f 3506/3506 3507/3507 3635/3635
f 3506/3506 3635/3635 3634/3634
f 3507/3507 3508/3508 3636/3636
f 3507/3507 3636/3636 3635/3635
f 3508/3508 3509/3509 3637/3637
f 3508/3508 3637/3637 3636/3636
f 3509/3509 3510/3510 3638/3638
f 3509/3509 3638/3638 3637/3637
f 3510/3510 3511/3511 3639/3639
f 3510/3510 3639/3639 3638/3638
f 3511/3511 3512/3512 3640/3640
f 3511/3511 3640/3640 3639/3639
f 3512/3512 3513/3513 3641/3641
f 3512/3512 3641/3641 3640/3640
f 3513/3513 3514/3514 3642/3642
f 3513/3513 3642/3642 3641/3641
f 3514/3514 3515/3515 3643/3643
f 3514/3514 3643/3643 3642/3642
f 3515/3515 3516/3516 3644/3644
f 3515/3515 3644/3644 3643/3643
f 3516/3516 3517/3517 3645/3645
f 3516/3516 3645/3645 3644/3644
f 3517/3517 3518/3518 3646/3646
f 3517/3517 3646/3646 3645/3645
f 3518/3518 3519/3519 3647/3647
f 3518/3518 3647/3647 3646/3646
f 3519/3519 3520/3520 3648/3648
f 3519/3519 3648/3648 3647/3647
f 3520/3520 3521/3521 3649/3649
f 3520/3520 3649/3649 3648/3648
f 3521/3521 3522/3522 3650/3650
f 3521/3521 3650/3650 3649/3649
f 3522/3522 3523/3523 3651/3651
f 3522/3522 3651/3651 3650/3650
f 3523/3523 3524/3524 3652/3652
f 3523/3523 3652/3652 3651/3651
f 3524/3524 3525/3525 3653/3653
f 3524/3524 3653/3653 3652/3652
f 3525/3525 3526/3526 3654/3654
f 3525/3525 3654/3654 3653/3653
f 3526/3526 3527/3527 3655/3655
f 3526/3526 3655/3655 3654/3654
f 3527/3527 3528/3528 3656/3656
f 3527/3527 3656/3656 3655/3655
f 3528/3528 3529/3529 3657/3657
f 3528/3528 3657/3657 3656/3656
f 3529/3529 3530/3530 3658/3658
f 3529/3529 3658/3658 3657/3657
f 3530/3530 3531/3531 3659/3659
f 3530/3530 3659/3659 3658/3658
f 3531/3531 3532/3532 3660/3660
f 3531/3531 3660/3660 3659/3659
f 3532/3532 3533/3533 3661/3661
f 3532/3532 3661/3661 3660/3660
f 3533/3533 3534/3534 3662/3662
f 3533/3533 3662/3662 3661/3661
f 3534/3534 3535/3535 3663/3663
f 3534/3534 3663/3663 3662/3662
f 3535/3535 3536/3536 3664/3664
f 3535/3535 3664/3664 3663/3663
f 3536/3536 3537/3537 3665/3665
f 3536/3536 3665/3665 3664/3664
f 3537/3537 3538/3538 3666/3666
f 3537/3537 3666/3666 3665/3665
f 3538/3538 3539/3539 3667/3667
f 3538/3538 3667/3667 3666/3666
f 3539/3539 3540/3540 3668/3668
f 3539/3539 3668/3668 3667/3667
f 3540/3540 3541/3541 3669/3669
f 3540/3540 3669/3669 3668/3668
f 3541/3541 3542/3542 3670/3670
f 3541/3541 3670/3670 3669/3669
f 3542/3542 3543/3543 3671/3671
f 3542/3542 3671/3671 3670/3670
f 3543/3543 3544/3544 3672/3672
f 3543/3543 3672/3672 3671/3671
f 3544/3544 3545/3545 3673/3673
f 3544/3544 3673/3673 3672/3672
f 3545/3545 3546/3546 3674/3674
f 3545/3545 3674/3674 3673/3673
f 3546/3546 3547/3547 3675/3675
f 3546/3546 3675/3675 3674/3674
f 3547/3547 3548/3548 3676/3676
f 3547/3547 3676/3676 3675/3675
f 3548/3548 3549/3549 3677/3677
f 3548/3548 3677/3677 3676/3676
f 3549/3549 3550/3550 3678/3678
f 3549/3549 3678/3678 3677/3677
f 3550/3550 3551/3551 3679/3679
f 3550/3550 3679/3679 3678/3678
f 3551/3551 3552/3552 3680/3680
f 3551/3551 3680/3680 3679/3679
f 3552/3552 3553/3553 3681/3681
f 3552/3552 3681/3681 3680/3680
f 3553/3553 3554/3554 3682/3682
f 3553/3553 3682/3682 3681/3681
f 3554/3554 3555/3555 3683/3683
f 3554/3554 3683/3683 3682/3682
f 3555/3555 3556/3556 3684/3684
f 3555/3555 3684/3684 3683/3683
f 3556/3556 3557/3557 3685/3685
f 3556/3556 3685/3685 3684/3684
f 3557/3557 3558/3558 3686/3686
f 3557/3557 3686/3686 3685/3685
f 3558/3558 3559/3559 3687/3687
f 3558/3558 3687/3687 3686/3686
f 3559/3559 3560/3560 3688/3688
f 3559/3559 3688/3688 3687/3687
f 3560/3560 3561/3561 3689/3689
f 3560/3560 3689/3689 3688/3688
f 3561/3561 3562/3562 3690/3690
f 3561/3561 3690/3690 3689/3689
f 3562/3562 3563/3563 3691/3691
f 3562/3562 3691/3691 3690/3690
f 3563/3563 3564/3564 3692/3692
f 3563/3563 3692/3692 3691/3691
f 3564/3564 3565/3565 3693/3693
f 3564/3564 3693/3693 3692/3692
f 3565/3565 3566/3566 3694/3694
f 3565/3565 3694/3694 3693/3693
f 3566/3566 3567/3567 3695/3695
f 3566/3566 3695/3695 3694/3694
f 3567/3567 3568/3568 3696/3696
f 3567/3567 3696/3696 3695/3695
f 3568/3568 3569/3569 3697/3697
f 3568/3568 3697/3697 3696/3696
f 3569/3569 3570/3570 3698/3698
f 3569/3569 3698/3698 3697/3697
f 3570/3570 3571/3571 3699/3699
f 3570/3570 3699/3699 3698/3698
f 3571/3571 3572/3572 3700/3700
f 3571/3571 3700/3700 3699/3699
f 3572/3572 3573/3573 3701/3701
f 3572/3572 3701/3701 3700/3700
f 3573/3573 3574/3574 3702/3702
f 3573/3573 3702/3702 3701/3701
f 3574/3574 3575/3575 3703/3703
f 3574/3574 3703/3703 3702/3702
f 3575/3575 3576/3576 3704/3704
f 3575/3575 3704/3704 3703/3703
f 3576/3576 3577/3577 3705/3705
f 3576/3576 3705/3705 3704/3704
f 3577/3577 3578/3578 3706/3706
f 3577/3577 3706/3706 3705/3705
f 3578/3578 3579/3579 3707/3707
f 3578/3578 3707/3707 3706/3706
f 3579/3579 3580/3580 3708/3708
f 3579/3579 3708/3708 3707/3707
f 3580/3580 3581/3581 3709/3709
f 3580/3580 3709/3709 3708/3708
f 3581/3581 3582/3582 3710/3710
f 3581/3581 3710/3710 3709/3709
f 3582/3582 3583/3583 3711/3711
f 3582/3582 3711/3711 3710/3710
f 3583/3583 3584/3584 3712/3712
f 3583/3583 3712/3712 3711/3711
f 3585/3585 3586/3586 3714/3714
f 3585/3585 3714/3714 3713/3713
f 3586/3586 3587/3587 3715/3715
f 3586/3586 3715/3715 3714/3714
f 3587/3587 3588/3588 3716/3716
f 3587/3587 3716/3716 3715/3715
f 3588/3588 3589/3589 3717/3717
f 3588/3588 3717/3717 3716/3716
f 3589/3589 3590/3590 3718/3718
f 3589/3589 3718/3718 3717/3717
f 3590/3590 3591/3591 3719/3719
f 3590/3590 3719/3719 3718/3718
f 3591/3591 3592/3592 3720/3720
f 3591/3591 3720/3720 3719/3719
f 3592/3592 3593/3593 3721/3721
f 3592/3592 3721/3721 3720/3720
f 3593/3593 3594/3594 3722/3722
f 3593/3593 3722/3722 3721/3721
f 3594/3594 3595/3595 3723/3723
f 3594/3594 3723/3723 3722/3722
f 3595/3595 3596/3596 3724/3724
f 3595/3595 3724/3724 3723/3723
f 3596/3596 3597/3597 3725/3725
f 3596/3596 3725/3725 3724/3724
f 3597/3597 3598/3598 3726/3726
f 3597/3597 3726/3726 3725/3725
f 3598/3598 3599/3599 3727/3727
f 3598/3598 3727/3727 3726/3726
f 3599/3599 3600/3600 3728/3728
f 3599/3599 3728/3728 3727/3727
f 3600/3600 3601/3601 3729/3729
f 3600/3600 3729/3729 3728/3728
f 3601/3601 3602/3602 3730/3730
f 3601/3601 3730/3730 3729/3729
f 3602/3602 3603/3603 3731/3731
f 3602/3602 3731/3731 3730/3730
f 3603/3603 3604/3604 3732/3732
f 3603/3603 3732/3732 3731/3731
f 3604/3604 3605/3605 3733/3733
f 3604/3604 3733/3733 3732/3732
f 3605/3605 3606/3606 3734/3734
f 3605/3605 3734/3734 3733/3733
f 3606/3606 3607/3607 3735/3735
f 3606/3606 3735/3735 3734/3734
f 3607/3607 3608/3608 3736/3736
f 3607/3607 3736/3736 3735/3735
f 3608/3608 3609/3609 3737/3737
f 3608/3608 3737/3737 3736/3736
f 3609/3609 3610/3610 3738/3738
f 3609/3609 3738/3738 3737/3737
f 3610/3610 3611/3611 3739/3739
f 3610/3610 3739/3739 3738/3738
f 3611/3611 3612/3612 3740/3740
f 3611/3611 3740/3740 3739/3739
f 3612/3612 3613/3613 3741/3741
f 3612/3612 3741/3741 3740/3740
f 3613/3613 3614/3614 3742/3742
f 3613/3613 3742/3742 3741/3741
f 3614/3614 3615/3615 3743/3743
f 3614/3614 3743/3743 3742/3742
f 3615/3615 3616/3616 3744/3744
f 3615/3615 3744/3744 3743/3743
f 3616/3616 3617/3617 3745/3745
f 3616/3616 3745/3745 3744/3744
f 3617/3617 3618/3618 3746/3746
f 3617/3617 3746/3746 3745/3745
f 3618/3618 3619/3619 3747/3747
f 3618/3618 3747/3747 3746/3746
f 3619/3619 3620/3620 3748/3748
f 3619/3619 3748/3748 3747/3747
f 3620/3620 3621/3621 3749/3749
f 3620/3620 3749/3749 3748/3748
f 3621/3621 3622/3622 3750/3750
f 3621/3621 3750/3750 3749/3749
f 3622/3622 3623/3623 3751/3751
f 3622/3622 3751/3751 3750/3750
f 3623/3623 3624/3624 3752/3752
f 3623/3623 3752/3752 3751/3751
f 3624/3624 3625/3625 3753/3753
f 3624/3624 3753/3753 3752/3752
f 3625/3625 3626/3626 3754/3754
f 3625/3625 3754/3754 3753/3753
f 3626/3626 3627/3627 3755/3755
f 3626/3626 3755/3755 3754/3754
f 3627/3627 3628/3628 3756/3756
f 3627/3627 3756/3756 3755/3755
f 3628/3628 3629/3629 3757/3757
f 3628/3628 3757/3757 3756/3756
f 3629/3629 3630/3630 3758/3758
f 3629/3629 3758/3758 3757/3757
f 3630/3630 3631/3631 3759/3759
f 3630/3630 3759/3759 3758/3758
f 3631/3631 3632/3632 3760/3760
f 3631/3631 3760/3760 3759/3759
f 3632/3632 3633/3633 3761/3761
f 3632/3632 3761/3761 3760/3760
f 3633/3633 3634/3634 3762/3762
f 3633/3633 3762/3762 3761/3761
f 3634/3634 3635/3635 3763/3763
f 3634/3634 3763/3763 3762/3762
f 3635/3635 3636/3636 3764/3764
f 3635/3635 3764/3764 3763/3763
f 3636/3636 3637/3637 3765/3765
f 3636/3636 3765/3765 3764/3764
f 3637/3637 3638/3638 3766/3766
f 3637/3637 3766/3766 3765/3765
f 3638/3638 3639/3639 3767/3767
f 3638/3638 3767/3767 3766/3766
f 3639/3639 3640/3640 3768/3768
f 3639/3639 3768/3768 3767/3767
f 3640/3640 3641/3641 3769/3769
f 3640/3640 3769/3769 3768/3768
f 3641/3641 3642/3642 3770/3770
f 3641/3641 3770/3770 3769/3769
f 3642/3642 3643/3643 3771/3771
f 3642/3642 3771/3771 3770/3770
f 3643/3643 3644/3644 3772/3772
f 3643/3643 3772/3772 3771/3771
f 3644/3644 3645/3645 3773/3773
f 3644/3644 3773/3773 3772/3772
f 3645/3645 3646/3646 3774/3774
f 3645/3645 3774/3774 3773/3773
f 3646/3646 3647/3647 3775/3775
f 3646/3646 3775/3775 3774/3774
f 3647/3647 3648/3648 3776/3776
f 3647/3647 3776/3776 3775/3775
f 3648/3648 3649/3649 3777/3777
f 3648/3648 3777/3777 3776/3776
f 3649/3649 3650/3650 3778/3778
f 3649/3649 3778/3778 3777/3777
f 3650/3650 3651/3651 3779/3779
f 3650/3650 3779/3779 3778/3778
f 3651/3651 3652/3652 3780/3780
f 3651/3651 3780/3780 3779/3779
f 3652/3652 3653/3653 3781/3781
f 3652/3652 3781/3781 3780/3780
f 3653/3653 3654/3654 3782/3782
f 3653/3653 3782/3782 3781/3781
f 3654/3654 3655/3655 3783/3783
f 3654/3654 3783/3783 3782/3782
f 3655/3655 3656/3656 3784/3784
f 3655/3655 3784/3784 3783/3783
f 3656/3656 3657/3657 3785/3785
f 3656/3656 3785/3785 3784/3784
f 3657/3657 3658/3658 3786/3786
f 3657/3657 3786/3786 3785/3785
f 3658/3658 3659/3659 3787/3787
f 3658/3658 3787/3787 3786/3786
f 3659/3659 3660/3660 3788/3788
f 3659/3659 3788/3788 3787/3787
f 3660/3660 3661/3661 3789/3789
f 3660/3660 3789/3789 3788/3788
f 3661/3661 3662/3662 3790/3790
f 3661/3661 3790/3790 3789/3789
f 3662/3662 3663/3663 3791/3791
f 3662/3662 3791/3791 3790/3790
f 3663/3663 3664/3664 3792/3792
f 3663/3663 3792/3792 3791/3791
f 3664/3664 3665/3665 3793/3793
f 3664/3664 3793/3793 3792/3792
f 3665/3665 3666/3666 3794/3794
f 3665/3665 3794/3794 3793/3793
f 3666/3666 3667/3667 3795/3795
f 3666/3666 3795/3795 3794/3794
f 3667/3667 3668/3668 3796/3796
f 3667/3667 3796/3796 3795/3795
f 3668/3668 3669/3669 3797/3797
f 3668/3668 3797/3797 3796/3796
f 3669/3669 3670/3670 3798/3798
f 3669/3669 3798/3798 3797/3797
f 3670/3670 3671/3671 3799/3799
f 3670/3670 3799/3799 3798/3798
f 3671/3671 3672/3672 3800/3800
f 3671/3671 3800/3800 3799/3799
f 3672/3672 3673/3673 3801/3801
f 3672/3672 3801/3801 3800/3800
f 3673/3673 3674/3674 3802/3802
f 3673/3673 3802/3802 3801/3801
f 3674/3674 3675/3675 3803/3803
f 3674/3674 3803/3803 3802/3802
f 3675/3675 3676/3676 3804/3804
f 3675/3675 3804/3804 3803/3803
f 3676/3676 3677/3677 3805/3805
f 3676/3676 3805/3805 3804/3804
f 3677/3677 3678/3678 3806/3806
f 3677/3677 3806/3806 3805/3805
f 3678/3678 3679/3679 3807/3807
f 3678/3678 3807/3807 3806/3806
f 3679/3679 3680/3680 3808/3808
f 3679/3679 3808/3808 3807/3807
f 3680/3680 3681/3681 3809/3809
f 3680/3680 3809/3809 3808/3808
f 3681/3681 3682/3682 3810/3810
f 3681/3681 3810/3810 3809/3809
f 3682/3682 3683/3683 3811/3811
f 3682/3682 3811/3811 3810/3810
f 3683/3683 3684/3684 3812/3812
f 3683/3683 3812/3812 3811/3811
f 3684/3684 3685/3685 3813/3813
f 3684/3684 3813/3813 3812/3812
f 3685/3685 3686/3686 3814/3814
f 3685/3685 3814/3814 3813/3813
f 3686/3686 3687/3687 3815/3815
f 3686/3686 3815/3815 3814/3814
f 3687/3687 3688/3688 3816/3816
f 3687/3687 3816/3816 3815/3815
f 3688/3688 3689/3689 3817/3817
f 3688/3688 3817/3817 3816/3816
f 3689/3689 3690/3690 3818/3818
f 3689/3689 3818/3818 3817/3817
f 3690/3690 3691/3691 3819/3819
f 3690/3690 3819/3819 3818/3818
f 3691/3691 3692/3692 3820/3820
f 3691/3691 3820/3820 3819/3819
f 3692/3692 3693/3693 3821/3821
f 3692/3692 3821/3821 3820/3820
f 3693/3693 3694/3694 3822/3822
f 3693/3693 3822/3822 3821/3821
f 3694/3694 3695/3695 3823/3823
f 3694/3694 3823/3823 3822/3822
f 3695/3695 3696/3696 3824/3824
f 3695/3695 3824/3824 3823/3823
f 3696/3696 3697/3697 3825/3825
f 3696/3696 3825/3825 3824/3824
f 3697/3697 3698/3698 3826/3826
f 3697/3697 3826/3826 3825/3825
f 3698/3698 3699/3699 3827/3827
f 3698/3698 3827/3827 3826/3826
f 3699/3699 3700/3700 3828/3828
f 3699/3699 3828/3828 3827/3827
f 3700/3700 3701/3701 3829/3829
f 3700/3700 3829/3829 3828/3828
f 3701/3701 3702/3702 3830/3830
f 3701/3701 3830/3830 3829/3829
f 3702/3702 3703/3703 3831/3831
f 3702/3702 3831/3831 3830/3830
f 3703/3703 3704/3704 3832/3832
f 3703/3703 3832/3832 3831/3831
f 3704/3704 3705/3705 3833/3833
f 3704/3704 3833/3833 3832/3832
f 3705/3705 3706/3706 3834/3834
f 3705/3705 3834/3834 3833/3833
f 3706/3706 3707/3707 3835/3835
f 3706/3706 3835/3835 3834/3834
f 3707/3707 3708/3708 3836/3836
f 3707/3707 3836/3836 3835/3835
f 3708/3708 3709/3709 3837/3837
f 3708/3708 3837/3837 3836/3836
f 3709/3709 3710/3710 3838/3838
f 3709/3709 3838/3838 3837/3837
f 3710/3710 3711/3711 3839/3839
f 3710/3710 3839/3839 3838/3838
f 3711/3711 3712/3712 3840/3840
f 3711/3711 3840/3840 3839/3839
f 3713/3713 3714/3714 3842/3842
f 3713/3713 3842/3842 3841/3841
f 3714/3714 3715/3715 3843/3843
f 3714/3714 3843/3843 3842/3842
f 3715/3715 3716/3716 3844/3844
f 3715/3715 3844/3844 3843/3843
f 3716/3716 3717/3717 3845/3845
f 3716/3716 3845/3845 3844/3844
f 3717/3717 3718/3718 3846/3846
f 3717/3717 3846/3846 3845/3845
f 3718/3718 3719/3719 3847/3847
f 3718/3718 3847/3847 3846/3846
f 3719/3719 3720/3720 3848/3848
f 3719/3719 3848/3848 3847/3847
f 3720/3720 3721/3721 3849/3849
f 3720/3720 3849/3849 3848/3848
f 3721/3721 3722/3722 3850/3850
f 3721/3721 3850/3850 3849/3849
f 3722/3722 3723/3723 3851/3851
f 3722/3722 3851/3851 3850/3850
f 3723/3723 3724/3724 3852/3852
f 3723/3723 3852/3852 3851/3851
f 3724/3724 3725/3725 3853/3853
f 3724/3724 3853/3853 3852/3852
f 3725/3725 3726/3726 3854/3854
f 3725/3725 3854/3854 3853/3853
f 3726/3726 3727/3727 3855/3855
f 3726/3726 3855/3855 3854/3854
f 3727/3727 3728/3728 3856/3856
f 3727/3727 3856/3856 3855/3855
f 3728/3728 3729/3729 3857/3857
f 3728/3728 3857/3857 3856/3856
f 3729/3729 3730/3730 3858/3858
f 3729/3729 3858/3858 3857/3857
f 3730/3730 3731/3731 3859/3859
f 3730/3730 3859/3859 3858/3858
f 3731/3731 3732/3732 3860/3860
f 3731/3731 3860/3860 3859/3859
f 3732/3732 3733/3733 3861/3861
f 3732/3732 3861/3861 3860/3860
f 3733/3733 3734/3734 3862/3862
f 3733/3733 3862/3862 3861/3861
f 3734/3734 3735/3735 3863/3863
f 3734/3734 3863/3863 3862/3862
f 3735/3735 3736/3736 3864/3864
f 3735/3735 3864/3864 3863/3863
f 3736/3736 3737/3737 3865/3865
f 3736/3736 3865/3865 3864/3864
f 3737/3737 3738/3738 3866/3866
f 3737/3737 3866/3866 3865/3865
f 3738/3738 3739/3739 3867/3867
f 3738/3738 3867/3867 3866/3866
f 3739/3739 3740/3740 3868/3868
f 3739/3739 3868/3868 3867/3867
f 3740/3740 3741/3741 3869/3869
f 3740/3740 3869/3869 3868/3868
f 3741/3741 3742/3742 3870/3870
f 3741/3741 3870/3870 3869/3869
f 3742/3742 3743/3743 3871/3871
f 3742/3742 3871/3871 3870/3870
f 3743/3743 3744/3744 3872/3872
f 3743/3743 3872/3872 3871/3871
f 3744/3744 3745/3745 3873/3873
f 3744/3744 3873/3873 3872/3872
f 3745/3745 3746/3746 3874/3874
f 3745/3745 3874/3874 3873/3873
f 3746/3746 3747/3747 3875/3875
f 3746/3746 3875/3875 3874/3874
f 3747/3747 3748/3748 3876/3876
f 3747/3747 3876/3876 3875/3875
f 3748/3748 3749/3749 3877/3877
f 3748/3748 3877/3877 3876/3876
f 3749/3749 3750/3750 3878/3878
f 3749/3749 3878/3878 3877/3877
f 3750/3750 3751/3751 3879/3879
f 3750/3750 3879/3879 3878/3878
f 3751/3751 3752/3752 3880/3880
f 3751/3751 3880/3880 3879/3879
f 3752/3752 3753/3753 3881/3881
f 3752/3752 3881/3881 3880/3880
f 3753/3753 3754/3754 3882/3882
f 3753/3753 3882/3882 3881/3881
f 3754/3754 3755/3755 3883/3883
f 3754/3754 3883/3883 3882/3882
f 3755/3755 3756/3756 3884/3884
f 3755/3755 3884/3884 3883/3883
f 3756/3756 3757/3757 3885/3885
f 3756/3756 3885/3885 3884/3884
f 3757/3757 3758/3758 3886/3886
f 3757/3757 3886/3886 3885/3885
f 3758/3758 3759/3759 3887/3887
f 3758/3758 3887/3887 3886/3886
f 3759/3759 3760/3760 3888/3888
f 3759/3759 3888/3888 3887/3887
f 3760/3760 3761/3761 3889/3889
f 3760/3760 3889/3889 3888/3888
f 3761/3761 3762/3762 3890/3890
f 3761/3761 3890/3890 3889/3889
f 3762/3762 3763/3763 3891/3891
f 3762/3762 3891/3891 3890/3890
f 3763/3763 3764/3764 3892/3892
f 3763/3763 3892/3892 3891/3891
f 3764/3764 3765/3765 3893/3893
f 3764/3764 3893/3893 3892/3892
f 3765/3765 3766/3766 3894/3894
f 3765/3765 3894/3894 3893/3893
f 3766/3766 3767/3767 3895/3895
f 3766/3766 3895/3895 3894/3894
f 3767/3767 3768/3768 3896/3896
f 3767/3767 3896/3896 3895/3895
f 3768/3768 3769/3769 3897/3897
f 3768/3768 3897/3897 3896/3896
f 3769/3769 3770/3770 3898/3898
f 3769/3769 3898/3898 3897/3897
f 3770/3770 3771/3771 3899/3899
f 3770/3770 3899/3899 3898/3898
f 3771/3771 3772/3772 3900/3900
f 3771/3771 3900/3900 3899/3899
f 3772/3772 3773/3773 3901/3901
f 3772/3772 3901/3901 3900/3900
f 3773/3773 3774/3774 3902/3902
f 3773/3773 3902/3902 3901/3901
f 3774/3774 3775/3775 3903/3903
f 3774/3774 3903/3903 3902/3902
f 3775/3775 3776/3776 3904/3904
f 3775/3775 3904/3904 3903/3903
f 3776/3776 3777/3777 3905/3905
f 3776/3776 3905/3905 3904/3904
f 3777/3777 3778/3778 3906/3906
f 3777/3777 3906/3906 3905/3905
f 3778/3778 3779/3779 3907/3907
f 3778/3778 3907/3907 3906/3906
f 3779/3779 3780/3780 3908/3908
f 3779/3779 3908/3908 3907/3907
f 3780/3780 3781/3781 3909/3909
f 3780/3780 3909/3909 3908/3908
f 3781/3781 3782/3782 3910/3910
f 3781/3781 3910/3910 3909/3909
f 3782/3782 3783/3783 3911/3911
f 3782/3782 3911/3911 3910/3910
f 3783/3783 3784/3784 3912/3912
f 3783/3783 3912/3912 3911/3911
f 3784/3784 3785/3785 3913/3913
f 3784/3784 3913/3913 3912/3912
f 3785/3785 3786/3786 3914/3914
f 3785/3785 3914/3914 3913/3913
f 3786/3786 3787/3787 3915/3915
f 3786/3786 3915/3915 3914/3914
f 3787/3787 3788/3788 3916/3916
f 3787/3787 3916/3916 3915/3915
f 3788/3788 3789/3789 3917/3917
f 3788/3788 3917/3917 3916/3916
f 3789/3789 3790/3790 3918/3918
f 3789/3789 3918/3918 3917/3917
f 3790/3790 3791/3791 3919/3919
f 3790/3790 3919/3919 3918/3918
f 3791/3791 3792/3792 3920/3920
f 3791/3791 3920/3920 3919/3919
f 3792/3792 3793/3793 3921/3921
f 3792/3792 3921/3921 3920/3920
f 3793/3793 3794/3794 3922/3922
f 3793/3793 3922/3922 3921/3921
f 3794/3794 3795/3795 3923/3923
f 3794/3794 3923/3923 3922/3922
f 3795/3795 3796/3796 3924/3924
f 3795/3795 3924/3924 3923/3923
f 3796/3796 3797/3797 3925/3925
f 3796/3796 3925/3925 3924/3924
f 3797/3797 3798/3798 3926/3926
f 3797/3797 3926/3926 3925/3925
f 3798/3798 3799/3799 3927/3927
f 3798/3798 3927/3927 3926/3926
f 3799/3799 3800/3800 3928/3928
f 3799/3799 3928/3928 3927/3927
f 3800/3800 3801/3801 3929/3929
f 3800/3800 3929/3929 3928/3928
f 3801/3801 3802/3802 3930/3930
f 3801/3801 3930/3930 3929/3929
f 3802/3802 3803/3803 3931/3931
f 3802/3802 3931/3931 3930/3930
f 3803/3803 3804/3804 3932/3932
f 3803/3803 3932/3932 3931/3931
f 3804/3804 3805/3805 3933/3933
f 3804/3804 3933/3933 3932/3932
f 3805/3805 3806/3806 3934/3934
f 3805/3805 3934/3934 3933/3933
f 3806/3806 3807/3807 3935/3935
f 3806/3806 3935/3935 3934/3934
f 3807/3807 3808/3808 3936/3936
f 3807/3807 3936/3936 3935/3935
f 3808/3808 3809/3809 3937/3937
f 3808/3808 3937/3937 3936/3936
f 3809/3809 3810/3810 3938/3938
f 3809/3809 3938/3938 3937/3937
f 3810/3810 3811/3811 3939/3939
f 3810/3810 3939/3939 3938/3938
f 3811/3811 3812/3812 3940/3940
f 3811/3811 3940/3940 3939/3939
f 3812/3812 3813/3813 3941/3941
f 3812/3812 3941/3941 3940/3940
f 3813/3813 3814/3814 3942/3942
f 3813/3813 3942/3942 3941/3941
f 3814/3814 3815/3815 3943/3943
f 3814/3814 3943/3943 3942/3942
f 3815/3815 3816/3816 3944/3944
f 3815/3815 3944/3944 3943/3943
f 3816/3816 3817/3817 3945/3945
f 3816/3816 3945/3945 3944/3944
f 3817/3817 3818/3818 3946/3946
f 3817/3817 3946/3946 3945/3945
f 3818/3818 3819/3819 3947/3947
f 3818/3818 3947/3947 3946/3946
f 3819/3819 3820/3820 3948/3948
f 3819/3819 3948/3948 3947/3947
f 3820/3820 3821/3821 3949/3949
f 3820/3820 3949/3949 3948/3948
f 3821/3821 3822/3822 3950/3950
f 3821/3821 3950/3950 3949/3949
f 3822/3822 3823/3823 3951/3951
f 3822/3822 3951/3951 3950/3950
f 3823/3823 3824/3824 3952/3952
f 3823/3823 3952/3952 3951/3951
f 3824/3824 3825/3825 3953/3953
f 3824/3824 3953/3953 3952/3952
f 3825/3825 3826/3826 3954/3954
f 3825/3825 3954/3954 3953/3953
f 3826/3826 3827/3827 3955/3955
f 3826/3826 3955/3955 3954/3954
f 3827/3827 3828/3828 3956/3956
f 3827/3827 3956/3956 3955/3955
f 3828/3828 3829/3829 3957/3957
f 3828/3828 3957/3957 3956/3956
f 3829/3829 3830/3830 3958/3958
f 3829/3829 3958/3958 3957/3957
f 3830/3830 3831/3831 3959/3959
f 3830/3830 3959/3959 3958/3958
f 3831/3831 3832/3832 3960/3960
f 3831/3831 3960/3960 3959/3959
f 3832/3832 3833/3833 3961/3961
f 3832/3832 3961/3961 3960/3960
f 3833/3833 3834/3834 3962/3962
f 3833/3833 3962/3962 3961/3961
f 3834/3834 3835/3835 3963/3963
f 3834/3834 3963/3963 3962/3962
f 3835/3835 3836/3836 3964/3964
f 3835/3835 3964/3964 3963/3963
f 3836/3836 3837/3837 3965/3965
f 3836/3836 3965/3965 3964/3964
f 3837/3837 3838/3838 3966/3966
f 3837/3837 3966/3966 3965/3965
f 3838/3838 3839/3839 3967/3967
f 3838/3838 3967/3967 3966/3966
f 3839/3839 3840/3840 3968/3968
f 3839/3839 3968/3968 3967/3967
f 3841/3841 3842/3842 3970/3970
f 3841/3841 3970/3970 3969/3969
f 3842/3842 3843/3843 3971/3971
f 3842/3842 3971/3971 3970/3970
f 3843/3843 3844/3844 3972/3972
f 3843/3843 3972/3972 3971/3971
f 3844/3844 3845/3845 3973/3973
f 3844/3844 3973/3973 3972/3972
f 3845/3845 3846/3846 3974/3974
f 3845/3845 3974/3974 3973/3973
f 3846/3846 3847/3847 3975/3975
f 3846/3846 3975/3975 3974/3974
f 3847/3847 3848/3848 3976/3976
f 3847/3847 3976/3976 3975/3975
f 3848/3848 3849/3849 3977/3977
f 3848/3848 3977/3977 3976/3976
f 3849/3849 3850/3850 3978/3978
f 3849/3849 3978/3978 3977/3977
f 3850/3850 3851/3851 3979/3979
f 3850/3850 3979/3979 3978/3978
f 3851/3851 3852/3852 3980/3980
f 3851/3851 3980/3980 3979/3979
f 3852/3852 3853/3853 3981/3981
f 3852/3852 3981/3981 3980/3980
f 3853/3853 3854/3854 3982/3982
f 3853/3853 3982/3982 3981/3981
f 3854/3854 3855/3855 3983/3983
f 3854/3854 3983/3983 3982/3982
f 3855/3855 3856/3856 3984/3984
f 3855/3855 3984/3984 3983/3983
f 3856/3856 3857/3857 3985/3985
f 3856/3856 3985/3985 3984/3984
f 3857/3857 3858/3858 3986/3986
f 3857/3857 3986/3986 3985/3985
f 3858/3858 3859/3859 3987/3987
f 3858/3858 3987/3987 3986/3986
f 3859/3859 3860/3860 3988/3988
f 3859/3859 3988/3988 3987/3987
f 3860/3860 3861/3861 3989/3989
f 3860/3860 3989/3989 3988/3988
f 3861/3861 3862/3862 3990/3990
f 3861/3861 3990/3990 3989/3989
f 3862/3862 3863/3863 3991/3991
f 3862/3862 3991/3991 3990/3990
f 3863/3863 3864/3864 3992/3992
f 3863/3863 3992/3992 3991/3991
f 3864/3864 3865/3865 3993/3993
f 3864/3864 3993/3993 3992/3992
f 3865/3865 3866/3866 3994/3994
f 3865/3865 3994/3994 3993/3993
f 3866/3866 3867/3867 3995/3995
f 3866/3866 3995/3995 3994/3994
f 3867/3867 3868/3868 3996/3996
f 3867/3867 3996/3996 3995/3995
f 3868/3868 3869/3869 3997/3997
f 3868/3868 3997/3997 3996/3996
f 3869/3869 3870/3870 3998/3998
f 3869/3869 3998/3998 3997/3997
f 3870/3870 3871/3871 3999/3999
f 3870/3870 3999/3999 3998/3998
f 3871/3871 3872/3872 4000/4000
f 3871/3871 4000/4000 3999/3999
f 3872/3872 3873/3873 4001/4001
f 3872/3872 4001/4001 4000/4000
f 3873/3873 3874/3874 4002/4002
f 3873/3873 4002/4002 4001/4001
f 3874/3874 3875/3875 4003/4003
f 3874/3874 4003/4003 4002/4002
f 3875/3875 3876/3876 4004/4004
f 3875/3875 4004/4004 4003/4003
f 3876/3876 3877/3877 4005/4005
f 3876/3876 4005/4005 4004/4004
f 3877/3877 3878/3878 4006/4006
f 3877/3877 4006/4006 4005/4005
f 3878/3878 3879/3879 4007/4007
f 3878/3878 4007/4007 4006/4006
f 3879/3879 3880/3880 4008/4008
f 3879/3879 4008/4008 4007/4007
f 3880/3880 3881/3881 4009/4009
f 3880/3880 4009/4009 4008/4008
f 3881/3881 3882/3882 4010/4010
f 3881/3881 4010/4010 4009/4009
f 3882/3882 3883/3883 4011/4011
f 3882/3882 4011/4011 4010/4010
f 3883/3883 3884/3884 4012/4012
f 3883/3883 4012/4012 4011/4011
f 3884/3884 3885/3885 4013/4013
f 3884/3884 4013/4013 4012/4012
f 3885/3885 3886/3886 4014/4014
f 3885/3885 4014/4014 4013/4013
f 3886/3886 3887/3887 4015/4015
f 3886/3886 4015/4015 4014/4014
f 3887/3887 3888/3888 4016/4016
f 3887/3887 4016/4016 4015/4015
f 3888/3888 3889/3889 4017/4017
f 3888/3888 4017/4017 4016/4016
f 3889/3889 3890/3890 4018/4018
f 3889/3889 4018/4018 4017/4017
f 3890/3890 3891/3891 4019/4019
f 3890/3890 4019/4019 4018/4018
f 3891/3891 3892/3892 4020/4020
f 3891/3891 4020/4020 4019/4019
f 3892/3892 3893/3893 4021/4021
f 3892/3892 4021/4021 4020/4020
f 3893/3893 3894/3894 4022/4022
f 3893/3893 4022/4022 4021/4021
f 3894/3894 3895/3895 4023/4023
f 3894/3894 4023/4023 4022/4022
f 3895/3895 3896/3896 4024/4024
f 3895/3895 4024/4024 4023/4023
f 3896/3896 3897/3897 4025/4025
f 3896/3896 4025/4025 4024/4024
f 3897/3897 3898/3898 4026/4026
f 3897/3897 4026/4026 4025/4025
f 3898/3898 3899/3899 4027/4027
f 3898/3898 4027/4027 4026/4026
f 3899/3899 3900/3900 4028/4028
f 3899/3899 4028/4028 4027/4027
f 3900/3900 3901/3901 4029/4029
f 3900/3900 4029/4029 4028/4028
f 3901/3901 3902/3902 4030/4030
f 3901/3901 4030/4030 4029/4029
f 3902/3902 3903/3903 4031/4031
f 3902/3902 4031/4031 4030/4030
f 3903/3903 3904/3904 4032/4032
f 3903/3903 4032/4032 4031/4031
f 3904/3904 3905/3905 4033/4033
f 3904/3904 4033/4033 4032/4032
f 3905/3905 3906/3906 4034/4034
f 3905/3905 4034/4034 4033/4033
f 3906/3906 3907/3907 4035/4035
f 3906/3906 4035/4035 4034/4034
f 3907/3907 3908/3908 4036/4036
f 3907/3907 4036/4036 4035/4035
f 3908/3908 3909/3909 4037/4037
f 3908/3908 4037/4037 4036/4036
f 3909/3909 3910/3910 4038/4038
f 3909/3909 4038/4038 4037/4037
f 3910/3910 3911/3911 4039/4039
f 3910/3910 4039/4039 4038/4038
f 3911/3911 3912/3912 4040/4040
f 3911/3911 4040/4040 4039/4039
f 3912/3912 3913/3913 4041/4041
f 3912/3912 4041/4041 4040/4040
f 3913/3913 3914/3914 4042/4042
f 3913/3913 4042/4042 4041/4041
f 3914/3914 3915/3915 4043/4043
f 3914/3914 4043/4043 4042/4042
f 3915/3915 3916/3916 4044/4044
f 3915/3915 4044/4044 4043/4043
f 3916/3916 3917/3917 4045/4045
f 3916/3916 4045/4045 4044/4044
f 3917/3917 3918/3918 4046/4046
f 3917/3917 4046/4046 4045/4045
f 3918/3918 3919/3919 4047/4047
f 3918/3918 4047/4047 4046/4046
f 3919/3919 3920/3920 4048/4048
f 3919/3919 4048/4048 4047/4047
f 3920/3920 3921/3921 4049/4049
f 3920/3920 4049/4049 4048/4048
f 3921/3921 3922/3922 4050/4050
f 3921/3921 4050/4050 4049/4049
f 3922/3922 3923/3923 4051/4051
f 3922/3922 4051/4051 4050/4050
f 3923/3923 3924/3924 4052/4052
f 3923/3923 4052/4052 4051/4051
f 3924/3924 3925/3925 4053/4053
f 3924/3924 4053/4053 4052/4052
f 3925/3925 3926/3926 4054/4054
f 3925/3925 4054/4054 4053/4053
f 3926/3926 3927/3927 4055/4055
f 3926/3926 4055/4055 4054/4054
f 3927/3927 3928/3928 4056/4056
f 3927/3927 4056/4056 4055/4055
f 3928/3928 3929/3929 4057/4057
f 3928/3928 4057/4057 4056/4056
f 3929/3929 3930/3930 4058/4058
f 3929/3929 4058/4058 4057/4057
f 3930/3930 3931/3931 4059/4059
f 3930/3930 4059/4059 4058/4058
f 3931/3931 3932/3932 4060/4060
f 3931/3931 4060/4060 4059/4059
f 3932/3932 3933/3933 4061/4061
f 3932/3932 4061/4061 4060/4060
f 3933/3933 3934/3934 4062/4062
f 3933/3933 4062/4062 4061/4061
f 3934/3934 3935/3935 4063/4063
f 3934/3934 4063/4063 4062/4062
f 3935/3935 3936/3936 4064/4064
f 3935/3935 4064/4064 4063/4063
f 3936/3936 3937/3937 4065/4065
f 3936/3936 4065/4065 4064/4064
f 3937/3937 3938/3938 4066/4066
f 3937/3937 4066/4066 4065/4065
f 3938/3938 3939/3939 4067/4067
f 3938/3938 4067/4067 4066/4066
f 3939/3939 3940/3940 4068/4068
f 3939/3939 4068/4068 4067/4067
f 3940/3940 3941/3941 4069/4069
f 3940/3940 4069/4069 4068/4068
f 3941/3941 3942/3942 4070/4070
f 3941/3941 4070/4070 4069/4069
f 3942/3942 3943/3943 4071/4071
f 3942/3942 4071/4071 4070/4070
f 3943/3943 3944/3944 4072/4072
f 3943/3943 4072/4072 4071/4071
f 3944/3944 3945/3945 4073/4073
f 3944/3944 4073/4073 4072/4072
f 3945/3945 3946/3946 4074/4074
f 3945/3945 4074/4074 4073/4073
f 3946/3946 3947/3947 4075/4075
f 3946/3946 4075/4075 4074/4074
f 3947/3947 3948/3948 4076/4076
f 3947/3947 4076/4076 4075/4075
f 3948/3948 3949/3949 4077/4077
f 3948/3948 4077/4077 4076/4076
f 3949/3949 3950/3950 4078/4078
f 3949/3949 4078/4078 4077/4077
f 3950/3950 3951/3951 4079/4079
f 3950/3950 4079/4079 4078/4078
f 3951/3951 3952/3952 4080/4080
f 3951/3951 4080/4080 4079/4079
f 3952/3952 3953/3953 4081/4081
f 3952/3952 4081/4081 4080/4080
f 3953/3953 3954/3954 4082/4082
f 3953/3953 4082/4082 4081/4081
f 3954/3954 3955/3955 4083/4083
f 3954/3954 4083/4083 4082/4082
f 3955/3955 3956/3956 4084/4084
f 3955/3955 4084/4084 4083/4083
f 3956/3956 3957/3957 4085/4085
f 3956/3956 4085/4085 4084/4084
f 3957/3957 3958/3958 4086/4086
f 3957/3957 4086/4086 4085/4085
f 3958/3958 3959/3959 4087/4087
f 3958/3958 4087/4087 4086/4086
f 3959/3959 3960/3960 4088/4088
f 3959/3959 4088/4088 4087/4087
f 3960/3960 3961/3961 4089/4089
f 3960/3960 4089/4089 4088/4088
f 3961/3961 3962/3962 4090/4090
f 3961/3961 4090/4090 4089/4089
f 3962/3962 3963/3963 4091/4091
f 3962/3962 4091/4091 4090/4090
f 3963/3963 3964/3964 4092/4092
f 3963/3963 4092/4092 4091/4091
f 3964/3964 3965/3965 4093/4093
f 3964/3964 4093/4093 4092/4092
f 3965/3965 3966/3966 4094/4094
f 3965/3965 4094/4094 4093/4093
f 3966/3966 3967/3967 4095/4095
f 3966/3966 4095/4095 4094/4094
f 3967/3967 3968/3968 4096/4096
f 3967/3967 4096/4096 4095/4095
f 3969/3969 3970/3970 4098/4098
f 3969/3969 4098/4098 4097/4097
f 3970/3970 3971/3971 4099/4099
f 3970/3970 4099/4099 4098/4098
f 3971/3971 3972/3972 4100/4100
f 3971/3971 4100/4100 4099/4099
f 3972/3972 3973/3973 4101/4101
f 3972/3972 4101/4101 4100/4100
f 3973/3973 3974/3974 4102/4102
f 3973/3973 4102/4102 4101/4101
f 3974/3974 3975/3975 4103/4103
f 3974/3974 4103/4103 4102/4102
f 3975/3975 3976/3976 4104/4104
f 3975/3975 4104/4104 4103/4103
f 3976/3976 3977/3977 4105/4105
f 3976/3976 4105/4105 4104/4104
f 3977/3977 3978/3978 4106/4106
f 3977/3977 4106/4106 4105/4105
f 3978/3978 3979/3979 4107/4107
f 3978/3978 4107/4107 4106/4106
f 3979/3979 3980/3980 4108/4108
f 3979/3979 4108/4108 4107/4107
f 3980/3980 3981/3981 4109/4109
f 3980/3980 4109/4109 4108/4108
f 3981/3981 3982/3982 4110/4110
f 3981/3981 4110/4110 4109/4109
f 3982/3982 3983/3983 4111/4111
f 3982/3982 4111/4111 4110/4110
f 3983/3983 3984/3984 4112/4112
f 3983/3983 4112/4112 4111/4111
f 3984/3984 3985/3985 4113/4113
f 3984/3984 4113/4113 4112/4112
f 3985/3985 3986/3986 4114/4114
f 3985/3985 4114/4114 4113/4113
f 3986/3986 3987/3987 4115/4115
f 3986/3986 4115/4115 4114/4114
f 3987/3987 3988/3988 4116/4116
f 3987/3987 4116/4116 4115/4115
f 3988/3988 3989/3989 4117/4117
f 3988/3988 4117/4117 4116/4116
f 3989/3989 3990/3990 4118/4118
f 3989/3989 4118/4118 4117/4117
f 3990/3990 3991/3991 4119/4119
f 3990/3990 4119/4119 4118/4118
f 3991/3991 3992/3992 4120/4120
f 3991/3991 4120/4120 4119/4119
f 3992/3992 3993/3993 4121/4121
f 3992/3992 4121/4121 4120/4120
f 3993/3993 3994/3994 4122/4122
f 3993/3993 4122/4122 4121/4121
f 3994/3994 3995/3995 4123/4123
f 3994/3994 4123/4123 4122/4122
f 3995/3995 3996/3996 4124/4124
f 3995/3995 4124/4124 4123/4123
f 3996/3996 3997/3997 4125/4125
f 3996/3996 4125/4125 4124/4124
f 3997/3997 3998/3998 4126/4126
f 3997/3997 4126/4126 4125/4125
f 3998/3998 3999/3999 4127/4127
f 3998/3998 4127/4127 4126/4126
f 3999/3999 4000/4000 4128/4128
f 3999/3999 4128/4128 4127/4127
f 4000/4000 4001/4001 4129/4129
f 4000/4000 4129/4129 4128/4128
f 4001/4001 4002/4002 4130/4130
f 4001/4001 4130/4130 4129/4129
f 4002/4002 4003/4003 4131/4131
f 4002/4002 4131/4131 4130/4130
f 4003/4003 4004/4004 4132/4132
f 4003/4003 4132/4132 4131/4131
f 4004/4004 4005/4005 4133/4133
f 4004/4004 4133/4133 4132/4132
f 4005/4005 4006/4006 4134/4134
f 4005/4005 4134/4134 4133/4133
f 4006/4006 4007/4007 4135/4135
f 4006/4006 4135/4135 4134/4134
f 4007/4007 4008/4008 4136/4136
f 4007/4007 4136/4136 4135/4135
f 4008/4008 4009/4009 4137/4137
f 4008/4008 4137/4137 4136/4136
f 4009/4009 4010/4010 4138/4138
f 4009/4009 4138/4138 4137/4137
f 4010/4010 4011/4011 4139/4139
f 4010/4010 4139/4139 4138/4138
f 4011/4011 4012/4012 4140/4140
f 4011/4011 4140/4140 4139/4139
f 4012/4012 4013/4013 4141/4141
f 4012/4012 4141/4141 4140/4140
f 4013/4013 4014/4014 4142/4142
f 4013/4013 4142/4142 4141/4141
f 4014/4014 4015/4015 4143/4143
f 4014/4014 4143/4143 4142/4142
f 4015/4015 4016/4016 4144/4144
f 4015/4015 4144/4144 4143/4143
f 4016/4016 4017/4017 4145/4145
f 4016/4016 4145/4145 4144/4144
f 4017/4017 4018/4018 4146/4146
f 4017/4017 4146/4146 4145/4145
f 4018/4018 4019/4019 4147/4147
f 4018/4018 4147/4147 4146/4146
f 4019/4019 4020/4020 4148/4148
f 4019/4019 4148/4148 4147/4147
f 4020/4020 4021/4021 4149/4149
f 4020/4020 4149/4149 4148/4148
f 4021/4021 4022/4022 4150/4150
f 4021/4021 4150/4150 4149/4149
f 4022/4022 4023/4023 4151/4151
f 4022/4022 4151/4151 4150/4150
f 4023/4023 4024/4024 4152/4152
f 4023/4023 4152/4152 4151/4151
f 4024/4024 4025/4025 4153/4153
f 4024/4024 4153/4153 4152/4152
f 4025/4025 4026/4026 4154/4154
f 4025/4025 4154/4154 4153/4153
f 4026/4026 4027/4027 4155/4155
f 4026/4026 4155/4155 4154/4154
f 4027/4027 4028/4028 4156/4156
f 4027/4027 4156/4156 4155/4155
f 4028/4028 4029/4029 4157/4157
f 4028/4028 4157/4157 4156/4156
f 4029/4029 4030/4030 4158/4158
f 4029/4029 4158/4158 4157/4157
f 4030/4030 4031/4031 4159/4159
f 4030/4030 4159/4159 4158/4158
f 4031/4031 4032/4032 4160/4160
f 4031/4031 4160/4160 4159/4159
f 4032/4032 4033/4033 4161/4161
f 4032/4032 4161/4161 4160/4160
f 4033/4033 4034/4034 4162/4162
f 4033/4033 4162/4162 4161/4161
f 4034/4034 4035/4035 4163/4163
f 4034/4034 4163/4163 4162/4162
f 4035/4035 4036/4036 4164/4164
f 4035/4035 4164/4164 4163/4163
f 4036/4036 4037/4037 4165/4165
f 4036/4036 4165/4165 4164/4164
f 4037/4037 4038/4038 4166/4166
f 4037/4037 4166/4166 4165/4165
f 4038/4038 4039/4039 4167/4167
f 4038/4038 4167/4167 4166/4166
f 4039/4039 4040/4040 4168/4168
f 4039/4039 4168/4168 4167/4167
f 4040/4040 4041/4041 4169/4169
f 4040/4040 4169/4169 4168/4168
f 4041/4041 4042/4042 4170/4170
f 4041/4041 4170/4170 4169/4169
f 4042/4042 4043/4043 4171/4171
f 4042/4042 4171/4171 4170/4170
f 4043/4043 4044/4044 4172/4172
f 4043/4043 4172/4172 4171/4171
f 4044/4044 4045/4045 4173/4173
f 4044/4044 4173/4173 4172/4172
f 4045/4045 4046/4046 4174/4174
f 4045/4045 4174/4174 4173/4173
f 4046/4046 4047/4047 4175/4175
f 4046/4046 4175/4175 4174/4174
f 4047/4047 4048/4048 4176/4176
f 4047/4047 4176/4176 4175/4175
f 4048/4048 4049/4049 4177/4177
f 4048/4048 4177/4177 4176/4176
f 4049/4049 4050/4050 4178/4178
f 4049/4049 4178/4178 4177/4177
f 4050/4050 4051/4051 4179/4179
f 4050/4050 4179/4179 4178/4178
f 4051/4051 4052/4052 4180/4180
f 4051/4051 4180/4180 4179/4179
f 4052/4052 4053/4053 4181/4181
f 4052/4052 4181/4181 4180/4180
f 4053/4053 4054/4054 4182/4182
f 4053/4053 4182/4182 4181/4181
f 4054/4054 4055/4055 4183/4183
f 4054/4054 4183/4183 4182/4182
f 4055/4055 4056/4056 4184/4184
f 4055/4055 4184/4184 4183/4183
f 4056/4056 4057/4057 4185/4185
f 4056/4056 4185/4185 4184/4184
f 4057/4057 4058/4058 4186/4186
f 4057/4057 4186/4186 4185/4185
f 4058/4058 4059/4059 4187/4187
f 4058/4058 4187/4187 4186/4186
f 4059/4059 4060/4060 4188/4188
f 4059/4059 4188/4188 4187/4187
f 4060/4060 4061/4061 4189/4189
f 4060/4060 4189/4189 4188/4188
f 4061/4061 4062/4062 4190/4190
f 4061/4061 4190/4190 4189/4189
f 4062/4062 4063/4063 4191/4191
f 4062/4062 4191/4191 4190/4190
f 4063/4063 4064/4064 4192/4192
f 4063/4063 4192/4192 4191/4191
f 4064/4064 4065/4065 4193/4193
f 4064/4064 4193/4193 4192/4192
f 4065/4065 4066/4066 4194/4194
f 4065/4065 4194/4194 4193/4193
f 4066/4066 4067/4067 4195/4195
f 4066/4066 4195/4195 4194/4194
f 4067/4067 4068/4068 4196/4196
f 4067/4067 4196/4196 4195/4195
f 4068/4068 4069/4069 4197/4197
f 4068/4068 4197/4197 4196/4196
f 4069/4069 4070/4070 4198/4198
f 4069/4069 4198/4198 4197/4197
f 4070/4070 4071/4071 4199/4199
f 4070/4070 4199/4199 4198/4198
f 4071/4071 4072/4072 4200/4200
f 4071/4071 4200/4200 4199/4199
f 4072/4072 4073/4073 4201/4201
f 4072/4072 4201/4201 4200/4200
f 4073/4073 4074/4074 4202/4202
f 4073/4073 4202/4202 4201/4201
f 4074/4074 4075/4075 4203/4203
f 4074/4074 4203/4203 4202/4202
f 4075/4075 4076/4076 4204/4204
f 4075/4075 4204/4204 4203/4203
f 4076/4076 4077/4077 4205/4205
f 4076/4076 4205/4205 4204/4204
f 4077/4077 4078/4078 4206/4206
f 4077/4077 4206/4206 4205/4205
f 4078/4078 4079/4079 4207/4207
f 4078/4078 4207/4207 4206/4206
f 4079/4079 4080/4080 4208/4208
f 4079/4079 4208/4208 4207/4207
f 4080/4080 4081/4081 4209/4209
f 4080/4080 4209/4209 4208/4208
f 4081/4081 4082/4082 4210/4210
f 4081/4081 4210/4210 4209/4209
f 4082/4082 4083/4083 4211/4211
f 4082/4082 4211/4211 4210/4210
f 4083/4083 4084/4084 4212/4212
f 4083/4083 4212/4212 4211/4211
f 4084/4084 4085/4085 4213/4213
f 4084/4084 4213/4213 4212/4212
f 4085/4085 4086/4086 4214/4214
f 4085/4085 4214/4214 4213/4213
f 4086/4086 4087/4087 4215/4215
f 4086/4086 4215/4215 4214/4214
f 4087/4087 4088/4088 4216/4216
f 4087/4087 4216/4216 4215/4215
f 4088/4088 4089/4089 4217/4217
f 4088/4088 4217/4217 4216/4216
f 4089/4089 4090/4090 4218/4218
f 4089/4089 4218/4218 4217/4217
f 4090/4090 4091/4091 4219/4219
f 4090/4090 4219/4219 4218/4218
f 4091/4091 4092/4092 4220/4220
f 4091/4091 4220/4220 4219/4219
f 4092/4092 4093/4093 4221/4221
f 4092/4092 4221/4221 4220/4220
f 4093/4093 4094/4094 4222/4222
f 4093/4093 4222/4222 4221/4221
f 4094/4094 4095/4095 4223/4223
f 4094/4094 4223/4223 4222/4222
f 4095/4095 4096/4096 4224/4224
f 4095/4095 4224/4224 4223/4223
f 4097/4097 4098/4098 4226/4226
f 4097/4097 4226/4226 4225/4225
f 4098/4098 4099/4099 4227/4227
f 4098/4098 4227/4227 4226/4226
f 4099/4099 4100/4100 4228/4228
f 4099/4099 4228/4228 4227/4227
f 4100/4100 4101/4101 4229/4229
f 4100/4100 4229/4229 4228/4228
f 4101/4101 4102/4102 4230/4230
f 4101/4101 4230/4230 4229/4229
f 4102/4102 4103/4103 4231/4231
f 4102/4102 4231/4231 4230/4230
f 4103/4103 4104/4104 4232/4232
f 4103/4103 4232/4232 4231/4231
f 4104/4104 4105/4105 4233/4233
f 4104/4104 4233/4233 4232/4232
f 4105/4105 4106/4106 4234/4234
f 4105/4105 4234/4234 4233/4233
f 4106/4106 4107/4107 4235/4235
f 4106/4106 4235/4235 4234/4234
f 4107/4107 4108/4108 4236/4236
f 4107/4107 4236/4236 4235/4235
f 4108/4108 4109/4109 4237/4237
f 4108/4108 4237/4237 4236/4236
f 4109/4109 4110/4110 4238/4238
f 4109/4109 4238/4238 4237/4237
f 4110/4110 4111/4111 4239/4239
f 4110/4110 4239/4239 4238/4238
f 4111/4111 4112/4112 4240/4240
f 4111/4111 4240/4240 4239/4239
f 4112/4112 4113/4113 4241/4241
f 4112/4112 4241/4241 4240/4240
f 4113/4113 4114/4114 4242/4242
f 4113/4113 4242/4242 4241/4241
f 4114/4114 4115/4115 4243/4243
f 4114/4114 4243/4243 4242/4242
f 4115/4115 4116/4116 4244/4244
f 4115/4115 4244/4244 4243/4243
f 4116/4116 4117/4117 4245/4245
f 4116/4116 4245/4245 4244/4244
f 4117/4117 4118/4118 4246/4246
f 4117/4117 4246/4246 4245/4245
f 4118/4118 4119/4119 4247/4247
f 4118/4118 4247/4247 4246/4246
f 4119/4119 4120/4120 4248/4248
f 4119/4119 4248/4248 4247/4247
f 4120/4120 4121/4121 4249/4249
f 4120/4120 4249/4249 4248/4248
f 4121/4121 4122/4122 4250/4250
f 4121/4121 4250/4250 4249/4249
f 4122/4122 4123/4123 4251/4251
f 4122/4122 4251/4251 4250/4250
f 4123/4123 4124/4124 4252/4252
f 4123/4123 4252/4252 4251/4251
f 4124/4124 4125/4125 4253/4253
f 4124/4124 4253/4253 4252/4252
f 4125/4125 4126/4126 4254/4254
f 4125/4125 4254/4254 4253/4253
f 4126/4126 4127/4127 4255/4255
f 4126/4126 4255/4255 4254/4254
f 4127/4127 4128/4128 4256/4256
f 4127/4127 4256/4256 4255/4255
f 4128/4128 4129/4129 4257/4257
f 4128/4128 4257/4257 4256/4256
f 4129/4129 4130/4130 4258/4258
f 4129/4129 4258/4258 4257/4257
f 4130/4130 4131/4131 4259/4259
f 4130/4130 4259/4259 4258/4258
f 4131/4131 4132/4132 4260/4260
f 4131/4131 4260/4260 4259/4259
f 4132/4132 4133/4133 4261/4261
f 4132/4132 4261/4261 4260/4260
f 4133/4133 4134/4134 4262/4262
f 4133/4133 4262/4262 4261/4261
f 4134/4134 4135/4135 4263/4263
f 4134/4134 4263/4263 4262/4262
f 4135/4135 4136/4136 4264/4264
f 4135/4135 4264/4264 4263/4263
f 4136/4136 4137/4137 4265/4265
f 4136/4136 4265/4265 4264/4264
f 4137/4137 4138/4138 4266/4266
f 4137/4137 4266/4266 4265/4265
f 4138/4138 4139/4139 4267/4267
f 4138/4138 4267/4267 4266/4266
f 4139/4139 4140/4140 4268/4268
f 4139/4139 4268/4268 4267/4267
f 4140/4140 4141/4141 4269/4269
f 4140/4140 4269/4269 4268/4268
f 4141/4141 4142/4142 4270/4270
f 4141/4141 4270/4270 4269/4269
f 4142/4142 4143/4143 4271/4271
f 4142/4142 4271/4271 4270/4270
f 4143/4143 4144/4144 4272/4272
f 4143/4143 4272/4272 4271/4271
f 4144/4144 4145/4145 4273/4273
f 4144/4144 4273/4273 4272/4272
f 4145/4145 4146/4146 4274/4274
f 4145/4145 4274/4274 4273/4273
f 4146/4146 4147/4147 4275/4275
f 4146/4146 4275/4275 4274/4274
f 4147/4147 4148/4148 4276/4276
f 4147/4147 4276/4276 4275/4275
f 4148/4148 4149/4149 4277/4277
f 4148/4148 4277/4277 4276/4276
f 4149/4149 4150/4150 4278/4278
f 4149/4149 4278/4278 4277/4277
f 4150/4150 4151/4151 4279/4279
f 4150/4150 4279/4279 4278/4278
f 4151/4151 4152/4152 4280/4280
f 4151/4151 4280/4280 4279/4279
f 4152/4152 4153/4153 4281/4281
f 4152/4152 4281/4281 4280/4280
f 4153/4153 4154/4154 4282/4282
f 4153/4153 4282/4282 4281/4281
f 4154/4154 4155/4155 4283/4283
f 4154/4154 4283/4283 4282/4282
f 4155/4155 4156/4156 4284/4284
f 4155/4155 4284/4284 4283/4283
f 4156/4156 4157/4157 4285/4285
f 4156/4156 4285/4285 4284/4284
f 4157/4157 4158/4158 4286/4286
f 4157/4157 4286/4286 4285/4285
f 4158/4158 4159/4159 4287/4287
f 4158/4158 4287/4287 4286/4286
f 4159/4159 4160/4160 4288/4288
f 4159/4159 4288/4288 4287/4287
f 4160/4160 4161/4161 4289/4289
f 4160/4160 4289/4289 4288/4288
f 4161/4161 4162/4162 4290/4290
f 4161/4161 4290/4290 4289/4289
f 4162/4162 4163/4163 4291/4291
f 4162/4162 4291/4291 4290/4290
f 4163/4163 4164/4164 4292/4292
f 4163/4163 4292/4292 4291/4291
f 4164/4164 4165/4165 4293/4293
f 4164/4164 4293/4293 4292/4292
f 4165/4165 4166/4166 4294/4294
f 4165/4165 4294/4294 4293/4293
f 4166/4166 4167/4167 4295/4295
f 4166/4166 4295/4295 4294/4294
f 4167/4167 4168/4168 4296/4296
f 4167/4167 4296/4296 4295/4295
f 4168/4168 4169/4169 4297/4297
f 4168/4168 4297/4297 4296/4296
f 4169/4169 4170/4170 4298/4298
f 4169/4169 4298/4298 4297/4297
f 4170/4170 4171/4171 4299/4299
f 4170/4170 4299/4299 4298/4298
f 4171/4171 4172/4172 4300/4300
f 4171/4171 4300/4300 4299/4299
f 4172/4172 4173/4173 4301/4301
f 4172/4172 4301/4301 4300/4300
f 4173/4173 4174/4174 4302/4302
f 4173/4173 4302/4302 4301/4301
f 4174/4174 4175/4175 4303/4303
f 4174/4174 4303/4303 4302/4302
f 4175/4175 4176/4176 4304/4304
f 4175/4175 4304/4304 4303/4303
f 4176/4176 4177/4177 4305/4305
f 4176/4176 4305/4305 4304/4304
f 4177/4177 4178/4178 4306/4306
f 4177/4177 4306/4306 4305/4305
f 4178/4178 4179/4179 4307/4307
f 4178/4178 4307/4307 4306/4306
f 4179/4179 4180/4180 4308/4308
f 4179/4179 4308/4308 4307/4307
f 4180/4180 4181/4181 4309/4309
f 4180/4180 4309/4309 4308/4308
f 4181/4181 4182/4182 4310/4310
f 4181/4181 4310/4310 4309/4309
f 4182/4182 4183/4183 4311/4311
f 4182/4182 4311/4311 4310/4310
f 4183/4183 4184/4184 4312/4312
f 4183/4183 4312/4312 4311/4311
f 4184/4184 4185/4185 4313/4313
f 4184/4184 4313/4313 4312/4312
f 4185/4185 4186/4186 4314/4314
f 4185/4185 4314/4314 4313/4313
f 4186/4186 4187/4187 4315/4315
f 4186/4186 4315/4315 4314/4314
f 4187/4187 4188/4188 4316/4316
f 4187/4187 4316/4316 4315/4315
f 4188/4188 4189/4189 4317/4317
f 4188/4188 4317/4317 4316/4316
f 4189/4189 4190/4190 4318/4318
f 4189/4189 4318/4318 4317/4317
f 4190/4190 4191/4191 4319/4319
f 4190/4190 4319/4319 4318/4318
f 4191/4191 4192/4192 4320/4320
f 4191/4191 4320/4320 4319/4319
f 4192/4192 4193/4193 4321/4321
f 4192/4192 4321/4321 4320/4320
f 4193/4193 4194/4194 4322/4322
f 4193/4193 4322/4322 4321/4321
f 4194/4194 4195/4195 4323/4323
f 4194/4194 4323/4323 4322/4322
f 4195/4195 4196/4196 4324/4324
f 4195/4195 4324/4324 4323/4323
f 4196/4196 4197/4197 4325/4325
f 4196/4196 4325/4325 4324/4324
f 4197/4197 4198/4198 4326/4326
f 4197/4197 4326/4326 4325/4325
f 4198/4198 4199/4199 4327/4327
f 4198/4198 4327/4327 4326/4326
f 4199/4199 4200/4200 4328/4328
f 4199/4199 4328/4328 4327/4327
f 4200/4200 4201/4201 4329/4329
f 4200/4200 4329/4329 4328/4328
f 4201/4201 4202/4202 4330/4330
f 4201/4201 4330/4330 4329/4329
f 4202/4202 4203/4203 4331/4331
f 4202/4202 4331/4331 4330/4330
f 4203/4203 4204/4204 4332/4332
f 4203/4203 4332/4332 4331/4331
f 4204/4204 4205/4205 4333/4333
f 4204/4204 4333/4333 4332/4332
f 4205/4205 4206/4206 4334/4334
f 4205/4205 4334/4334 4333/4333
f 4206/4206 4207/4207 4335/4335
f 4206/4206 4335/4335 4334/4334
f 4207/4207 4208/4208 4336/4336
f 4207/4207 4336/4336 4335/4335
f 4208/4208 4209/4209 4337/4337
f 4208/4208 4337/4337 4336/4336
f 4209/4209 4210/4210 4338/4338
f 4209/4209 4338/4338 4337/4337
f 4210/4210 4211/4211 4339/4339
f 4210/4210 4339/4339 4338/4338
f 4211/4211 4212/4212 4340/4340
f 4211/4211 4340/4340 4339/4339
f 4212/4212 4213/4213 4341/4341
f 4212/4212 4341/4341 4340/4340
f 4213/4213 4214/4214 4342/4342
f 4213/4213 4342/4342 4341/4341
f 4214/4214 4215/4215 4343/4343
f 4214/4214 4343/4343 4342/4342
f 4215/4215 4216/4216 4344/4344
f 4215/4215 4344/4344 4343/4343
f 4216/4216 4217/4217 4345/4345
f 4216/4216 4345/4345 4344/4344
f 4217/4217 4218/4218 4346/4346
f 4217/4217 4346/4346 4345/4345
f 4218/4218 4219/4219 4347/4347
f 4218/4218 4347/4347 4346/4346
f 4219/4219 4220/4220 4348/4348
f 4219/4219 4348/4348 4347/4347
f 4220/4220 4221/4221 4349/4349
f 4220/4220 4349/4349 4348/4348
f 4221/4221 4222/4222 4350/4350
f 4221/4221 4350/4350 4349/4349
f 4222/4222 4223/4223 4351/4351
f 4222/4222 4351/4351 4350/4350
f 4223/4223 4224/4224 4352/4352
f 4223/4223 4352/4352 4351/4351
f 4225/4225 4226/4226 4354/4354
f 4225/4225 4354/4354 4353/4353
f 4226/4226 4227/4227 4355/4355
f 4226/4226 4355/4355 4354/4354
f 4227/4227 4228/4228 4356/4356
f 4227/4227 4356/4356 4355/4355
f 4228/4228 4229/4229 4357/4357
f 4228/4228 4357/4357 4356/4356
f 4229/4229 4230/4230 4358/4358
f 4229/4229 4358/4358 4357/4357
f 4230/4230 4231/4231 4359/4359
f 4230/4230 4359/4359 4358/4358
f 4231/4231 4232/4232 4360/4360
f 4231/4231 4360/4360 4359/4359
f 4232/4232 4233/4233 4361/4361
f 4232/4232 4361/4361 4360/4360
f 4233/4233 4234/4234 4362/4362
f 4233/4233 4362/4362 4361/4361
f 4234/4234 4235/4235 4363/4363
f 4234/4234 4363/4363 4362/4362
f 4235/4235 4236/4236 4364/4364
f 4235/4235 4364/4364 4363/4363
f 4236/4236 4237/4237 4365/4365
f 4236/4236 4365/4365 4364/4364
f 4237/4237 4238/4238 4366/4366
f 4237/4237 4366/4366 4365/4365
f 4238/4238 4239/4239 4367/4367
f 4238/4238 4367/4367 4366/4366
f 4239/4239 4240/4240 4368/4368
f 4239/4239 4368/4368 4367/4367
f 4240/4240 4241/4241 4369/4369
f 4240/4240 4369/4369 4368/4368
f 4241/4241 4242/4242 4370/4370
f 4241/4241 4370/4370 4369/4369
f 4242/4242 4243/4243 4371/4371
f 4242/4242 4371/4371 4370/4370
f 4243/4243 4244/4244 4372/4372
f 4243/4243 4372/4372 4371/4371
f 4244/4244 4245/4245 4373/4373
f 4244/4244 4373/4373 4372/4372
f 4245/4245 4246/4246 4374/4374
f 4245/4245 4374/4374 4373/4373
f 4246/4246 4247/4247 4375/4375
f 4246/4246 4375/4375 4374/4374
f 4247/4247 4248/4248 4376/4376
f 4247/4247 4376/4376 4375/4375
f 4248/4248 4249/4249 4377/4377
f 4248/4248 4377/4377 4376/4376
f 4249/4249 4250/4250 4378/4378
f 4249/4249 4378/4378 4377/4377
f 4250/4250 4251/4251 4379/4379
f 4250/4250 4379/4379 4378/4378
f 4251/4251 4252/4252 4380/4380
f 4251/4251 4380/4380 4379/4379
f 4252/4252 4253/4253 4381/4381
f 4252/4252 4381/4381 4380/4380
f 4253/4253 4254/4254 4382/4382
f 4253/4253 4382/4382 4381/4381
f 4254/4254 4255/4255 4383/4383
f 4254/4254 4383/4383 4382/4382
f 4255/4255 4256/4256 4384/4384
f 4255/4255 4384/4384 4383/4383
f 4256/4256 4257/4257 4385/4385
f 4256/4256 4385/4385 4384/4384
f 4257/4257 4258/4258 4386/4386
f 4257/4257 4386/4386 4385/4385
f 4258/4258 4259/4259 4387/4387
f 4258/4258 4387/4387 4386/4386
f 4259/4259 4260/4260 4388/4388
f 4259/4259 4388/4388 4387/4387
f 4260/4260 4261/4261 4389/4389
f 4260/4260 4389/4389 4388/4388
f 4261/4261 4262/4262 4390/4390
f 4261/4261 4390/4390 4389/4389
f 4262/4262 4263/4263 4391/4391
f 4262/4262 4391/4391 4390/4390
f 4263/4263 4264/4264 4392/4392
f 4263/4263 4392/4392 4391/4391
f 4264/4264 4265/4265 4393/4393
f 4264/4264 4393/4393 4392/4392
f 4265/4265 4266/4266 4394/4394
f 4265/4265 4394/4394 4393/4393
f 4266/4266 4267/4267 4395/4395
f 4266/4266 4395/4395 4394/4394
f 4267/4267 4268/4268 4396/4396
f 4267/4267 4396/4396 4395/4395
f 4268/4268 4269/4269 4397/4397
f 4268/4268 4397/4397 4396/4396
f 4269/4269 4270/4270 4398/4398
f 4269/4269 4398/4398 4397/4397
f 4270/4270 4271/4271 4399/4399
f 4270/4270 4399/4399 4398/4398
f 4271/4271 4272/4272 4400/4400
f 4271/4271 4400/4400 4399/4399
f 4272/4272 4273/4273 4401/4401
f 4272/4272 4401/4401 4400/4400
f 4273/4273 4274/4274 4402/4402
f 4273/4273 4402/4402 4401/4401
f 4274/4274 4275/4275 4403/4403
f 4274/4274 4403/4403 4402/4402
f 4275/4275 4276/4276 4404/4404
f 4275/4275 4404/4404 4403/4403
f 4276/4276 4277/4277 4405/4405
f 4276/4276 4405/4405 4404/4404
f 4277/4277 4278/4278 4406/4406
f 4277/4277 4406/4406 4405/4405
f 4278/4278 4279/4279 4407/4407
f 4278/4278 4407/4407 4406/4406
f 4279/4279 4280/4280 4408/4408
f 4279/4279 4408/4408 4407/4407
f 4280/4280 4281/4281 4409/4409
f 4280/4280 4409/4409 4408/4408
f 4281/4281 4282/4282 4410/4410
f 4281/4281 4410/4410 4409/4409
f 4282/4282 4283/4283 4411/4411
f 4282/4282 4411/4411 4410/4410
f 4283/4283 4284/4284 4412/4412
f 4283/4283 4412/4412 4411/4411
f 4284/4284 4285/4285 4413/4413
f 4284/4284 4413/4413 4412/4412
f 4285/4285 4286/4286 4414/4414
f 4285/4285 4414/4414 4413/4413
f 4286/4286 4287/4287 4415/4415
f 4286/4286 4415/4415 4414/4414
f 4287/4287 4288/4288 4416/4416
f 4287/4287 4416/4416 4415/4415
f 4288/4288 4289/4289 4417/4417
f 4288/4288 4417/4417 4416/4416
f 4289/4289 4290/4290 4418/4418
f 4289/4289 4418/4418 4417/4417
f 4290/4290 4291/4291 4419/4419
f 4290/4290 4419/4419 4418/4418
f 4291/4291 4292/4292 4420/4420
f 4291/4291 4420/4420 4419/4419
f 4292/4292 4293/4293 4421/4421
f 4292/4292 4421/4421 4420/4420
f 4293/4293 4294/4294 4422/4422
f 4293/4293 4422/4422 4421/4421
f 4294/4294 4295/4295 4423/4423
f 4294/4294 4423/4423 4422/4422
f 4295/4295 4296/4296 4424/4424
f 4295/4295 4424/4424 4423/4423
f 4296/4296 4297/4297 4425/4425
f 4296/4296 4425/4425 4424/4424
f 4297/4297 4298/4298 4426/4426
f 4297/4297 4426/4426 4425/4425
f 4298/4298 4299/4299 4427/4427
f 4298/4298 4427/4427 4426/4426
f 4299/4299 4300/4300 4428/4428
f 4299/4299 4428/4428 4427/4427
f 4300/4300 4301/4301 4429/4429
f 4300/4300 4429/4429 4428/4428
f 4301/4301 4302/4302 4430/4430
f 4301/4301 4430/4430 4429/4429
f 4302/4302 4303/4303 4431/4431
f 4302/4302 4431/4431 4430/4430
f 4303/4303 4304/4304 4432/4432
f 4303/4303 4432/4432 4431/4431
f 4304/4304 4305/4305 4433/4433
f 4304/4304 4433/4433 4432/4432
f 4305/4305 4306/4306 4434/4434
f 4305/4305 4434/4434 4433/4433
f 4306/4306 4307/4307 4435/4435
f 4306/4306 4435/4435 4434/4434
f 4307/4307 4308/4308 4436/4436
f 4307/4307 4436/4436 4435/4435
f 4308/4308 4309/4309 4437/4437
f 4308/4308 4437/4437 4436/4436
f 4309/4309 4310/4310 4438/4438
f 4309/4309 4438/4438 4437/4437
f 4310/4310 4311/4311 4439/4439
f 4310/4310 4439/4439 4438/4438
f 4311/4311 4312/4312 4440/4440
f 4311/4311 4440/4440 4439/4439
f 4312/4312 4313/4313 4441/4441
f 4312/4312 4441/4441 4440/4440
f 4313/4313 4314/4314 4442/4442
f 4313/4313 4442/4442 4441/4441
f 4314/4314 4315/4315 4443/4443
f 4314/4314 4443/4443 4442/4442
f 4315/4315 4316/4316 4444/4444
f 4315/4315 4444/4444 4443/4443
f 4316/4316 4317/4317 4445/4445
f 4316/4316 4445/4445 4444/4444
f 4317/4317 4318/4318 4446/4446
f 4317/4317 4446/4446 4445/4445
f 4318/4318 4319/4319 4447/4447
f 4318/4318 4447/4447 4446/4446
f 4319/4319 4320/4320 4448/4448
f 4319/4319 4448/4448 4447/4447
f 4320/4320 4321/4321 4449/4449
f 4320/4320 4449/4449 4448/4448
f 4321/4321 4322/4322 4450/4450
f 4321/4321 4450/4450 4449/4449
f 4322/4322 4323/4323 4451/4451
f 4322/4322 4451/4451 4450/4450
f 4323/4323 4324/4324 4452/4452
f 4323/4323 4452/4452 4451/4451
f 4324/4324 4325/4325 4453/4453
f 4324/4324 4453/4453 4452/4452
f 4325/4325 4326/4326 4454/4454
f 4325/4325 4454/4454 4453/4453
f 4326/4326 4327/4327 4455/4455
f 4326/4326 4455/4455 4454/4454
f 4327/4327 4328/4328 4456/4456
f 4327/4327 4456/4456 4455/4455
f 4328/4328 4329/4329 4457/4457
f 4328/4328 4457/4457 4456/4456
f 4329/4329 4330/4330 4458/4458
f 4329/4329 4458/4458 4457/4457
f 4330/4330 4331/4331 4459/4459
f 4330/4330 4459/4459 4458/4458
f 4331/4331 4332/4332 4460/4460
f 4331/4331 4460/4460 4459/4459
f 4332/4332 4333/4333 4461/4461
f 4332/4332 4461/4461 4460/4460
f 4333/4333 4334/4334 4462/4462
f 4333/4333 4462/4462 4461/4461
f 4334/4334 4335/4335 4463/4463
f 4334/4334 4463/4463 4462/4462
f 4335/4335 4336/4336 4464/4464
f 4335/4335 4464/4464 4463/4463
f 4336/4336 4337/4337 4465/4465
f 4336/4336 4465/4465 4464/4464
f 4337/4337 4338/4338 4466/4466
f 4337/4337 4466/4466 4465/4465
f 4338/4338 4339/4339 4467/4467
f 4338/4338 4467/4467 4466/4466
f 4339/4339 4340/4340 4468/4468
f 4339/4339 4468/4468 4467/4467
f 4340/4340 4341/4341 4469/4469
f 4340/4340 4469/4469 4468/4468
f 4341/4341 4342/4342 4470/4470
f 4341/4341 4470/4470 4469/4469
f 4342/4342 4343/4343 4471/4471
f 4342/4342 4471/4471 4470/4470
f 4343/4343 4344/4344 4472/4472
f 4343/4343 4472/4472 4471/4471
f 4344/4344 4345/4345 4473/4473
f 4344/4344 4473/4473 4472/4472
f 4345/4345 4346/4346 4474/4474
f 4345/4345 4474/4474 4473/4473
f 4346/4346 4347/4347 4475/4475
f 4346/4346 4475/4475 4474/4474
f 4347/4347 4348/4348 4476/4476
f 4347/4347 4476/4476 4475/4475
f 4348/4348 4349/4349 4477/4477
f 4348/4348 4477/4477 4476/4476
f 4349/4349 4350/4350 4478/4478
f 4349/4349 4478/4478 4477/4477
f 4350/4350 4351/4351 4479/4479
f 4350/4350 4479/4479 4478/4478
f 4351/4351 4352/4352 4480/4480
f 4351/4351 4480/4480 4479/4479
f 4353/4353 4354/4354 4482/4482
f 4353/4353 4482/4482 4481/4481
f 4354/4354 4355/4355 4483/4483
f 4354/4354 4483/4483 4482/4482
f 4355/4355 4356/4356 4484/4484
f 4355/4355 4484/4484 4483/4483
f 4356/4356 4357/4357 4485/4485
f 4356/4356 4485/4485 4484/4484
f 4357/4357 4358/4358 4486/4486
f 4357/4357 4486/4486 4485/4485
f 4358/4358 4359/4359 4487/4487
f 4358/4358 4487/4487 4486/4486
f 4359/4359 4360/4360 4488/4488
f 4359/4359 4488/4488 4487/4487
f 4360/4360 4361/4361 4489/4489
f 4360/4360 4489/4489 4488/4488
f 4361/4361 4362/4362 4490/4490
f 4361/4361 4490/4490 4489/4489
f 4362/4362 4363/4363 4491/4491
f 4362/4362 4491/4491 4490/4490
f 4363/4363 4364/4364 4492/4492
f 4363/4363 4492/4492 4491/4491
f 4364/4364 4365/4365 4493/4493
f 4364/4364 4493/4493 4492/4492
f 4365/4365 4366/4366 4494/4494
f 4365/4365 4494/4494 4493/4493
f 4366/4366 4367/4367 4495/4495
f 4366/4366 4495/4495 4494/4494
f 4367/4367 4368/4368 4496/4496
f 4367/4367 4496/4496 4495/4495
f 4368/4368 4369/4369 4497/4497
f 4368/4368 4497/4497 4496/4496
f 4369/4369 4370/4370 4498/4498
f 4369/4369 4498/4498 4497/4497
f 4370/4370 4371/4371 4499/4499
f 4370/4370 4499/4499 4498/4498
f 4371/4371 4372/4372 4500/4500
f 4371/4371 4500/4500 4499/4499
f 4372/4372 4373/4373 4501/4501
f 4372/4372 4501/4501 4500/4500
f 4373/4373 4374/4374 4502/4502
f 4373/4373 4502/4502 4501/4501
f 4374/4374 4375/4375 4503/4503
f 4374/4374 4503/4503 4502/4502
f 4375/4375 4376/4376 4504/4504
f 4375/4375 4504/4504 4503/4503
f 4376/4376 4377/4377 4505/4505
f 4376/4376 4505/4505 4504/4504
f 4377/4377 4378/4378 4506/4506
f 4377/4377 4506/4506 4505/4505
f 4378/4378 4379/4379 4507/4507
f 4378/4378 4507/4507 4506/4506
f 4379/4379 4380/4380 4508/4508
f 4379/4379 4508/4508 4507/4507
f 4380/4380 4381/4381 4509/4509
f 4380/4380 4509/4509 4508/4508
f 4381/4381 4382/4382 4510/4510
f 4381/4381 4510/4510 4509/4509
f 4382/4382 4383/4383 4511/4511
f 4382/4382 4511/4511 4510/4510
f 4383/4383 4384/4384 4512/4512
f 4383/4383 4512/4512 4511/4511
f 4384/4384 4385/4385 4513/4513
f 4384/4384 4513/4513 4512/4512
f 4385/4385 4386/4386 4514/4514
f 4385/4385 4514/4514 4513/4513
f 4386/4386 4387/4387 4515/4515
f 4386/4386 4515/4515 4514/4514
f 4387/4387 4388/4388 4516/4516
f 4387/4387 4516/4516 4515/4515
f 4388/4388 4389/4389 4517/4517
f 4388/4388 4517/4517 4516/4516
f 4389/4389 4390/4390 4518/4518
f 4389/4389 4518/4518 4517/4517
f 4390/4390 4391/4391 4519/4519
f 4390/4390 4519/4519 4518/4518
f 4391/4391 4392/4392 4520/4520
f 4391/4391 4520/4520 4519/4519
f 4392/4392 4393/4393 4521/4521
f 4392/4392 4521/4521 4520/4520
f 4393/4393 4394/4394 4522/4522
f 4393/4393 4522/4522 4521/4521
f 4394/4394 4395/4395 4523/4523
f 4394/4394 4523/4523 4522/4522
f 4395/4395 4396/4396 4524/4524
f 4395/4395 4524/4524 4523/4523
f 4396/4396 4397/4397 4525/4525
f 4396/4396 4525/4525 4524/4524
f 4397/4397 4398/4398 4526/4526
f 4397/4397 4526/4526 4525/4525
f 4398/4398 4399/4399 4527/4527
f 4398/4398 4527/4527 4526/4526
f 4399/4399 4400/4400 4528/4528
f 4399/4399 4528/4528 4527/4527
f 4400/4400 4401/4401 4529/4529
f 4400/4400 4529/4529 4528/4528
f 4401/4401 4402/4402 4530/4530
f 4401/4401 4530/4530 4529/4529
f 4402/4402 4403/4403 4531/4531
f 4402/4402 4531/4531 4530/4530
f 4403/4403 4404/4404 4532/4532
f 4403/4403 4532/4532 4531/4531
f 4404/4404 4405/4405 4533/4533
f 4404/4404 4533/4533 4532/4532
f 4405/4405 4406/4406 4534/4534
f 4405/4405 4534/4534 4533/4533
f 4406/4406 4407/4407 4535/4535
f 4406/4406 4535/4535 4534/4534
f 4407/4407 4408/4408 4536/4536
f 4407/4407 4536/4536 4535/4535
f 4408/4408 4409/4409 4537/4537
f 4408/4408 4537/4537 4536/4536
f 4409/4409 4410/4410 4538/4538
f 4409/4409 4538/4538 4537/4537
f 4410/4410 4411/4411 4539/4539
f 4410/4410 4539/4539 4538/4538
f 4411/4411 4412/4412 4540/4540
f 4411/4411 4540/4540 4539/4539
f 4412/4412 4413/4413 4541/4541
f 4412/4412 4541/4541 4540/4540
f 4413/4413 4414/4414 4542/4542
f 4413/4413 4542/4542 4541/4541
f 4414/4414 4415/4415 4543/4543
f 4414/4414 4543/4543 4542/4542
f 4415/4415 4416/4416 4544/4544
f 4415/4415 4544/4544 4543/4543
f 4416/4416 4417/4417 4545/4545
f 4416/4416 4545/4545 4544/4544
f 4417/4417 4418/4418 4546/4546
f 4417/4417 4546/4546 4545/4545
f 4418/4418 4419/4419 4547/4547
f 4418/4418 4547/4547 4546/4546
f 4419/4419 4420/4420 4548/4548
f 4419/4419 4548/4548 4547/4547
f 4420/4420 4421/4421 4549/4549
f 4420/4420 4549/4549 4548/4548
f 4421/4421 4422/4422 4550/4550
f 4421/4421 4550/4550 4549/4549
f 4422/4422 4423/4423 4551/4551
f 4422/4422 4551/4551 4550/4550
f 4423/4423 4424/4424 4552/4552
f 4423/4423 4552/4552 4551/4551
f 4424/4424 4425/4425 4553/4553
f 4424/4424 4553/4553 4552/4552
f 4425/4425 4426/4426 4554/4554
f 4425/4425 4554/4554 4553/4553
f 4426/4426 4427/4427 4555/4555
f 4426/4426 4555/4555 4554/4554
f 4427/4427 4428/4428 4556/4556
f 4427/4427 4556/4556 4555/4555
f 4428/4428 4429/4429 4557/4557
f 4428/4428 4557/4557 4556/4556
f 4429/4429 4430/4430 4558/4558
f 4429/4429 4558/4558 4557/4557
f 4430/4430 4431/4431 4559/4559
f 4430/4430 4559/4559 4558/4558
f 4431/4431 4432/4432 4560/4560
f 4431/4431 4560/4560 4559/4559
f 4432/4432 4433/4433 4561/4561
f 4432/4432 4561/4561 4560/4560
f 4433/4433 4434/4434 4562/4562
f 4433/4433 4562/4562 4561/4561
f 4434/4434 4435/4435 4563/4563
f 4434/4434 4563/4563 4562/4562
f 4435/4435 4436/4436 4564/4564
f 4435/4435 4564/4564 4563/4563
f 4436/4436 4437/4437 4565/4565
f 4436/4436 4565/4565 4564/4564
f 4437/4437 4438/4438 4566/4566
f 4437/4437 4566/4566 4565/4565
f 4438/4438 4439/4439 4567/4567
f 4438/4438 4567/4567 4566/4566
f 4439/4439 4440/4440 4568/4568
f 4439/4439 4568/4568 4567/4567
f 4440/4440 4441/4441 4569/4569
f 4440/4440 4569/4569 4568/4568
f 4441/4441 4442/4442 4570/4570
f 4441/4441 4570/4570 4569/4569
f 4442/4442 4443/4443 4571/4571
f 4442/4442 4571/4571 4570/4570
f 4443/4443 4444/4444 4572/4572
f 4443/4443 4572/4572 4571/4571
f 4444/4444 4445/4445 4573/4573
f 4444/4444 4573/4573 4572/4572
f 4445/4445 4446/4446 4574/4574
f 4445/4445 4574/4574 4573/4573
f 4446/4446 4447/4447 4575/4575
f 4446/4446 4575/4575 4574/4574
f 4447/4447 4448/4448 4576/4576
f 4447/4447 4576/4576 4575/4575
f 4448/4448 4449/4449 4577/4577
f 4448/4448 4577/4577 4576/4576
f 4449/4449 4450/4450 4578/4578
f 4449/4449 4578/4578 4577/4577
f 4450/4450 4451/4451 4579/4579
f 4450/4450 4579/4579 4578/4578
f 4451/4451 4452/4452 4580/4580
f 4451/4451 4580/4580 4579/4579
f 4452/4452 4453/4453 4581/4581
f 4452/4452 4581/4581 4580/4580
f 4453/4453 4454/4454 4582/4582
f 4453/4453 4582/4582 4581/4581
f 4454/4454 4455/4455 4583/4583
f 4454/4454 4583/4583 4582/4582
f 4455/4455 4456/4456 4584/4584
f 4455/4455 4584/4584 4583/4583
f 4456/4456 4457/4457 4585/4585
f 4456/4456 4585/4585 4584/4584
f 4457/4457 4458/4458 4586/4586
f 4457/4457 4586/4586 4585/4585
f 4458/4458 4459/4459 4587/4587
f 4458/4458 4587/4587 4586/4586
f 4459/4459 4460/4460 4588/4588
f 4459/4459 4588/4588 4587/4587
f 4460/4460 4461/4461 4589/4589
f 4460/4460 4589/4589 4588/4588
f 4461/4461 4462/4462 4590/4590
f 4461/4461 4590/4590 4589/4589
f 4462/4462 4463/4463 4591/4591
f 4462/4462 4591/4591 4590/4590
f 4463/4463 4464/4464 4592/4592
f 4463/4463 4592/4592 4591/4591
f 4464/4464 4465/4465 4593/4593
f 4464/4464 4593/4593 4592/4592
f 4465/4465 4466/4466 4594/4594
f 4465/4465 4594/4594 4593/4593
f 4466/4466 4467/4467 4595/4595
f 4466/4466 4595/4595 4594/4594
f 4467/4467 4468/4468 4596/4596
f 4467/4467 4596/4596 4595/4595
f 4468/4468 4469/4469 4597/4597
f 4468/4468 4597/4597 4596/4596
f 4469/4469 4470/4470 4598/4598
f 4469/4469 4598/4598 4597/4597
f 4470/4470 4471/4471 4599/4599
f 4470/4470 4599/4599 4598/4598
f 4471/4471 4472/4472 4600/4600
f 4471/4471 4600/4600 4599/4599
f 4472/4472 4473/4473 4601/4601
f 4472/4472 4601/4601 4600/4600
f 4473/4473 4474/4474 4602/4602
f 4473/4473 4602/4602 4601/4601
f 4474/4474 4475/4475 4603/4603
f 4474/4474 4603/4603 4602/4602
f 4475/4475 4476/4476 4604/4604
f 4475/4475 4604/4604 4603/4603
f 4476/4476 4477/4477 4605/4605
f 4476/4476 4605/4605 4604/4604
f 4477/4477 4478/4478 4606/4606
f 4477/4477 4606/4606 4605/4605
f 4478/4478 4479/4479 4607/4607
f 4478/4478 4607/4607 4606/4606
f 4479/4479 4480/4480 4608/4608
f 4479/4479 4608/4608 4607/4607
f 4481/4481 4482/4482 4610/4610
f 4481/4481 4610/4610 4609/4609
f 4482/4482 4483/4483 4611/4611
f 4482/4482 4611/4611 4610/4610
f 4483/4483 4484/4484 4612/4612
f 4483/4483 4612/4612 4611/4611
f 4484/4484 4485/4485 4613/4613
f 4484/4484 4613/4613 4612/4612
f 4485/4485 4486/4486 4614/4614
f 4485/4485 4614/4614 4613/4613
f 4486/4486 4487/4487 4615/4615
f 4486/4486 4615/4615 4614/4614
f 4487/4487 4488/4488 4616/4616
f 4487/4487 4616/4616 4615/4615
f 4488/4488 4489/4489 4617/4617
f 4488/4488 4617/4617 4616/4616
f 4489/4489 4490/4490 4618/4618
f 4489/4489 4618/4618 4617/4617
f 4490/4490 4491/4491 4619/4619
f 4490/4490 4619/4619 4618/4618
f 4491/4491 4492/4492 4620/4620
f 4491/4491 4620/4620 4619/4619
f 4492/4492 4493/4493 4621/4621
f 4492/4492 4621/4621 4620/4620
f 4493/4493 4494/4494 4622/4622
f 4493/4493 4622/4622 4621/4621
f 4494/4494 4495/4495 4623/4623
f 4494/4494 4623/4623 4622/4622
f 4495/4495 4496/4496 4624/4624
f 4495/4495 4624/4624 4623/4623
f 4496/4496 4497/4497 4625/4625
f 4496/4496 4625/4625 4624/4624
f 4497/4497 4498/4498 4626/4626
f 4497/4497 4626/4626 4625/4625
f 4498/4498 4499/4499 4627/4627
f 4498/4498 4627/4627 4626/4626
f 4499/4499 4500/4500 4628/4628
f 4499/4499 4628/4628 4627/4627
f 4500/4500 4501/4501 4629/4629
f 4500/4500 4629/4629 4628/4628
f 4501/4501 4502/4502 4630/4630
f 4501/4501 4630/4630 4629/4629
f 4502/4502 4503/4503 4631/4631
f 4502/4502 4631/4631 4630/4630
f 4503/4503 4504/4504 4632/4632
f 4503/4503 4632/4632 4631/4631
f 4504/4504 4505/4505 4633/4633
f 4504/4504 4633/4633 4632/4632
f 4505/4505 4506/4506 4634/4634
f 4505/4505 4634/4634 4633/4633
f 4506/4506 4507/4507 4635/4635
f 4506/4506 4635/4635 4634/4634
f 4507/4507 4508/4508 4636/4636
f 4507/4507 4636/4636 4635/4635
f 4508/4508 4509/4509 4637/4637
f 4508/4508 4637/4637 4636/4636
f 4509/4509 4510/4510 4638/4638
f 4509/4509 4638/4638 4637/4637
f 4510/4510 4511/4511 4639/4639
f 4510/4510 4639/4639 4638/4638
f 4511/4511 4512/4512 4640/4640
f 4511/4511 4640/4640 4639/4639
f 4512/4512 4513/4513 4641/4641
f 4512/4512 4641/4641 4640/4640
f 4513/4513 4514/4514 4642/4642
f 4513/4513 4642/4642 4641/4641
f 4514/4514 4515/4515 4643/4643
f 4514/4514 4643/4643 4642/4642
f 4515/4515 4516/4516 4644/4644
f 4515/4515 4644/4644 4643/4643
f 4516/4516 4517/4517 4645/4645
f 4516/4516 4645/4645 4644/4644
f 4517/4517 4518/4518 4646/4646
f 4517/4517 4646/4646 4645/4645
f 4518/4518 4519/4519 4647/4647
f 4518/4518 4647/4647 4646/4646
f 4519/4519 4520/4520 4648/4648
f 4519/4519 4648/4648 4647/4647
f 4520/4520 4521/4521 4649/4649
f 4520/4520 4649/4649 4648/4648
f 4521/4521 4522/4522 4650/4650
f 4521/4521 4650/4650 4649/4649
f 4522/4522 4523/4523 4651/4651
f 4522/4522 4651/4651 4650/4650
f 4523/4523 4524/4524 4652/4652
f 4523/4523 4652/4652 4651/4651
f 4524/4524 4525/4525 4653/4653
f 4524/4524 4653/4653 4652/4652
f 4525/4525 4526/4526 4654/4654
f 4525/4525 4654/4654 4653/4653
f 4526/4526 4527/4527 4655/4655
f 4526/4526 4655/4655 4654/4654
f 4527/4527 4528/4528 4656/4656
f 4527/4527 4656/4656 4655/4655
f 4528/4528 4529/4529 4657/4657
f 4528/4528 4657/4657 4656/4656
f 4529/4529 4530/4530 4658/4658
f 4529/4529 4658/4658 4657/4657
f 4530/4530 4531/4531 4659/4659
f 4530/4530 4659/4659 4658/4658
f 4531/4531 4532/4532 4660/4660
f 4531/4531 4660/4660 4659/4659
f 4532/4532 4533/4533 4661/4661
f 4532/4532 4661/4661 4660/4660
f 4533/4533 4534/4534 4662/4662
f 4533/4533 4662/4662 4661/4661
f 4534/4534 4535/4535 4663/4663
f 4534/4534 4663/4663 4662/4662
f 4535/4535 4536/4536 4664/4664
f 4535/4535 4664/4664 4663/4663
f 4536/4536 4537/4537 4665/4665
f 4536/4536 4665/4665 4664/4664
f 4537/4537 4538/4538 4666/4666
f 4537/4537 4666/4666 4665/4665
f 4538/4538 4539/4539 4667/4667
f 4538/4538 4667/4667 4666/4666
f 4539/4539 4540/4540 4668/4668
f 4539/4539 4668/4668 4667/4667
f 4540/4540 4541/4541 4669/4669
f 4540/4540 4669/4669 4668/4668
f 4541/4541 4542/4542 4670/4670
f 4541/4541 4670/4670 4669/4669
f 4542/4542 4543/4543 4671/4671
f 4542/4542 4671/4671 4670/4670
f 4543/4543 4544/4544 4672/4672
f 4543/4543 4672/4672 4671/4671
f 4544/4544 4545/4545 4673/4673
f 4544/4544 4673/4673 4672/4672
f 4545/4545 4546/4546 4674/4674
f 4545/4545 4674/4674 4673/4673
f 4546/4546 4547/4547 4675/4675
f 4546/4546 4675/4675 4674/4674
f 4547/4547 4548/4548 4676/4676
f 4547/4547 4676/4676 4675/4675
f 4548/4548 4549/4549 4677/4677
f 4548/4548 4677/4677 4676/4676
f 4549/4549 4550/4550 4678/4678
f 4549/4549 4678/4678 4677/4677
f 4550/4550 4551/4551 4679/4679
f 4550/4550 4679/4679 4678/4678
f 4551/4551 4552/4552 4680/4680
f 4551/4551 4680/4680 4679/4679
f 4552/4552 4553/4553 4681/4681
f 4552/4552 4681/4681 4680/4680
f 4553/4553 4554/4554 4682/4682
f 4553/4553 4682/4682 4681/4681
f 4554/4554 4555/4555 4683/4683
f 4554/4554 4683/4683 4682/4682
f 4555/4555 4556/4556 4684/4684
f 4555/4555 4684/4684 4683/4683
f 4556/4556 4557/4557 4685/4685
f 4556/4556 4685/4685 4684/4684
f 4557/4557 4558/4558 4686/4686
f 4557/4557 4686/4686 4685/4685
f 4558/4558 4559/4559 4687/4687
f 4558/4558 4687/4687 4686/4686
f 4559/4559 4560/4560 4688/4688
f 4559/4559 4688/4688 4687/4687
f 4560/4560 4561/4561 4689/4689
f 4560/4560 4689/4689 4688/4688
f 4561/4561 4562/4562 4690/4690
f 4561/4561 4690/4690 4689/4689
f 4562/4562 4563/4563 4691/4691
f 4562/4562 4691/4691 4690/4690
f 4563/4563 4564/4564 4692/4692
f 4563/4563 4692/4692 4691/4691
f 4564/4564 4565/4565 4693/4693
f 4564/4564 4693/4693 4692/4692
f 4565/4565 4566/4566 4694/4694
f 4565/4565 4694/4694 4693/4693
f 4566/4566 4567/4567 4695/4695
f 4566/4566 4695/4695 4694/4694
f 4567/4567 4568/4568 4696/4696
f 4567/4567 4696/4696 4695/4695
f 4568/4568 4569/4569 4697/4697
f 4568/4568 4697/4697 4696/4696
f 4569/4569 4570/4570 4698/4698
f 4569/4569 4698/4698 4697/4697
f 4570/4570 4571/4571 4699/4699
f 4570/4570 4699/4699 4698/4698
f 4571/4571 4572/4572 4700/4700
f 4571/4571 4700/4700 4699/4699
f 4572/4572 4573/4573 4701/4701
f 4572/4572 4701/4701 4700/4700
f 4573/4573 4574/4574 4702/4702
f 4573/4573 4702/4702 4701/4701
f 4574/4574 4575/4575 4703/4703
f 4574/4574 4703/4703 4702/4702
f 4575/4575 4576/4576 4704/4704
f 4575/4575 4704/4704 4703/4703
f 4576/4576 4577/4577 4705/4705
f 4576/4576 4705/4705 4704/4704
f 4577/4577 4578/4578 4706/4706
f 4577/4577 4706/4706 4705/4705
f 4578/4578 4579/4579 4707/4707
f 4578/4578 4707/4707 4706/4706
f 4579/4579 4580/4580 4708/4708
f 4579/4579 4708/4708 4707/4707
f 4580/4580 4581/4581 4709/4709
f 4580/4580 4709/4709 4708/4708
f 4581/4581 4582/4582 4710/4710
f 4581/4581 4710/4710 4709/4709
f 4582/4582 4583/4583 4711/4711
f 4582/4582 4711/4711 4710/4710
f 4583/4583 4584/4584 4712/4712
f 4583/4583 4712/4712 4711/4711
f 4584/4584 4585/4585 4713/4713
f 4584/4584 4713/4713 4712/4712
f 4585/4585 4586/4586 4714/4714
f 4585/4585 4714/4714 4713/4713
f 4586/4586 4587/4587 4715/4715
f 4586/4586 4715/4715 4714/4714
f 4587/4587 4588/4588 4716/4716
f 4587/4587 4716/4716 4715/4715
f 4588/4588 4589/4589 4717/4717
f 4588/4588 4717/4717 4716/4716
f 4589/4589 4590/4590 4718/4718
f 4589/4589 4718/4718 4717/4717
f 4590/4590 4591/4591 4719/4719
f 4590/4590 4719/4719 4718/4718
f 4591/4591 4592/4592 4720/4720
f 4591/4591 4720/4720 4719/4719
f 4592/4592 4593/4593 4721/4721
f 4592/4592 4721/4721 4720/4720
f 4593/4593 4594/4594 4722/4722
f 4593/4593 4722/4722 4721/4721
f 4594/4594 4595/4595 4723/4723
f 4594/4594 4723/4723 4722/4722
f 4595/4595 4596/4596 4724/4724
f 4595/4595 4724/4724 4723/4723
f 4596/4596 4597/4597 4725/4725
f 4596/4596 4725/4725 4724/4724
f 4597/4597 4598/4598 4726/4726
f 4597/4597 4726/4726 4725/4725
f 4598/4598 4599/4599 4727/4727
f 4598/4598 4727/4727 4726/4726
f 4599/4599 4600/4600 4728/4728
f 4599/4599 4728/4728 4727/4727
f 4600/4600 4601/4601 4729/4729
f 4600/4600 4729/4729 4728/4728
f 4601/4601 4602/4602 4730/4730
f 4601/4601 4730/4730 4729/4729
f 4602/4602 4603/4603 4731/4731
f 4602/4602 4731/4731 4730/4730
f 4603/4603 4604/4604 4732/4732
f 4603/4603 4732/4732 4731/4731
f 4604/4604 4605/4605 4733/4733
f 4604/4604 4733/4733 4732/4732
f 4605/4605 4606/4606 4734/4734
f 4605/4605 4734/4734 4733/4733
f 4606/4606 4607/4607 4735/4735
f 4606/4606 4735/4735 4734/4734
f 4607/4607 4608/4608 4736/4736
f 4607/4607 4736/4736 4735/4735
f 4609/4609 4610/4610 4738/4738
f 4609/4609 4738/4738 4737/4737
f 4610/4610 4611/4611 4739/4739
f 4610/4610 4739/4739 4738/4738
f 4611/4611 4612/4612 4740/4740
f 4611/4611 4740/4740 4739/4739
f 4612/4612 4613/4613 4741/4741
f 4612/4612 4741/4741 4740/4740
f 4613/4613 4614/4614 4742/4742
f 4613/4613 4742/4742 4741/4741
f 4614/4614 4615/4615 4743/4743
f 4614/4614 4743/4743 4742/4742
f 4615/4615 4616/4616 4744/4744
f 4615/4615 4744/4744 4743/4743
f 4616/4616 4617/4617 4745/4745
f 4616/4616 4745/4745 4744/4744
f 4617/4617 4618/4618 4746/4746
f 4617/4617 4746/4746 4745/4745
f 4618/4618 4619/4619 4747/4747
f 4618/4618 4747/4747 4746/4746
f 4619/4619 4620/4620 4748/4748
f 4619/4619 4748/4748 4747/4747
f 4620/4620 4621/4621 4749/4749
f 4620/4620 4749/4749 4748/4748
f 4621/4621 4622/4622 4750/4750
f 4621/4621 4750/4750 4749/4749
f 4622/4622 4623/4623 4751/4751
f 4622/4622 4751/4751 4750/4750
f 4623/4623 4624/4624 4752/4752
f 4623/4623 4752/4752 4751/4751
f 4624/4624 4625/4625 4753/4753
f 4624/4624 4753/4753 4752/4752
f 4625/4625 4626/4626 4754/4754
f 4625/4625 4754/4754 4753/4753
f 4626/4626 4627/4627 4755/4755
f 4626/4626 4755/4755 4754/4754
f 4627/4627 4628/4628 4756/4756
f 4627/4627 4756/4756 4755/4755
f 4628/4628 4629/4629 4757/4757
f 4628/4628 4757/4757 4756/4756
f 4629/4629 4630/4630 4758/4758
f 4629/4629 4758/4758 4757/4757
f 4630/4630 4631/4631 4759/4759
f 4630/4630 4759/4759 4758/4758
f 4631/4631 4632/4632 4760/4760
f 4631/4631 4760/4760 4759/4759
f 4632/4632 4633/4633 4761/4761
f 4632/4632 4761/4761 4760/4760
f 4633/4633 4634/4634 4762/4762
f 4633/4633 4762/4762 4761/4761
f 4634/4634 4635/4635 4763/4763
f 4634/4634 4763/4763 4762/4762
f 4635/4635 4636/4636 4764/4764
f 4635/4635 4764/4764 4763/4763
f 4636/4636 4637/4637 4765/4765
f 4636/4636 4765/4765 4764/4764
f 4637/4637 4638/4638 4766/4766
f 4637/4637 4766/4766 4765/4765
f 4638/4638 4639/4639 4767/4767
f 4638/4638 4767/4767 4766/4766
f 4639/4639 4640/4640 4768/4768
f 4639/4639 4768/4768 4767/4767
f 4640/4640 4641/4641 4769/4769
f 4640/4640 4769/4769 4768/4768
f 4641/4641 4642/4642 4770/4770
f 4641/4641 4770/4770 4769/4769
f 4642/4642 4643/4643 4771/4771
f 4642/4642 4771/4771 4770/4770
f 4643/4643 4644/4644 4772/4772
f 4643/4643 4772/4772 4771/4771
f 4644/4644 4645/4645 4773/4773
f 4644/4644 4773/4773 4772/4772
f 4645/4645 4646/4646 4774/4774
f 4645/4645 4774/4774 4773/4773
f 4646/4646 4647/4647 4775/4775
f 4646/4646 4775/4775 4774/4774
f 4647/4647 4648/4648 4776/4776
f 4647/4647 4776/4776 4775/4775
f 4648/4648 4649/4649 4777/4777
f 4648/4648 4777/4777 4776/4776
f 4649/4649 4650/4650 4778/4778
f 4649/4649 4778/4778 4777/4777
f 4650/4650 4651/4651 4779/4779
f 4650/4650 4779/4779 4778/4778
f 4651/4651 4652/4652 4780/4780
f 4651/4651 4780/4780 4779/4779
f 4652/4652 4653/4653 4781/4781
f 4652/4652 4781/4781 4780/4780
f 4653/4653 4654/4654 4782/4782
f 4653/4653 4782/4782 4781/4781
f 4654/4654 4655/4655 4783/4783
f 4654/4654 4783/4783 4782/4782
f 4655/4655 4656/4656 4784/4784
f 4655/4655 4784/4784 4783/4783
f 4656/4656 4657/4657 4785/4785
f 4656/4656 4785/4785 4784/4784
f 4657/4657 4658/4658 4786/4786
f 4657/4657 4786/4786 4785/4785
f 4658/4658 4659/4659 4787/4787
f 4658/4658 4787/4787 4786/4786
f 4659/4659 4660/4660 4788/4788
f 4659/4659 4788/4788 4787/4787
f 4660/4660 4661/4661 4789/4789
f 4660/4660 4789/4789 4788/4788
f 4661/4661 4662/4662 4790/4790
f 4661/4661 4790/4790 4789/4789
f 4662/4662 4663/4663 4791/4791
f 4662/4662 4791/4791 4790/4790
f 4663/4663 4664/4664 4792/4792
f 4663/4663 4792/4792 4791/4791
f 4664/4664 4665/4665 4793/4793
f 4664/4664 4793/4793 4792/4792
f 4665/4665 4666/4666 4794/4794
f 4665/4665 4794/4794 4793/4793
f 4666/4666 4667/4667 4795/4795
f 4666/4666 4795/4795 4794/4794
f 4667/4667 4668/4668 4796/4796
f 4667/4667 4796/4796 4795/4795
f 4668/4668 4669/4669 4797/4797
f 4668/4668 4797/4797 4796/4796
f 4669/4669 4670/4670 4798/4798
f 4669/4669 4798/4798 4797/4797
f 4670/4670 4671/4671 4799/4799
f 4670/4670 4799/4799 4798/4798
f 4671/4671 4672/4672 4800/4800
f 4671/4671 4800/4800 4799/4799
f 4672/4672 4673/4673 4801/4801
f 4672/4672 4801/4801 4800/4800
f 4673/4673 4674/4674 4802/4802
f 4673/4673 4802/4802 4801/4801
f 4674/4674 4675/4675 4803/4803
f 4674/4674 4803/4803 4802/4802
f 4675/4675 4676/4676 4804/4804
f 4675/4675 4804/4804 4803/4803
f 4676/4676 4677/4677 4805/4805
f 4676/4676 4805/4805 4804/4804
f 4677/4677 4678/4678 4806/4806
f 4677/4677 4806/4806 4805/4805
f 4678/4678 4679/4679 4807/4807
f 4678/4678 4807/4807 4806/4806
f 4679/4679 4680/4680 4808/4808
f 4679/4679 4808/4808 4807/4807
f 4680/4680 4681/4681 4809/4809
f 4680/4680 4809/4809 4808/4808
f 4681/4681 4682/4682 4810/4810
f 4681/4681 4810/4810 4809/4809
f 4682/4682 4683/4683 4811/4811
f 4682/4682 4811/4811 4810/4810
f 4683/4683 4684/4684 4812/4812
f 4683/4683 4812/4812 4811/4811
f 4684/4684 4685/4685 4813/4813
f 4684/4684 4813/4813 4812/4812
f 4685/4685 4686/4686 4814/4814
f 4685/4685 4814/4814 4813/4813
f 4686/4686 4687/4687 4815/4815
f 4686/4686 4815/4815 4814/4814
f 4687/4687 4688/4688 4816/4816
f 4687/4687 4816/4816 4815/4815
f 4688/4688 4689/4689 4817/4817
f 4688/4688 4817/4817 4816/4816
f 4689/4689 4690/4690 4818/4818
f 4689/4689 4818/4818 4817/4817
f 4690/4690 4691/4691 4819/4819
f 4690/4690 4819/4819 4818/4818
f 4691/4691 4692/4692 4820/4820
f 4691/4691 4820/4820 4819/4819
f 4692/4692 4693/4693 4821/4821
f 4692/4692 4821/4821 4820/4820
f 4693/4693 4694/4694 4822/4822
f 4693/4693 4822/4822 4821/4821
f 4694/4694 4695/4695 4823/4823
f 4694/4694 4823/4823 4822/4822
f 4695/4695 4696/4696 4824/4824
f 4695/4695 4824/4824 4823/4823
f 4696/4696 4697/4697 4825/4825
f 4696/4696 4825/4825 4824/4824
f 4697/4697 4698/4698 4826/4826
f 4697/4697 4826/4826 4825/4825
f 4698/4698 4699/4699 4827/4827
f 4698/4698 4827/4827 4826/4826
f 4699/4699 4700/4700 4828/4828
f 4699/4699 4828/4828 4827/4827
f 4700/4700 4701/4701 4829/4829
f 4700/4700 4829/4829 4828/4828
f 4701/4701 4702/4702 4830/4830
f 4701/4701 4830/4830 4829/4829
f 4702/4702 4703/4703 4831/4831
f 4702/4702 4831/4831 4830/4830
f 4703/4703 4704/4704 4832/4832
f 4703/4703 4832/4832 4831/4831
f 4704/4704 4705/4705 4833/4833
f 4704/4704 4833/4833 4832/4832
f 4705/4705 4706/4706 4834/4834
f 4705/4705 4834/4834 4833/4833
f 4706/4706 4707/4707 4835/4835
f 4706/4706 4835/4835 4834/4834
f 4707/4707 4708/4708 4836/4836
f 4707/4707 4836/4836 4835/4835
f 4708/4708 4709/4709 4837/4837
f 4708/4708 4837/4837 4836/4836
f 4709/4709 4710/4710 4838/4838
f 4709/4709 4838/4838 4837/4837
f 4710/4710 4711/4711 4839/4839
f 4710/4710 4839/4839 4838/4838
f 4711/4711 4712/4712 4840/4840
f 4711/4711 4840/4840 4839/4839
f 4712/4712 4713/4713 4841/4841
f 4712/4712 4841/4841 4840/4840
f 4713/4713 4714/4714 4842/4842
f 4713/4713 4842/4842 4841/4841
f 4714/4714 4715/4715 4843/4843
f 4714/4714 4843/4843 4842/4842
f 4715/4715 4716/4716 4844/4844
f 4715/4715 4844/4844 4843/4843
f 4716/4716 4717/4717 4845/4845
f 4716/4716 4845/4845 4844/4844
f 4717/4717 4718/4718 4846/4846
f 4717/4717 4846/4846 4845/4845
f 4718/4718 4719/4719 4847/4847
f 4718/4718 4847/4847 4846/4846
f 4719/4719 4720/4720 4848/4848
f 4719/4719 4848/4848 4847/4847
f 4720/4720 4721/4721 4849/4849
f 4720/4720 4849/4849 4848/4848
f 4721/4721 4722/4722 4850/4850
f 4721/4721 4850/4850 4849/4849
f 4722/4722 4723/4723 4851/4851
f 4722/4722 4851/4851 4850/4850
f 4723/4723 4724/4724 4852/4852
f 4723/4723 4852/4852 4851/4851
f 4724/4724 4725/4725 4853/4853
f 4724/4724 4853/4853 4852/4852
f 4725/4725 4726/4726 4854/4854
f 4725/4725 4854/4854 4853/4853
f 4726/4726 4727/4727 4855/4855
f 4726/4726 4855/4855 4854/4854
f 4727/4727 4728/4728 4856/4856
f 4727/4727 4856/4856 4855/4855
f 4728/4728 4729/4729 4857/4857
f 4728/4728 4857/4857 4856/4856
f 4729/4729 4730/4730 4858/4858
f 4729/4729 4858/4858 4857/4857
f 4730/4730 4731/4731 4859/4859
f 4730/4730 4859/4859 4858/4858
f 4731/4731 4732/4732 4860/4860
f 4731/4731 4860/4860 4859/4859
f 4732/4732 4733/4733 4861/4861
f 4732/4732 4861/4861 4860/4860
f 4733/4733 4734/4734 4862/4862
f 4733/4733 4862/4862 4861/4861
f 4734/4734 4735/4735 4863/4863
f 4734/4734 4863/4863 4862/4862
f 4735/4735 4736/4736 4864/4864
f 4735/4735 4864/4864 4863/4863
f 4737/4737 4738/4738 4866/4866
f 4737/4737 4866/4866 4865/4865
f 4738/4738 4739/4739 4867/4867
f 4738/4738 4867/4867 4866/4866
f 4739/4739 4740/4740 4868/4868
f 4739/4739 4868/4868 4867/4867
f 4740/4740 4741/4741 4869/4869
f 4740/4740 4869/4869 4868/4868
f 4741/4741 4742/4742 4870/4870
f 4741/4741 4870/4870 4869/4869
f 4742/4742 4743/4743 4871/4871
f 4742/4742 4871/4871 4870/4870
f 4743/4743 4744/4744 4872/4872
f 4743/4743 4872/4872 4871/4871
f 4744/4744 4745/4745 4873/4873
f 4744/4744 4873/4873 4872/4872
f 4745/4745 4746/4746 4874/4874
f 4745/4745 4874/4874 4873/4873
f 4746/4746 4747/4747 4875/4875
f 4746/4746 4875/4875 4874/4874
f 4747/4747 4748/4748 4876/4876
f 4747/4747 4876/4876 4875/4875
f 4748/4748 4749/4749 4877/4877
f 4748/4748 4877/4877 4876/4876
f 4749/4749 4750/4750 4878/4878
f 4749/4749 4878/4878 4877/4877
f 4750/4750 4751/4751 4879/4879
f 4750/4750 4879/4879 4878/4878
f 4751/4751 4752/4752 4880/4880
f 4751/4751 4880/4880 4879/4879
f 4752/4752 4753/4753 4881/4881
f 4752/4752 4881/4881 4880/4880
f 4753/4753 4754/4754 4882/4882
f 4753/4753 4882/4882 4881/4881
f 4754/4754 4755/4755 4883/4883
f 4754/4754 4883/4883 4882/4882
f 4755/4755 4756/4756 4884/4884
f 4755/4755 4884/4884 4883/4883
f 4756/4756 4757/4757 4885/4885
f 4756/4756 4885/4885 4884/4884
f 4757/4757 4758/4758 4886/4886
f 4757/4757 4886/4886 4885/4885
f 4758/4758 4759/4759 4887/4887
f 4758/4758 4887/4887 4886/4886
f 4759/4759 4760/4760 4888/4888
f 4759/4759 4888/4888 4887/4887
f 4760/4760 4761/4761 4889/4889
f 4760/4760 4889/4889 4888/4888
f 4761/4761 4762/4762 4890/4890
f 4761/4761 4890/4890 4889/4889
f 4762/4762 4763/4763 4891/4891
f 4762/4762 4891/4891 4890/4890
f 4763/4763 4764/4764 4892/4892
f 4763/4763 4892/4892 4891/4891
f 4764/4764 4765/4765 4893/4893
f 4764/4764 4893/4893 4892/4892
f 4765/4765 4766/4766 4894/4894
f 4765/4765 4894/4894 4893/4893
f 4766/4766 4767/4767 4895/4895
f 4766/4766 4895/4895 4894/4894
f 4767/4767 4768/4768 4896/4896
f 4767/4767 4896/4896 4895/4895
f 4768/4768 4769/4769 4897/4897
f 4768/4768 4897/4897 4896/4896
f 4769/4769 4770/4770 4898/4898
f 4769/4769 4898/4898 4897/4897
f 4770/4770 4771/4771 4899/4899
f 4770/4770 4899/4899 4898/4898
f 4771/4771 4772/4772 4900/4900
f 4771/4771 4900/4900 4899/4899
f 4772/4772 4773/4773 4901/4901
f 4772/4772 4901/4901 4900/4900
f 4773/4773 4774/4774 4902/4902
f 4773/4773 4902/4902 4901/4901
f 4774/4774 4775/4775 4903/4903
f 4774/4774 4903/4903 4902/4902
f 4775/4775 4776/4776 4904/4904
f 4775/4775 4904/4904 4903/4903
f 4776/4776 4777/4777 4905/4905
f 4776/4776 4905/4905 4904/4904
f 4777/4777 4778/4778 4906/4906
f 4777/4777 4906/4906 4905/4905
f 4778/4778 4779/4779 4907/4907
f 4778/4778 4907/4907 4906/4906
f 4779/4779 4780/4780 4908/4908
f 4779/4779 4908/4908 4907/4907
f 4780/4780 4781/4781 4909/4909
f 4780/4780 4909/4909 4908/4908
f 4781/4781 4782/4782 4910/4910
f 4781/4781 4910/4910 4909/4909
f 4782/4782 4783/4783 4911/4911
f 4782/4782 4911/4911 4910/4910
f 4783/4783 4784/4784 4912/4912
f 4783/4783 4912/4912 4911/4911
f 4784/4784 4785/4785 4913/4913
f 4784/4784 4913/4913 4912/4912
f 4785/4785 4786/4786 4914/4914
f 4785/4785 4914/4914 4913/4913
f 4786/4786 4787/4787 4915/4915
f 4786/4786 4915/4915 4914/4914
f 4787/4787 4788/4788 4916/4916
f 4787/4787 4916/4916 4915/4915
f 4788/4788 4789/4789 4917/4917
f 4788/4788 4917/4917 4916/4916
f 4789/4789 4790/4790 4918/4918
f 4789/4789 4918/4918 4917/4917
f 4790/4790 4791/4791 4919/4919
f 4790/4790 4919/4919 4918/4918
f 4791/4791 4792/4792 4920/4920
f 4791/4791 4920/4920 4919/4919
f 4792/4792 4793/4793 4921/4921
f 4792/4792 4921/4921 4920/4920
f 4793/4793 4794/4794 4922/4922
f 4793/4793 4922/4922 4921/4921
f 4794/4794 4795/4795 4923/4923
f 4794/4794 4923/4923 4922/4922
f 4795/4795 4796/4796 4924/4924
f 4795/4795 4924/4924 4923/4923
f 4796/4796 4797/4797 4925/4925
f 4796/4796 4925/4925 4924/4924
f 4797/4797 4798/4798 4926/4926
f 4797/4797 4926/4926 4925/4925
f 4798/4798 4799/4799 4927/4927
f 4798/4798 4927/4927 4926/4926
f 4799/4799 4800/4800 4928/4928
f 4799/4799 4928/4928 4927/4927
f 4800/4800 4801/4801 4929/4929
f 4800/4800 4929/4929 4928/4928
f 4801/4801 4802/4802 4930/4930
f 4801/4801 4930/4930 4929/4929
f 4802/4802 4803/4803 4931/4931
f 4802/4802 4931/4931 4930/4930
f 4803/4803 4804/4804 4932/4932
f 4803/4803 4932/4932 4931/4931
f 4804/4804 4805/4805 4933/4933
f 4804/4804 4933/4933 4932/4932
f 4805/4805 4806/4806 4934/4934
f 4805/4805 4934/4934 4933/4933
f 4806/4806 4807/4807 4935/4935
f 4806/4806 4935/4935 4934/4934
f 4807/4807 4808/4808 4936/4936
f 4807/4807 4936/4936 4935/4935
f 4808/4808 4809/4809 4937/4937
f 4808/4808 4937/4937 4936/4936
f 4809/4809 4810/4810 4938/4938
f 4809/4809 4938/4938 4937/4937
f 4810/4810 4811/4811 4939/4939
f 4810/4810 4939/4939 4938/4938
f 4811/4811 4812/4812 4940/4940
f 4811/4811 4940/4940 4939/4939
f 4812/4812 4813/4813 4941/4941
f 4812/4812 4941/4941 4940/4940
f 4813/4813 4814/4814 4942/4942
f 4813/4813 4942/4942 4941/4941
f 4814/4814 4815/4815 4943/4943
f 4814/4814 4943/4943 4942/4942
f 4815/4815 4816/4816 4944/4944
f 4815/4815 4944/4944 4943/4943
f 4816/4816 4817/4817 4945/4945
f 4816/4816 4945/4945 4944/4944
f 4817/4817 4818/4818 4946/4946
f 4817/4817 4946/4946 4945/4945
f 4818/4818 4819/4819 4947/4947
f 4818/4818 4947/4947 4946/4946
f 4819/4819 4820/4820 4948/4948
f 4819/4819 4948/4948 4947/4947
f 4820/4820 4821/4821 4949/4949
f 4820/4820 4949/4949 4948/4948
f 4821/4821 4822/4822 4950/4950
f 4821/4821 4950/4950 4949/4949
f 4822/4822 4823/4823 4951/4951
f 4822/4822 4951/4951 4950/4950
f 4823/4823 4824/4824 4952/4952
f 4823/4823 4952/4952 4951/4951
f 4824/4824 4825/4825 4953/4953
f 4824/4824 4953/4953 4952/4952
f 4825/4825 4826/4826 4954/4954
f 4825/4825 4954/4954 4953/4953
f 4826/4826 4827/4827 4955/4955
f 4826/4826 4955/4955 4954/4954
f 4827/4827 4828/4828 4956/4956
f 4827/4827 4956/4956 4955/4955
f 4828/4828 4829/4829 4957/4957
f 4828/4828 4957/4957 4956/4956
f 4829/4829 4830/4830 4958/4958
f 4829/4829 4958/4958 4957/4957
f 4830/4830 4831/4831 4959/4959
f 4830/4830 4959/4959 4958/4958
f 4831/4831 4832/4832 4960/4960
f 4831/4831 4960/4960 4959/4959
f 4832/4832 4833/4833 4961/4961
f 4832/4832 4961/4961 4960/4960
f 4833/4833 4834/4834 4962/4962
f 4833/4833 4962/4962 4961/4961
f 4834/4834 4835/4835 4963/4963
f 4834/4834 4963/4963 4962/4962
f 4835/4835 4836/4836 4964/4964
f 4835/4835 4964/4964 4963/4963
f 4836/4836 4837/4837 4965/4965
f 4836/4836 4965/4965 4964/4964
f 4837/4837 4838/4838 4966/4966
f 4837/4837 4966/4966 4965/4965
f 4838/4838 4839/4839 4967/4967
f 4838/4838 4967/4967 4966/4966
f 4839/4839 4840/4840 4968/4968
f 4839/4839 4968/4968 4967/4967
f 4840/4840 4841/4841 4969/4969
f 4840/4840 4969/4969 4968/4968
f 4841/4841 4842/4842 4970/4970
f 4841/4841 4970/4970 4969/4969
f 4842/4842 4843/4843 4971/4971
f 4842/4842 4971/4971 4970/4970
f 4843/4843 4844/4844 4972/4972
f 4843/4843 4972/4972 4971/4971
f 4844/4844 4845/4845 4973/4973
f 4844/4844 4973/4973 4972/4972
f 4845/4845 4846/4846 4974/4974
f 4845/4845 4974/4974 4973/4973
f 4846/4846 4847/4847 4975/4975
f 4846/4846 4975/4975 4974/4974
f 4847/4847 4848/4848 4976/4976
f 4847/4847 4976/4976 4975/4975
f 4848/4848 4849/4849 4977/4977
f 4848/4848 4977/4977 4976/4976
f 4849/4849 4850/4850 4978/4978
f 4849/4849 4978/4978 4977/4977
f 4850/4850 4851/4851 4979/4979
f 4850/4850 4979/4979 4978/4978
f 4851/4851 4852/4852 4980/4980
f 4851/4851 4980/4980 4979/4979
f 4852/4852 4853/4853 4981/4981
f 4852/4852 4981/4981 4980/4980
f 4853/4853 4854/4854 4982/4982
f 4853/4853 4982/4982 4981/4981
f 4854/4854 4855/4855 4983/4983
f 4854/4854 4983/4983 4982/4982
f 4855/4855 4856/4856 4984/4984
f 4855/4855 4984/4984 4983/4983
f 4856/4856 4857/4857 4985/4985
f 4856/4856 4985/4985 4984/4984
f 4857/4857 4858/4858 4986/4986
f 4857/4857 4986/4986 4985/4985
f 4858/4858 4859/4859 4987/4987
f 4858/4858 4987/4987 4986/4986
f 4859/4859 4860/4860 4988/4988
f 4859/4859 4988/4988 4987/4987
f 4860/4860 4861/4861 4989/4989
f 4860/4860 4989/4989 4988/4988
f 4861/4861 4862/4862 4990/4990
f 4861/4861 4990/4990 4989/4989
f 4862/4862 4863/4863 4991/4991
f 4862/4862 4991/4991 4990/4990
f 4863/4863 4864/4864 4992/4992
f 4863/4863 4992/4992 4991/4991
f 4865/4865 4866/4866 4994/4994
f 4865/4865 4994/4994 4993/4993
f 4866/4866 4867/4867 4995/4995
f 4866/4866 4995/4995 4994/4994
f 4867/4867 4868/4868 4996/4996
f 4867/4867 4996/4996 4995/4995
f 4868/4868 4869/4869 4997/4997
f 4868/4868 4997/4997 4996/4996
f 4869/4869 4870/4870 4998/4998
f 4869/4869 4998/4998 4997/4997
f 4870/4870 4871/4871 4999/4999
f 4870/4870 4999/4999 4998/4998
f 4871/4871 4872/4872 5000/5000
f 4871/4871 5000/5000 4999/4999
f 4872/4872 4873/4873 5001/5001
f 4872/4872 5001/5001 5000/5000
f 4873/4873 4874/4874 5002/5002
f 4873/4873 5002/5002 5001/5001
f 4874/4874 4875/4875 5003/5003
f 4874/4874 5003/5003 5002/5002
f 4875/4875 4876/4876 5004/5004
f 4875/4875 5004/5004 5003/5003
f 4876/4876 4877/4877 5005/5005
f 4876/4876 5005/5005 5004/5004
f 4877/4877 4878/4878 5006/5006
f 4877/4877 5006/5006 5005/5005
f 4878/4878 4879/4879 5007/5007
f 4878/4878 5007/5007 5006/5006
f 4879/4879 4880/4880 5008/5008
f 4879/4879 5008/5008 5007/5007
f 4880/4880 4881/4881 5009/5009
f 4880/4880 5009/5009 5008/5008
f 4881/4881 4882/4882 5010/5010
f 4881/4881 5010/5010 5009/5009
f 4882/4882 4883/4883 5011/5011
f 4882/4882 5011/5011 5010/5010
f 4883/4883 4884/4884 5012/5012
f 4883/4883 5012/5012 5011/5011
f 4884/4884 4885/4885 5013/5013
f 4884/4884 5013/5013 5012/5012
f 4885/4885 4886/4886 5014/5014
f 4885/4885 5014/5014 5013/5013
f 4886/4886 4887/4887 5015/5015
f 4886/4886 5015/5015 5014/5014
f 4887/4887 4888/4888 5016/5016
f 4887/4887 5016/5016 5015/5015
f 4888/4888 4889/4889 5017/5017
f 4888/4888 5017/5017 5016/5016
f 4889/4889 4890/4890 5018/5018
f 4889/4889 5018/5018 5017/5017
f 4890/4890 4891/4891 5019/5019
f 4890/4890 5019/5019 5018/5018
f 4891/4891 4892/4892 5020/5020
f 4891/4891 5020/5020 5019/5019
f 4892/4892 4893/4893 5021/5021
f 4892/4892 5021/5021 5020/5020
f 4893/4893 4894/4894 5022/5022
f 4893/4893 5022/5022 5021/5021
f 4894/4894 4895/4895 5023/5023
f 4894/4894 5023/5023 5022/5022
f 4895/4895 4896/4896 5024/5024
f 4895/4895 5024/5024 5023/5023
f 4896/4896 4897/4897 5025/5025
f 4896/4896 5025/5025 5024/5024
f 4897/4897 4898/4898 5026/5026
f 4897/4897 5026/5026 5025/5025
f 4898/4898 4899/4899 5027/5027
f 4898/4898 5027/5027 5026/5026
f 4899/4899 4900/4900 5028/5028
f 4899/4899 5028/5028 5027/5027
f 4900/4900 4901/4901 5029/5029
f 4900/4900 5029/5029 5028/5028
f 4901/4901 4902/4902 5030/5030
f 4901/4901 5030/5030 5029/5029
f 4902/4902 4903/4903 5031/5031
f 4902/4902 5031/5031 5030/5030
f 4903/4903 4904/4904 5032/5032
f 4903/4903 5032/5032 5031/5031
f 4904/4904 4905/4905 5033/5033
f 4904/4904 5033/5033 5032/5032
f 4905/4905 4906/4906 5034/5034
f 4905/4905 5034/5034 5033/5033
f 4906/4906 4907/4907 5035/5035
f 4906/4906 5035/5035 5034/5034
f 4907/4907 4908/4908 5036/5036
f 4907/4907 5036/5036 5035/5035
f 4908/4908 4909/4909 5037/5037
f 4908/4908 5037/5037 5036/5036
f 4909/4909 4910/4910 5038/5038
f 4909/4909 5038/5038 5037/5037
f 4910/4910 4911/4911 5039/5039
f 4910/4910 5039/5039 5038/5038
f 4911/4911 4912/4912 5040/5040
f 4911/4911 5040/5040 5039/5039
f 4912/4912 4913/4913 5041/5041
f 4912/4912 5041/5041 5040/5040
f 4913/4913 4914/4914 5042/5042
f 4913/4913 5042/5042 5041/5041
f 4914/4914 4915/4915 5043/5043
f 4914/4914 5043/5043 5042/5042
f 4915/4915 4916/4916 5044/5044
f 4915/4915 5044/5044 5043/5043
f 4916/4916 4917/4917 5045/5045
f 4916/4916 5045/5045 5044/5044
f 4917/4917 4918/4918 5046/5046
f 4917/4917 5046/5046 5045/5045
f 4918/4918 4919/4919 5047/5047
f 4918/4918 5047/5047 5046/5046
f 4919/4919 4920/4920 5048/5048
f 4919/4919 5048/5048 5047/5047
f 4920/4920 4921/4921 5049/5049
f 4920/4920 5049/5049 5048/5048
f 4921/4921 4922/4922 5050/5050
f 4921/4921 5050/5050 5049/5049
f 4922/4922 4923/4923 5051/5051
f 4922/4922 5051/5051 5050/5050
f 4923/4923 4924/4924 5052/5052
f 4923/4923 5052/5052 5051/5051
f 4924/4924 4925/4925 5053/5053
f 4924/4924 5053/5053 5052/5052
f 4925/4925 4926/4926 5054/5054
f 4925/4925 5054/5054 5053/5053
f 4926/4926 4927/4927 5055/5055
f 4926/4926 5055/5055 5054/5054
f 4927/4927 4928/4928 5056/5056
f 4927/4927 5056/5056 5055/5055
f 4928/4928 4929/4929 5057/5057
f 4928/4928 5057/5057 5056/5056
f 4929/4929 4930/4930 5058/5058
f 4929/4929 5058/5058 5057/5057
f 4930/4930 4931/4931 5059/5059
f 4930/4930 5059/5059 5058/5058
f 4931/4931 4932/4932 5060/5060
f 4931/4931 5060/5060 5059/5059
f 4932/4932 4933/4933 5061/5061
f 4932/4932 5061/5061 5060/5060
f 4933/4933 4934/4934 5062/5062
f 4933/4933 5062/5062 5061/5061
f 4934/4934 4935/4935 5063/5063
f 4934/4934 5063/5063 5062/5062
f 4935/4935 4936/4936 5064/5064
f 4935/4935 5064/5064 5063/5063
f 4936/4936 4937/4937 5065/5065
f 4936/4936 5065/5065 5064/5064
f 4937/4937 4938/4938 5066/5066
f 4937/4937 5066/5066 5065/5065
f 4938/4938 4939/4939 5067/5067
f 4938/4938 5067/5067 5066/5066
f 4939/4939 4940/4940 5068/5068
f 4939/4939 5068/5068 5067/5067
f 4940/4940 4941/4941 5069/5069
f 4940/4940 5069/5069 5068/5068
f 4941/4941 4942/4942 5070/5070
f 4941/4941 5070/5070 5069/5069
f 4942/4942 4943/4943 5071/5071
f 4942/4942 5071/5071 5070/5070
f 4943/4943 4944/4944 5072/5072
f 4943/4943 5072/5072 5071/5071
f 4944/4944 4945/4945 5073/5073
f 4944/4944 5073/5073 5072/5072
f 4945/4945 4946/4946 5074/5074
f 4945/4945 5074/5074 5073/5073
f 4946/4946 4947/4947 5075/5075
f 4946/4946 5075/5075 5074/5074
f 4947/4947 4948/4948 5076/5076
f 4947/4947 5076/5076 5075/5075
f 4948/4948 4949/4949 5077/5077
f 4948/4948 5077/5077 5076/5076
f 4949/4949 4950/4950 5078/5078
f 4949/4949 5078/5078 5077/5077
f 4950/4950 4951/4951 5079/5079
f 4950/4950 5079/5079 5078/5078
f 4951/4951 4952/4952 5080/5080
f 4951/4951 5080/5080 5079/5079
f 4952/4952 4953/4953 5081/5081
f 4952/4952 5081/5081 5080/5080
f 4953/4953 4954/4954 5082/5082
f 4953/4953 5082/5082 5081/5081
f 4954/4954 4955/4955 5083/5083
f 4954/4954 5083/5083 5082/5082
f 4955/4955 4956/4956 5084/5084
f 4955/4955 5084/5084 5083/5083
f 4956/4956 4957/4957 5085/5085
f 4956/4956 5085/5085 5084/5084
f 4957/4957 4958/4958 5086/5086
f 4957/4957 5086/5086 5085/5085
f 4958/4958 4959/4959 5087/5087
f 4958/4958 5087/5087 5086/5086
f 4959/4959 4960/4960 5088/5088
f 4959/4959 5088/5088 5087/5087
f 4960/4960 4961/4961 5089/5089
f 4960/4960 5089/5089 5088/5088
f 4961/4961 4962/4962 5090/5090
f 4961/4961 5090/5090 5089/5089
f 4962/4962 4963/4963 5091/5091
f 4962/4962 5091/5091 5090/5090
f 4963/4963 4964/4964 5092/5092
f 4963/4963 5092/5092 5091/5091
f 4964/4964 4965/4965 5093/5093
f 4964/4964 5093/5093 5092/5092
f 4965/4965 4966/4966 5094/5094
f 4965/4965 5094/5094 5093/5093
f 4966/4966 4967/4967 5095/5095
f 4966/4966 5095/5095 5094/5094
f 4967/4967 4968/4968 5096/5096
f 4967/4967 5096/5096 5095/5095
f 4968/4968 4969/4969 5097/5097
f 4968/4968 5097/5097 5096/5096
f 4969/4969 4970/4970 5098/5098
f 4969/4969 5098/5098 5097/5097
f 4970/4970 4971/4971 5099/5099
f 4970/4970 5099/5099 5098/5098
f 4971/4971 4972/4972 5100/5100
f 4971/4971 5100/5100 5099/5099
f 4972/4972 4973/4973 5101/5101
f 4972/4972 5101/5101 5100/5100
f 4973/4973 4974/4974 5102/5102
f 4973/4973 5102/5102 5101/5101
f 4974/4974 4975/4975 5103/5103
f 4974/4974 5103/5103 5102/5102
f 4975/4975 4976/4976 5104/5104
f 4975/4975 5104/5104 5103/5103
f 4976/4976 4977/4977 5105/5105
f 4976/4976 5105/5105 5104/5104
f 4977/4977 4978/4978 5106/5106
f 4977/4977 5106/5106 5105/5105
f 4978/4978 4979/4979 5107/5107
f 4978/4978 5107/5107 5106/5106
f 4979/4979 4980/4980 5108/5108
f 4979/4979 5108/5108 5107/5107
f 4980/4980 4981/4981 5109/5109
f 4980/4980 5109/5109 5108/5108
f 4981/4981 4982/4982 5110/5110
f 4981/4981 5110/5110 5109/5109
f 4982/4982 4983/4983 5111/5111
f 4982/4982 5111/5111 5110/5110
f 4983/4983 4984/4984 5112/5112
f 4983/4983 5112/5112 5111/5111
f 4984/4984 4985/4985 5113/5113
f 4984/4984 5113/5113 5112/5112
f 4985/4985 4986/4986 5114/5114
f 4985/4985 5114/5114 5113/5113
f 4986/4986 4987/4987 5115/5115
f 4986/4986 5115/5115 5114/5114
f 4987/4987 4988/4988 5116/5116
f 4987/4987 5116/5116 5115/5115
f 4988/4988 4989/4989 5117/5117
f 4988/4988 5117/5117 5116/5116
f 4989/4989 4990/4990 5118/5118
f 4989/4989 5118/5118 5117/5117
f 4990/4990 4991/4991 5119/5119
f 4990/4990 5119/5119 5118/5118
f 4991/4991 4992/4992 5120/5120
f 4991/4991 5120/5120 5119/5119
f 4993/4993 4994/4994 5122/5122
f 4993/4993 5122/5122 5121/5121
f 4994/4994 4995/4995 5123/5123
f 4994/4994 5123/5123 5122/5122
f 4995/4995 4996/4996 5124/5124
f 4995/4995 5124/5124 5123/5123
f 4996/4996 4997/4997 5125/5125
f 4996/4996 5125/5125 5124/5124
f 4997/4997 4998/4998 5126/5126
f 4997/4997 5126/5126 5125/5125
f 4998/4998 4999/4999 5127/5127
f 4998/4998 5127/5127 5126/5126
f 4999/4999 5000/5000 5128/5128
f 4999/4999 5128/5128 5127/5127
f 5000/5000 5001/5001 5129/5129
f 5000/5000 5129/5129 5128/5128
f 5001/5001 5002/5002 5130/5130
f 5001/5001 5130/5130 5129/5129
f 5002/5002 5003/5003 5131/5131
f 5002/5002 5131/5131 5130/5130
f 5003/5003 5004/5004 5132/5132
f 5003/5003 5132/5132 5131/5131
f 5004/5004 5005/5005 5133/5133
f 5004/5004 5133/5133 5132/5132
f 5005/5005 5006/5006 5134/5134
f 5005/5005 5134/5134 5133/5133
f 5006/5006 5007/5007 5135/5135
f 5006/5006 5135/5135 5134/5134
f 5007/5007 5008/5008 5136/5136
f 5007/5007 5136/5136 5135/5135
f 5008/5008 5009/5009 5137/5137
f 5008/5008 5137/5137 5136/5136
f 5009/5009 5010/5010 5138/5138
f 5009/5009 5138/5138 5137/5137
f 5010/5010 5011/5011 5139/5139
f 5010/5010 5139/5139 5138/5138
f 5011/5011 5012/5012 5140/5140
f 5011/5011 5140/5140 5139/5139
f 5012/5012 5013/5013 5141/5141
f 5012/5012 5141/5141 5140/5140
f 5013/5013 5014/5014 5142/5142
f 5013/5013 5142/5142 5141/5141
f 5014/5014 5015/5015 5143/5143
f 5014/5014 5143/5143 5142/5142
f 5015/5015 5016/5016 5144/5144
f 5015/5015 5144/5144 5143/5143
f 5016/5016 5017/5017 5145/5145
f 5016/5016 5145/5145 5144/5144
f 5017/5017 5018/5018 5146/5146
f 5017/5017 5146/5146 5145/5145
f 5018/5018 5019/5019 5147/5147
f 5018/5018 5147/5147 5146/5146
f 5019/5019 5020/5020 5148/5148
f 5019/5019 5148/5148 5147/5147
f 5020/5020 5021/5021 5149/5149
f 5020/5020 5149/5149 5148/5148
f 5021/5021 5022/5022 5150/5150
f 5021/5021 5150/5150 5149/5149
f 5022/5022 5023/5023 5151/5151
f 5022/5022 5151/5151 5150/5150
f 5023/5023 5024/5024 5152/5152
f 5023/5023 5152/5152 5151/5151
f 5024/5024 5025/5025 5153/5153
f 5024/5024 5153/5153 5152/5152
f 5025/5025 5026/5026 5154/5154
f 5025/5025 5154/5154 5153/5153
f 5026/5026 5027/5027 5155/5155
f 5026/5026 5155/5155 5154/5154
f 5027/5027 5028/5028 5156/5156
f 5027/5027 5156/5156 5155/5155
f 5028/5028 5029/5029 5157/5157
f 5028/5028 5157/5157 5156/5156
f 5029/5029 5030/5030 5158/5158
f 5029/5029 5158/5158 5157/5157
f 5030/5030 5031/5031 5159/5159
f 5030/5030 5159/5159 5158/5158
f 5031/5031 5032/5032 5160/5160
f 5031/5031 5160/5160 5159/5159
f 5032/5032 5033/5033 5161/5161
f 5032/5032 5161/5161 5160/5160
f 5033/5033 5034/5034 5162/5162
f 5033/5033 5162/5162 5161/5161
f 5034/5034 5035/5035 5163/5163
f 5034/5034 5163/5163 5162/5162
f 5035/5035 5036/5036 5164/5164
f 5035/5035 5164/5164 5163/5163
f 5036/5036 5037/5037 5165/5165
f 5036/5036 5165/5165 5164/5164
f 5037/5037 5038/5038 5166/5166
f 5037/5037 5166/5166 5165/5165
f 5038/5038 5039/5039 5167/5167
f 5038/5038 5167/5167 5166/5166
f 5039/5039 5040/5040 5168/5168
f 5039/5039 5168/5168 5167/5167
f 5040/5040 5041/5041 5169/5169
f 5040/5040 5169/5169 5168/5168
f 5041/5041 5042/5042 5170/5170
f 5041/5041 5170/5170 5169/5169
f 5042/5042 5043/5043 5171/5171
f 5042/5042 5171/5171 5170/5170
f 5043/5043 5044/5044 5172/5172
f 5043/5043 5172/5172 5171/5171
f 5044/5044 5045/5045 5173/5173
f 5044/5044 5173/5173 5172/5172
f 5045/5045 5046/5046 5174/5174
f 5045/5045 5174/5174 5173/5173
f 5046/5046 5047/5047 5175/5175
f 5046/5046 5175/5175 5174/5174
f 5047/5047 5048/5048 5176/5176
f 5047/5047 5176/5176 5175/5175
f 5048/5048 5049/5049 5177/5177
f 5048/5048 5177/5177 5176/5176
f 5049/5049 5050/5050 5178/5178
f 5049/5049 5178/5178 5177/5177
f 5050/5050 5051/5051 5179/5179
f 5050/5050 5179/5179 5178/5178
f 5051/5051 5052/5052 5180/5180
f 5051/5051 5180/5180 5179/5179
f 5052/5052 5053/5053 5181/5181
f 5052/5052 5181/5181 5180/5180
f 5053/5053 5054/5054 5182/5182
f 5053/5053 5182/5182 5181/5181
f 5054/5054 5055/5055 5183/5183
f 5054/5054 5183/5183 5182/5182
f 5055/5055 5056/5056 5184/5184
f 5055/5055 5184/5184 5183/5183
f 5056/5056 5057/5057 5185/5185
f 5056/5056 5185/5185 5184/5184
f 5057/5057 5058/5058 5186/5186
f 5057/5057 5186/5186 5185/5185
f 5058/5058 5059/5059 5187/5187
f 5058/5058 5187/5187 5186/5186
f 5059/5059 5060/5060 5188/5188
f 5059/5059 5188/5188 5187/5187
f 5060/5060 5061/5061 5189/5189
f 5060/5060 5189/5189 5188/5188
f 5061/5061 5062/5062 5190/5190
f 5061/5061 5190/5190 5189/5189
f 5062/5062 5063/5063 5191/5191
f 5062/5062 5191/5191 5190/5190
f 5063/5063 5064/5064 5192/5192
f 5063/5063 5192/5192 5191/5191
f 5064/5064 5065/5065 5193/5193
f 5064/5064 5193/5193 5192/5192
f 5065/5065 5066/5066 5194/5194
f 5065/5065 5194/5194 5193/5193
f 5066/5066 5067/5067 5195/5195
f 5066/5066 5195/5195 5194/5194
f 5067/5067 5068/5068 5196/5196
f 5067/5067 5196/5196 5195/5195
f 5068/5068 5069/5069 5197/5197
f 5068/5068 5197/5197 5196/5196
f 5069/5069 5070/5070 5198/5198
f 5069/5069 5198/5198 5197/5197
f 5070/5070 5071/5071 5199/5199
f 5070/5070 5199/5199 5198/5198
f 5071/5071 5072/5072 5200/5200
f 5071/5071 5200/5200 5199/5199
f 5072/5072 5073/5073 5201/5201
f 5072/5072 5201/5201 5200/5200
f 5073/5073 5074/5074 5202/5202
f 5073/5073 5202/5202 5201/5201
f 5074/5074 5075/5075 5203/5203
f 5074/5074 5203/5203 5202/5202
f 5075/5075 5076/5076 5204/5204
f 5075/5075 5204/5204 5203/5203
f 5076/5076 5077/5077 5205/5205
f 5076/5076 5205/5205 5204/5204
f 5077/5077 5078/5078 5206/5206
f 5077/5077 5206/5206 5205/5205
f 5078/5078 5079/5079 5207/5207
f 5078/5078 5207/5207 5206/5206
f 5079/5079 5080/5080 5208/5208
f 5079/5079 5208/5208 5207/5207
f 5080/5080 5081/5081 5209/5209
f 5080/5080 5209/5209 5208/5208
f 5081/5081 5082/5082 5210/5210
f 5081/5081 5210/5210 5209/5209
f 5082/5082 5083/5083 5211/5211
f 5082/5082 5211/5211 5210/5210
f 5083/5083 5084/5084 5212/5212
f 5083/5083 5212/5212 5211/5211
f 5084/5084 5085/5085 5213/5213
f 5084/5084 5213/5213 5212/5212
f 5085/5085 5086/5086 5214/5214
f 5085/5085 5214/5214 5213/5213
f 5086/5086 5087/5087 5215/5215
f 5086/5086 5215/5215 5214/5214
f 5087/5087 5088/5088 5216/5216
f 5087/5087 5216/5216 5215/5215
f 5088/5088 5089/5089 5217/5217
f 5088/5088 5217/5217 5216/5216
f 5089/5089 5090/5090 5218/5218
f 5089/5089 5218/5218 5217/5217
f 5090/5090 5091/5091 5219/5219
f 5090/5090 5219/5219 5218/5218
f 5091/5091 5092/5092 5220/5220
f 5091/5091 5220/5220 5219/5219
f 5092/5092 5093/5093 5221/5221
f 5092/5092 5221/5221 5220/5220
f 5093/5093 5094/5094 5222/5222
f 5093/5093 5222/5222 5221/5221
f 5094/5094 5095/5095 5223/5223
f 5094/5094 5223/5223 5222/5222
f 5095/5095 5096/5096 5224/5224
f 5095/5095 5224/5224 5223/5223
f 5096/5096 5097/5097 5225/5225
f 5096/5096 5225/5225 5224/5224
f 5097/5097 5098/5098 5226/5226
f 5097/5097 5226/5226 5225/5225
f 5098/5098 5099/5099 5227/5227
f 5098/5098 5227/5227 5226/5226
f 5099/5099 5100/5100 5228/5228
f 5099/5099 5228/5228 5227/5227
f 5100/5100 5101/5101 5229/5229
f 5100/5100 5229/5229 5228/5228
f 5101/5101 5102/5102 5230/5230
f 5101/5101 5230/5230 5229/5229
f 5102/5102 5103/5103 5231/5231
f 5102/5102 5231/5231 5230/5230
f 5103/5103 5104/5104 5232/5232
f 5103/5103 5232/5232 5231/5231
f 5104/5104 5105/5105 5233/5233
f 5104/5104 5233/5233 5232/5232
f 5105/5105 5106/5106 5234/5234
f 5105/5105 5234/5234 5233/5233
f 5106/5106 5107/5107 5235/5235
f 5106/5106 5235/5235 5234/5234
f 5107/5107 5108/5108 5236/5236
f 5107/5107 5236/5236 5235/5235
f 5108/5108 5109/5109 5237/5237
f 5108/5108 5237/5237 5236/5236
f 5109/5109 5110/5110 5238/5238
f 5109/5109 5238/5238 5237/5237
f 5110/5110 5111/5111 5239/5239
f 5110/5110 5239/5239 5238/5238
f 5111/5111 5112/5112 5240/5240
f 5111/5111 5240/5240 5239/5239
f 5112/5112 5113/5113 5241/5241
f 5112/5112 5241/5241 5240/5240
f 5113/5113 5114/5114 5242/5242
f 5113/5113 5242/5242 5241/5241
f 5114/5114 5115/5115 5243/5243
f 5114/5114 5243/5243 5242/5242
f 5115/5115 5116/5116 5244/5244
f 5115/5115 5244/5244 5243/5243
f 5116/5116 5117/5117 5245/5245
f 5116/5116 5245/5245 5244/5244
f 5117/5117 5118/5118 5246/5246
f 5117/5117 5246/5246 5245/5245
f 5118/5118 5119/5119 5247/5247
f 5118/5118 5247/5247 5246/5246
f 5119/5119 5120/5120 5248/5248
f 5119/5119 5248/5248 5247/5247
f 5121/5121 5122/5122 5250/5250
f 5121/5121 5250/5250 5249/5249
f 5122/5122 5123/5123 5251/5251
f 5122/5122 5251/5251 5250/5250
f 5123/5123 5124/5124 5252/5252
f 5123/5123 5252/5252 5251/5251
f 5124/5124 5125/5125 5253/5253
f 5124/5124 5253/5253 5252/5252
f 5125/5125 5126/5126 5254/5254
f 5125/5125 5254/5254 5253/5253
f 5126/5126 5127/5127 5255/5255
f 5126/5126 5255/5255 5254/5254
f 5127/5127 5128/5128 5256/5256
f 5127/5127 5256/5256 5255/5255
f 5128/5128 5129/5129 5257/5257
f 5128/5128 5257/5257 5256/5256
f 5129/5129 5130/5130 5258/5258
f 5129/5129 5258/5258 5257/5257
f 5130/5130 5131/5131 5259/5259
f 5130/5130 5259/5259 5258/5258
f 5131/5131 5132/5132 5260/5260
f 5131/5131 5260/5260 5259/5259
f 5132/5132 5133/5133 5261/5261
f 5132/5132 5261/5261 5260/5260
f 5133/5133 5134/5134 5262/5262
f 5133/5133 5262/5262 5261/5261
f 5134/5134 5135/5135 5263/5263
f 5134/5134 5263/5263 5262/5262
f 5135/5135 5136/5136 5264/5264
f 5135/5135 5264/5264 5263/5263
f 5136/5136 5137/5137 5265/5265
f 5136/5136 5265/5265 5264/5264
f 5137/5137 5138/5138 5266/5266
f 5137/5137 5266/5266 5265/5265
f 5138/5138 5139/5139 5267/5267
f 5138/5138 5267/5267 5266/5266
f 5139/5139 5140/5140 5268/5268
f 5139/5139 5268/5268 5267/5267
f 5140/5140 5141/5141 5269/5269
f 5140/5140 5269/5269 5268/5268
f 5141/5141 5142/5142 5270/5270
f 5141/5141 5270/5270 5269/5269
f 5142/5142 5143/5143 5271/5271
f 5142/5142 5271/5271 5270/5270
f 5143/5143 5144/5144 5272/5272
f 5143/5143 5272/5272 5271/5271
f 5144/5144 5145/5145 5273/5273
f 5144/5144 5273/5273 5272/5272
f 5145/5145 5146/5146 5274/5274
f 5145/5145 5274/5274 5273/5273
f 5146/5146 5147/5147 5275/5275
f 5146/5146 5275/5275 5274/5274
f 5147/5147 5148/5148 5276/5276
f 5147/5147 5276/5276 5275/5275
f 5148/5148 5149/5149 5277/5277
f 5148/5148 5277/5277 5276/5276
f 5149/5149 5150/5150 5278/5278
f 5149/5149 5278/5278 5277/5277
f 5150/5150 5151/5151 5279/5279
f 5150/5150 5279/5279 5278/5278
f 5151/5151 5152/5152 5280/5280
f 5151/5151 5280/5280 5279/5279
f 5152/5152 5153/5153 5281/5281
f 5152/5152 5281/5281 5280/5280
f 5153/5153 5154/5154 5282/5282
f 5153/5153 5282/5282 5281/5281
f 5154/5154 5155/5155 5283/5283
f 5154/5154 5283/5283 5282/5282
f 5155/5155 5156/5156 5284/5284
f 5155/5155 5284/5284 5283/5283
f 5156/5156 5157/5157 5285/5285
f 5156/5156 5285/5285 5284/5284
f 5157/5157 5158/5158 5286/5286
f 5157/5157 5286/5286 5285/5285
f 5158/5158 5159/5159 5287/5287
f 5158/5158 5287/5287 5286/5286
f 5159/5159 5160/5160 5288/5288
f 5159/5159 5288/5288 5287/5287
f 5160/5160 5161/5161 5289/5289
f 5160/5160 5289/5289 5288/5288
f 5161/5161 5162/5162 5290/5290
f 5161/5161 5290/5290 5289/5289
f 5162/5162 5163/5163 5291/5291
f 5162/5162 5291/5291 5290/5290
f 5163/5163 5164/5164 5292/5292
f 5163/5163 5292/5292 5291/5291
f 5164/5164 5165/5165 5293/5293
f 5164/5164 5293/5293 5292/5292
f 5165/5165 5166/5166 5294/5294
f 5165/5165 5294/5294 5293/5293
f 5166/5166 5167/5167 5295/5295
f 5166/5166 5295/5295 5294/5294
f 5167/5167 5168/5168 5296/5296
f 5167/5167 5296/5296 5295/5295
f 5168/5168 5169/5169 5297/5297
f 5168/5168 5297/5297 5296/5296
f 5169/5169 5170/5170 5298/5298
f 5169/5169 5298/5298 5297/5297
f 5170/5170 5171/5171 5299/5299
f 5170/5170 5299/5299 5298/5298
f 5171/5171 5172/5172 5300/5300
f 5171/5171 5300/5300 5299/5299
f 5172/5172 5173/5173 5301/5301
f 5172/5172 5301/5301 5300/5300
f 5173/5173 5174/5174 5302/5302
f 5173/5173 5302/5302 5301/5301
f 5174/5174 5175/5175 5303/5303
f 5174/5174 5303/5303 5302/5302
f 5175/5175 5176/5176 5304/5304
f 5175/5175 5304/5304 5303/5303
f 5176/5176 5177/5177 5305/5305
f 5176/5176 5305/5305 5304/5304
f 5177/5177 5178/5178 5306/5306
f 5177/5177 5306/5306 5305/5305
f 5178/5178 5179/5179 5307/5307
f 5178/5178 5307/5307 5306/5306
f 5179/5179 5180/5180 5308/5308
f 5179/5179 5308/5308 5307/5307
f 5180/5180 5181/5181 5309/5309
f 5180/5180 5309/5309 5308/5308
f 5181/5181 5182/5182 5310/5310
f 5181/5181 5310/5310 5309/5309
f 5182/5182 5183/5183 5311/5311
f 5182/5182 5311/5311 5310/5310
f 5183/5183 5184/5184 5312/5312
f 5183/5183 5312/5312 5311/5311
f 5184/5184 5185/5185 5313/5313
f 5184/5184 5313/5313 5312/5312
f 5185/5185 5186/5186 5314/5314
f 5185/5185 5314/5314 5313/5313
f 5186/5186 5187/5187 5315/5315
f 5186/5186 5315/5315 5314/5314
f 5187/5187 5188/5188 5316/5316
f 5187/5187 5316/5316 5315/5315
f 5188/5188 5189/5189 5317/5317
f 5188/5188 5317/5317 5316/5316
f 5189/5189 5190/5190 5318/5318
f 5189/5189 5318/5318 5317/5317
f 5190/5190 5191/5191 5319/5319
f 5190/5190 5319/5319 5318/5318
f 5191/5191 5192/5192 5320/5320
f 5191/5191 5320/5320 5319/5319
f 5192/5192 5193/5193 5321/5321
f 5192/5192 5321/5321 5320/5320
f 5193/5193 5194/5194 5322/5322
f 5193/5193 5322/5322 5321/5321
f 5194/5194 5195/5195 5323/5323
f 5194/5194 5323/5323 5322/5322
f 5195/5195 5196/5196 5324/5324
f 5195/5195 5324/5324 5323/5323
f 5196/5196 5197/5197 5325/5325
f 5196/5196 5325/5325 5324/5324
f 5197/5197 5198/5198 5326/5326
f 5197/5197 5326/5326 5325/5325
f 5198/5198 5199/5199 5327/5327
f 5198/5198 5327/5327 5326/5326
f 5199/5199 5200/5200 5328/5328
f 5199/5199 5328/5328 5327/5327
f 5200/5200 5201/5201 5329/5329
f 5200/5200 5329/5329 5328/5328
f 5201/5201 5202/5202 5330/5330
f 5201/5201 5330/5330 5329/5329
f 5202/5202 5203/5203 5331/5331
f 5202/5202 5331/5331 5330/5330
f 5203/5203 5204/5204 5332/5332
f 5203/5203 5332/5332 5331/5331
f 5204/5204 5205/5205 5333/5333
f 5204/5204 5333/5333 5332/5332
f 5205/5205 5206/5206 5334/5334
f 5205/5205 5334/5334 5333/5333
f 5206/5206 5207/5207 5335/5335
f 5206/5206 5335/5335 5334/5334
f 5207/5207 5208/5208 5336/5336
f 5207/5207 5336/5336 5335/5335
f 5208/5208 5209/5209 5337/5337
f 5208/5208 5337/5337 5336/5336
f 5209/5209 5210/5210 5338/5338
f 5209/5209 5338/5338 5337/5337
f 5210/5210 5211/5211 5339/5339
f 5210/5210 5339/5339 5338/5338
f 5211/5211 5212/5212 5340/5340
f 5211/5211 5340/5340 5339/5339
f 5212/5212 5213/5213 5341/5341
f 5212/5212 5341/5341 5340/5340
f 5213/5213 5214/5214 5342/5342
f 5213/5213 5342/5342 5341/5341
f 5214/5214 5215/5215 5343/5343
f 5214/5214 5343/5343 5342/5342
f 5215/5215 5216/5216 5344/5344
f 5215/5215 5344/5344 5343/5343
f 5216/5216 5217/5217 5345/5345
f 5216/5216 5345/5345 5344/5344
f 5217/5217 5218/5218 5346/5346
f 5217/5217 5346/5346 5345/5345
f 5218/5218 5219/5219 5347/5347
f 5218/5218 5347/5347 5346/5346
f 5219/5219 5220/5220 5348/5348
f 5219/5219 5348/5348 5347/5347
f 5220/5220 5221/5221 5349/5349
f 5220/5220 5349/5349 5348/5348
f 5221/5221 5222/5222 5350/5350
f 5221/5221 5350/5350 5349/5349
f 5222/5222 5223/5223 5351/5351
f 5222/5222 5351/5351 5350/5350
f 5223/5223 5224/5224 5352/5352
f 5223/5223 5352/5352 5351/5351
f 5224/5224 5225/5225 5353/5353
f 5224/5224 5353/5353 5352/5352
f 5225/5225 5226/5226 5354/5354
f 5225/5225 5354/5354 5353/5353
f 5226/5226 5227/5227 5355/5355
f 5226/5226 5355/5355 5354/5354
f 5227/5227 5228/5228 5356/5356
f 5227/5227 5356/5356 5355/5355
f 5228/5228 5229/5229 5357/5357
f 5228/5228 5357/5357 5356/5356
f 5229/5229 5230/5230 5358/5358
f 5229/5229 5358/5358 5357/5357
f 5230/5230 5231/5231 5359/5359
f 5230/5230 5359/5359 5358/5358
f 5231/5231 5232/5232 5360/5360
f 5231/5231 5360/5360 5359/5359
f 5232/5232 5233/5233 5361/5361
f 5232/5232 5361/5361 5360/5360
f 5233/5233 5234/5234 5362/5362
f 5233/5233 5362/5362 5361/5361
f 5234/5234 5235/5235 5363/5363
f 5234/5234 5363/5363 5362/5362
f 5235/5235 5236/5236 5364/5364
f 5235/5235 5364/5364 5363/5363
f 5236/5236 5237/5237 5365/5365
f 5236/5236 5365/5365 5364/5364
f 5237/5237 5238/5238 5366/5366
f 5237/5237 5366/5366 5365/5365
f 5238/5238 5239/5239 5367/5367
f 5238/5238 5367/5367 5366/5366
f 5239/5239 5240/5240 5368/5368
f 5239/5239 5368/5368 5367/5367
f 5240/5240 5241/5241 5369/5369
f 5240/5240 5369/5369 5368/5368
f 5241/5241 5242/5242 5370/5370
f 5241/5241 5370/5370 5369/5369
f 5242/5242 5243/5243 5371/5371
f 5242/5242 5371/5371 5370/5370
f 5243/5243 5244/5244 5372/5372
f 5243/5243 5372/5372 5371/5371
f 5244/5244 5245/5245 5373/5373
f 5244/5244 5373/5373 5372/5372
f 5245/5245 5246/5246 5374/5374
f 5245/5245 5374/5374 5373/5373
f 5246/5246 5247/5247 5375/5375
f 5246/5246 5375/5375 5374/5374
f 5247/5247 5248/5248 5376/5376
f 5247/5247 5376/5376 5375/5375
f 5249/5249 5250/5250 5378/5378
f 5249/5249 5378/5378 5377/5377
f 5250/5250 5251/5251 5379/5379
f 5250/5250 5379/5379 5378/5378
f 5251/5251 5252/5252 5380/5380
f 5251/5251 5380/5380 5379/5379
f 5252/5252 5253/5253 5381/5381
f 5252/5252 5381/5381 5380/5380
f 5253/5253 5254/5254 5382/5382
f 5253/5253 5382/5382 5381/5381
f 5254/5254 5255/5255 5383/5383
f 5254/5254 5383/5383 5382/5382
f 5255/5255 5256/5256 5384/5384
f 5255/5255 5384/5384 5383/5383
f 5256/5256 5257/5257 5385/5385
f 5256/5256 5385/5385 5384/5384
f 5257/5257 5258/5258 5386/5386
f 5257/5257 5386/5386 5385/5385
f 5258/5258 5259/5259 5387/5387
f 5258/5258 5387/5387 5386/5386
f 5259/5259 5260/5260 5388/5388
f 5259/5259 5388/5388 5387/5387
f 5260/5260 5261/5261 5389/5389
f 5260/5260 5389/5389 5388/5388
f 5261/5261 5262/5262 5390/5390
f 5261/5261 5390/5390 5389/5389
f 5262/5262 5263/5263 5391/5391
f 5262/5262 5391/5391 5390/5390
f 5263/5263 5264/5264 5392/5392
f 5263/5263 5392/5392 5391/5391
f 5264/5264 5265/5265 5393/5393
f 5264/5264 5393/5393 5392/5392
f 5265/5265 5266/5266 5394/5394
f 5265/5265 5394/5394 5393/5393
f 5266/5266 5267/5267 5395/5395
f 5266/5266 5395/5395 5394/5394
f 5267/5267 5268/5268 5396/5396
f 5267/5267 5396/5396 5395/5395
f 5268/5268 5269/5269 5397/5397
f 5268/5268 5397/5397 5396/5396
f 5269/5269 5270/5270 5398/5398
f 5269/5269 5398/5398 5397/5397
f 5270/5270 5271/5271 5399/5399
f 5270/5270 5399/5399 5398/5398
f 5271/5271 5272/5272 5400/5400
f 5271/5271 5400/5400 5399/5399
f 5272/5272 5273/5273 5401/5401
f 5272/5272 5401/5401 5400/5400
f 5273/5273 5274/5274 5402/5402
f 5273/5273 5402/5402 5401/5401
f 5274/5274 5275/5275 5403/5403
f 5274/5274 5403/5403 5402/5402
f 5275/5275 5276/5276 5404/5404
f 5275/5275 5404/5404 5403/5403
f 5276/5276 5277/5277 5405/5405
f 5276/5276 5405/5405 5404/5404
f 5277/5277 5278/5278 5406/5406
f 5277/5277 5406/5406 5405/5405
f 5278/5278 5279/5279 5407/5407
f 5278/5278 5407/5407 5406/5406
f 5279/5279 5280/5280 5408/5408
f 5279/5279 5408/5408 5407/5407
f 5280/5280 5281/5281 5409/5409
f 5280/5280 5409/5409 5408/5408
f 5281/5281 5282/5282 5410/5410
f 5281/5281 5410/5410 5409/5409
f 5282/5282 5283/5283 5411/5411
f 5282/5282 5411/5411 5410/5410
f 5283/5283 5284/5284 5412/5412
f 5283/5283 5412/5412 5411/5411
f 5284/5284 5285/5285 5413/5413
f 5284/5284 5413/5413 5412/5412
f 5285/5285 5286/5286 5414/5414
f 5285/5285 5414/5414 5413/5413
f 5286/5286 5287/5287 5415/5415
f 5286/5286 5415/5415 5414/5414
f 5287/5287 5288/5288 5416/5416
f 5287/5287 5416/5416 5415/5415
f 5288/5288 5289/5289 5417/5417
f 5288/5288 5417/5417 5416/5416
f 5289/5289 5290/5290 5418/5418
f 5289/5289 5418/5418 5417/5417
f 5290/5290 5291/5291 5419/5419
f 5290/5290 5419/5419 5418/5418
f 5291/5291 5292/5292 5420/5420
f 5291/5291 5420/5420 5419/5419
f 5292/5292 5293/5293 5421/5421
f 5292/5292 5421/5421 5420/5420
f 5293/5293 5294/5294 5422/5422
f 5293/5293 5422/5422 5421/5421
f 5294/5294 5295/5295 5423/5423
f 5294/5294 5423/5423 5422/5422
f 5295/5295 5296/5296 5424/5424
f 5295/5295 5424/5424 5423/5423
f 5296/5296 5297/5297 5425/5425
f 5296/5296 5425/5425 5424/5424
f 5297/5297 5298/5298 5426/5426
f 5297/5297 5426/5426 5425/5425
f 5298/5298 5299/5299 5427/5427
f 5298/5298 5427/5427 5426/5426
f 5299/5299 5300/5300 5428/5428
f 5299/5299 5428/5428 5427/5427
f 5300/5300 5301/5301 5429/5429
f 5300/5300 5429/5429 5428/5428
f 5301/5301 5302/5302 5430/5430
f 5301/5301 5430/5430 5429/5429
f 5302/5302 5303/5303 5431/5431
f 5302/5302 5431/5431 5430/5430
f 5303/5303 5304/5304 5432/5432
f 5303/5303 5432/5432 5431/5431
f 5304/5304 5305/5305 5433/5433
f 5304/5304 5433/5433 5432/5432
f 5305/5305 5306/5306 5434/5434
f 5305/5305 5434/5434 5433/5433
f 5306/5306 5307/5307 5435/5435
f 5306/5306 5435/5435 5434/5434
f 5307/5307 5308/5308 5436/5436
f 5307/5307 5436/5436 5435/5435
f 5308/5308 5309/5309 5437/5437
f 5308/5308 5437/5437 5436/5436
f 5309/5309 5310/5310 5438/5438
f 5309/5309 5438/5438 5437/5437
f 5310/5310 5311/5311 5439/5439
f 5310/5310 5439/5439 5438/5438
f 5311/5311 5312/5312 5440/5440
f 5311/5311 5440/5440 5439/5439
f 5312/5312 5313/5313 5441/5441
f 5312/5312 5441/5441 5440/5440
f 5313/5313 5314/5314 5442/5442
f 5313/5313 5442/5442 5441/5441
f 5314/5314 5315/5315 5443/5443
f 5314/5314 5443/5443 5442/5442
f 5315/5315 5316/5316 5444/5444
f 5315/5315 5444/5444 5443/5443
f 5316/5316 5317/5317 5445/5445
f 5316/5316 5445/5445 5444/5444
f 5317/5317 5318/5318 5446/5446
f 5317/5317 5446/5446 5445/5445
f 5318/5318 5319/5319 5447/5447
f 5318/5318 5447/5447 5446/5446
f 5319/5319 5320/5320 5448/5448
f 5319/5319 5448/5448 5447/5447
f 5320/5320 5321/5321 5449/5449
f 5320/5320 5449/5449 5448/5448
f 5321/5321 5322/5322 5450/5450
f 5321/5321 5450/5450 5449/5449
f 5322/5322 5323/5323 5451/5451
f 5322/5322 5451/5451 5450/5450
f 5323/5323 5324/5324 5452/5452
f 5323/5323 5452/5452 5451/5451
f 5324/5324 5325/5325 5453/5453
f 5324/5324 5453/5453 5452/5452
f 5325/5325 5326/5326 5454/5454
f 5325/5325 5454/5454 5453/5453
f 5326/5326 5327/5327 5455/5455
f 5326/5326 5455/5455 5454/5454
f 5327/5327 5328/5328 5456/5456
f 5327/5327 5456/5456 5455/5455
f 5328/5328 5329/5329 5457/5457
f 5328/5328 5457/5457 5456/5456
f 5329/5329 5330/5330 5458/5458
f 5329/5329 5458/5458 5457/5457
f 5330/5330 5331/5331 5459/5459
f 5330/5330 5459/5459 5458/5458
f 5331/5331 5332/5332 5460/5460
f 5331/5331 5460/5460 5459/5459
f 5332/5332 5333/5333 5461/5461
f 5332/5332 5461/5461 5460/5460
f 5333/5333 5334/5334 5462/5462
f 5333/5333 5462/5462 5461/5461
f 5334/5334 5335/5335 5463/5463
f 5334/5334 5463/5463 5462/5462
f 5335/5335 5336/5336 5464/5464
f 5335/5335 5464/5464 5463/5463
f 5336/5336 5337/5337 5465/5465
f 5336/5336 5465/5465 5464/5464
f 5337/5337 5338/5338 5466/5466
f 5337/5337 5466/5466 5465/5465
f 5338/5338 5339/5339 5467/5467
f 5338/5338 5467/5467 5466/5466
f 5339/5339 5340/5340 5468/5468
f 5339/5339 5468/5468 5467/5467
f 5340/5340 5341/5341 5469/5469
f 5340/5340 5469/5469 5468/5468
f 5341/5341 5342/5342 5470/5470
f 5341/5341 5470/5470 5469/5469
f 5342/5342 5343/5343 5471/5471
f 5342/5342 5471/5471 5470/5470
f 5343/5343 5344/5344 5472/5472
f 5343/5343 5472/5472 5471/5471
f 5344/5344 5345/5345 5473/5473
f 5344/5344 5473/5473 5472/5472
f 5345/5345 5346/5346 5474/5474
f 5345/5345 5474/5474 5473/5473
f 5346/5346 5347/5347 5475/5475
f 5346/5346 5475/5475 5474/5474
f 5347/5347 5348/5348 5476/5476
f 5347/5347 5476/5476 5475/5475
f 5348/5348 5349/5349 5477/5477
f 5348/5348 5477/5477 5476/5476
f 5349/5349 5350/5350 5478/5478
f 5349/5349 5478/5478 5477/5477
f 5350/5350 5351/5351 5479/5479
f 5350/5350 5479/5479 5478/5478
f 5351/5351 5352/5352 5480/5480
f 5351/5351 5480/5480 5479/5479
f 5352/5352 5353/5353 5481/5481
f 5352/5352 5481/5481 5480/5480
f 5353/5353 5354/5354 5482/5482
f 5353/5353 5482/5482 5481/5481
f 5354/5354 5355/5355 5483/5483
f 5354/5354 5483/5483 5482/5482
f 5355/5355 5356/5356 5484/5484
f 5355/5355 5484/5484 5483/5483
f 5356/5356 5357/5357 5485/5485
f 5356/5356 5485/5485 5484/5484
f 5357/5357 5358/5358 5486/5486
f 5357/5357 5486/5486 5485/5485
f 5358/5358 5359/5359 5487/5487
f 5358/5358 5487/5487 5486/5486
f 5359/5359 5360/5360 5488/5488
f 5359/5359 5488/5488 5487/5487
f 5360/5360 5361/5361 5489/5489
f 5360/5360 5489/5489 5488/5488
f 5361/5361 5362/5362 5490/5490
f 5361/5361 5490/5490 5489/5489
f 5362/5362 5363/5363 5491/5491
f 5362/5362 5491/5491 5490/5490
f 5363/5363 5364/5364 5492/5492
f 5363/5363 5492/5492 5491/5491
f 5364/5364 5365/5365 5493/5493
f 5364/5364 5493/5493 5492/5492
f 5365/5365 5366/5366 5494/5494
f 5365/5365 5494/5494 5493/5493
f 5366/5366 5367/5367 5495/5495
f 5366/5366 5495/5495 5494/5494
f 5367/5367 5368/5368 5496/5496
f 5367/5367 5496/5496 5495/5495
f 5368/5368 5369/5369 5497/5497
f 5368/5368 5497/5497 5496/5496
f 5369/5369 5370/5370 5498/5498
f 5369/5369 5498/5498 5497/5497
f 5370/5370 5371/5371 5499/5499
f 5370/5370 5499/5499 5498/5498
f 5371/5371 5372/5372 5500/5500
f 5371/5371 5500/5500 5499/5499
f 5372/5372 5373/5373 5501/5501
f 5372/5372 5501/5501 5500/5500
f 5373/5373 5374/5374 5502/5502
f 5373/5373 5502/5502 5501/5501
f 5374/5374 5375/5375 5503/5503
f 5374/5374 5503/5503 5502/5502
f 5375/5375 5376/5376 5504/5504
f 5375/5375 5504/5504 5503/5503
f 5377/5377 5378/5378 5506/5506
f 5377/5377 5506/5506 5505/5505
f 5378/5378 5379/5379 5507/5507
f 5378/5378 5507/5507 5506/5506
f 5379/5379 5380/5380 5508/5508
f 5379/5379 5508/5508 5507/5507
f 5380/5380 5381/5381 5509/5509
f 5380/5380 5509/5509 5508/5508
f 5381/5381 5382/5382 5510/5510
f 5381/5381 5510/5510 5509/5509
f 5382/5382 5383/5383 5511/5511
f 5382/5382 5511/5511 5510/5510
f 5383/5383 5384/5384 5512/5512
f 5383/5383 5512/5512 5511/5511
f 5384/5384 5385/5385 5513/5513
f 5384/5384 5513/5513 5512/5512
f 5385/5385 5386/5386 5514/5514
f 5385/5385 5514/5514 5513/5513
f 5386/5386 5387/5387 5515/5515
f 5386/5386 5515/5515 5514/5514
f 5387/5387 5388/5388 5516/5516
f 5387/5387 5516/5516 5515/5515
f 5388/5388 5389/5389 5517/5517
f 5388/5388 5517/5517 5516/5516
f 5389/5389 5390/5390 5518/5518
f 5389/5389 5518/5518 5517/5517
f 5390/5390 5391/5391 5519/5519
f 5390/5390 5519/5519 5518/5518
f 5391/5391 5392/5392 5520/5520
f 5391/5391 5520/5520 5519/5519
f 5392/5392 5393/5393 5521/5521
f 5392/5392 5521/5521 5520/5520
f 5393/5393 5394/5394 5522/5522
f 5393/5393 5522/5522 5521/5521
f 5394/5394 5395/5395 5523/5523
f 5394/5394 5523/5523 5522/5522
f 5395/5395 5396/5396 5524/5524
f 5395/5395 5524/5524 5523/5523
f 5396/5396 5397/5397 5525/5525
f 5396/5396 5525/5525 5524/5524
f 5397/5397 5398/5398 5526/5526
f 5397/5397 5526/5526 5525/5525
f 5398/5398 5399/5399 5527/5527
f 5398/5398 5527/5527 5526/5526
f 5399/5399 5400/5400 5528/5528
f 5399/5399 5528/5528 5527/5527
f 5400/5400 5401/5401 5529/5529
f 5400/5400 5529/5529 5528/5528
f 5401/5401 5402/5402 5530/5530
f 5401/5401 5530/5530 5529/5529
f 5402/5402 5403/5403 5531/5531
f 5402/5402 5531/5531 5530/5530
f 5403/5403 5404/5404 5532/5532
f 5403/5403 5532/5532 5531/5531
f 5404/5404 5405/5405 5533/5533
f 5404/5404 5533/5533 5532/5532
f 5405/5405 5406/5406 5534/5534
f 5405/5405 5534/5534 5533/5533
f 5406/5406 5407/5407 5535/5535
f 5406/5406 5535/5535 5534/5534
f 5407/5407 5408/5408 5536/5536
f 5407/5407 5536/5536 5535/5535
f 5408/5408 5409/5409 5537/5537
f 5408/5408 5537/5537 5536/5536
f 5409/5409 5410/5410 5538/5538
f 5409/5409 5538/5538 5537/5537
f 5410/5410 5411/5411 5539/5539
f 5410/5410 5539/5539 5538/5538
f 5411/5411 5412/5412 5540/5540
f 5411/5411 5540/5540 5539/5539
f 5412/5412 5413/5413 5541/5541
f 5412/5412 5541/5541 5540/5540
f 5413/5413 5414/5414 5542/5542
f 5413/5413 5542/5542 5541/5541
f 5414/5414 5415/5415 5543/5543
f 5414/5414 5543/5543 5542/5542
f 5415/5415 5416/5416 5544/5544
f 5415/5415 5544/5544 5543/5543
f 5416/5416 5417/5417 5545/5545
f 5416/5416 5545/5545 5544/5544
f 5417/5417 5418/5418 5546/5546
f 5417/5417 5546/5546 5545/5545
f 5418/5418 5419/5419 5547/5547
f 5418/5418 5547/5547 5546/5546
f 5419/5419 5420/5420 5548/5548
f 5419/5419 5548/5548 5547/5547
f 5420/5420 5421/5421 5549/5549
f 5420/5420 5549/5549 5548/5548
f 5421/5421 5422/5422 5550/5550
f 5421/5421 5550/5550 5549/5549
f 5422/5422 5423/5423 5551/5551
f 5422/5422 5551/5551 5550/5550
f 5423/5423 5424/5424 5552/5552
f 5423/5423 5552/5552 5551/5551
f 5424/5424 5425/5425 5553/5553
f 5424/5424 5553/5553 5552/5552
f 5425/5425 5426/5426 5554/5554
f 5425/5425 5554/5554 5553/5553
f 5426/5426 5427/5427 5555/5555
f 5426/5426 5555/5555 5554/5554
f 5427/5427 5428/5428 5556/5556
f 5427/5427 5556/5556 5555/5555
f 5428/5428 5429/5429 5557/5557
f 5428/5428 5557/5557 5556/5556
f 5429/5429 5430/5430 5558/5558
f 5429/5429 5558/5558 5557/5557
f 5430/5430 5431/5431 5559/5559
f 5430/5430 5559/5559 5558/5558
f 5431/5431 5432/5432 5560/5560
f 5431/5431 5560/5560 5559/5559
f 5432/5432 5433/5433 5561/5561
f 5432/5432 5561/5561 5560/5560
f 5433/5433 5434/5434 5562/5562
f 5433/5433 5562/5562 5561/5561
f 5434/5434 5435/5435 5563/5563
f 5434/5434 5563/5563 5562/5562
f 5435/5435 5436/5436 5564/5564
f 5435/5435 5564/5564 5563/5563
f 5436/5436 5437/5437 5565/5565
f 5436/5436 5565/5565 5564/5564
f 5437/5437 5438/5438 5566/5566
f 5437/5437 5566/5566 5565/5565
f 5438/5438 5439/5439 5567/5567
f 5438/5438 5567/5567 5566/5566
f 5439/5439 5440/5440 5568/5568
f 5439/5439 5568/5568 5567/5567
f 5440/5440 5441/5441 5569/5569
f 5440/5440 5569/5569 5568/5568
f 5441/5441 5442/5442 5570/5570
f 5441/5441 5570/5570 5569/5569
f 5442/5442 5443/5443 5571/5571
f 5442/5442 5571/5571 5570/5570
f 5443/5443 5444/5444 5572/5572
f 5443/5443 5572/5572 5571/5571
f 5444/5444 5445/5445 5573/5573
f 5444/5444 5573/5573 5572/5572
f 5445/5445 5446/5446 5574/5574
f 5445/5445 5574/5574 5573/5573
f 5446/5446 5447/5447 5575/5575
f 5446/5446 5575/5575 5574/5574
f 5447/5447 5448/5448 5576/5576
f 5447/5447 5576/5576 5575/5575
f 5448/5448 5449/5449 5577/5577
f 5448/5448 5577/5577 5576/5576
f 5449/5449 5450/5450 5578/5578
f 5449/5449 5578/5578 5577/5577
f 5450/5450 5451/5451 5579/5579
f 5450/5450 5579/5579 5578/5578
f 5451/5451 5452/5452 5580/5580
f 5451/5451 5580/5580 5579/5579
f 5452/5452 5453/5453 5581/5581
f 5452/5452 5581/5581 5580/5580
f 5453/5453 5454/5454 5582/5582
f 5453/5453 5582/5582 5581/5581
f 5454/5454 5455/5455 5583/5583
f 5454/5454 5583/5583 5582/5582
f 5455/5455 5456/5456 5584/5584
f 5455/5455 5584/5584 5583/5583
f 5456/5456 5457/5457 5585/5585
f 5456/5456 5585/5585 5584/5584
f 5457/5457 5458/5458 5586/5586
f 5457/5457 5586/5586 5585/5585
f 5458/5458 5459/5459 5587/5587
f 5458/5458 5587/5587 5586/5586
f 5459/5459 5460/5460 5588/5588
f 5459/5459 5588/5588 5587/5587
f 5460/5460 5461/5461 5589/5589
f 5460/5460 5589/5589 5588/5588
f 5461/5461 5462/5462 5590/5590
f 5461/5461 5590/5590 5589/5589
f 5462/5462 5463/5463 5591/5591
f 5462/5462 5591/5591 5590/5590
f 5463/5463 5464/5464 5592/5592
f 5463/5463 5592/5592 5591/5591
f 5464/5464 5465/5465 5593/5593
f 5464/5464 5593/5593 5592/5592
f 5465/5465 5466/5466 5594/5594
f 5465/5465 5594/5594 5593/5593
f 5466/5466 5467/5467 5595/5595
f 5466/5466 5595/5595 5594/5594
f 5467/5467 5468/5468 5596/5596
f 5467/5467 5596/5596 5595/5595
f 5468/5468 5469/5469 5597/5597
f 5468/5468 5597/5597 5596/5596
f 5469/5469 5470/5470 5598/5598
f 5469/5469 5598/5598 5597/5597
f 5470/5470 5471/5471 5599/5599
f 5470/5470 5599/5599 5598/5598
f 5471/5471 5472/5472 5600/5600
f 5471/5471 5600/5600 5599/5599
f 5472/5472 5473/5473 5601/5601
f 5472/5472 5601/5601 5600/5600
f 5473/5473 5474/5474 5602/5602
f 5473/5473 5602/5602 5601/5601
f 5474/5474 5475/5475 5603/5603
f 5474/5474 5603/5603 5602/5602
f 5475/5475 5476/5476 5604/5604
f 5475/5475 5604/5604 5603/5603
f 5476/5476 5477/5477 5605/5605
f 5476/5476 5605/5605 5604/5604
f 5477/5477 5478/5478 5606/5606
f 5477/5477 5606/5606 5605/5605
f 5478/5478 5479/5479 5607/5607
f 5478/5478 5607/5607 5606/5606
f 5479/5479 5480/5480 5608/5608
f 5479/5479 5608/5608 5607/5607
f 5480/5480 5481/5481 5609/5609
f 5480/5480 5609/5609 5608/5608
f 5481/5481 5482/5482 5610/5610
f 5481/5481 5610/5610 5609/5609
f 5482/5482 5483/5483 5611/5611
f 5482/5482 5611/5611 5610/5610
f 5483/5483 5484/5484 5612/5612
f 5483/5483 5612/5612 5611/5611
f 5484/5484 5485/5485 5613/5613
f 5484/5484 5613/5613 5612/5612
f 5485/5485 5486/5486 5614/5614
f 5485/5485 5614/5614 5613/5613
f 5486/5486 5487/5487 5615/5615
f 5486/5486 5615/5615 5614/5614
f 5487/5487 5488/5488 5616/5616
f 5487/5487 5616/5616 5615/5615
f 5488/5488 5489/5489 5617/5617
f 5488/5488 5617/5617 5616/5616
f 5489/5489 5490/5490 5618/5618
f 5489/5489 5618/5618 5617/5617
f 5490/5490 5491/5491 5619/5619
f 5490/5490 5619/5619 5618/5618
f 5491/5491 5492/5492 5620/5620
f 5491/5491 5620/5620 5619/5619
f 5492/5492 5493/5493 5621/5621
f 5492/5492 5621/5621 5620/5620
f 5493/5493 5494/5494 5622/5622
f 5493/5493 5622/5622 5621/5621
f 5494/5494 5495/5495 5623/5623
f 5494/5494 5623/5623 5622/5622
f 5495/5495 5496/5496 5624/5624
f 5495/5495 5624/5624 5623/5623
f 5496/5496 5497/5497 5625/5625
f 5496/5496 5625/5625 5624/5624
f 5497/5497 5498/5498 5626/5626
f 5497/5497 5626/5626 5625/5625
f 5498/5498 5499/5499 5627/5627
f 5498/5498 5627/5627 5626/5626
f 5499/5499 5500/5500 5628/5628
f 5499/5499 5628/5628 5627/5627
f 5500/5500 5501/5501 5629/5629
f 5500/5500 5629/5629 5628/5628
f 5501/5501 5502/5502 5630/5630
f 5501/5501 5630/5630 5629/5629
f 5502/5502 5503/5503 5631/5631
f 5502/5502 5631/5631 5630/5630
f 5503/5503 5504/5504 5632/5632
f 5503/5503 5632/5632 5631/5631
f 5505/5505 5506/5506 5634/5634
f 5505/5505 5634/5634 5633/5633
f 5506/5506 5507/5507 5635/5635
f 5506/5506 5635/5635 5634/5634
f 5507/5507 5508/5508 5636/5636
f 5507/5507 5636/5636 5635/5635
f 5508/5508 5509/5509 5637/5637
f 5508/5508 5637/5637 5636/5636
f 5509/5509 5510/5510 5638/5638
f 5509/5509 5638/5638 5637/5637
f 5510/5510 5511/5511 5639/5639
f 5510/5510 5639/5639 5638/5638
f 5511/5511 5512/5512 5640/5640
f 5511/5511 5640/5640 5639/5639
f 5512/5512 5513/5513 5641/5641
f 5512/5512 5641/5641 5640/5640
f 5513/5513 5514/5514 5642/5642
f 5513/5513 5642/5642 5641/5641
f 5514/5514 5515/5515 5643/5643
f 5514/5514 5643/5643 5642/5642
f 5515/5515 5516/5516 5644/5644
f 5515/5515 5644/5644 5643/5643
f 5516/5516 5517/5517 5645/5645
f 5516/5516 5645/5645 5644/5644
f 5517/5517 5518/5518 5646/5646
f 5517/5517 5646/5646 5645/5645
f 5518/5518 5519/5519 5647/5647
f 5518/5518 5647/5647 5646/5646
f 5519/5519 5520/5520 5648/5648
f 5519/5519 5648/5648 5647/5647
f 5520/5520 5521/5521 5649/5649
f 5520/5520 5649/5649 5648/5648
f 5521/5521 5522/5522 5650/5650
f 5521/5521 5650/5650 5649/5649
f 5522/5522 5523/5523 5651/5651
f 5522/5522 5651/5651 5650/5650
f 5523/5523 5524/5524 5652/5652
f 5523/5523 5652/5652 5651/5651
f 5524/5524 5525/5525 5653/5653
f 5524/5524 5653/5653 5652/5652
f 5525/5525 5526/5526 5654/5654
f 5525/5525 5654/5654 5653/5653
f 5526/5526 5527/5527 5655/5655
f 5526/5526 5655/5655 5654/5654
f 5527/5527 5528/5528 5656/5656
f 5527/5527 5656/5656 5655/5655
f 5528/5528 5529/5529 5657/5657
f 5528/5528 5657/5657 5656/5656
f 5529/5529 5530/5530 5658/5658
f 5529/5529 5658/5658 5657/5657
f 5530/5530 5531/5531 5659/5659
f 5530/5530 5659/5659 5658/5658
f 5531/5531 5532/5532 5660/5660
f 5531/5531 5660/5660 5659/5659
f 5532/5532 5533/5533 5661/5661
f 5532/5532 5661/5661 5660/5660
f 5533/5533 5534/5534 5662/5662
f 5533/5533 5662/5662 5661/5661
f 5534/5534 5535/5535 5663/5663
f 5534/5534 5663/5663 5662/5662
f 5535/5535 5536/5536 5664/5664
f 5535/5535 5664/5664 5663/5663
f 5536/5536 5537/5537 5665/5665
f 5536/5536 5665/5665 5664/5664
f 5537/5537 5538/5538 5666/5666
f 5537/5537 5666/5666 5665/5665
f 5538/5538 5539/5539 5667/5667
f 5538/5538 5667/5667 5666/5666
f 5539/5539 5540/5540 5668/5668
f 5539/5539 5668/5668 5667/5667
f 5540/5540 5541/5541 5669/5669
f 5540/5540 5669/5669 5668/5668
f 5541/5541 5542/5542 5670/5670
f 5541/5541 5670/5670 5669/5669
f 5542/5542 5543/5543 5671/5671
f 5542/5542 5671/5671 5670/5670
f 5543/5543 5544/5544 5672/5672
f 5543/5543 5672/5672 5671/5671
f 5544/5544 5545/5545 5673/5673
f 5544/5544 5673/5673 5672/5672
f 5545/5545 5546/5546 5674/5674
f 5545/5545 5674/5674 5673/5673
f 5546/5546 5547/5547 5675/5675
f 5546/5546 5675/5675 5674/5674
f 5547/5547 5548/5548 5676/5676
f 5547/5547 5676/5676 5675/5675
f 5548/5548 5549/5549 5677/5677
f 5548/5548 5677/5677 5676/5676
f 5549/5549 5550/5550 5678/5678
f 5549/5549 5678/5678 5677/5677
f 5550/5550 5551/5551 5679/5679
f 5550/5550 5679/5679 5678/5678
f 5551/5551 5552/5552 5680/5680
f 5551/5551 5680/5680 5679/5679
f 5552/5552 5553/5553 5681/5681
f 5552/5552 5681/5681 5680/5680
f 5553/5553 5554/5554 5682/5682
f 5553/5553 5682/5682 5681/5681
f 5554/5554 5555/5555 5683/5683
f 5554/5554 5683/5683 5682/5682
f 5555/5555 5556/5556 5684/5684
f 5555/5555 5684/5684 5683/5683
f 5556/5556 5557/5557 5685/5685
f 5556/5556 5685/5685 5684/5684
f 5557/5557 5558/5558 5686/5686
f 5557/5557 5686/5686 5685/5685
f 5558/5558 5559/5559 5687/5687
f 5558/5558 5687/5687 5686/5686
f 5559/5559 5560/5560 5688/5688
f 5559/5559 5688/5688 5687/5687
f 5560/5560 5561/5561 5689/5689
f 5560/5560 5689/5689 5688/5688
f 5561/5561 5562/5562 5690/5690
f 5561/5561 5690/5690 5689/5689
f 5562/5562 5563/5563 5691/5691
f 5562/5562 5691/5691 5690/5690
f 5563/5563 5564/5564 5692/5692
f 5563/5563 5692/5692 5691/5691
f 5564/5564 5565/5565 5693/5693
f 5564/5564 5693/5693 5692/5692
f 5565/5565 5566/5566 5694/5694
f 5565/5565 5694/5694 5693/5693
f 5566/5566 5567/5567 5695/5695
f 5566/5566 5695/5695 5694/5694
f 5567/5567 5568/5568 5696/5696
f 5567/5567 5696/5696 5695/5695
f 5568/5568 5569/5569 5697/5697
f 5568/5568 5697/5697 5696/5696
f 5569/5569 5570/5570 5698/5698
f 5569/5569 5698/5698 5697/5697
f 5570/5570 5571/5571 5699/5699
f 5570/5570 5699/5699 5698/5698
f 5571/5571 5572/5572 5700/5700
f 5571/5571 5700/5700 5699/5699
f 5572/5572 5573/5573 5701/5701
f 5572/5572 5701/5701 5700/5700
f 5573/5573 5574/5574 5702/5702
f 5573/5573 5702/5702 5701/5701
f 5574/5574 5575/5575 5703/5703
f 5574/5574 5703/5703 5702/5702
f 5575/5575 5576/5576 5704/5704
f 5575/5575 5704/5704 5703/5703
f 5576/5576 5577/5577 5705/5705
f 5576/5576 5705/5705 5704/5704
f 5577/5577 5578/5578 5706/5706
f 5577/5577 5706/5706 5705/5705
f 5578/5578 5579/5579 5707/5707
f 5578/5578 5707/5707 5706/5706
f 5579/5579 5580/5580 5708/5708
f 5579/5579 5708/5708 5707/5707
f 5580/5580 5581/5581 5709/5709
f 5580/5580 5709/5709 5708/5708
f 5581/5581 5582/5582 5710/5710
f 5581/5581 5710/5710 5709/5709
f 5582/5582 5583/5583 5711/5711
f 5582/5582 5711/5711 5710/5710
f 5583/5583 5584/5584 5712/5712
f 5583/5583 5712/5712 5711/5711
f 5584/5584 5585/5585 5713/5713
f 5584/5584 5713/5713 5712/5712
f 5585/5585 5586/5586 5714/5714
f 5585/5585 5714/5714 5713/5713
f 5586/5586 5587/5587 5715/5715
f 5586/5586 5715/5715 5714/5714
f 5587/5587 5588/5588 5716/5716
f 5587/5587 5716/5716 5715/5715
f 5588/5588 5589/5589 5717/5717
f 5588/5588 5717/5717 5716/5716
f 5589/5589 5590/5590 5718/5718
f 5589/5589 5718/5718 5717/5717
f 5590/5590 5591/5591 5719/5719
f 5590/5590 5719/5719 5718/5718
f 5591/5591 5592/5592 5720/5720
f 5591/5591 5720/5720 5719/5719
f 5592/5592 5593/5593 5721/5721
f 5592/5592 5721/5721 5720/5720
f 5593/5593 5594/5594 5722/5722
f 5593/5593 5722/5722 5721/5721
f 5594/5594 5595/5595 5723/5723
f 5594/5594 5723/5723 5722/5722
f 5595/5595 5596/5596 5724/5724
f 5595/5595 5724/5724 5723/5723
f 5596/5596 5597/5597 5725/5725
f 5596/5596 5725/5725 5724/5724
f 5597/5597 5598/5598 5726/5726
f 5597/5597 5726/5726 5725/5725
f 5598/5598 5599/5599 5727/5727
f 5598/5598 5727/5727 5726/5726
f 5599/5599 5600/5600 5728/5728
f 5599/5599 5728/5728 5727/5727
f 5600/5600 5601/5601 5729/5729
f 5600/5600 5729/5729 5728/5728
f 5601/5601 5602/5602 5730/5730
f 5601/5601 5730/5730 5729/5729
f 5602/5602 5603/5603 5731/5731
f 5602/5602 5731/5731 5730/5730
f 5603/5603 5604/5604 5732/5732
f 5603/5603 5732/5732 5731/5731
f 5604/5604 5605/5605 5733/5733
f 5604/5604 5733/5733 5732/5732
f 5605/5605 5606/5606 5734/5734
f 5605/5605 5734/5734 5733/5733
f 5606/5606 5607/5607 5735/5735
f 5606/5606 5735/5735 5734/5734
f 5607/5607 5608/5608 5736/5736
f 5607/5607 5736/5736 5735/5735
f 5608/5608 5609/5609 5737/5737
f 5608/5608 5737/5737 5736/5736
f 5609/5609 5610/5610 5738/5738
f 5609/5609 5738/5738 5737/5737
f 5610/5610 5611/5611 5739/5739
f 5610/5610 5739/5739 5738/5738
f 5611/5611 5612/5612 5740/5740
f 5611/5611 5740/5740 5739/5739
f 5612/5612 5613/5613 5741/5741
f 5612/5612 5741/5741 5740/5740
f 5613/5613 5614/5614 5742/5742
f 5613/5613 5742/5742 5741/5741
f 5614/5614 5615/5615 5743/5743
f 5614/5614 5743/5743 5742/5742
f 5615/5615 5616/5616 5744/5744
f 5615/5615 5744/5744 5743/5743
f 5616/5616 5617/5617 5745/5745
f 5616/5616 5745/5745 5744/5744
f 5617/5617 5618/5618 5746/5746
f 5617/5617 5746/5746 5745/5745
f 5618/5618 5619/5619 5747/5747
f 5618/5618 5747/5747 5746/5746
f 5619/5619 5620/5620 5748/5748
f 5619/5619 5748/5748 5747/5747
f 5620/5620 5621/5621 5749/5749
f 5620/5620 5749/5749 5748/5748
f 5621/5621 5622/5622 5750/5750
f 5621/5621 5750/5750 5749/5749
f 5622/5622 5623/5623 5751/5751
f 5622/5622 5751/5751 5750/5750
f 5623/5623 5624/5624 5752/5752
f 5623/5623 5752/5752 5751/5751
f 5624/5624 5625/5625 5753/5753
f 5624/5624 5753/5753 5752/5752
f 5625/5625 5626/5626 5754/5754
f 5625/5625 5754/5754 5753/5753
f 5626/5626 5627/5627 5755/5755
f 5626/5626 5755/5755 5754/5754
f 5627/5627 5628/5628 5756/5756
f 5627/5627 5756/5756 5755/5755
f 5628/5628 5629/5629 5757/5757
f 5628/5628 5757/5757 5756/5756
f 5629/5629 5630/5630 5758/5758
f 5629/5629 5758/5758 5757/5757
f 5630/5630 5631/5631 5759/5759
f 5630/5630 5759/5759 5758/5758
f 5631/5631 5632/5632 5760/5760
f 5631/5631 5760/5760 5759/5759
f 5633/5633 5634/5634 5762/5762
f 5633/5633 5762/5762 5761/5761
f 5634/5634 5635/5635 5763/5763
f 5634/5634 5763/5763 5762/5762
f 5635/5635 5636/5636 5764/5764
f 5635/5635 5764/5764 5763/5763
f 5636/5636 5637/5637 5765/5765
f 5636/5636 5765/5765 5764/5764
f 5637/5637 5638/5638 5766/5766
f 5637/5637 5766/5766 5765/5765
f 5638/5638 5639/5639 5767/5767
f 5638/5638 5767/5767 5766/5766
f 5639/5639 5640/5640 5768/5768
f 5639/5639 5768/5768 5767/5767
f 5640/5640 5641/5641 5769/5769
f 5640/5640 5769/5769 5768/5768
f 5641/5641 5642/5642 5770/5770
f 5641/5641 5770/5770 5769/5769
f 5642/5642 5643/5643 5771/5771
f 5642/5642 5771/5771 5770/5770
f 5643/5643 5644/5644 5772/5772
f 5643/5643 5772/5772 5771/5771
f 5644/5644 5645/5645 5773/5773
f 5644/5644 5773/5773 5772/5772
f 5645/5645 5646/5646 5774/5774
f 5645/5645 5774/5774 5773/5773
f 5646/5646 5647/5647 5775/5775
f 5646/5646 5775/5775 5774/5774
f 5647/5647 5648/5648 5776/5776
f 5647/5647 5776/5776 5775/5775
f 5648/5648 5649/5649 5777/5777
f 5648/5648 5777/5777 5776/5776
f 5649/5649 5650/5650 5778/5778
f 5649/5649 5778/5778 5777/5777
f 5650/5650 5651/5651 5779/5779
f 5650/5650 5779/5779 5778/5778
f 5651/5651 5652/5652 5780/5780
f 5651/5651 5780/5780 5779/5779
f 5652/5652 5653/5653 5781/5781
f 5652/5652 5781/5781 5780/5780
f 5653/5653 5654/5654 5782/5782
f 5653/5653 5782/5782 5781/5781
f 5654/5654 5655/5655 5783/5783
f 5654/5654 5783/5783 5782/5782
f 5655/5655 5656/5656 5784/5784
f 5655/5655 5784/5784 5783/5783
f 5656/5656 5657/5657 5785/5785
f 5656/5656 5785/5785 5784/5784
f 5657/5657 5658/5658 5786/5786
f 5657/5657 5786/5786 5785/5785
f 5658/5658 5659/5659 5787/5787
f 5658/5658 5787/5787 5786/5786
f 5659/5659 5660/5660 5788/5788
f 5659/5659 5788/5788 5787/5787
f 5660/5660 5661/5661 5789/5789
f 5660/5660 5789/5789 5788/5788
f 5661/5661 5662/5662 5790/5790
f 5661/5661 5790/5790 5789/5789
f 5662/5662 5663/5663 5791/5791
f 5662/5662 5791/5791 5790/5790
f 5663/5663 5664/5664 5792/5792
f 5663/5663 5792/5792 5791/5791
f 5664/5664 5665/5665 5793/5793
f 5664/5664 5793/5793 5792/5792
f 5665/5665 5666/5666 5794/5794
f 5665/5665 5794/5794 5793/5793
f 5666/5666 5667/5667 5795/5795
f 5666/5666 5795/5795 5794/5794
f 5667/5667 5668/5668 5796/5796
f 5667/5667 5796/5796 5795/5795
f 5668/5668 5669/5669 5797/5797
f 5668/5668 5797/5797 5796/5796
f 5669/5669 5670/5670 5798/5798
f 5669/5669 5798/5798 5797/5797
f 5670/5670 5671/5671 5799/5799
f 5670/5670 5799/5799 5798/5798
f 5671/5671 5672/5672 5800/5800
f 5671/5671 5800/5800 5799/5799
f 5672/5672 5673/5673 5801/5801
f 5672/5672 5801/5801 5800/5800
f 5673/5673 5674/5674 5802/5802
f 5673/5673 5802/5802 5801/5801
f 5674/5674 5675/5675 5803/5803
f 5674/5674 5803/5803 5802/5802
f 5675/5675 5676/5676 5804/5804
f 5675/5675 5804/5804 5803/5803
f 5676/5676 5677/5677 5805/5805
f 5676/5676 5805/5805 5804/5804
f 5677/5677 5678/5678 5806/5806
f 5677/5677 5806/5806 5805/5805
f 5678/5678 5679/5679 5807/5807
f 5678/5678 5807/5807 5806/5806
f 5679/5679 5680/5680 5808/5808
f 5679/5679 5808/5808 5807/5807
f 5680/5680 5681/5681 5809/5809
f 5680/5680 5809/5809 5808/5808
f 5681/5681 5682/5682 5810/5810
f 5681/5681 5810/5810 5809/5809
f 5682/5682 5683/5683 5811/5811
f 5682/5682 5811/5811 5810/5810
f 5683/5683 5684/5684 5812/5812
f 5683/5683 5812/5812 5811/5811
f 5684/5684 5685/5685 5813/5813
f 5684/5684 5813/5813 5812/5812
f 5685/5685 5686/5686 5814/5814
f 5685/5685 5814/5814 5813/5813
f 5686/5686 5687/5687 5815/5815
f 5686/5686 5815/5815 5814/5814
f 5687/5687 5688/5688 5816/5816
f 5687/5687 5816/5816 5815/5815
f 5688/5688 5689/5689 5817/5817
f 5688/5688 5817/5817 5816/5816
f 5689/5689 5690/5690 5818/5818
f 5689/5689 5818/5818 5817/5817
f 5690/5690 5691/5691 5819/5819
f 5690/5690 5819/5819 5818/5818
f 5691/5691 5692/5692 5820/5820
f 5691/5691 5820/5820 5819/5819
f 5692/5692 5693/5693 5821/5821
f 5692/5692 5821/5821 5820/5820
f 5693/5693 5694/5694 5822/5822
f 5693/5693 5822/5822 5821/5821
f 5694/5694 5695/5695 5823/5823
f 5694/5694 5823/5823 5822/5822
f 5695/5695 5696/5696 5824/5824
f 5695/5695 5824/5824 5823/5823
f 5696/5696 5697/5697 5825/5825
f 5696/5696 5825/5825 5824/5824
f 5697/5697 5698/5698 5826/5826
f 5697/5697 5826/5826 5825/5825
f 5698/5698 5699/5699 5827/5827
f 5698/5698 5827/5827 5826/5826
f 5699/5699 5700/5700 5828/5828
f 5699/5699 5828/5828 5827/5827
f 5700/5700 5701/5701 5829/5829
f 5700/5700 5829/5829 5828/5828
f 5701/5701 5702/5702 5830/5830
f 5701/5701 5830/5830 5829/5829
f 5702/5702 5703/5703 5831/5831
f 5702/5702 5831/5831 5830/5830
f 5703/5703 5704/5704 5832/5832
f 5703/5703 5832/5832 5831/5831
f 5704/5704 5705/5705 5833/5833
f 5704/5704 5833/5833 5832/5832
f 5705/5705 5706/5706 5834/5834
f 5705/5705 5834/5834 5833/5833
f 5706/5706 5707/5707 5835/5835
f 5706/5706 5835/5835 5834/5834
f 5707/5707 5708/5708 5836/5836
f 5707/5707 5836/5836 5835/5835
f 5708/5708 5709/5709 5837/5837
f 5708/5708 5837/5837 5836/5836
f 5709/5709 5710/5710 5838/5838
f 5709/5709 5838/5838 5837/5837
f 5710/5710 5711/5711 5839/5839
f 5710/5710 5839/5839 5838/5838
f 5711/5711 5712/5712 5840/5840
f 5711/5711 5840/5840 5839/5839
f 5712/5712 5713/5713 5841/5841
f 5712/5712 5841/5841 5840/5840
f 5713/5713 5714/5714 5842/5842
f 5713/5713 5842/5842 5841/5841
f 5714/5714 5715/5715 5843/5843
f 5714/5714 5843/5843 5842/5842
f 5715/5715 5716/5716 5844/5844
f 5715/5715 5844/5844 5843/5843
f 5716/5716 5717/5717 5845/5845
f 5716/5716 5845/5845 5844/5844
f 5717/5717 5718/5718 5846/5846
f 5717/5717 5846/5846 5845/5845
f 5718/5718 5719/5719 5847/5847
f 5718/5718 5847/5847 5846/5846
f 5719/5719 5720/5720 5848/5848
f 5719/5719 5848/5848 5847/5847
f 5720/5720 5721/5721 5849/5849
f 5720/5720 5849/5849 5848/5848
f 5721/5721 5722/5722 5850/5850
f 5721/5721 5850/5850 5849/5849
f 5722/5722 5723/5723 5851/5851
f 5722/5722 5851/5851 5850/5850
f 5723/5723 5724/5724 5852/5852
f 5723/5723 5852/5852 5851/5851
f 5724/5724 5725/5725 5853/5853
f 5724/5724 5853/5853 5852/5852
f 5725/5725 5726/5726 5854/5854
f 5725/5725 5854/5854 5853/5853
f 5726/5726 5727/5727 5855/5855
f 5726/5726 5855/5855 5854/5854
f 5727/5727 5728/5728 5856/5856
f 5727/5727 5856/5856 5855/5855
f 5728/5728 5729/5729 5857/5857
f 5728/5728 5857/5857 5856/5856
f 5729/5729 5730/5730 5858/5858
f 5729/5729 5858/5858 5857/5857
f 5730/5730 5731/5731 5859/5859
f 5730/5730 5859/5859 5858/5858
f 5731/5731 5732/5732 5860/5860
f 5731/5731 5860/5860 5859/5859
f 5732/5732 5733/5733 5861/5861
f 5732/5732 5861/5861 5860/5860
f 5733/5733 5734/5734 5862/5862
f 5733/5733 5862/5862 5861/5861
f 5734/5734 5735/5735 5863/5863
f 5734/5734 5863/5863 5862/5862
f 5735/5735 5736/5736 5864/5864
f 5735/5735 5864/5864 5863/5863
f 5736/5736 5737/5737 5865/5865
f 5736/5736 5865/5865 5864/5864
f 5737/5737 5738/5738 5866/5866
f 5737/5737 5866/5866 5865/5865
f 5738/5738 5739/5739 5867/5867
f 5738/5738 5867/5867 5866/5866
f 5739/5739 5740/5740 5868/5868
f 5739/5739 5868/5868 5867/5867
f 5740/5740 5741/5741 5869/5869
f 5740/5740 5869/5869 5868/5868
f 5741/5741 5742/5742 5870/5870
f 5741/5741 5870/5870 5869/5869
f 5742/5742 5743/5743 5871/5871
f 5742/5742 5871/5871 5870/5870
f 5743/5743 5744/5744 5872/5872
f 5743/5743 5872/5872 5871/5871
f 5744/5744 5745/5745 5873/5873
f 5744/5744 5873/5873 5872/5872
f 5745/5745 5746/5746 5874/5874
f 5745/5745 5874/5874 5873/5873
f 5746/5746 5747/5747 5875/5875
f 5746/5746 5875/5875 5874/5874
f 5747/5747 5748/5748 5876/5876
f 5747/5747 5876/5876 5875/5875
f 5748/5748 5749/5749 5877/5877
f 5748/5748 5877/5877 5876/5876
f 5749/5749 5750/5750 5878/5878
f 5749/5749 5878/5878 5877/5877
f 5750/5750 5751/5751 5879/5879
f 5750/5750 5879/5879 5878/5878
f 5751/5751 5752/5752 5880/5880
f 5751/5751 5880/5880 5879/5879
f 5752/5752 5753/5753 5881/5881
f 5752/5752 5881/5881 5880/5880
f 5753/5753 5754/5754 5882/5882
f 5753/5753 5882/5882 5881/5881
f 5754/5754 5755/5755 5883/5883
f 5754/5754 5883/5883 5882/5882
f 5755/5755 5756/5756 5884/5884
f 5755/5755 5884/5884 5883/5883
f 5756/5756 5757/5757 5885/5885
f 5756/5756 5885/5885 5884/5884
f 5757/5757 5758/5758 5886/5886
f 5757/5757 5886/5886 5885/5885
f 5758/5758 5759/5759 5887/5887
f 5758/5758 5887/5887 5886/5886
f 5759/5759 5760/5760 5888/5888
f 5759/5759 5888/5888 5887/5887
f 5761/5761 5762/5762 5890/5890
f 5761/5761 5890/5890 5889/5889
f 5762/5762 5763/5763 5891/5891
f 5762/5762 5891/5891 5890/5890
f 5763/5763 5764/5764 5892/5892
f 5763/5763 5892/5892 5891/5891
f 5764/5764 5765/5765 5893/5893
f 5764/5764 5893/5893 5892/5892
f 5765/5765 5766/5766 5894/5894
f 5765/5765 5894/5894 5893/5893
f 5766/5766 5767/5767 5895/5895
f 5766/5766 5895/5895 5894/5894
f 5767/5767 5768/5768 5896/5896
f 5767/5767 5896/5896 5895/5895
f 5768/5768 5769/5769 5897/5897
f 5768/5768 5897/5897 5896/5896
f 5769/5769 5770/5770 5898/5898
f 5769/5769 5898/5898 5897/5897
f 5770/5770 5771/5771 5899/5899
f 5770/5770 5899/5899 5898/5898
f 5771/5771 5772/5772 5900/5900
f 5771/5771 5900/5900 5899/5899
f 5772/5772 5773/5773 5901/5901
f 5772/5772 5901/5901 5900/5900
f 5773/5773 5774/5774 5902/5902
f 5773/5773 5902/5902 5901/5901
f 5774/5774 5775/5775 5903/5903
f 5774/5774 5903/5903 5902/5902
f 5775/5775 5776/5776 5904/5904
f 5775/5775 5904/5904 5903/5903
f 5776/5776 5777/5777 5905/5905
f 5776/5776 5905/5905 5904/5904
f 5777/5777 5778/5778 5906/5906
f 5777/5777 5906/5906 5905/5905
f 5778/5778 5779/5779 5907/5907
f 5778/5778 5907/5907 5906/5906
f 5779/5779 5780/5780 5908/5908
f 5779/5779 5908/5908 5907/5907
f 5780/5780 5781/5781 5909/5909
f 5780/5780 5909/5909 5908/5908
f 5781/5781 5782/5782 5910/5910
f 5781/5781 5910/5910 5909/5909
f 5782/5782 5783/5783 5911/5911
f 5782/5782 5911/5911 5910/5910
f 5783/5783 5784/5784 5912/5912
f 5783/5783 5912/5912 5911/5911
f 5784/5784 5785/5785 5913/5913
f 5784/5784 5913/5913 5912/5912
f 5785/5785 5786/5786 5914/5914
f 5785/5785 5914/5914 5913/5913
f 5786/5786 5787/5787 5915/5915
f 5786/5786 5915/5915 5914/5914
f 5787/5787 5788/5788 5916/5916
f 5787/5787 5916/5916 5915/5915
f 5788/5788 5789/5789 5917/5917
f 5788/5788 5917/5917 5916/5916
f 5789/5789 5790/5790 5918/5918
f 5789/5789 5918/5918 5917/5917
f 5790/5790 5791/5791 5919/5919
f 5790/5790 5919/5919 5918/5918
f 5791/5791 5792/5792 5920/5920
f 5791/5791 5920/5920 5919/5919
f 5792/5792 5793/5793 5921/5921
f 5792/5792 5921/5921 5920/5920
f 5793/5793 5794/5794 5922/5922
f 5793/5793 5922/5922 5921/5921
f 5794/5794 5795/5795 5923/5923
f 5794/5794 5923/5923 5922/5922
f 5795/5795 5796/5796 5924/5924
f 5795/5795 5924/5924 5923/5923
f 5796/5796 5797/5797 5925/5925
f 5796/5796 5925/5925 5924/5924
f 5797/5797 5798/5798 5926/5926
f 5797/5797 5926/5926 5925/5925
f 5798/5798 5799/5799 5927/5927
f 5798/5798 5927/5927 5926/5926
f 5799/5799 5800/5800 5928/5928
f 5799/5799 5928/5928 5927/5927
f 5800/5800 5801/5801 5929/5929
f 5800/5800 5929/5929 5928/5928
f 5801/5801 5802/5802 5930/5930
f 5801/5801 5930/5930 5929/5929
f 5802/5802 5803/5803 5931/5931
f 5802/5802 5931/5931 5930/5930
f 5803/5803 5804/5804 5932/5932
f 5803/5803 5932/5932 5931/5931
f 5804/5804 5805/5805 5933/5933
f 5804/5804 5933/5933 5932/5932
f 5805/5805 5806/5806 5934/5934
f 5805/5805 5934/5934 5933/5933
f 5806/5806 5807/5807 5935/5935
f 5806/5806 5935/5935 5934/5934
f 5807/5807 5808/5808 5936/5936
f 5807/5807 5936/5936 5935/5935
f 5808/5808 5809/5809 5937/5937
f 5808/5808 5937/5937 5936/5936
f 5809/5809 5810/5810 5938/5938
f 5809/5809 5938/5938 5937/5937
f 5810/5810 5811/5811 5939/5939
f 5810/5810 5939/5939 5938/5938
f 5811/5811 5812/5812 5940/5940
f 5811/5811 5940/5940 5939/5939
f 5812/5812 5813/5813 5941/5941
f 5812/5812 5941/5941 5940/5940
f 5813/5813 5814/5814 5942/5942
f 5813/5813 5942/5942 5941/5941
f 5814/5814 5815/5815 5943/5943
f 5814/5814 5943/5943 5942/5942
f 5815/5815 5816/5816 5944/5944
f 5815/5815 5944/5944 5943/5943
f 5816/5816 5817/5817 5945/5945
f 5816/5816 5945/5945 5944/5944
f 5817/5817 5818/5818 5946/5946
f 5817/5817 5946/5946 5945/5945
f 5818/5818 5819/5819 5947/5947
f 5818/5818 5947/5947 5946/5946
f 5819/5819 5820/5820 5948/5948
f 5819/5819 5948/5948 5947/5947
f 5820/5820 5821/5821 5949/5949
f 5820/5820 5949/5949 5948/5948
f 5821/5821 5822/5822 5950/5950
f 5821/5821 5950/5950 5949/5949
f 5822/5822 5823/5823 5951/5951
f 5822/5822 5951/5951 5950/5950
f 5823/5823 5824/5824 5952/5952
f 5823/5823 5952/5952 5951/5951
f 5824/5824 5825/5825 5953/5953
f 5824/5824 5953/5953 5952/5952
f 5825/5825 5826/5826 5954/5954
f 5825/5825 5954/5954 5953/5953
f 5826/5826 5827/5827 5955/5955
f 5826/5826 5955/5955 5954/5954
f 5827/5827 5828/5828 5956/5956
f 5827/5827 5956/5956 5955/5955
f 5828/5828 5829/5829 5957/5957
f 5828/5828 5957/5957 5956/5956
f 5829/5829 5830/5830 5958/5958
f 5829/5829 5958/5958 5957/5957
f 5830/5830 5831/5831 5959/5959
f 5830/5830 5959/5959 5958/5958
f 5831/5831 5832/5832 5960/5960
f 5831/5831 5960/5960 5959/5959
f 5832/5832 5833/5833 5961/5961
f 5832/5832 5961/5961 5960/5960
f 5833/5833 5834/5834 5962/5962
f 5833/5833 5962/5962 5961/5961
f 5834/5834 5835/5835 5963/5963
f 5834/5834 5963/5963 5962/5962
f 5835/5835 5836/5836 5964/5964
f 5835/5835 5964/5964 5963/5963
f 5836/5836 5837/5837 5965/5965
f 5836/5836 5965/5965 5964/5964
f 5837/5837 5838/5838 5966/5966
f 5837/5837 5966/5966 5965/5965
f 5838/5838 5839/5839 5967/5967
f 5838/5838 5967/5967 5966/5966
f 5839/5839 5840/5840 5968/5968
f 5839/5839 5968/5968 5967/5967
f 5840/5840 5841/5841 5969/5969
f 5840/5840 5969/5969 5968/5968
f 5841/5841 5842/5842 5970/5970
f 5841/5841 5970/5970 5969/5969
f 5842/5842 5843/5843 5971/5971
f 5842/5842 5971/5971 5970/5970
f 5843/5843 5844/5844 5972/5972
f 5843/5843 5972/5972 5971/5971
f 5844/5844 5845/5845 5973/5973
f 5844/5844 5973/5973 5972/5972
f 5845/5845 5846/5846 5974/5974
f 5845/5845 5974/5974 5973/5973
f 5846/5846 5847/5847 5975/5975
f 5846/5846 5975/5975 5974/5974
f 5847/5847 5848/5848 5976/5976
f 5847/5847 5976/5976 5975/5975
f 5848/5848 5849/5849 5977/5977
f 5848/5848 5977/5977 5976/5976
f 5849/5849 5850/5850 5978/5978
f 5849/5849 5978/5978 5977/5977
f 5850/5850 5851/5851 5979/5979
f 5850/5850 5979/5979 5978/5978
f 5851/5851 5852/5852 5980/5980
f 5851/5851 5980/5980 5979/5979
f 5852/5852 5853/5853 5981/5981
f 5852/5852 5981/5981 5980/5980
f 5853/5853 5854/5854 5982/5982
f 5853/5853 5982/5982 5981/5981
f 5854/5854 5855/5855 5983/5983
f 5854/5854 5983/5983 5982/5982
f 5855/5855 5856/5856 5984/5984
f 5855/5855 5984/5984 5983/5983
f 5856/5856 5857/5857 5985/5985
f 5856/5856 5985/5985 5984/5984
f 5857/5857 5858/5858 5986/5986
f 5857/5857 5986/5986 5985/5985
f 5858/5858 5859/5859 5987/5987
f 5858/5858 5987/5987 5986/5986
f 5859/5859 5860/5860 5988/5988
f 5859/5859 5988/5988 5987/5987
f 5860/5860 5861/5861 5989/5989
f 5860/5860 5989/5989 5988/5988
f 5861/5861 5862/5862 5990/5990
f 5861/5861 5990/5990 5989/5989
f 5862/5862 5863/5863 5991/5991
f 5862/5862 5991/5991 5990/5990
f 5863/5863 5864/5864 5992/5992
f 5863/5863 5992/5992 5991/5991
f 5864/5864 5865/5865 5993/5993
f 5864/5864 5993/5993 5992/5992
f 5865/5865 5866/5866 5994/5994
f 5865/5865 5994/5994 5993/5993
f 5866/5866 5867/5867 5995/5995
f 5866/5866 5995/5995 5994/5994
f 5867/5867 5868/5868 5996/5996
f 5867/5867 5996/5996 5995/5995
f 5868/5868 5869/5869 5997/5997
f 5868/5868 5997/5997 5996/5996
f 5869/5869 5870/5870 5998/5998
f 5869/5869 5998/5998 5997/5997
f 5870/5870 5871/5871 5999/5999
f 5870/5870 5999/5999 5998/5998
f 5871/5871 5872/5872 6000/6000
f 5871/5871 6000/6000 5999/5999
f 5872/5872 5873/5873 6001/6001
f 5872/5872 6001/6001 6000/6000
f 5873/5873 5874/5874 6002/6002
f 5873/5873 6002/6002 6001/6001
f 5874/5874 5875/5875 6003/6003
f 5874/5874 6003/6003 6002/6002
f 5875/5875 5876/5876 6004/6004
f 5875/5875 6004/6004 6003/6003
f 5876/5876 5877/5877 6005/6005
f 5876/5876 6005/6005 6004/6004
f 5877/5877 5878/5878 6006/6006
f 5877/5877 6006/6006 6005/6005
f 5878/5878 5879/5879 6007/6007
f 5878/5878 6007/6007 6006/6006
f 5879/5879 5880/5880 6008/6008
f 5879/5879 6008/6008 6007/6007
f 5880/5880 5881/5881 6009/6009
f 5880/5880 6009/6009 6008/6008
f 5881/5881 5882/5882 6010/6010
f 5881/5881 6010/6010 6009/6009
f 5882/5882 5883/5883 6011/6011
f 5882/5882 6011/6011 6010/6010
f 5883/5883 5884/5884 6012/6012
f 5883/5883 6012/6012 6011/6011
f 5884/5884 5885/5885 6013/6013
f 5884/5884 6013/6013 6012/6012
f 5885/5885 5886/5886 6014/6014
f 5885/5885 6014/6014 6013/6013
f 5886/5886 5887/5887 6015/6015
f 5886/5886 6015/6015 6014/6014
f 5887/5887 5888/5888 6016/6016
f 5887/5887 6016/6016 6015/6015
f 5889/5889 5890/5890 6018/6018
f 5889/5889 6018/6018 6017/6017
f 5890/5890 5891/5891 6019/6019
f 5890/5890 6019/6019 6018/6018
f 5891/5891 5892/5892 6020/6020
f 5891/5891 6020/6020 6019/6019
f 5892/5892 5893/5893 6021/6021
f 5892/5892 6021/6021 6020/6020
f 5893/5893 5894/5894 6022/6022
f 5893/5893 6022/6022 6021/6021
f 5894/5894 5895/5895 6023/6023
f 5894/5894 6023/6023 6022/6022
f 5895/5895 5896/5896 6024/6024
f 5895/5895 6024/6024 6023/6023
f 5896/5896 5897/5897 6025/6025
f 5896/5896 6025/6025 6024/6024
f 5897/5897 5898/5898 6026/6026
f 5897/5897 6026/6026 6025/6025
f 5898/5898 5899/5899 6027/6027
f 5898/5898 6027/6027 6026/6026
f 5899/5899 5900/5900 6028/6028
f 5899/5899 6028/6028 6027/6027
f 5900/5900 5901/5901 6029/6029
f 5900/5900 6029/6029 6028/6028
f 5901/5901 5902/5902 6030/6030
f 5901/5901 6030/6030 6029/6029
f 5902/5902 5903/5903 6031/6031
f 5902/5902 6031/6031 6030/6030
f 5903/5903 5904/5904 6032/6032
f 5903/5903 6032/6032 6031/6031
f 5904/5904 5905/5905 6033/6033
f 5904/5904 6033/6033 6032/6032
f 5905/5905 5906/5906 6034/6034
f 5905/5905 6034/6034 6033/6033
f 5906/5906 5907/5907 6035/6035
f 5906/5906 6035/6035 6034/6034
f 5907/5907 5908/5908 6036/6036
f 5907/5907 6036/6036 6035/6035
f 5908/5908 5909/5909 6037/6037
f 5908/5908 6037/6037 6036/6036
f 5909/5909 5910/5910 6038/6038
f 5909/5909 6038/6038 6037/6037
f 5910/5910 5911/5911 6039/6039
f 5910/5910 6039/6039 6038/6038
f 5911/5911 5912/5912 6040/6040
f 5911/5911 6040/6040 6039/6039
f 5912/5912 5913/5913 6041/6041
f 5912/5912 6041/6041 6040/6040
f 5913/5913 5914/5914 6042/6042
f 5913/5913 6042/6042 6041/6041
f 5914/5914 5915/5915 6043/6043
f 5914/5914 6043/6043 6042/6042
f 5915/5915 5916/5916 6044/6044
f 5915/5915 6044/6044 6043/6043
f 5916/5916 5917/5917 6045/6045
f 5916/5916 6045/6045 6044/6044
f 5917/5917 5918/5918 6046/6046
f 5917/5917 6046/6046 6045/6045
f 5918/5918 5919/5919 6047/6047
f 5918/5918 6047/6047 6046/6046
f 5919/5919 5920/5920 6048/6048
f 5919/5919 6048/6048 6047/6047
f 5920/5920 5921/5921 6049/6049
f 5920/5920 6049/6049 6048/6048
f 5921/5921 5922/5922 6050/6050
f 5921/5921 6050/6050 6049/6049
f 5922/5922 5923/5923 6051/6051
f 5922/5922 6051/6051 6050/6050
f 5923/5923 5924/5924 6052/6052
f 5923/5923 6052/6052 6051/6051
f 5924/5924 5925/5925 6053/6053
f 5924/5924 6053/6053 6052/6052
f 5925/5925 5926/5926 6054/6054
f 5925/5925 6054/6054 6053/6053
f 5926/5926 5927/5927 6055/6055
f 5926/5926 6055/6055 6054/6054
f 5927/5927 5928/5928 6056/6056
f 5927/5927 6056/6056 6055/6055
f 5928/5928 5929/5929 6057/6057
f 5928/5928 6057/6057 6056/6056
f 5929/5929 5930/5930 6058/6058
f 5929/5929 6058/6058 6057/6057
f 5930/5930 5931/5931 6059/6059
f 5930/5930 6059/6059 6058/6058
f 5931/5931 5932/5932 6060/6060
f 5931/5931 6060/6060 6059/6059
f 5932/5932 5933/5933 6061/6061
f 5932/5932 6061/6061 6060/6060
f 5933/5933 5934/5934 6062/6062
f 5933/5933 6062/6062 6061/6061
f 5934/5934 5935/5935 6063/6063
f 5934/5934 6063/6063 6062/6062
f 5935/5935 5936/5936 6064/6064
f 5935/5935 6064/6064 6063/6063
f 5936/5936 5937/5937 6065/6065
f 5936/5936 6065/6065 6064/6064
f 5937/5937 5938/5938 6066/6066
f 5937/5937 6066/6066 6065/6065
f 5938/5938 5939/5939 6067/6067
f 5938/5938 6067/6067 6066/6066
f 5939/5939 5940/5940 6068/6068
f 5939/5939 6068/6068 6067/6067
f 5940/5940 5941/5941 6069/6069
f 5940/5940 6069/6069 6068/6068
f 5941/5941 5942/5942 6070/6070
f 5941/5941 6070/6070 6069/6069
f 5942/5942 5943/5943 6071/6071
f 5942/5942 6071/6071 6070/6070
f 5943/5943 5944/5944 6072/6072
f 5943/5943 6072/6072 6071/6071
f 5944/5944 5945/5945 6073/6073
f 5944/5944 6073/6073 6072/6072
f 5945/5945 5946/5946 6074/6074
f 5945/5945 6074/6074 6073/6073
f 5946/5946 5947/5947 6075/6075
f 5946/5946 6075/6075 6074/6074
f 5947/5947 5948/5948 6076/6076
f 5947/5947 6076/6076 6075/6075
f 5948/5948 5949/5949 6077/6077
f 5948/5948 6077/6077 6076/6076
f 5949/5949 5950/5950 6078/6078
f 5949/5949 6078/6078 6077/6077
f 5950/5950 5951/5951 6079/6079
f 5950/5950 6079/6079 6078/6078
f 5951/5951 5952/5952 6080/6080
f 5951/5951 6080/6080 6079/6079
f 5952/5952 5953/5953 6081/6081
f 5952/5952 6081/6081 6080/6080
f 5953/5953 5954/5954 6082/6082
f 5953/5953 6082/6082 6081/6081
f 5954/5954 5955/5955 6083/6083
f 5954/5954 6083/6083 6082/6082
f 5955/5955 5956/5956 6084/6084
f 5955/5955 6084/6084 6083/6083
f 5956/5956 5957/5957 6085/6085
f 5956/5956 6085/6085 6084/6084
f 5957/5957 5958/5958 6086/6086
f 5957/5957 6086/6086 6085/6085
f 5958/5958 5959/5959 6087/6087
f 5958/5958 6087/6087 6086/6086
f 5959/5959 5960/5960 6088/6088
f 5959/5959 6088/6088 6087/6087
f 5960/5960 5961/5961 6089/6089
f 5960/5960 6089/6089 6088/6088
f 5961/5961 5962/5962 6090/6090
f 5961/5961 6090/6090 6089/6089
f 5962/5962 5963/5963 6091/6091
f 5962/5962 6091/6091 6090/6090
f 5963/5963 5964/5964 6092/6092
f 5963/5963 6092/6092 6091/6091
f 5964/5964 5965/5965 6093/6093
f 5964/5964 6093/6093 6092/6092
f 5965/5965 5966/5966 6094/6094
f 5965/5965 6094/6094 6093/6093
f 5966/5966 5967/5967 6095/6095
f 5966/5966 6095/6095 6094/6094
f 5967/5967 5968/5968 6096/6096
f 5967/5967 6096/6096 6095/6095
f 5968/5968 5969/5969 6097/6097
f 5968/5968 6097/6097 6096/6096
f 5969/5969 5970/5970 6098/6098
f 5969/5969 6098/6098 6097/6097
f 5970/5970 5971/5971 6099/6099
f 5970/5970 6099/6099 6098/6098
f 5971/5971 5972/5972 6100/6100
f 5971/5971 6100/6100 6099/6099
f 5972/5972 5973/5973 6101/6101
f 5972/5972 6101/6101 6100/6100
f 5973/5973 5974/5974 6102/6102
f 5973/5973 6102/6102 6101/6101
f 5974/5974 5975/5975 6103/6103
f 5974/5974 6103/6103 6102/6102
f 5975/5975 5976/5976 6104/6104
f 5975/5975 6104/6104 6103/6103
f 5976/5976 5977/5977 6105/6105
f 5976/5976 6105/6105 6104/6104
f 5977/5977 5978/5978 6106/6106
f 5977/5977 6106/6106 6105/6105
f 5978/5978 5979/5979 6107/6107
f 5978/5978 6107/6107 6106/6106
f 5979/5979 5980/5980 6108/6108
f 5979/5979 6108/6108 6107/6107
f 5980/5980 5981/5981 6109/6109
f 5980/5980 6109/6109 6108/6108
f 5981/5981 5982/5982 6110/6110
f 5981/5981 6110/6110 6109/6109
f 5982/5982 5983/5983 6111/6111
f 5982/5982 6111/6111 6110/6110
f 5983/5983 5984/5984 6112/6112
f 5983/5983 6112/6112 6111/6111
f 5984/5984 5985/5985 6113/6113
f 5984/5984 6113/6113 6112/6112
f 5985/5985 5986/5986 6114/6114
f 5985/5985 6114/6114 6113/6113
f 5986/5986 5987/5987 6115/6115
f 5986/5986 6115/6115 6114/6114
f 5987/5987 5988/5988 6116/6116
f 5987/5987 6116/6116 6115/6115
f 5988/5988 5989/5989 6117/6117
f 5988/5988 6117/6117 6116/6116
f 5989/5989 5990/5990 6118/6118
f 5989/5989 6118/6118 6117/6117
f 5990/5990 5991/5991 6119/6119
f 5990/5990 6119/6119 6118/6118
f 5991/5991 5992/5992 6120/6120
f 5991/5991 6120/6120 6119/6119
f 5992/5992 5993/5993 6121/6121
f 5992/5992 6121/6121 6120/6120
f 5993/5993 5994/5994 6122/6122
f 5993/5993 6122/6122 6121/6121
f 5994/5994 5995/5995 6123/6123
f 5994/5994 6123/6123 6122/6122
f 5995/5995 5996/5996 6124/6124
f 5995/5995 6124/6124 6123/6123
f 5996/5996 5997/5997 6125/6125
f 5996/5996 6125/6125 6124/6124
f 5997/5997 5998/5998 6126/6126
f 5997/5997 6126/6126 6125/6125
f 5998/5998 5999/5999 6127/6127
f 5998/5998 6127/6127 6126/6126
f 5999/5999 6000/6000 6128/6128
f 5999/5999 6128/6128 6127/6127
f 6000/6000 6001/6001 6129/6129
f 6000/6000 6129/6129 6128/6128
f 6001/6001 6002/6002 6130/6130
f 6001/6001 6130/6130 6129/6129
f 6002/6002 6003/6003 6131/6131
f 6002/6002 6131/6131 6130/6130
f 6003/6003 6004/6004 6132/6132
f 6003/6003 6132/6132 6131/6131
f 6004/6004 6005/6005 6133/6133
f 6004/6004 6133/6133 6132/6132
f 6005/6005 6006/6006 6134/6134
f 6005/6005 6134/6134 6133/6133
f 6006/6006 6007/6007 6135/6135
f 6006/6006 6135/6135 6134/6134
f 6007/6007 6008/6008 6136/6136
f 6007/6007 6136/6136 6135/6135
f 6008/6008 6009/6009 6137/6137
f 6008/6008 6137/6137 6136/6136
f 6009/6009 6010/6010 6138/6138
f 6009/6009 6138/6138 6137/6137
f 6010/6010 6011/6011 6139/6139
f 6010/6010 6139/6139 6138/6138
f 6011/6011 6012/6012 6140/6140
f 6011/6011 6140/6140 6139/6139
f 6012/6012 6013/6013 6141/6141
f 6012/6012 6141/6141 6140/6140
f 6013/6013 6014/6014 6142/6142
f 6013/6013 6142/6142 6141/6141
f 6014/6014 6015/6015 6143/6143
f 6014/6014 6143/6143 6142/6142
f 6015/6015 6016/6016 6144/6144
f 6015/6015 6144/6144 6143/6143
f 6017/6017 6018/6018 6146/6146
f 6017/6017 6146/6146 6145/6145
f 6018/6018 6019/6019 6147/6147
f 6018/6018 6147/6147 6146/6146
f 6019/6019 6020/6020 6148/6148
f 6019/6019 6148/6148 6147/6147
f 6020/6020 6021/6021 6149/6149
f 6020/6020 6149/6149 6148/6148
f 6021/6021 6022/6022 6150/6150
f 6021/6021 6150/6150 6149/6149
f 6022/6022 6023/6023 6151/6151
f 6022/6022 6151/6151 6150/6150
f 6023/6023 6024/6024 6152/6152
f 6023/6023 6152/6152 6151/6151
f 6024/6024 6025/6025 6153/6153
f 6024/6024 6153/6153 6152/6152
f 6025/6025 6026/6026 6154/6154
f 6025/6025 6154/6154 6153/6153
f 6026/6026 6027/6027 6155/6155
f 6026/6026 6155/6155 6154/6154
f 6027/6027 6028/6028 6156/6156
f 6027/6027 6156/6156 6155/6155
f 6028/6028 6029/6029 6157/6157
f 6028/6028 6157/6157 6156/6156
f 6029/6029 6030/6030 6158/6158
f 6029/6029 6158/6158 6157/6157
f 6030/6030 6031/6031 6159/6159
f 6030/6030 6159/6159 6158/6158
f 6031/6031 6032/6032 6160/6160
f 6031/6031 6160/6160 6159/6159
f 6032/6032 6033/6033 6161/6161
f 6032/6032 6161/6161 6160/6160
f 6033/6033 6034/6034 6162/6162
f 6033/6033 6162/6162 6161/6161
f 6034/6034 6035/6035 6163/6163
f 6034/6034 6163/6163 6162/6162
f 6035/6035 6036/6036 6164/6164
f 6035/6035 6164/6164 6163/6163
f 6036/6036 6037/6037 6165/6165
f 6036/6036 6165/6165 6164/6164
f 6037/6037 6038/6038 6166/6166
f 6037/6037 6166/6166 6165/6165
f 6038/6038 6039/6039 6167/6167
f 6038/6038 6167/6167 6166/6166
f 6039/6039 6040/6040 6168/6168
f 6039/6039 6168/6168 6167/6167
f 6040/6040 6041/6041 6169/6169
f 6040/6040 6169/6169 6168/6168
f 6041/6041 6042/6042 6170/6170
f 6041/6041 6170/6170 6169/6169
f 6042/6042 6043/6043 6171/6171
f 6042/6042 6171/6171 6170/6170
f 6043/6043 6044/6044 6172/6172
f 6043/6043 6172/6172 6171/6171
f 6044/6044 6045/6045 6173/6173
f 6044/6044 6173/6173 6172/6172
f 6045/6045 6046/6046 6174/6174
f 6045/6045 6174/6174 6173/6173
f 6046/6046 6047/6047 6175/6175
f 6046/6046 6175/6175 6174/6174
f 6047/6047 6048/6048 6176/6176
f 6047/6047 6176/6176 6175/6175
f 6048/6048 6049/6049 6177/6177
f 6048/6048 6177/6177 6176/6176
f 6049/6049 6050/6050 6178/6178
f 6049/6049 6178/6178 6177/6177
f 6050/6050 6051/6051 6179/6179
f 6050/6050 6179/6179 6178/6178
f 6051/6051 6052/6052 6180/6180
f 6051/6051 6180/6180 6179/6179
f 6052/6052 6053/6053 6181/6181
f 6052/6052 6181/6181 6180/6180
f 6053/6053 6054/6054 6182/6182
f 6053/6053 6182/6182 6181/6181
f 6054/6054 6055/6055 6183/6183
f 6054/6054 6183/6183 6182/6182
f 6055/6055 6056/6056 6184/6184
f 6055/6055 6184/6184 6183/6183
f 6056/6056 6057/6057 6185/6185
f 6056/6056 6185/6185 6184/6184
f 6057/6057 6058/6058 6186/6186
f 6057/6057 6186/6186 6185/6185
f 6058/6058 6059/6059 6187/6187
f 6058/6058 6187/6187 6186/6186
f 6059/6059 6060/6060 6188/6188
f 6059/6059 6188/6188 6187/6187
f 6060/6060 6061/6061 6189/6189
f 6060/6060 6189/6189 6188/6188
f 6061/6061 6062/6062 6190/6190
f 6061/6061 6190/6190 6189/6189
f 6062/6062 6063/6063 6191/6191
f 6062/6062 6191/6191 6190/6190
f 6063/6063 6064/6064 6192/6192
f 6063/6063 6192/6192 6191/6191
f 6064/6064 6065/6065 6193/6193
f 6064/6064 6193/6193 6192/6192
f 6065/6065 6066/6066 6194/6194
f 6065/6065 6194/6194 6193/6193
f 6066/6066 6067/6067 6195/6195
f 6066/6066 6195/6195 6194/6194
f 6067/6067 6068/6068 6196/6196
f 6067/6067 6196/6196 6195/6195
f 6068/6068 6069/6069 6197/6197
f 6068/6068 6197/6197 6196/6196
f 6069/6069 6070/6070 6198/6198
f 6069/6069 6198/6198 6197/6197
f 6070/6070 6071/6071 6199/6199
f 6070/6070 6199/6199 6198/6198
f 6071/6071 6072/6072 6200/6200
f 6071/6071 6200/6200 6199/6199
f 6072/6072 6073/6073 6201/6201
f 6072/6072 6201/6201 6200/6200
f 6073/6073 6074/6074 6202/6202
f 6073/6073 6202/6202 6201/6201
f 6074/6074 6075/6075 6203/6203
f 6074/6074 6203/6203 6202/6202
f 6075/6075 6076/6076 6204/6204
f 6075/6075 6204/6204 6203/6203
f 6076/6076 6077/6077 6205/6205
f 6076/6076 6205/6205 6204/6204
f 6077/6077 6078/6078 6206/6206
f 6077/6077 6206/6206 6205/6205
f 6078/6078 6079/6079 6207/6207
f 6078/6078 6207/6207 6206/6206
f 6079/6079 6080/6080 6208/6208
f 6079/6079 6208/6208 6207/6207
f 6080/6080 6081/6081 6209/6209
f 6080/6080 6209/6209 6208/6208
f 6081/6081 6082/6082 6210/6210
f 6081/6081 6210/6210 6209/6209
f 6082/6082 6083/6083 6211/6211
f 6082/6082 6211/6211 6210/6210
f 6083/6083 6084/6084 6212/6212
f 6083/6083 6212/6212 6211/6211
f 6084/6084 6085/6085 6213/6213
f 6084/6084 6213/6213 6212/6212
f 6085/6085 6086/6086 6214/6214
f 6085/6085 6214/6214 6213/6213
f 6086/6086 6087/6087 6215/6215
f 6086/6086 6215/6215 6214/6214
f 6087/6087 6088/6088 6216/6216
f 6087/6087 6216/6216 6215/6215
f 6088/6088 6089/6089 6217/6217
f 6088/6088 6217/6217 6216/6216
f 6089/6089 6090/6090 6218/6218
f 6089/6089 6218/6218 6217/6217
f 6090/6090 6091/6091 6219/6219
f 6090/6090 6219/6219 6218/6218
f 6091/6091 6092/6092 6220/6220
f 6091/6091 6220/6220 6219/6219
f 6092/6092 6093/6093 6221/6221
f 6092/6092 6221/6221 6220/6220
f 6093/6093 6094/6094 6222/6222
f 6093/6093 6222/6222 6221/6221
f 6094/6094 6095/6095 6223/6223
f 6094/6094 6223/6223 6222/6222
f 6095/6095 6096/6096 6224/6224
f 6095/6095 6224/6224 6223/6223
f 6096/6096 6097/6097 6225/6225
f 6096/6096 6225/6225 6224/6224
f 6097/6097 6098/6098 6226/6226
f 6097/6097 6226/6226 6225/6225
f 6098/6098 6099/6099 6227/6227
f 6098/6098 6227/6227 6226/6226
f 6099/6099 6100/6100 6228/6228
f 6099/6099 6228/6228 6227/6227
f 6100/6100 6101/6101 6229/6229
f 6100/6100 6229/6229 6228/6228
f 6101/6101 6102/6102 6230/6230
f 6101/6101 6230/6230 6229/6229
f 6102/6102 6103/6103 6231/6231
f 6102/6102 6231/6231 6230/6230
f 6103/6103 6104/6104 6232/6232
f 6103/6103 6232/6232 6231/6231
f 6104/6104 6105/6105 6233/6233
f 6104/6104 6233/6233 6232/6232
f 6105/6105 6106/6106 6234/6234
f 6105/6105 6234/6234 6233/6233
f 6106/6106 6107/6107 6235/6235
f 6106/6106 6235/6235 6234/6234
f 6107/6107 6108/6108 6236/6236
f 6107/6107 6236/6236 6235/6235
f 6108/6108 6109/6109 6237/6237
f 6108/6108 6237/6237 6236/6236
f 6109/6109 6110/6110 6238/6238
f 6109/6109 6238/6238 6237/6237
f 6110/6110 6111/6111 6239/6239
f 6110/6110 6239/6239 6238/6238
f 6111/6111 6112/6112 6240/6240
f 6111/6111 6240/6240 6239/6239
f 6112/6112 6113/6113 6241/6241
f 6112/6112 6241/6241 6240/6240
f 6113/6113 6114/6114 6242/6242
f 6113/6113 6242/6242 6241/6241
f 6114/6114 6115/6115 6243/6243
f 6114/6114 6243/6243 6242/6242
f 6115/6115 6116/6116 6244/6244
f 6115/6115 6244/6244 6243/6243
f 6116/6116 6117/6117 6245/6245
f 6116/6116 6245/6245 6244/6244
f 6117/6117 6118/6118 6246/6246
f 6117/6117 6246/6246 6245/6245
f 6118/6118 6119/6119 6247/6247
f 6118/6118 6247/6247 6246/6246
f 6119/6119 6120/6120 6248/6248
f 6119/6119 6248/6248 6247/6247
f 6120/6120 6121/6121 6249/6249
f 6120/6120 6249/6249 6248/6248
f 6121/6121 6122/6122 6250/6250
f 6121/6121 6250/6250 6249/6249
f 6122/6122 6123/6123 6251/6251
f 6122/6122 6251/6251 6250/6250
f 6123/6123 6124/6124 6252/6252
f 6123/6123 6252/6252 6251/6251
f 6124/6124 6125/6125 6253/6253
f 6124/6124 6253/6253 6252/6252
f 6125/6125 6126/6126 6254/6254
f 6125/6125 6254/6254 6253/6253
f 6126/6126 6127/6127 6255/6255
f 6126/6126 6255/6255 6254/6254
f 6127/6127 6128/6128 6256/6256
f 6127/6127 6256/6256 6255/6255
f 6128/6128 6129/6129 6257/6257
f 6128/6128 6257/6257 6256/6256
f 6129/6129 6130/6130 6258/6258
f 6129/6129 6258/6258 6257/6257
f 6130/6130 6131/6131 6259/6259
f 6130/6130 6259/6259 6258/6258
f 6131/6131 6132/6132 6260/6260
f 6131/6131 6260/6260 6259/6259
f 6132/6132 6133/6133 6261/6261
f 6132/6132 6261/6261 6260/6260
f 6133/6133 6134/6134 6262/6262
f 6133/6133 6262/6262 6261/6261
f 6134/6134 6135/6135 6263/6263
f 6134/6134 6263/6263 6262/6262
f 6135/6135 6136/6136 6264/6264
f 6135/6135 6264/6264 6263/6263
f 6136/6136 6137/6137 6265/6265
f 6136/6136 6265/6265 6264/6264
f 6137/6137 6138/6138 6266/6266
f 6137/6137 6266/6266 6265/6265
f 6138/6138 6139/6139 6267/6267
f 6138/6138 6267/6267 6266/6266
f 6139/6139 6140/6140 6268/6268
f 6139/6139 6268/6268 6267/6267
f 6140/6140 6141/6141 6269/6269
f 6140/6140 6269/6269 6268/6268
f 6141/6141 6142/6142 6270/6270
f 6141/6141 6270/6270 6269/6269
f 6142/6142 6143/6143 6271/6271
f 6142/6142 6271/6271 6270/6270
f 6143/6143 6144/6144 6272/6272
f 6143/6143 6272/6272 6271/6271
f 6145/6145 6146/6146 6274/6274
f 6145/6145 6274/6274 6273/6273
f 6146/6146 6147/6147 6275/6275
f 6146/6146 6275/6275 6274/6274
f 6147/6147 6148/6148 6276/6276
f 6147/6147 6276/6276 6275/6275
f 6148/6148 6149/6149 6277/6277
f 6148/6148 6277/6277 6276/6276
f 6149/6149 6150/6150 6278/6278
f 6149/6149 6278/6278 6277/6277
f 6150/6150 6151/6151 6279/6279
f 6150/6150 6279/6279 6278/6278
f 6151/6151 6152/6152 6280/6280
f 6151/6151 6280/6280 6279/6279
f 6152/6152 6153/6153 6281/6281
f 6152/6152 6281/6281 6280/6280
f 6153/6153 6154/6154 6282/6282
f 6153/6153 6282/6282 6281/6281
f 6154/6154 6155/6155 6283/6283
f 6154/6154 6283/6283 6282/6282
f 6155/6155 6156/6156 6284/6284
f 6155/6155 6284/6284 6283/6283
f 6156/6156 6157/6157 6285/6285
f 6156/6156 6285/6285 6284/6284
f 6157/6157 6158/6158 6286/6286
f 6157/6157 6286/6286 6285/6285
f 6158/6158 6159/6159 6287/6287
f 6158/6158 6287/6287 6286/6286
f 6159/6159 6160/6160 6288/6288
f 6159/6159 6288/6288 6287/6287
f 6160/6160 6161/6161 6289/6289
f 6160/6160 6289/6289 6288/6288
f 6161/6161 6162/6162 6290/6290
f 6161/6161 6290/6290 6289/6289
f 6162/6162 6163/6163 6291/6291
f 6162/6162 6291/6291 6290/6290
f 6163/6163 6164/6164 6292/6292
f 6163/6163 6292/6292 6291/6291
f 6164/6164 6165/6165 6293/6293
f 6164/6164 6293/6293 6292/6292
f 6165/6165 6166/6166 6294/6294
f 6165/6165 6294/6294 6293/6293
f 6166/6166 6167/6167 6295/6295
f 6166/6166 6295/6295 6294/6294
f 6167/6167 6168/6168 6296/6296
f 6167/6167 6296/6296 6295/6295
f 6168/6168 6169/6169 6297/6297
f 6168/6168 6297/6297 6296/6296
f 6169/6169 6170/6170 6298/6298
f 6169/6169 6298/6298 6297/6297
f 6170/6170 6171/6171 6299/6299
f 6170/6170 6299/6299 6298/6298
f 6171/6171 6172/6172 6300/6300
f 6171/6171 6300/6300 6299/6299
f 6172/6172 6173/6173 6301/6301
f 6172/6172 6301/6301 6300/6300
f 6173/6173 6174/6174 6302/6302
f 6173/6173 6302/6302 6301/6301
f 6174/6174 6175/6175 6303/6303
f 6174/6174 6303/6303 6302/6302
f 6175/6175 6176/6176 6304/6304
f 6175/6175 6304/6304 6303/6303
f 6176/6176 6177/6177 6305/6305
f 6176/6176 6305/6305 6304/6304
f 6177/6177 6178/6178 6306/6306
f 6177/6177 6306/6306 6305/6305
f 6178/6178 6179/6179 6307/6307
f 6178/6178 6307/6307 6306/6306
f 6179/6179 6180/6180 6308/6308
f 6179/6179 6308/6308 6307/6307
f 6180/6180 6181/6181 6309/6309
f 6180/6180 6309/6309 6308/6308
f 6181/6181 6182/6182 6310/6310
f 6181/6181 6310/6310 6309/6309
f 6182/6182 6183/6183 6311/6311
f 6182/6182 6311/6311 6310/6310
f 6183/6183 6184/6184 6312/6312
f 6183/6183 6312/6312 6311/6311
f 6184/6184 6185/6185 6313/6313
f 6184/6184 6313/6313 6312/6312
f 6185/6185 6186/6186 6314/6314
f 6185/6185 6314/6314 6313/6313
f 6186/6186 6187/6187 6315/6315
f 6186/6186 6315/6315 6314/6314
f 6187/6187 6188/6188 6316/6316
f 6187/6187 6316/6316 6315/6315
f 6188/6188 6189/6189 6317/6317
f 6188/6188 6317/6317 6316/6316
f 6189/6189 6190/6190 6318/6318
f 6189/6189 6318/6318 6317/6317
f 6190/6190 6191/6191 6319/6319
f 6190/6190 6319/6319 6318/6318
f 6191/6191 6192/6192 6320/6320
f 6191/6191 6320/6320 6319/6319
f 6192/6192 6193/6193 6321/6321
f 6192/6192 6321/6321 6320/6320
f 6193/6193 6194/6194 6322/6322
f 6193/6193 6322/6322 6321/6321
f 6194/6194 6195/6195 6323/6323
f 6194/6194 6323/6323 6322/6322
f 6195/6195 6196/6196 6324/6324
f 6195/6195 6324/6324 6323/6323
f 6196/6196 6197/6197 6325/6325
f 6196/6196 6325/6325 6324/6324
f 6197/6197 6198/6198 6326/6326
f 6197/6197 6326/6326 6325/6325
f 6198/6198 6199/6199 6327/6327
f 6198/6198 6327/6327 6326/6326
f 6199/6199 6200/6200 6328/6328
f 6199/6199 6328/6328 6327/6327
f 6200/6200 6201/6201 6329/6329
f 6200/6200 6329/6329 6328/6328
f 6201/6201 6202/6202 6330/6330
f 6201/6201 6330/6330 6329/6329
f 6202/6202 6203/6203 6331/6331
f 6202/6202 6331/6331 6330/6330
f 6203/6203 6204/6204 6332/6332
f 6203/6203 6332/6332 6331/6331
f 6204/6204 6205/6205 6333/6333
f 6204/6204 6333/6333 6332/6332
f 6205/6205 6206/6206 6334/6334
f 6205/6205 6334/6334 6333/6333
f 6206/6206 6207/6207 6335/6335
f 6206/6206 6335/6335 6334/6334
f 6207/6207 6208/6208 6336/6336
f 6207/6207 6336/6336 6335/6335
f 6208/6208 6209/6209 6337/6337
f 6208/6208 6337/6337 6336/6336
f 6209/6209 6210/6210 6338/6338
f 6209/6209 6338/6338 6337/6337
f 6210/6210 6211/6211 6339/6339
f 6210/6210 6339/6339 6338/6338
f 6211/6211 6212/6212 6340/6340
f 6211/6211 6340/6340 6339/6339
f 6212/6212 6213/6213 6341/6341
f 6212/6212 6341/6341 6340/6340
f 6213/6213 6214/6214 6342/6342
f 6213/6213 6342/6342 6341/6341
f 6214/6214 6215/6215 6343/6343
f 6214/6214 6343/6343 6342/6342
f 6215/6215 6216/6216 6344/6344
f 6215/6215 6344/6344 6343/6343
f 6216/6216 6217/6217 6345/6345
f 6216/6216 6345/6345 6344/6344
f 6217/6217 6218/6218 6346/6346
f 6217/6217 6346/6346 6345/6345
f 6218/6218 6219/6219 6347/6347
f 6218/6218 6347/6347 6346/6346
f 6219/6219 6220/6220 6348/6348
f 6219/6219 6348/6348 6347/6347
f 6220/6220 6221/6221 6349/6349
f 6220/6220 6349/6349 6348/6348
f 6221/6221 6222/6222 6350/6350
f 6221/6221 6350/6350 6349/6349
f 6222/6222 6223/6223 6351/6351
f 6222/6222 6351/6351 6350/6350
f 6223/6223 6224/6224 6352/6352
f 6223/6223 6352/6352 6351/6351
f 6224/6224 6225/6225 6353/6353
f 6224/6224 6353/6353 6352/6352
f 6225/6225 6226/6226 6354/6354
f 6225/6225 6354/6354 6353/6353
f 6226/6226 6227/6227 6355/6355
f 6226/6226 6355/6355 6354/6354
f 6227/6227 6228/6228 6356/6356
f 6227/6227 6356/6356 6355/6355
f 6228/6228 6229/6229 6357/6357
f 6228/6228 6357/6357 6356/6356
f 6229/6229 6230/6230 6358/6358
f 6229/6229 6358/6358 6357/6357
f 6230/6230 6231/6231 6359/6359
f 6230/6230 6359/6359 6358/6358
f 6231/6231 6232/6232 6360/6360
f 6231/6231 6360/6360 6359/6359
f 6232/6232 6233/6233 6361/6361
f 6232/6232 6361/6361 6360/6360
f 6233/6233 6234/6234 6362/6362
f 6233/6233 6362/6362 6361/6361
f 6234/6234 6235/6235 6363/6363
f 6234/6234 6363/6363 6362/6362
f 6235/6235 6236/6236 6364/6364
f 6235/6235 6364/6364 6363/6363
f 6236/6236 6237/6237 6365/6365
f 6236/6236 6365/6365 6364/6364
f 6237/6237 6238/6238 6366/6366
f 6237/6237 6366/6366 6365/6365
f 6238/6238 6239/6239 6367/6367
f 6238/6238 6367/6367 6366/6366
f 6239/6239 6240/6240 6368/6368
f 6239/6239 6368/6368 6367/6367
f 6240/6240 6241/6241 6369/6369
f 6240/6240 6369/6369 6368/6368
f 6241/6241 6242/6242 6370/6370
f 6241/6241 6370/6370 6369/6369
f 6242/6242 6243/6243 6371/6371
f 6242/6242 6371/6371 6370/6370
f 6243/6243 6244/6244 6372/6372
f 6243/6243 6372/6372 6371/6371
f 6244/6244 6245/6245 6373/6373
f 6244/6244 6373/6373 6372/6372
f 6245/6245 6246/6246 6374/6374
f 6245/6245 6374/6374 6373/6373
f 6246/6246 6247/6247 6375/6375
f 6246/6246 6375/6375 6374/6374
f 6247/6247 6248/6248 6376/6376
f 6247/6247 6376/6376 6375/6375
f 6248/6248 6249/6249 6377/6377
f 6248/6248 6377/6377 6376/6376
f 6249/6249 6250/6250 6378/6378
f 6249/6249 6378/6378 6377/6377
f 6250/6250 6251/6251 6379/6379
f 6250/6250 6379/6379 6378/6378
f 6251/6251 6252/6252 6380/6380
f 6251/6251 6380/6380 6379/6379
f 6252/6252 6253/6253 6381/6381
f 6252/6252 6381/6381 6380/6380
f 6253/6253 6254/6254 6382/6382
f 6253/6253 6382/6382 6381/6381
f 6254/6254 6255/6255 6383/6383
f 6254/6254 6383/6383 6382/6382
f 6255/6255 6256/6256 6384/6384
f 6255/6255 6384/6384 6383/6383
f 6256/6256 6257/6257 6385/6385
f 6256/6256 6385/6385 6384/6384
f 6257/6257 6258/6258 6386/6386
f 6257/6257 6386/6386 6385/6385
f 6258/6258 6259/6259 6387/6387
f 6258/6258 6387/6387 6386/6386
f 6259/6259 6260/6260 6388/6388
f 6259/6259 6388/6388 6387/6387
f 6260/6260 6261/6261 6389/6389
f 6260/6260 6389/6389 6388/6388
f 6261/6261 6262/6262 6390/6390
f 6261/6261 6390/6390 6389/6389
f 6262/6262 6263/6263 6391/6391
f 6262/6262 6391/6391 6390/6390
f 6263/6263 6264/6264 6392/6392
f 6263/6263 6392/6392 6391/6391
f 6264/6264 6265/6265 6393/6393
f 6264/6264 6393/6393 6392/6392
f 6265/6265 6266/6266 6394/6394
f 6265/6265 6394/6394 6393/6393
f 6266/6266 6267/6267 6395/6395
f 6266/6266 6395/6395 6394/6394
f 6267/6267 6268/6268 6396/6396
f 6267/6267 6396/6396 6395/6395
f 6268/6268 6269/6269 6397/6397
f 6268/6268 6397/6397 6396/6396
f 6269/6269 6270/6270 6398/6398
f 6269/6269 6398/6398 6397/6397
f 6270/6270 6271/6271 6399/6399
f 6270/6270 6399/6399 6398/6398
f 6271/6271 6272/6272 6400/6400
f 6271/6271 6400/6400 6399/6399
f 6273/6273 6274/6274 6402/6402
f 6273/6273 6402/6402 6401/6401
f 6274/6274 6275/6275 6403/6403
f 6274/6274 6403/6403 6402/6402
f 6275/6275 6276/6276 6404/6404
f 6275/6275 6404/6404 6403/6403
f 6276/6276 6277/6277 6405/6405
f 6276/6276 6405/6405 6404/6404
f 6277/6277 6278/6278 6406/6406
f 6277/6277 6406/6406 6405/6405
f 6278/6278 6279/6279 6407/6407
f 6278/6278 6407/6407 6406/6406
f 6279/6279 6280/6280 6408/6408
f 6279/6279 6408/6408 6407/6407
f 6280/6280 6281/6281 6409/6409
f 6280/6280 6409/6409 6408/6408
f 6281/6281 6282/6282 6410/6410
f 6281/6281 6410/6410 6409/6409
f 6282/6282 6283/6283 6411/6411
f 6282/6282 6411/6411 6410/6410
f 6283/6283 6284/6284 6412/6412
f 6283/6283 6412/6412 6411/6411
f 6284/6284 6285/6285 6413/6413
f 6284/6284 6413/6413 6412/6412
f 6285/6285 6286/6286 6414/6414
f 6285/6285 6414/6414 6413/6413
f 6286/6286 6287/6287 6415/6415
f 6286/6286 6415/6415 6414/6414
f 6287/6287 6288/6288 6416/6416
f 6287/6287 6416/6416 6415/6415
f 6288/6288 6289/6289 6417/6417
f 6288/6288 6417/6417 6416/6416
f 6289/6289 6290/6290 6418/6418
f 6289/6289 6418/6418 6417/6417
f 6290/6290 6291/6291 6419/6419
f 6290/6290 6419/6419 6418/6418
f 6291/6291 6292/6292 6420/6420
f 6291/6291 6420/6420 6419/6419
f 6292/6292 6293/6293 6421/6421
f 6292/6292 6421/6421 6420/6420
f 6293/6293 6294/6294 6422/6422
f 6293/6293 6422/6422 6421/6421
f 6294/6294 6295/6295 6423/6423
f 6294/6294 6423/6423 6422/6422
f 6295/6295 6296/6296 6424/6424
f 6295/6295 6424/6424 6423/6423
f 6296/6296 6297/6297 6425/6425
f 6296/6296 6425/6425 6424/6424
f 6297/6297 6298/6298 6426/6426
f 6297/6297 6426/6426 6425/6425
f 6298/6298 6299/6299 6427/6427
f 6298/6298 6427/6427 6426/6426
f 6299/6299 6300/6300 6428/6428
f 6299/6299 6428/6428 6427/6427
f 6300/6300 6301/6301 6429/6429
f 6300/6300 6429/6429 6428/6428
f 6301/6301 6302/6302 6430/6430
f 6301/6301 6430/6430 6429/6429
f 6302/6302 6303/6303 6431/6431
f 6302/6302 6431/6431 6430/6430
f 6303/6303 6304/6304 6432/6432
f 6303/6303 6432/6432 6431/6431
f 6304/6304 6305/6305 6433/6433
f 6304/6304 6433/6433 6432/6432
f 6305/6305 6306/6306 6434/6434
f 6305/6305 6434/6434 6433/6433
f 6306/6306 6307/6307 6435/6435
f 6306/6306 6435/6435 6434/6434
f 6307/6307 6308/6308 6436/6436
f 6307/6307 6436/6436 6435/6435
f 6308/6308 6309/6309 6437/6437
f 6308/6308 6437/6437 6436/6436
f 6309/6309 6310/6310 6438/6438
f 6309/6309 6438/6438 6437/6437
f 6310/6310 6311/6311 6439/6439
f 6310/6310 6439/6439 6438/6438
f 6311/6311 6312/6312 6440/6440
f 6311/6311 6440/6440 6439/6439
f 6312/6312 6313/6313 6441/6441
f 6312/6312 6441/6441 6440/6440
f 6313/6313 6314/6314 6442/6442
f 6313/6313 6442/6442 6441/6441
f 6314/6314 6315/6315 6443/6443
f 6314/6314 6443/6443 6442/6442
f 6315/6315 6316/6316 6444/6444
f 6315/6315 6444/6444 6443/6443
f 6316/6316 6317/6317 6445/6445
f 6316/6316 6445/6445 6444/6444
f 6317/6317 6318/6318 6446/6446
f 6317/6317 6446/6446 6445/6445
f 6318/6318 6319/6319 6447/6447
f 6318/6318 6447/6447 6446/6446
f 6319/6319 6320/6320 6448/6448
f 6319/6319 6448/6448 6447/6447
f 6320/6320 6321/6321 6449/6449
f 6320/6320 6449/6449 6448/6448
f 6321/6321 6322/6322 6450/6450
f 6321/6321 6450/6450 6449/6449
f 6322/6322 6323/6323 6451/6451
f 6322/6322 6451/6451 6450/6450
f 6323/6323 6324/6324 6452/6452
f 6323/6323 6452/6452 6451/6451
f 6324/6324 6325/6325 6453/6453
f 6324/6324 6453/6453 6452/6452
f 6325/6325 6326/6326 6454/6454
f 6325/6325 6454/6454 6453/6453
f 6326/6326 6327/6327 6455/6455
f 6326/6326 6455/6455 6454/6454
f 6327/6327 6328/6328 6456/6456
f 6327/6327 6456/6456 6455/6455
f 6328/6328 6329/6329 6457/6457
f 6328/6328 6457/6457 6456/6456
f 6329/6329 6330/6330 6458/6458
f 6329/6329 6458/6458 6457/6457
f 6330/6330 6331/6331 6459/6459
f 6330/6330 6459/6459 6458/6458
f 6331/6331 6332/6332 6460/6460
f 6331/6331 6460/6460 6459/6459
f 6332/6332 6333/6333 6461/6461
f 6332/6332 6461/6461 6460/6460
f 6333/6333 6334/6334 6462/6462
f 6333/6333 6462/6462 6461/6461
f 6334/6334 6335/6335 6463/6463
f 6334/6334 6463/6463 6462/6462
f 6335/6335 6336/6336 6464/6464
f 6335/6335 6464/6464 6463/6463
f 6336/6336 6337/6337 6465/6465
f 6336/6336 6465/6465 6464/6464
f 6337/6337 6338/6338 6466/6466
f 6337/6337 6466/6466 6465/6465
f 6338/6338 6339/6339 6467/6467
f 6338/6338 6467/6467 6466/6466
f 6339/6339 6340/6340 6468/6468
f 6339/6339 6468/6468 6467/6467
f 6340/6340 6341/6341 6469/6469
f 6340/6340 6469/6469 6468/6468
f 6341/6341 6342/6342 6470/6470
f 6341/6341 6470/6470 6469/6469
f 6342/6342 6343/6343 6471/6471
f 6342/6342 6471/6471 6470/6470
f 6343/6343 6344/6344 6472/6472
f 6343/6343 6472/6472 6471/6471
f 6344/6344 6345/6345 6473/6473
f 6344/6344 6473/6473 6472/6472
f 6345/6345 6346/6346 6474/6474
f 6345/6345 6474/6474 6473/6473
f 6346/6346 6347/6347 6475/6475
f 6346/6346 6475/6475 6474/6474
f 6347/6347 6348/6348 6476/6476
f 6347/6347 6476/6476 6475/6475
f 6348/6348 6349/6349 6477/6477
f 6348/6348 6477/6477 6476/6476
f 6349/6349 6350/6350 6478/6478
f 6349/6349 6478/6478 6477/6477
f 6350/6350 6351/6351 6479/6479
f 6350/6350 6479/6479 6478/6478
f 6351/6351 6352/6352 6480/6480
f 6351/6351 6480/6480 6479/6479
f 6352/6352 6353/6353 6481/6481
f 6352/6352 6481/6481 6480/6480
f 6353/6353 6354/6354 6482/6482
f 6353/6353 6482/6482 6481/6481
f 6354/6354 6355/6355 6483/6483
f 6354/6354 6483/6483 6482/6482
f 6355/6355 6356/6356 6484/6484
f 6355/6355 6484/6484 6483/6483
f 6356/6356 6357/6357 6485/6485
f 6356/6356 6485/6485 6484/6484
f 6357/6357 6358/6358 6486/6486
f 6357/6357 6486/6486 6485/6485
f 6358/6358 6359/6359 6487/6487
f 6358/6358 6487/6487 6486/6486
f 6359/6359 6360/6360 6488/6488
f 6359/6359 6488/6488 6487/6487
f 6360/6360 6361/6361 6489/6489
f 6360/6360 6489/6489 6488/6488
f 6361/6361 6362/6362 6490/6490
f 6361/6361 6490/6490 6489/6489
f 6362/6362 6363/6363 6491/6491
f 6362/6362 6491/6491 6490/6490
f 6363/6363 6364/6364 6492/6492
f 6363/6363 6492/6492 6491/6491
f 6364/6364 6365/6365 6493/6493
f 6364/6364 6493/6493 6492/6492
f 6365/6365 6366/6366 6494/6494
f 6365/6365 6494/6494 6493/6493
f 6366/6366 6367/6367 6495/6495
f 6366/6366 6495/6495 6494/6494
f 6367/6367 6368/6368 6496/6496
f 6367/6367 6496/6496 6495/6495
f 6368/6368 6369/6369 6497/6497
f 6368/6368 6497/6497 6496/6496
f 6369/6369 6370/6370 6498/6498
f 6369/6369 6498/6498 6497/6497
f 6370/6370 6371/6371 6499/6499
f 6370/6370 6499/6499 6498/6498
f 6371/6371 6372/6372 6500/6500
f 6371/6371 6500/6500 6499/6499
f 6372/6372 6373/6373 6501/6501
f 6372/6372 6501/6501 6500/6500
f 6373/6373 6374/6374 6502/6502
f 6373/6373 6502/6502 6501/6501
f 6374/6374 6375/6375 6503/6503
f 6374/6374 6503/6503 6502/6502
f 6375/6375 6376/6376 6504/6504
f 6375/6375 6504/6504 6503/6503
f 6376/6376 6377/6377 6505/6505
f 6376/6376 6505/6505 6504/6504
f 6377/6377 6378/6378 6506/6506
f 6377/6377 6506/6506 6505/6505
f 6378/6378 6379/6379 6507/6507
f 6378/6378 6507/6507 6506/6506
f 6379/6379 6380/6380 6508/6508
f 6379/6379 6508/6508 6507/6507
f 6380/6380 6381/6381 6509/6509
f 6380/6380 6509/6509 6508/6508
f 6381/6381 6382/6382 6510/6510
f 6381/6381 6510/6510 6509/6509
f 6382/6382 6383/6383 6511/6511
f 6382/6382 6511/6511 6510/6510
f 6383/6383 6384/6384 6512/6512
f 6383/6383 6512/6512 6511/6511
f 6384/6384 6385/6385 6513/6513
f 6384/6384 6513/6513 6512/6512
f 6385/6385 6386/6386 6514/6514
f 6385/6385 6514/6514 6513/6513
f 6386/6386 6387/6387 6515/6515
f 6386/6386 6515/6515 6514/6514
f 6387/6387 6388/6388 6516/6516
f 6387/6387 6516/6516 6515/6515
f 6388/6388 6389/6389 6517/6517
f 6388/6388 6517/6517 6516/6516
f 6389/6389 6390/6390 6518/6518
f 6389/6389 6518/6518 6517/6517
f 6390/6390 6391/6391 6519/6519
f 6390/6390 6519/6519 6518/6518
f 6391/6391 6392/6392 6520/6520
f 6391/6391 6520/6520 6519/6519
f 6392/6392 6393/6393 6521/6521
f 6392/6392 6521/6521 6520/6520
f 6393/6393 6394/6394 6522/6522
f 6393/6393 6522/6522 6521/6521
f 6394/6394 6395/6395 6523/6523
f 6394/6394 6523/6523 6522/6522
f 6395/6395 6396/6396 6524/6524
f 6395/6395 6524/6524 6523/6523
f 6396/6396 6397/6397 6525/6525
f 6396/6396 6525/6525 6524/6524
f 6397/6397 6398/6398 6526/6526
f 6397/6397 6526/6526 6525/6525
f 6398/6398 6399/6399 6527/6527
f 6398/6398 6527/6527 6526/6526
f 6399/6399 6400/6400 6528/6528
f 6399/6399 6528/6528 6527/6527
f 6401/6401 6402/6402 6530/6530
f 6401/6401 6530/6530 6529/6529
f 6402/6402 6403/6403 6531/6531
f 6402/6402 6531/6531 6530/6530
f 6403/6403 6404/6404 6532/6532
f 6403/6403 6532/6532 6531/6531
f 6404/6404 6405/6405 6533/6533
f 6404/6404 6533/6533 6532/6532
f 6405/6405 6406/6406 6534/6534
f 6405/6405 6534/6534 6533/6533
f 6406/6406 6407/6407 6535/6535
f 6406/6406 6535/6535 6534/6534
f 6407/6407 6408/6408 6536/6536
f 6407/6407 6536/6536 6535/6535
f 6408/6408 6409/6409 6537/6537
f 6408/6408 6537/6537 6536/6536
f 6409/6409 6410/6410 6538/6538
f 6409/6409 6538/6538 6537/6537
f 6410/6410 6411/6411 6539/6539
f 6410/6410 6539/6539 6538/6538
f 6411/6411 6412/6412 6540/6540
f 6411/6411 6540/6540 6539/6539
f 6412/6412 6413/6413 6541/6541
f 6412/6412 6541/6541 6540/6540
f 6413/6413 6414/6414 6542/6542
f 6413/6413 6542/6542 6541/6541
f 6414/6414 6415/6415 6543/6543
f 6414/6414 6543/6543 6542/6542
f 6415/6415 6416/6416 6544/6544
f 6415/6415 6544/6544 6543/6543
f 6416/6416 6417/6417 6545/6545
f 6416/6416 6545/6545 6544/6544
f 6417/6417 6418/6418 6546/6546
f 6417/6417 6546/6546 6545/6545
f 6418/6418 6419/6419 6547/6547
f 6418/6418 6547/6547 6546/6546
f 6419/6419 6420/6420 6548/6548
f 6419/6419 6548/6548 6547/6547
f 6420/6420 6421/6421 6549/6549
f 6420/6420 6549/6549 6548/6548
f 6421/6421 6422/6422 6550/6550
f 6421/6421 6550/6550 6549/6549
f 6422/6422 6423/6423 6551/6551
f 6422/6422 6551/6551 6550/6550
f 6423/6423 6424/6424 6552/6552
f 6423/6423 6552/6552 6551/6551
f 6424/6424 6425/6425 6553/6553
f 6424/6424 6553/6553 6552/6552
f 6425/6425 6426/6426 6554/6554
f 6425/6425 6554/6554 6553/6553
f 6426/6426 6427/6427 6555/6555
f 6426/6426 6555/6555 6554/6554
f 6427/6427 6428/6428 6556/6556
f 6427/6427 6556/6556 6555/6555
f 6428/6428 6429/6429 6557/6557
f 6428/6428 6557/6557 6556/6556
f 6429/6429 6430/6430 6558/6558
f 6429/6429 6558/6558 6557/6557
f 6430/6430 6431/6431 6559/6559
f 6430/6430 6559/6559 6558/6558
f 6431/6431 6432/6432 6560/6560
f 6431/6431 6560/6560 6559/6559
f 6432/6432 6433/6433 6561/6561
f 6432/6432 6561/6561 6560/6560
f 6433/6433 6434/6434 6562/6562
f 6433/6433 6562/6562 6561/6561
f 6434/6434 6435/6435 6563/6563
f 6434/6434 6563/6563 6562/6562
f 6435/6435 6436/6436 6564/6564
f 6435/6435 6564/6564 6563/6563
f 6436/6436 6437/6437 6565/6565
f 6436/6436 6565/6565 6564/6564
f 6437/6437 6438/6438 6566/6566
f 6437/6437 6566/6566 6565/6565
f 6438/6438 6439/6439 6567/6567
f 6438/6438 6567/6567 6566/6566
f 6439/6439 6440/6440 6568/6568
f 6439/6439 6568/6568 6567/6567
f 6440/6440 6441/6441 6569/6569
f 6440/6440 6569/6569 6568/6568
f 6441/6441 6442/6442 6570/6570
f 6441/6441 6570/6570 6569/6569
f 6442/6442 6443/6443 6571/6571
f 6442/6442 6571/6571 6570/6570
f 6443/6443 6444/6444 6572/6572
f 6443/6443 6572/6572 6571/6571
f 6444/6444 6445/6445 6573/6573
f 6444/6444 6573/6573 6572/6572
f 6445/6445 6446/6446 6574/6574
f 6445/6445 6574/6574 6573/6573
f 6446/6446 6447/6447 6575/6575
f 6446/6446 6575/6575 6574/6574
f 6447/6447 6448/6448 6576/6576
f 6447/6447 6576/6576 6575/6575
f 6448/6448 6449/6449 6577/6577
f 6448/6448 6577/6577 6576/6576
f 6449/6449 6450/6450 6578/6578
f 6449/6449 6578/6578 6577/6577
f 6450/6450 6451/6451 6579/6579
f 6450/6450 6579/6579 6578/6578
f 6451/6451 6452/6452 6580/6580
f 6451/6451 6580/6580 6579/6579
f 6452/6452 6453/6453 6581/6581
f 6452/6452 6581/6581 6580/6580
f 6453/6453 6454/6454 6582/6582
f 6453/6453 6582/6582 6581/6581
f 6454/6454 6455/6455 6583/6583
f 6454/6454 6583/6583 6582/6582
f 6455/6455 6456/6456 6584/6584
f 6455/6455 6584/6584 6583/6583
f 6456/6456 6457/6457 6585/6585
f 6456/6456 6585/6585 6584/6584
f 6457/6457 6458/6458 6586/6586
f 6457/6457 6586/6586 6585/6585
f 6458/6458 6459/6459 6587/6587
f 6458/6458 6587/6587 6586/6586
f 6459/6459 6460/6460 6588/6588
f 6459/6459 6588/6588 6587/6587
f 6460/6460 6461/6461 6589/6589
f 6460/6460 6589/6589 6588/6588
f 6461/6461 6462/6462 6590/6590
f 6461/6461 6590/6590 6589/6589
f 6462/6462 6463/6463 6591/6591
f 6462/6462 6591/6591 6590/6590
f 6463/6463 6464/6464 6592/6592
f 6463/6463 6592/6592 6591/6591
f 6464/6464 6465/6465 6593/6593
f 6464/6464 6593/6593 6592/6592
f 6465/6465 6466/6466 6594/6594
f 6465/6465 6594/6594 6593/6593
f 6466/6466 6467/6467 6595/6595
f 6466/6466 6595/6595 6594/6594
f 6467/6467 6468/6468 6596/6596
f 6467/6467 6596/6596 6595/6595
f 6468/6468 6469/6469 6597/6597
f 6468/6468 6597/6597 6596/6596
f 6469/6469 6470/6470 6598/6598
f 6469/6469 6598/6598 6597/6597
f 6470/6470 6471/6471 6599/6599
f 6470/6470 6599/6599 6598/6598
f 6471/6471 6472/6472 6600/6600
f 6471/6471 6600/6600 6599/6599
f 6472/6472 6473/6473 6601/6601
f 6472/6472 6601/6601 6600/6600
f 6473/6473 6474/6474 6602/6602
f 6473/6473 6602/6602 6601/6601
f 6474/6474 6475/6475 6603/6603
f 6474/6474 6603/6603 6602/6602
f 6475/6475 6476/6476 6604/6604
f 6475/6475 6604/6604 6603/6603
f 6476/6476 6477/6477 6605/6605
f 6476/6476 6605/6605 6604/6604
f 6477/6477 6478/6478 6606/6606
f 6477/6477 6606/6606 6605/6605
f 6478/6478 6479/6479 6607/6607
f 6478/6478 6607/6607 6606/6606
f 6479/6479 6480/6480 6608/6608
f 6479/6479 6608/6608 6607/6607
f 6480/6480 6481/6481 6609/6609
f 6480/6480 6609/6609 6608/6608
f 6481/6481 6482/6482 6610/6610
f 6481/6481 6610/6610 6609/6609
f 6482/6482 6483/6483 6611/6611
f 6482/6482 6611/6611 6610/6610
f 6483/6483 6484/6484 6612/6612
f 6483/6483 6612/6612 6611/6611
f 6484/6484 6485/6485 6613/6613
f 6484/6484 6613/6613 6612/6612
f 6485/6485 6486/6486 6614/6614
f 6485/6485 6614/6614 6613/6613
f 6486/6486 6487/6487 6615/6615
f 6486/6486 6615/6615 6614/6614
f 6487/6487 6488/6488 6616/6616
f 6487/6487 6616/6616 6615/6615
f 6488/6488 6489/6489 6617/6617
f 6488/6488 6617/6617 6616/6616
f 6489/6489 6490/6490 6618/6618
f 6489/6489 6618/6618 6617/6617
f 6490/6490 6491/6491 6619/6619
f 6490/6490 6619/6619 6618/6618
f 6491/6491 6492/6492 6620/6620
f 6491/6491 6620/6620 6619/6619
f 6492/6492 6493/6493 6621/6621
f 6492/6492 6621/6621 6620/6620
f 6493/6493 6494/6494 6622/6622
f 6493/6493 6622/6622 6621/6621
f 6494/6494 6495/6495 6623/6623
f 6494/6494 6623/6623 6622/6622
f 6495/6495 6496/6496 6624/6624
f 6495/6495 6624/6624 6623/6623
f 6496/6496 6497/6497 6625/6625
f 6496/6496 6625/6625 6624/6624
f 6497/6497 6498/6498 6626/6626
f 6497/6497 6626/6626 6625/6625
f 6498/6498 6499/6499 6627/6627
f 6498/6498 6627/6627 6626/6626
f 6499/6499 6500/6500 6628/6628
f 6499/6499 6628/6628 6627/6627
f 6500/6500 6501/6501 6629/6629
f 6500/6500 6629/6629 6628/6628
f 6501/6501 6502/6502 6630/6630
f 6501/6501 6630/6630 6629/6629
f 6502/6502 6503/6503 6631/6631
f 6502/6502 6631/6631 6630/6630
f 6503/6503 6504/6504 6632/6632
f 6503/6503 6632/6632 6631/6631
f 6504/6504 6505/6505 6633/6633
f 6504/6504 6633/6633 6632/6632
f 6505/6505 6506/6506 6634/6634
f 6505/6505 6634/6634 6633/6633
f 6506/6506 6507/6507 6635/6635
f 6506/6506 6635/6635 6634/6634
f 6507/6507 6508/6508 6636/6636
f 6507/6507 6636/6636 6635/6635
f 6508/6508 6509/6509 6637/6637
f 6508/6508 6637/6637 6636/6636
f 6509/6509 6510/6510 6638/6638
f 6509/6509 6638/6638 6637/6637
f 6510/6510 6511/6511 6639/6639
f 6510/6510 6639/6639 6638/6638
f 6511/6511 6512/6512 6640/6640
f 6511/6511 6640/6640 6639/6639
f 6512/6512 6513/6513 6641/6641
f 6512/6512 6641/6641 6640/6640
f 6513/6513 6514/6514 6642/6642
f 6513/6513 6642/6642 6641/6641
f 6514/6514 6515/6515 6643/6643
f 6514/6514 6643/6643 6642/6642
f 6515/6515 6516/6516 6644/6644
f 6515/6515 6644/6644 6643/6643
f 6516/6516 6517/6517 6645/6645
f 6516/6516 6645/6645 6644/6644
f 6517/6517 6518/6518 6646/6646
f 6517/6517 6646/6646 6645/6645
f 6518/6518 6519/6519 6647/6647
f 6518/6518 6647/6647 6646/6646
f 6519/6519 6520/6520 6648/6648
f 6519/6519 6648/6648 6647/6647
f 6520/6520 6521/6521 6649/6649
f 6520/6520 6649/6649 6648/6648
f 6521/6521 6522/6522 6650/6650
f 6521/6521 6650/6650 6649/6649
f 6522/6522 6523/6523 6651/6651
f 6522/6522 6651/6651 6650/6650
f 6523/6523 6524/6524 6652/6652
f 6523/6523 6652/6652 6651/6651
f 6524/6524 6525/6525 6653/6653
f 6524/6524 6653/6653 6652/6652
f 6525/6525 6526/6526 6654/6654
f 6525/6525 6654/6654 6653/6653
f 6526/6526 6527/6527 6655/6655
f 6526/6526 6655/6655 6654/6654
f 6527/6527 6528/6528 6656/6656
f 6527/6527 6656/6656 6655/6655
f 6529/6529 6530/6530 6658/6658
f 6529/6529 6658/6658 6657/6657
f 6530/6530 6531/6531 6659/6659
f 6530/6530 6659/6659 6658/6658
f 6531/6531 6532/6532 6660/6660
f 6531/6531 6660/6660 6659/6659
f 6532/6532 6533/6533 6661/6661
f 6532/6532 6661/6661 6660/6660
f 6533/6533 6534/6534 6662/6662
f 6533/6533 6662/6662 6661/6661
f 6534/6534 6535/6535 6663/6663
f 6534/6534 6663/6663 6662/6662
f 6535/6535 6536/6536 6664/6664
f 6535/6535 6664/6664 6663/6663
f 6536/6536 6537/6537 6665/6665
f 6536/6536 6665/6665 6664/6664
f 6537/6537 6538/6538 6666/6666
f 6537/6537 6666/6666 6665/6665
f 6538/6538 6539/6539 6667/6667
f 6538/6538 6667/6667 6666/6666
f 6539/6539 6540/6540 6668/6668
f 6539/6539 6668/6668 6667/6667
f 6540/6540 6541/6541 6669/6669
f 6540/6540 6669/6669 6668/6668
f 6541/6541 6542/6542 6670/6670
f 6541/6541 6670/6670 6669/6669
f 6542/6542 6543/6543 6671/6671
f 6542/6542 6671/6671 6670/6670
f 6543/6543 6544/6544 6672/6672
f 6543/6543 6672/6672 6671/6671
f 6544/6544 6545/6545 6673/6673
f 6544/6544 6673/6673 6672/6672
f 6545/6545 6546/6546 6674/6674
f 6545/6545 6674/6674 6673/6673
f 6546/6546 6547/6547 6675/6675
f 6546/6546 6675/6675 6674/6674
f 6547/6547 6548/6548 6676/6676
f 6547/6547 6676/6676 6675/6675
f 6548/6548 6549/6549 6677/6677
f 6548/6548 6677/6677 6676/6676
f 6549/6549 6550/6550 6678/6678
f 6549/6549 6678/6678 6677/6677
f 6550/6550 6551/6551 6679/6679
f 6550/6550 6679/6679 6678/6678
f 6551/6551 6552/6552 6680/6680
f 6551/6551 6680/6680 6679/6679
f 6552/6552 6553/6553 6681/6681
f 6552/6552 6681/6681 6680/6680
f 6553/6553 6554/6554 6682/6682
f 6553/6553 6682/6682 6681/6681
f 6554/6554 6555/6555 6683/6683
f 6554/6554 6683/6683 6682/6682
f 6555/6555 6556/6556 6684/6684
f 6555/6555 6684/6684 6683/6683
f 6556/6556 6557/6557 6685/6685
f 6556/6556 6685/6685 6684/6684
f 6557/6557 6558/6558 6686/6686
f 6557/6557 6686/6686 6685/6685
f 6558/6558 6559/6559 6687/6687
f 6558/6558 6687/6687 6686/6686
f 6559/6559 6560/6560 6688/6688
f 6559/6559 6688/6688 6687/6687
f 6560/6560 6561/6561 6689/6689
f 6560/6560 6689/6689 6688/6688
f 6561/6561 6562/6562 6690/6690
f 6561/6561 6690/6690 6689/6689
f 6562/6562 6563/6563 6691/6691
f 6562/6562 6691/6691 6690/6690
f 6563/6563 6564/6564 6692/6692
f 6563/6563 6692/6692 6691/6691
f 6564/6564 6565/6565 6693/6693
f 6564/6564 6693/6693 6692/6692
f 6565/6565 6566/6566 6694/6694
f 6565/6565 6694/6694 6693/6693
f 6566/6566 6567/6567 6695/6695
f 6566/6566 6695/6695 6694/6694
f 6567/6567 6568/6568 6696/6696
f 6567/6567 6696/6696 6695/6695
f 6568/6568 6569/6569 6697/6697
f 6568/6568 6697/6697 6696/6696
f 6569/6569 6570/6570 6698/6698
f 6569/6569 6698/6698 6697/6697
f 6570/6570 6571/6571 6699/6699
f 6570/6570 6699/6699 6698/6698
f 6571/6571 6572/6572 6700/6700
f 6571/6571 6700/6700 6699/6699
f 6572/6572 6573/6573 6701/6701
f 6572/6572 6701/6701 6700/6700
f 6573/6573 6574/6574 6702/6702
f 6573/6573 6702/6702 6701/6701
f 6574/6574 6575/6575 6703/6703
f 6574/6574 6703/6703 6702/6702
f 6575/6575 6576/6576 6704/6704
f 6575/6575 6704/6704 6703/6703
f 6576/6576 6577/6577 6705/6705
f 6576/6576 6705/6705 6704/6704
f 6577/6577 6578/6578 6706/6706
f 6577/6577 6706/6706 6705/6705
f 6578/6578 6579/6579 6707/6707
f 6578/6578 6707/6707 6706/6706
f 6579/6579 6580/6580 6708/6708
f 6579/6579 6708/6708 6707/6707
f 6580/6580 6581/6581 6709/6709
f 6580/6580 6709/6709 6708/6708
f 6581/6581 6582/6582 6710/6710
f 6581/6581 6710/6710 6709/6709
f 6582/6582 6583/6583 6711/6711
f 6582/6582 6711/6711 6710/6710
f 6583/6583 6584/6584 6712/6712
f 6583/6583 6712/6712 6711/6711
f 6584/6584 6585/6585 6713/6713
f 6584/6584 6713/6713 6712/6712
f 6585/6585 6586/6586 6714/6714
f 6585/6585 6714/6714 6713/6713
f 6586/6586 6587/6587 6715/6715
f 6586/6586 6715/6715 6714/6714
f 6587/6587 6588/6588 6716/6716
f 6587/6587 6716/6716 6715/6715
f 6588/6588 6589/6589 6717/6717
f 6588/6588 6717/6717 6716/6716
f 6589/6589 6590/6590 6718/6718
f 6589/6589 6718/6718 6717/6717
f 6590/6590 6591/6591 6719/6719
f 6590/6590 6719/6719 6718/6718
f 6591/6591 6592/6592 6720/6720
f 6591/6591 6720/6720 6719/6719
f 6592/6592 6593/6593 6721/6721
f 6592/6592 6721/6721 6720/6720
f 6593/6593 6594/6594 6722/6722
f 6593/6593 6722/6722 6721/6721
f 6594/6594 6595/6595 6723/6723
f 6594/6594 6723/6723 6722/6722
f 6595/6595 6596/6596 6724/6724
f 6595/6595 6724/6724 6723/6723
f 6596/6596 6597/6597 6725/6725
f 6596/6596 6725/6725 6724/6724
f 6597/6597 6598/6598 6726/6726
f 6597/6597 6726/6726 6725/6725
f 6598/6598 6599/6599 6727/6727
f 6598/6598 6727/6727 6726/6726
f 6599/6599 6600/6600 6728/6728
f 6599/6599 6728/6728 6727/6727
f 6600/6600 6601/6601 6729/6729
f 6600/6600 6729/6729 6728/6728
f 6601/6601 6602/6602 6730/6730
f 6601/6601 6730/6730 6729/6729
f 6602/6602 6603/6603 6731/6731
f 6602/6602 6731/6731 6730/6730
f 6603/6603 6604/6604 6732/6732
f 6603/6603 6732/6732 6731/6731
f 6604/6604 6605/6605 6733/6733
f 6604/6604 6733/6733 6732/6732
f 6605/6605 6606/6606 6734/6734
f 6605/6605 6734/6734 6733/6733
f 6606/6606 6607/6607 6735/6735
f 6606/6606 6735/6735 6734/6734
f 6607/6607 6608/6608 6736/6736
f 6607/6607 6736/6736 6735/6735
f 6608/6608 6609/6609 6737/6737
f 6608/6608 6737/6737 6736/6736
f 6609/6609 6610/6610 6738/6738
f 6609/6609 6738/6738 6737/6737
f 6610/6610 6611/6611 6739/6739
f 6610/6610 6739/6739 6738/6738
f 6611/6611 6612/6612 6740/6740
f 6611/6611 6740/6740 6739/6739
f 6612/6612 6613/6613 6741/6741
f 6612/6612 6741/6741 6740/6740
f 6613/6613 6614/6614 6742/6742
f 6613/6613 6742/6742 6741/6741
f 6614/6614 6615/6615 6743/6743
f 6614/6614 6743/6743 6742/6742
f 6615/6615 6616/6616 6744/6744
f 6615/6615 6744/6744 6743/6743
f 6616/6616 6617/6617 6745/6745
f 6616/6616 6745/6745 6744/6744
f 6617/6617 6618/6618 6746/6746
f 6617/6617 6746/6746 6745/6745
f 6618/6618 6619/6619 6747/6747
f 6618/6618 6747/6747 6746/6746
f 6619/6619 6620/6620 6748/6748
f 6619/6619 6748/6748 6747/6747
f 6620/6620 6621/6621 6749/6749
f 6620/6620 6749/6749 6748/6748
f 6621/6621 6622/6622 6750/6750
f 6621/6621 6750/6750 6749/6749
f 6622/6622 6623/6623 6751/6751
f 6622/6622 6751/6751 6750/6750
f 6623/6623 6624/6624 6752/6752
f 6623/6623 6752/6752 6751/6751
f 6624/6624 6625/6625 6753/6753
f 6624/6624 6753/6753 6752/6752
f 6625/6625 6626/6626 6754/6754
f 6625/6625 6754/6754 6753/6753
f 6626/6626 6627/6627 6755/6755
f 6626/6626 6755/6755 6754/6754
f 6627/6627 6628/6628 6756/6756
f 6627/6627 6756/6756 6755/6755
f 6628/6628 6629/6629 6757/6757
f 6628/6628 6757/6757 6756/6756
f 6629/6629 6630/6630 6758/6758
f 6629/6629 6758/6758 6757/6757
f 6630/6630 6631/6631 6759/6759
f 6630/6630 6759/6759 6758/6758
f 6631/6631 6632/6632 6760/6760
f 6631/6631 6760/6760 6759/6759
f 6632/6632 6633/6633 6761/6761
f 6632/6632 6761/6761 6760/6760
f 6633/6633 6634/6634 6762/6762
f 6633/6633 6762/6762 6761/6761
f 6634/6634 6635/6635 6763/6763
f 6634/6634 6763/6763 6762/6762
f 6635/6635 6636/6636 6764/6764
f 6635/6635 6764/6764 6763/6763
f 6636/6636 6637/6637 6765/6765
f 6636/6636 6765/6765 6764/6764
f 6637/6637 6638/6638 6766/6766
f 6637/6637 6766/6766 6765/6765
f 6638/6638 6639/6639 6767/6767
f 6638/6638 6767/6767 6766/6766
f 6639/6639 6640/6640 6768/6768
f 6639/6639 6768/6768 6767/6767
f 6640/6640 6641/6641 6769/6769
f 6640/6640 6769/6769 6768/6768
f 6641/6641 6642/6642 6770/6770
f 6641/6641 6770/6770 6769/6769
f 6642/6642 6643/6643 6771/6771
f 6642/6642 6771/6771 6770/6770
f 6643/6643 6644/6644 6772/6772
f 6643/6643 6772/6772 6771/6771
f 6644/6644 6645/6645 6773/6773
f 6644/6644 6773/6773 6772/6772
f 6645/6645 6646/6646 6774/6774
f 6645/6645 6774/6774 6773/6773
f 6646/6646 6647/6647 6775/6775
f 6646/6646 6775/6775 6774/6774
f 6647/6647 6648/6648 6776/6776
f 6647/6647 6776/6776 6775/6775
f 6648/6648 6649/6649 6777/6777
f 6648/6648 6777/6777 6776/6776
f 6649/6649 6650/6650 6778/6778
f 6649/6649 6778/6778 6777/6777
f 6650/6650 6651/6651 6779/6779
f 6650/6650 6779/6779 6778/6778
f 6651/6651 6652/6652 6780/6780
f 6651/6651 6780/6780 6779/6779
f 6652/6652 6653/6653 6781/6781
f 6652/6652 6781/6781 6780/6780
f 6653/6653 6654/6654 6782/6782
f 6653/6653 6782/6782 6781/6781
f 6654/6654 6655/6655 6783/6783
f 6654/6654 6783/6783 6782/6782
f 6655/6655 6656/6656 6784/6784
f 6655/6655 6784/6784 6783/6783
f 6657/6657 6658/6658 6786/6786
f 6657/6657 6786/6786 6785/6785
f 6658/6658 6659/6659 6787/6787
f 6658/6658 6787/6787 6786/6786
f 6659/6659 6660/6660 6788/6788
f 6659/6659 6788/6788 6787/6787
f 6660/6660 6661/6661 6789/6789
f 6660/6660 6789/6789 6788/6788
f 6661/6661 6662/6662 6790/6790
f 6661/6661 6790/6790 6789/6789
f 6662/6662 6663/6663 6791/6791
f 6662/6662 6791/6791 6790/6790
f 6663/6663 6664/6664 6792/6792
f 6663/6663 6792/6792 6791/6791
f 6664/6664 6665/6665 6793/6793
f 6664/6664 6793/6793 6792/6792
f 6665/6665 6666/6666 6794/6794
f 6665/6665 6794/6794 6793/6793
f 6666/6666 6667/6667 6795/6795
f 6666/6666 6795/6795 6794/6794
f 6667/6667 6668/6668 6796/6796
f 6667/6667 6796/6796 6795/6795
f 6668/6668 6669/6669 6797/6797
f 6668/6668 6797/6797 6796/6796
f 6669/6669 6670/6670 6798/6798
f 6669/6669 6798/6798 6797/6797
f 6670/6670 6671/6671 6799/6799
f 6670/6670 6799/6799 6798/6798
f 6671/6671 6672/6672 6800/6800
f 6671/6671 6800/6800 6799/6799
f 6672/6672 6673/6673 6801/6801
f 6672/6672 6801/6801 6800/6800
f 6673/6673 6674/6674 6802/6802
f 6673/6673 6802/6802 6801/6801
f 6674/6674 6675/6675 6803/6803
f 6674/6674 6803/6803 6802/6802
f 6675/6675 6676/6676 6804/6804
f 6675/6675 6804/6804 6803/6803
f 6676/6676 6677/6677 6805/6805
f 6676/6676 6805/6805 6804/6804
f 6677/6677 6678/6678 6806/6806
f 6677/6677 6806/6806 6805/6805
f 6678/6678 6679/6679 6807/6807
f 6678/6678 6807/6807 6806/6806
f 6679/6679 6680/6680 6808/6808
f 6679/6679 6808/6808 6807/6807
f 6680/6680 6681/6681 6809/6809
f 6680/6680 6809/6809 6808/6808
f 6681/6681 6682/6682 6810/6810
f 6681/6681 6810/6810 6809/6809
f 6682/6682 6683/6683 6811/6811
f 6682/6682 6811/6811 6810/6810
f 6683/6683 6684/6684 6812/6812
f 6683/6683 6812/6812 6811/6811
f 6684/6684 6685/6685 6813/6813
f 6684/6684 6813/6813 6812/6812
f 6685/6685 6686/6686 6814/6814
f 6685/6685 6814/6814 6813/6813
f 6686/6686 6687/6687 6815/6815
f 6686/6686 6815/6815 6814/6814
f 6687/6687 6688/6688 6816/6816
f 6687/6687 6816/6816 6815/6815
f 6688/6688 6689/6689 6817/6817
f 6688/6688 6817/6817 6816/6816
f 6689/6689 6690/6690 6818/6818
f 6689/6689 6818/6818 6817/6817
f 6690/6690 6691/6691 6819/6819
f 6690/6690 6819/6819 6818/6818
f 6691/6691 6692/6692 6820/6820
f 6691/6691 6820/6820 6819/6819
f 6692/6692 6693/6693 6821/6821
f 6692/6692 6821/6821 6820/6820
f 6693/6693 6694/6694 6822/6822
f 6693/6693 6822/6822 6821/6821
f 6694/6694 6695/6695 6823/6823
f 6694/6694 6823/6823 6822/6822
f 6695/6695 6696/6696 6824/6824
f 6695/6695 6824/6824 6823/6823
f 6696/6696 6697/6697 6825/6825
f 6696/6696 6825/6825 6824/6824
f 6697/6697 6698/6698 6826/6826
f 6697/6697 6826/6826 6825/6825
f 6698/6698 6699/6699 6827/6827
f 6698/6698 6827/6827 6826/6826
f 6699/6699 6700/6700 6828/6828
f 6699/6699 6828/6828 6827/6827
f 6700/6700 6701/6701 6829/6829
f 6700/6700 6829/6829 6828/6828
f 6701/6701 6702/6702 6830/6830
f 6701/6701 6830/6830 6829/6829
f 6702/6702 6703/6703 6831/6831
f 6702/6702 6831/6831 6830/6830
f 6703/6703 6704/6704 6832/6832
f 6703/6703 6832/6832 6831/6831
f 6704/6704 6705/6705 6833/6833
f 6704/6704 6833/6833 6832/6832
f 6705/6705 6706/6706 6834/6834
f 6705/6705 6834/6834 6833/6833
f 6706/6706 6707/6707 6835/6835
f 6706/6706 6835/6835 6834/6834
f 6707/6707 6708/6708 6836/6836
f 6707/6707 6836/6836 6835/6835
f 6708/6708 6709/6709 6837/6837
f 6708/6708 6837/6837 6836/6836
f 6709/6709 6710/6710 6838/6838
f 6709/6709 6838/6838 6837/6837
f 6710/6710 6711/6711 6839/6839
f 6710/6710 6839/6839 6838/6838
f 6711/6711 6712/6712 6840/6840
f 6711/6711 6840/6840 6839/6839
f 6712/6712 6713/6713 6841/6841
f 6712/6712 6841/6841 6840/6840
f 6713/6713 6714/6714 6842/6842
f 6713/6713 6842/6842 6841/6841
f 6714/6714 6715/6715 6843/6843
f 6714/6714 6843/6843 6842/6842
f 6715/6715 6716/6716 6844/6844
f 6715/6715 6844/6844 6843/6843
f 6716/6716 6717/6717 6845/6845
f 6716/6716 6845/6845 6844/6844
f 6717/6717 6718/6718 6846/6846
f 6717/6717 6846/6846 6845/6845
f 6718/6718 6719/6719 6847/6847
f 6718/6718 6847/6847 6846/6846
f 6719/6719 6720/6720 6848/6848
f 6719/6719 6848/6848 6847/6847
f 6720/6720 6721/6721 6849/6849
f 6720/6720 6849/6849 6848/6848
f 6721/6721 6722/6722 6850/6850
f 6721/6721 6850/6850 6849/6849
f 6722/6722 6723/6723 6851/6851
f 6722/6722 6851/6851 6850/6850
f 6723/6723 6724/6724 6852/6852
f 6723/6723 6852/6852 6851/6851
f 6724/6724 6725/6725 6853/6853
f 6724/6724 6853/6853 6852/6852
f 6725/6725 6726/6726 6854/6854
f 6725/6725 6854/6854 6853/6853
f 6726/6726 6727/6727 6855/6855
f 6726/6726 6855/6855 6854/6854
f 6727/6727 6728/6728 6856/6856
f 6727/6727 6856/6856 6855/6855
f 6728/6728 6729/6729 6857/6857
f 6728/6728 6857/6857 6856/6856
f 6729/6729 6730/6730 6858/6858
f 6729/6729 6858/6858 6857/6857
f 6730/6730 6731/6731 6859/6859
f 6730/6730 6859/6859 6858/6858
f 6731/6731 6732/6732 6860/6860
f 6731/6731 6860/6860 6859/6859
f 6732/6732 6733/6733 6861/6861
f 6732/6732 6861/6861 6860/6860
f 6733/6733 6734/6734 6862/6862
f 6733/6733 6862/6862 6861/6861
f 6734/6734 6735/6735 6863/6863
f 6734/6734 6863/6863 6862/6862
f 6735/6735 6736/6736 6864/6864
f 6735/6735 6864/6864 6863/6863
f 6736/6736 6737/6737 6865/6865
f 6736/6736 6865/6865 6864/6864
f 6737/6737 6738/6738 6866/6866
f 6737/6737 6866/6866 6865/6865
f 6738/6738 6739/6739 6867/6867
f 6738/6738 6867/6867 6866/6866
f 6739/6739 6740/6740 6868/6868
f 6739/6739 6868/6868 6867/6867
f 6740/6740 6741/6741 6869/6869
f 6740/6740 6869/6869 6868/6868
f 6741/6741 6742/6742 6870/6870
f 6741/6741 6870/6870 6869/6869
f 6742/6742 6743/6743 6871/6871
f 6742/6742 6871/6871 6870/6870
f 6743/6743 6744/6744 6872/6872
f 6743/6743 6872/6872 6871/6871
f 6744/6744 6745/6745 6873/6873
f 6744/6744 6873/6873 6872/6872
f 6745/6745 6746/6746 6874/6874
f 6745/6745 6874/6874 6873/6873
f 6746/6746 6747/6747 6875/6875
f 6746/6746 6875/6875 6874/6874
f 6747/6747 6748/6748 6876/6876
f 6747/6747 6876/6876 6875/6875
f 6748/6748 6749/6749 6877/6877
f 6748/6748 6877/6877 6876/6876
f 6749/6749 6750/6750 6878/6878
f 6749/6749 6878/6878 6877/6877
f 6750/6750 6751/6751 6879/6879
f 6750/6750 6879/6879 6878/6878
f 6751/6751 6752/6752 6880/6880
f 6751/6751 6880/6880 6879/6879
f 6752/6752 6753/6753 6881/6881
f 6752/6752 6881/6881 6880/6880
f 6753/6753 6754/6754 6882/6882
f 6753/6753 6882/6882 6881/6881
f 6754/6754 6755/6755 6883/6883
f 6754/6754 6883/6883 6882/6882
f 6755/6755 6756/6756 6884/6884
f 6755/6755 6884/6884 6883/6883
f 6756/6756 6757/6757 6885/6885
f 6756/6756 6885/6885 6884/6884
f 6757/6757 6758/6758 6886/6886
f 6757/6757 6886/6886 6885/6885
f 6758/6758 6759/6759 6887/6887
f 6758/6758 6887/6887 6886/6886
f 6759/6759 6760/6760 6888/6888
f 6759/6759 6888/6888 6887/6887
f 6760/6760 6761/6761 6889/6889
f 6760/6760 6889/6889 6888/6888
f 6761/6761 6762/6762 6890/6890
f 6761/6761 6890/6890 6889/6889
f 6762/6762 6763/6763 6891/6891
f 6762/6762 6891/6891 6890/6890
f 6763/6763 6764/6764 6892/6892
f 6763/6763 6892/6892 6891/6891
f 6764/6764 6765/6765 6893/6893
f 6764/6764 6893/6893 6892/6892
f 6765/6765 6766/6766 6894/6894
f 6765/6765 6894/6894 6893/6893
f 6766/6766 6767/6767 6895/6895
f 6766/6766 6895/6895 6894/6894
f 6767/6767 6768/6768 6896/6896
f 6767/6767 6896/6896 6895/6895
f 6768/6768 6769/6769 6897/6897
f 6768/6768 6897/6897 6896/6896
f 6769/6769 6770/6770 6898/6898
f 6769/6769 6898/6898 6897/6897
f 6770/6770 6771/6771 6899/6899
f 6770/6770 6899/6899 6898/6898
f 6771/6771 6772/6772 6900/6900
f 6771/6771 6900/6900 6899/6899
f 6772/6772 6773/6773 6901/6901
f 6772/6772 6901/6901 6900/6900
f 6773/6773 6774/6774 6902/6902
f 6773/6773 6902/6902 6901/6901
f 6774/6774 6775/6775 6903/6903
f 6774/6774 6903/6903 6902/6902
f 6775/6775 6776/6776 6904/6904
f 6775/6775 6904/6904 6903/6903
f 6776/6776 6777/6777 6905/6905
f 6776/6776 6905/6905 6904/6904
f 6777/6777 6778/6778 6906/6906
f 6777/6777 6906/6906 6905/6905
f 6778/6778 6779/6779 6907/6907
f 6778/6778 6907/6907 6906/6906
f 6779/6779 6780/6780 6908/6908
f 6779/6779 6908/6908 6907/6907
f 6780/6780 6781/6781 6909/6909
f 6780/6780 6909/6909 6908/6908
f 6781/6781 6782/6782 6910/6910
f 6781/6781 6910/6910 6909/6909
f 6782/6782 6783/6783 6911/6911
f 6782/6782 6911/6911 6910/6910
f 6783/6783 6784/6784 6912/6912
f 6783/6783 6912/6912 6911/6911
f 6785/6785 6786/6786 6914/6914
f 6785/6785 6914/6914 6913/6913
f 6786/6786 6787/6787 6915/6915
f 6786/6786 6915/6915 6914/6914
f 6787/6787 6788/6788 6916/6916
f 6787/6787 6916/6916 6915/6915
f 6788/6788 6789/6789 6917/6917
f 6788/6788 6917/6917 6916/6916
f 6789/6789 6790/6790 6918/6918
f 6789/6789 6918/6918 6917/6917
f 6790/6790 6791/6791 6919/6919
f 6790/6790 6919/6919 6918/6918
f 6791/6791 6792/6792 6920/6920
f 6791/6791 6920/6920 6919/6919
f 6792/6792 6793/6793 6921/6921
f 6792/6792 6921/6921 6920/6920
f 6793/6793 6794/6794 6922/6922
f 6793/6793 6922/6922 6921/6921
f 6794/6794 6795/6795 6923/6923
f 6794/6794 6923/6923 6922/6922
f 6795/6795 6796/6796 6924/6924
f 6795/6795 6924/6924 6923/6923
f 6796/6796 6797/6797 6925/6925
f 6796/6796 6925/6925 6924/6924
f 6797/6797 6798/6798 6926/6926
f 6797/6797 6926/6926 6925/6925
f 6798/6798 6799/6799 6927/6927
f 6798/6798 6927/6927 6926/6926
f 6799/6799 6800/6800 6928/6928
f 6799/6799 6928/6928 6927/6927
f 6800/6800 6801/6801 6929/6929
f 6800/6800 6929/6929 6928/6928
f 6801/6801 6802/6802 6930/6930
f 6801/6801 6930/6930 6929/6929
f 6802/6802 6803/6803 6931/6931
f 6802/6802 6931/6931 6930/6930
f 6803/6803 6804/6804 6932/6932
f 6803/6803 6932/6932 6931/6931
f 6804/6804 6805/6805 6933/6933
f 6804/6804 6933/6933 6932/6932
f 6805/6805 6806/6806 6934/6934
f 6805/6805 6934/6934 6933/6933
f 6806/6806 6807/6807 6935/6935
f 6806/6806 6935/6935 6934/6934
f 6807/6807 6808/6808 6936/6936
f 6807/6807 6936/6936 6935/6935
f 6808/6808 6809/6809 6937/6937
f 6808/6808 6937/6937 6936/6936
f 6809/6809 6810/6810 6938/6938
f 6809/6809 6938/6938 6937/6937
f 6810/6810 6811/6811 6939/6939
f 6810/6810 6939/6939 6938/6938
f 6811/6811 6812/6812 6940/6940
f 6811/6811 6940/6940 6939/6939
f 6812/6812 6813/6813 6941/6941
f 6812/6812 6941/6941 6940/6940
f 6813/6813 6814/6814 6942/6942
f 6813/6813 6942/6942 6941/6941
f 6814/6814 6815/6815 6943/6943
f 6814/6814 6943/6943 6942/6942
f 6815/6815 6816/6816 6944/6944
f 6815/6815 6944/6944 6943/6943
f 6816/6816 6817/6817 6945/6945
f 6816/6816 6945/6945 6944/6944
f 6817/6817 6818/6818 6946/6946
f 6817/6817 6946/6946 6945/6945
f 6818/6818 6819/6819 6947/6947
f 6818/6818 6947/6947 6946/6946
f 6819/6819 6820/6820 6948/6948
f 6819/6819 6948/6948 6947/6947
f 6820/6820 6821/6821 6949/6949
f 6820/6820 6949/6949 6948/6948
f 6821/6821 6822/6822 6950/6950
f 6821/6821 6950/6950 6949/6949
f 6822/6822 6823/6823 6951/6951
f 6822/6822 6951/6951 6950/6950
f 6823/6823 6824/6824 6952/6952
f 6823/6823 6952/6952 6951/6951
f 6824/6824 6825/6825 6953/6953
f 6824/6824 6953/6953 6952/6952
f 6825/6825 6826/6826 6954/6954
f 6825/6825 6954/6954 6953/6953
f 6826/6826 6827/6827 6955/6955
f 6826/6826 6955/6955 6954/6954
f 6827/6827 6828/6828 6956/6956
f 6827/6827 6956/6956 6955/6955
f 6828/6828 6829/6829 6957/6957
f 6828/6828 6957/6957 6956/6956
f 6829/6829 6830/6830 6958/6958
f 6829/6829 6958/6958 6957/6957
f 6830/6830 6831/6831 6959/6959
f 6830/6830 6959/6959 6958/6958
f 6831/6831 6832/6832 6960/6960
f 6831/6831 6960/6960 6959/6959
f 6832/6832 6833/6833 6961/6961
f 6832/6832 6961/6961 6960/6960
f 6833/6833 6834/6834 6962/6962
f 6833/6833 6962/6962 6961/6961
f 6834/6834 6835/6835 6963/6963
f 6834/6834 6963/6963 6962/6962
f 6835/6835 6836/6836 6964/6964
f 6835/6835 6964/6964 6963/6963
f 6836/6836 6837/6837 6965/6965
f 6836/6836 6965/6965 6964/6964
f 6837/6837 6838/6838 6966/6966
f 6837/6837 6966/6966 6965/6965
f 6838/6838 6839/6839 6967/6967
f 6838/6838 6967/6967 6966/6966
f 6839/6839 6840/6840 6968/6968
f 6839/6839 6968/6968 6967/6967
f 6840/6840 6841/6841 6969/6969
f 6840/6840 6969/6969 6968/6968
f 6841/6841 6842/6842 6970/6970
f 6841/6841 6970/6970 6969/6969
f 6842/6842 6843/6843 6971/6971
f 6842/6842 6971/6971 6970/6970
f 6843/6843 6844/6844 6972/6972
f 6843/6843 6972/6972 6971/6971
f 6844/6844 6845/6845 6973/6973
f 6844/6844 6973/6973 6972/6972
f 6845/6845 6846/6846 6974/6974
f 6845/6845 6974/6974 6973/6973
f 6846/6846 6847/6847 6975/6975
f 6846/6846 6975/6975 6974/6974
f 6847/6847 6848/6848 6976/6976
f 6847/6847 6976/6976 6975/6975
f 6848/6848 6849/6849 6977/6977
f 6848/6848 6977/6977 6976/6976
f 6849/6849 6850/6850 6978/6978
f 6849/6849 6978/6978 6977/6977
f 6850/6850 6851/6851 6979/6979
f 6850/6850 6979/6979 6978/6978
f 6851/6851 6852/6852 6980/6980
f 6851/6851 6980/6980 6979/6979
f 6852/6852 6853/6853 6981/6981
f 6852/6852 6981/6981 6980/6980
f 6853/6853 6854/6854 6982/6982
f 6853/6853 6982/6982 6981/6981
f 6854/6854 6855/6855 6983/6983
f 6854/6854 6983/6983 6982/6982
f 6855/6855 6856/6856 6984/6984
f 6855/6855 6984/6984 6983/6983
f 6856/6856 6857/6857 6985/6985
f 6856/6856 6985/6985 6984/6984
f 6857/6857 6858/6858 6986/6986
f 6857/6857 6986/6986 6985/6985
f 6858/6858 6859/6859 6987/6987
f 6858/6858 6987/6987 6986/6986
f 6859/6859 6860/6860 6988/6988
f 6859/6859 6988/6988 6987/6987
f 6860/6860 6861/6861 6989/6989
f 6860/6860 6989/6989 6988/6988
f 6861/6861 6862/6862 6990/6990
f 6861/6861 6990/6990 6989/6989
f 6862/6862 6863/6863 6991/6991
f 6862/6862 6991/6991 6990/6990
f 6863/6863 6864/6864 6992/6992
f 6863/6863 6992/6992 6991/6991
f 6864/6864 6865/6865 6993/6993
f 6864/6864 6993/6993 6992/6992
f 6865/6865 6866/6866 6994/6994
f 6865/6865 6994/6994 6993/6993
f 6866/6866 6867/6867 6995/6995
f 6866/6866 6995/6995 6994/6994
f 6867/6867 6868/6868 6996/6996
f 6867/6867 6996/6996 6995/6995
f 6868/6868 6869/6869 6997/6997
f 6868/6868 6997/6997 6996/6996
f 6869/6869 6870/6870 6998/6998
f 6869/6869 6998/6998 6997/6997
f 6870/6870 6871/6871 6999/6999
f 6870/6870 6999/6999 6998/6998
f 6871/6871 6872/6872 7000/7000
f 6871/6871 7000/7000 6999/6999
f 6872/6872 6873/6873 7001/7001
f 6872/6872 7001/7001 7000/7000
f 6873/6873 6874/6874 7002/7002
f 6873/6873 7002/7002 7001/7001
f 6874/6874 6875/6875 7003/7003
f 6874/6874 7003/7003 7002/7002
f 6875/6875 6876/6876 7004/7004
f 6875/6875 7004/7004 7003/7003
f 6876/6876 6877/6877 7005/7005
f 6876/6876 7005/7005 7004/7004
f 6877/6877 6878/6878 7006/7006
f 6877/6877 7006/7006 7005/7005
f 6878/6878 6879/6879 7007/7007
f 6878/6878 7007/7007 7006/7006
f 6879/6879 6880/6880 7008/7008
f 6879/6879 7008/7008 7007/7007
f 6880/6880 6881/6881 7009/7009
f 6880/6880 7009/7009 7008/7008
f 6881/6881 6882/6882 7010/7010
f 6881/6881 7010/7010 7009/7009
f 6882/6882 6883/6883 7011/7011
f 6882/6882 7011/7011 7010/7010
f 6883/6883 6884/6884 7012/7012
f 6883/6883 7012/7012 7011/7011
f 6884/6884 6885/6885 7013/7013
f 6884/6884 7013/7013 7012/7012
f 6885/6885 6886/6886 7014/7014
f 6885/6885 7014/7014 7013/7013
f 6886/6886 6887/6887 7015/7015
f 6886/6886 7015/7015 7014/7014
f 6887/6887 6888/6888 7016/7016
f 6887/6887 7016/7016 7015/7015
f 6888/6888 6889/6889 7017/7017
f 6888/6888 7017/7017 7016/7016
f 6889/6889 6890/6890 7018/7018
f 6889/6889 7018/7018 7017/7017
f 6890/6890 6891/6891 7019/7019
f 6890/6890 7019/7019 7018/7018
f 6891/6891 6892/6892 7020/7020
f 6891/6891 7020/7020 7019/7019
f 6892/6892 6893/6893 7021/7021
f 6892/6892 7021/7021 7020/7020
f 6893/6893 6894/6894 7022/7022
f 6893/6893 7022/7022 7021/7021
f 6894/6894 6895/6895 7023/7023
f 6894/6894 7023/7023 7022/7022
f 6895/6895 6896/6896 7024/7024
f 6895/6895 7024/7024 7023/7023
f 6896/6896 6897/6897 7025/7025
f 6896/6896 7025/7025 7024/7024
f 6897/6897 6898/6898 7026/7026
f 6897/6897 7026/7026 7025/7025
f 6898/6898 6899/6899 7027/7027
f 6898/6898 7027/7027 7026/7026
f 6899/6899 6900/6900 7028/7028
f 6899/6899 7028/7028 7027/7027
f 6900/6900 6901/6901 7029/7029
f 6900/6900 7029/7029 7028/7028
f 6901/6901 6902/6902 7030/7030
f 6901/6901 7030/7030 7029/7029
f 6902/6902 6903/6903 7031/7031
f 6902/6902 7031/7031 7030/7030
f 6903/6903 6904/6904 7032/7032
f 6903/6903 7032/7032 7031/7031
f 6904/6904 6905/6905 7033/7033
f 6904/6904 7033/7033 7032/7032
f 6905/6905 6906/6906 7034/7034
f 6905/6905 7034/7034 7033/7033
f 6906/6906 6907/6907 7035/7035
f 6906/6906 7035/7035 7034/7034
f 6907/6907 6908/6908 7036/7036
f 6907/6907 7036/7036 7035/7035
f 6908/6908 6909/6909 7037/7037
f 6908/6908 7037/7037 7036/7036
f 6909/6909 6910/6910 7038/7038
f 6909/6909 7038/7038 7037/7037
f 6910/6910 6911/6911 7039/7039
f 6910/6910 7039/7039 7038/7038
f 6911/6911 6912/6912 7040/7040
f 6911/6911 7040/7040 7039/7039
f 6913/6913 6914/6914 7042/7042
f 6913/6913 7042/7042 7041/7041
f 6914/6914 6915/6915 7043/7043
f 6914/6914 7043/7043 7042/7042
f 6915/6915 6916/6916 7044/7044
f 6915/6915 7044/7044 7043/7043
f 6916/6916 6917/6917 7045/7045
f 6916/6916 7045/7045 7044/7044
f 6917/6917 6918/6918 7046/7046
f 6917/6917 7046/7046 7045/7045
f 6918/6918 6919/6919 7047/7047
f 6918/6918 7047/7047 7046/7046
f 6919/6919 6920/6920 7048/7048
f 6919/6919 7048/7048 7047/7047
f 6920/6920 6921/6921 7049/7049
f 6920/6920 7049/7049 7048/7048
f 6921/6921 6922/6922 7050/7050
f 6921/6921 7050/7050 7049/7049
f 6922/6922 6923/6923 7051/7051
f 6922/6922 7051/7051 7050/7050
f 6923/6923 6924/6924 7052/7052
f 6923/6923 7052/7052 7051/7051
f 6924/6924 6925/6925 7053/7053
f 6924/6924 7053/7053 7052/7052
f 6925/6925 6926/6926 7054/7054
f 6925/6925 7054/7054 7053/7053
f 6926/6926 6927/6927 7055/7055
f 6926/6926 7055/7055 7054/7054
f 6927/6927 6928/6928 7056/7056
f 6927/6927 7056/7056 7055/7055
f 6928/6928 6929/6929 7057/7057
f 6928/6928 7057/7057 7056/7056
f 6929/6929 6930/6930 7058/7058
f 6929/6929 7058/7058 7057/7057
f 6930/6930 6931/6931 7059/7059
f 6930/6930 7059/7059 7058/7058
f 6931/6931 6932/6932 7060/7060
f 6931/6931 7060/7060 7059/7059
f 6932/6932 6933/6933 7061/7061
f 6932/6932 7061/7061 7060/7060
f 6933/6933 6934/6934 7062/7062
f 6933/6933 7062/7062 7061/7061
f 6934/6934 6935/6935 7063/7063
f 6934/6934 7063/7063 7062/7062
f 6935/6935 6936/6936 7064/7064
f 6935/6935 7064/7064 7063/7063
f 6936/6936 6937/6937 7065/7065
f 6936/6936 7065/7065 7064/7064
f 6937/6937 6938/6938 7066/7066
f 6937/6937 7066/7066 7065/7065
f 6938/6938 6939/6939 7067/7067
f 6938/6938 7067/7067 7066/7066
f 6939/6939 6940/6940 7068/7068
f 6939/6939 7068/7068 7067/7067
f 6940/6940 6941/6941 7069/7069
f 6940/6940 7069/7069 7068/7068
f 6941/6941 6942/6942 7070/7070
f 6941/6941 7070/7070 7069/7069
f 6942/6942 6943/6943 7071/7071
f 6942/6942 7071/7071 7070/7070
f 6943/6943 6944/6944 7072/7072
f 6943/6943 7072/7072 7071/7071
f 6944/6944 6945/6945 7073/7073
f 6944/6944 7073/7073 7072/7072
f 6945/6945 6946/6946 7074/7074
f 6945/6945 7074/7074 7073/7073
f 6946/6946 6947/6947 7075/7075
f 6946/6946 7075/7075 7074/7074
f 6947/6947 6948/6948 7076/7076
f 6947/6947 7076/7076 7075/7075
f 6948/6948 6949/6949 7077/7077
f 6948/6948 7077/7077 7076/7076
f 6949/6949 6950/6950 7078/7078
f 6949/6949 7078/7078 7077/7077
f 6950/6950 6951/6951 7079/7079
f 6950/6950 7079/7079 7078/7078
f 6951/6951 6952/6952 7080/7080
f 6951/6951 7080/7080 7079/7079
f 6952/6952 6953/6953 7081/7081
f 6952/6952 7081/7081 7080/7080
f 6953/6953 6954/6954 7082/7082
f 6953/6953 7082/7082 7081/7081
f 6954/6954 6955/6955 7083/7083
f 6954/6954 7083/7083 7082/7082
f 6955/6955 6956/6956 7084/7084
f 6955/6955 7084/7084 7083/7083
f 6956/6956 6957/6957 7085/7085
f 6956/6956 7085/7085 7084/7084
f 6957/6957 6958/6958 7086/7086
f 6957/6957 7086/7086 7085/7085
f 6958/6958 6959/6959 7087/7087
f 6958/6958 7087/7087 7086/7086
f 6959/6959 6960/6960 7088/7088
f 6959/6959 7088/7088 7087/7087
f 6960/6960 6961/6961 7089/7089
f 6960/6960 7089/7089 7088/7088
f 6961/6961 6962/6962 7090/7090
f 6961/6961 7090/7090 7089/7089
f 6962/6962 6963/6963 7091/7091
f 6962/6962 7091/7091 7090/7090
f 6963/6963 6964/6964 7092/7092
f 6963/6963 7092/7092 7091/7091
f 6964/6964 6965/6965 7093/7093
f 6964/6964 7093/7093 7092/7092
f 6965/6965 6966/6966 7094/7094
f 6965/6965 7094/7094 7093/7093
f 6966/6966 6967/6967 7095/7095
f 6966/6966 7095/7095 7094/7094
f 6967/6967 6968/6968 7096/7096
f 6967/6967 7096/7096 7095/7095
f 6968/6968 6969/6969 7097/7097
f 6968/6968 7097/7097 7096/7096
f 6969/6969 6970/6970 7098/7098
f 6969/6969 7098/7098 7097/7097
f 6970/6970 6971/6971 7099/7099
f 6970/6970 7099/7099 7098/7098
f 6971/6971 6972/6972 7100/7100
f 6971/6971 7100/7100 7099/7099
f 6972/6972 6973/6973 7101/7101
f 6972/6972 7101/7101 7100/7100
f 6973/6973 6974/6974 7102/7102
f 6973/6973 7102/7102 7101/7101
f 6974/6974 6975/6975 7103/7103
f 6974/6974 7103/7103 7102/7102
f 6975/6975 6976/6976 7104/7104
f 6975/6975 7104/7104 7103/7103
f 6976/6976 6977/6977 7105/7105
f 6976/6976 7105/7105 7104/7104
f 6977/6977 6978/6978 7106/7106
f 6977/6977 7106/7106 7105/7105
f 6978/6978 6979/6979 7107/7107
f 6978/6978 7107/7107 7106/7106
f 6979/6979 6980/6980 7108/7108
f 6979/6979 7108/7108 7107/7107
f 6980/6980 6981/6981 7109/7109
f 6980/6980 7109/7109 7108/7108
f 6981/6981 6982/6982 7110/7110
f 6981/6981 7110/7110 7109/7109
f 6982/6982 6983/6983 7111/7111
f 6982/6982 7111/7111 7110/7110
f 6983/6983 6984/6984 7112/7112
f 6983/6983 7112/7112 7111/7111
f 6984/6984 6985/6985 7113/7113
f 6984/6984 7113/7113 7112/7112
f 6985/6985 6986/6986 7114/7114
f 6985/6985 7114/7114 7113/7113
f 6986/6986 6987/6987 7115/7115
f 6986/6986 7115/7115 7114/7114
f 6987/6987 6988/6988 7116/7116
f 6987/6987 7116/7116 7115/7115
f 6988/6988 6989/6989 7117/7117
f 6988/6988 7117/7117 7116/7116
f 6989/6989 6990/6990 7118/7118
f 6989/6989 7118/7118 7117/7117
f 6990/6990 6991/6991 7119/7119
f 6990/6990 7119/7119 7118/7118
f 6991/6991 6992/6992 7120/7120
f 6991/6991 7120/7120 7119/7119
f 6992/6992 6993/6993 7121/7121
f 6992/6992 7121/7121 7120/7120
f 6993/6993 6994/6994 7122/7122
f 6993/6993 7122/7122 7121/7121
f 6994/6994 6995/6995 7123/7123
f 6994/6994 7123/7123 7122/7122
f 6995/6995 6996/6996 7124/7124
f 6995/6995 7124/7124 7123/7123
f 6996/6996 6997/6997 7125/7125
f 6996/6996 7125/7125 7124/7124
f 6997/6997 6998/6998 7126/7126
f 6997/6997 7126/7126 7125/7125
f 6998/6998 6999/6999 7127/7127
f 6998/6998 7127/7127 7126/7126
f 6999/6999 7000/7000 7128/7128
f 6999/6999 7128/7128 7127/7127
f 7000/7000 7001/7001 7129/7129
f 7000/7000 7129/7129 7128/7128
f 7001/7001 7002/7002 7130/7130
f 7001/7001 7130/7130 7129/7129
f 7002/7002 7003/7003 7131/7131
f 7002/7002 7131/7131 7130/7130
f 7003/7003 7004/7004 7132/7132
f 7003/7003 7132/7132 7131/7131
f 7004/7004 7005/7005 7133/7133
f 7004/7004 7133/7133 7132/7132
f 7005/7005 7006/7006 7134/7134
f 7005/7005 7134/7134 7133/7133
f 7006/7006 7007/7007 7135/7135
f 7006/7006 7135/7135 7134/7134
f 7007/7007 7008/7008 7136/7136
f 7007/7007 7136/7136 7135/7135
f 7008/7008 7009/7009 7137/7137
f 7008/7008 7137/7137 7136/7136
f 7009/7009 7010/7010 7138/7138
f 7009/7009 7138/7138 7137/7137
f 7010/7010 7011/7011 7139/7139
f 7010/7010 7139/7139 7138/7138
f 7011/7011 7012/7012 7140/7140
f 7011/7011 7140/7140 7139/7139
f 7012/7012 7013/7013 7141/7141
f 7012/7012 7141/7141 7140/7140
f 7013/7013 7014/7014 7142/7142
f 7013/7013 7142/7142 7141/7141
f 7014/7014 7015/7015 7143/7143
f 7014/7014 7143/7143 7142/7142
f 7015/7015 7016/7016 7144/7144
f 7015/7015 7144/7144 7143/7143
f 7016/7016 7017/7017 7145/7145
f 7016/7016 7145/7145 7144/7144
f 7017/7017 7018/7018 7146/7146
f 7017/7017 7146/7146 7145/7145
f 7018/7018 7019/7019 7147/7147
f 7018/7018 7147/7147 7146/7146
f 7019/7019 7020/7020 7148/7148
f 7019/7019 7148/7148 7147/7147
f 7020/7020 7021/7021 7149/7149
f 7020/7020 7149/7149 7148/7148
f 7021/7021 7022/7022 7150/7150
f 7021/7021 7150/7150 7149/7149
f 7022/7022 7023/7023 7151/7151
f 7022/7022 7151/7151 7150/7150
f 7023/7023 7024/7024 7152/7152
f 7023/7023 7152/7152 7151/7151
f 7024/7024 7025/7025 7153/7153
f 7024/7024 7153/7153 7152/7152
f 7025/7025 7026/7026 7154/7154
f 7025/7025 7154/7154 7153/7153
f 7026/7026 7027/7027 7155/7155
f 7026/7026 7155/7155 7154/7154
f 7027/7027 7028/7028 7156/7156
f 7027/7027 7156/7156 7155/7155
f 7028/7028 7029/7029 7157/7157
f 7028/7028 7157/7157 7156/7156
f 7029/7029 7030/7030 7158/7158
f 7029/7029 7158/7158 7157/7157
f 7030/7030 7031/7031 7159/7159
f 7030/7030 7159/7159 7158/7158
f 7031/7031 7032/7032 7160/7160
f 7031/7031 7160/7160 7159/7159
f 7032/7032 7033/7033 7161/7161
f 7032/7032 7161/7161 7160/7160
f 7033/7033 7034/7034 7162/7162
f 7033/7033 7162/7162 7161/7161
f 7034/7034 7035/7035 7163/7163
f 7034/7034 7163/7163 7162/7162
f 7035/7035 7036/7036 7164/7164
f 7035/7035 7164/7164 7163/7163
f 7036/7036 7037/7037 7165/7165
f 7036/7036 7165/7165 7164/7164
f 7037/7037 7038/7038 7166/7166
f 7037/7037 7166/7166 7165/7165
f 7038/7038 7039/7039 7167/7167
f 7038/7038 7167/7167 7166/7166
f 7039/7039 7040/7040 7168/7168
f 7039/7039 7168/7168 7167/7167
