# DepthWizard 3D Terrain Model
# Quality: low (64 x 48)
v -50.0000 17.7097 -37.5000
v -48.4127 17.6018 -37.5000
v -46.8254 17.4471 -37.5000
v -45.2381 16.8253 -37.5000
v -43.6508 15.3537 -37.5000
v -42.0635 14.4936 -37.5000
v -40.4762 13.5089 -37.5000
v -38.8889 13.1314 -37.5000
v -37.3016 14.7931 -37.5000
v -35.7143 15.1802 -37.5000
v -34.1270 14.2905 -37.5000
v -32.5397 13.8429 -37.5000
v -30.9524 14.2371 -37.5000
v -29.3651 14.8852 -37.5000
v -27.7778 15.0520 -37.5000
v -26.1905 15.1964 -37.5000
v -24.6032 14.8770 -37.5000
v -23.0159 14.1583 -37.5000
v -21.4286 13.0725 -37.5000
v -19.8413 12.3946 -37.5000
v -18.2540 12.0334 -37.5000
v -16.6667 11.3965 -37.5000
v -15.0794 10.7478 -37.5000
v -13.4921 10.4053 -37.5000
v -11.9048 10.2234 -37.5000
v -10.3175 9.7380 -37.5000
v -8.7302 9.5862 -37.5000
v -7.1429 9.7177 -37.5000
v -5.5556 11.6055 -37.5000
v -3.9683 14.1030 -37.5000
v -2.3810 14.9803 -37.5000
v -0.7937 15.6628 -37.5000
v 0.7937 15.9683 -37.5000
v 2.3810 16.5580 -37.5000
v 3.9683 16.8094 -37.5000
v 5.5556 16.4794 -37.5000
v 7.1429 15.2152 -37.5000
v 8.7302 12.7170 -37.5000
v 10.3175 11.6580 -37.5000
v 11.9048 10.1779 -37.5000
v 13.4921 14.8534 -37.5000
v 15.0794 17.7996 -37.5000
v 16.6667 18.0000 -37.5000
v 18.2540 18.0000 -37.5000
v 19.8413 17.8272 -37.5000
v 21.4286 17.3640 -37.5000
v 23.0159 17.5840 -37.5000
v 24.6032 16.7421 -37.5000
v 26.1905 16.8562 -37.5000
v 27.7778 16.9103 -37.5000
v 29.3651 15.1435 -37.5000
v 30.9524 15.8127 -37.5000
v 32.5397 15.3373 -37.5000
v 34.1270 15.5953 -37.5000
v 35.7143 16.1874 -37.5000
v 37.3016 16.0734 -37.5000
v 38.8889 15.8281 -37.5000
v 40.4762 14.8495 -37.5000
v 42.0635 13.9168 -37.5000
v 43.6508 12.1565 -37.5000
v 45.2381 9.6136 -37.5000
v 46.8254 4.5970 -37.5000
v 48.4127 2.5982 -37.5000
v 50.0000 2.5896 -37.5000
v -50.0000 17.6390 -35.9043
v -48.4127 17.5419 -35.9043
v -46.8254 17.5485 -35.9043
v -45.2381 17.0800 -35.9043
v -43.6508 16.0170 -35.9043
v -42.0635 15.3400 -35.9043
v -40.4762 14.3739 -35.9043
v -38.8889 13.6305 -35.9043
v -37.3016 14.6177 -35.9043
v -35.7143 14.3763 -35.9043
v -34.1270 14.5437 -35.9043
v -32.5397 13.8732 -35.9043
v -30.9524 14.4432 -35.9043
v -29.3651 14.7450 -35.9043
v -27.7778 14.6938 -35.9043
v -26.1905 14.8764 -35.9043
v -24.6032 14.8862 -35.9043
v -23.0159 14.2409 -35.9043
v -21.4286 13.9567 -35.9043
v -19.8413 12.6441 -35.9043
v -18.2540 11.7647 -35.9043
v -16.6667 11.7090 -35.9043
v -15.0794 11.6068 -35.9043
v -13.4921 11.1687 -35.9043
v -11.9048 10.6288 -35.9043
v -10.3175 9.6047 -35.9043
v -8.7302 9.4207 -35.9043
v -7.1429 9.8787 -35.9043
v -5.5556 12.1653 -35.9043
v -3.9683 14.3401 -35.9043
v -2.3810 15.3064 -35.9043
v -0.7937 15.4267 -35.9043
v 0.7937 15.8368 -35.9043
v 2.3810 16.4619 -35.9043
v 3.9683 16.7253 -35.9043
v 5.5556 16.5596 -35.9043
v 7.1429 14.4756 -35.9043
v 8.7302 13.7668 -35.9043
v 10.3175 12.1908 -35.9043
v 11.9048 12.8161 -35.9043
v 13.4921 16.2137 -35.9043
v 15.0794 17.8724 -35.9043
v 16.6667 17.9854 -35.9043
v 18.2540 18.0000 -35.9043
v 19.8413 17.2730 -35.9043
v 21.4286 16.7914 -35.9043
v 23.0159 16.1068 -35.9043
v 24.6032 15.5237 -35.9043
v 26.1905 14.8125 -35.9043
v 27.7778 13.9730 -35.9043
v 29.3651 13.8473 -35.9043
v 30.9524 14.4375 -35.9043
v 32.5397 13.9669 -35.9043
v 34.1270 14.7346 -35.9043
v 35.7143 15.8946 -35.9043
v 37.3016 15.9137 -35.9043
v 38.8889 15.7453 -35.9043
v 40.4762 15.0369 -35.9043
v 42.0635 13.9701 -35.9043
v 43.6508 12.7045 -35.9043
v 45.2381 4.2237 -35.9043
v 46.8254 2.1875 -35.9043
v 48.4127 2.1136 -35.9043
v 50.0000 2.2424 -35.9043
v -50.0000 17.3966 -34.3085
v -48.4127 17.6365 -34.3085
v -46.8254 17.5881 -34.3085
v -45.2381 17.2127 -34.3085
v -43.6508 16.8791 -34.3085
v -42.0635 16.9444 -34.3085
v -40.4762 15.9072 -34.3085
v -38.8889 14.7779 -34.3085
v -37.3016 14.1097 -34.3085
v -35.7143 14.5853 -34.3085
v -34.1270 14.0342 -34.3085
v -32.5397 13.5783 -34.3085
v -30.9524 14.1898 -34.3085
v -29.3651 14.4874 -34.3085
v -27.7778 14.3084 -34.3085
v -26.1905 14.2010 -34.3085
v -24.6032 14.4625 -34.3085
v -23.0159 14.4423 -34.3085
v -21.4286 13.5518 -34.3085
v -19.8413 12.3492 -34.3085
v -18.2540 12.0168 -34.3085
v -16.6667 12.3830 -34.3085
v -15.0794 12.2044 -34.3085
v -13.4921 11.9067 -34.3085
v -11.9048 11.4496 -34.3085
v -10.3175 9.7073 -34.3085
v -8.7302 9.1386 -34.3085
v -7.1429 9.3727 -34.3085
v -5.5556 12.5741 -34.3085
v -3.9683 14.9733 -34.3085
v -2.3810 14.7503 -34.3085
v -0.7937 14.7739 -34.3085
v 0.7937 15.1020 -34.3085
v 2.3810 15.9483 -34.3085
v 3.9683 15.5831 -34.3085
v 5.5556 13.5892 -34.3085
v 7.1429 12.2557 -34.3085
v 8.7302 11.8460 -34.3085
v 10.3175 11.5182 -34.3085
v 11.9048 13.2231 -34.3085
v 13.4921 15.6176 -34.3085
v 15.0794 17.7125 -34.3085
v 16.6667 17.9351 -34.3085
v 18.2540 17.9898 -34.3085
v 19.8413 17.1455 -34.3085
v 21.4286 16.6894 -34.3085
v 23.0159 16.5602 -34.3085
v 24.6032 15.1867 -34.3085
v 26.1905 13.9026 -34.3085
v 27.7778 13.0413 -34.3085
v 29.3651 12.9287 -34.3085
v 30.9524 12.8081 -34.3085
v 32.5397 12.9887 -34.3085
v 34.1270 13.1300 -34.3085
v 35.7143 13.1987 -34.3085
v 37.3016 14.3299 -34.3085
v 38.8889 14.3001 -34.3085
v 40.4762 13.6372 -34.3085
v 42.0635 12.0200 -34.3085
v 43.6508 10.4690 -34.3085
v 45.2381 2.9913 -34.3085
v 46.8254 1.7168 -34.3085
v 48.4127 1.6470 -34.3085
v 50.0000 1.7674 -34.3085
v -50.0000 16.7024 -32.7128
v -48.4127 16.9638 -32.7128
v -46.8254 17.2967 -32.7128
v -45.2381 16.5928 -32.7128
v -43.6508 16.7108 -32.7128
v -42.0635 16.9198 -32.7128
v -40.4762 16.0421 -32.7128
v -38.8889 14.6341 -32.7128
v -37.3016 14.4343 -32.7128
v -35.7143 14.5025 -32.7128
v -34.1270 14.2607 -32.7128
v -32.5397 13.9983 -32.7128
v -30.9524 14.1261 -32.7128
v -29.3651 13.8402 -32.7128
v -27.7778 14.1497 -32.7128
v -26.1905 13.6967 -32.7128
v -24.6032 12.8486 -32.7128
v -23.0159 13.0785 -32.7128
v -21.4286 14.2059 -32.7128
v -19.8413 13.1152 -32.7128
v -18.2540 13.0765 -32.7128
v -16.6667 12.6638 -32.7128
v -15.0794 12.2614 -32.7128
v -13.4921 11.7193 -32.7128
v -11.9048 11.3966 -32.7128
v -10.3175 10.5494 -32.7128
v -8.7302 9.9987 -32.7128
v -7.1429 10.4590 -32.7128
v -5.5556 14.2978 -32.7128
v -3.9683 14.4171 -32.7128
v -2.3810 14.0902 -32.7128
v -0.7937 14.0312 -32.7128
v 0.7937 13.9872 -32.7128
v 2.3810 14.9051 -32.7128
v 3.9683 14.5150 -32.7128
v 5.5556 12.7051 -32.7128
v 7.1429 11.7918 -32.7128
v 8.7302 11.8394 -32.7128
v 10.3175 11.5797 -32.7128
v 11.9048 13.0223 -32.7128
v 13.4921 16.4476 -32.7128
v 15.0794 17.9984 -32.7128
v 16.6667 17.9646 -32.7128
v 18.2540 17.6798 -32.7128
v 19.8413 16.1242 -32.7128
v 21.4286 16.1743 -32.7128
v 23.0159 16.4536 -32.7128
v 24.6032 15.3958 -32.7128
v 26.1905 13.5063 -32.7128
v 27.7778 12.4577 -32.7128
v 29.3651 11.6797 -32.7128
v 30.9524 11.7156 -32.7128
v 32.5397 12.1027 -32.7128
v 34.1270 12.2427 -32.7128
v 35.7143 12.0432 -32.7128
v 37.3016 11.4554 -32.7128
v 38.8889 10.2661 -32.7128
v 40.4762 9.6910 -32.7128
v 42.0635 6.4139 -32.7128
v 43.6508 3.5745 -32.7128
v 45.2381 1.0010 -32.7128
v 46.8254 0.8668 -32.7128
v 48.4127 0.7082 -32.7128
v 50.0000 1.0555 -32.7128
v -50.0000 16.0821 -31.1170
v -48.4127 16.1747 -31.1170
v -46.8254 16.4253 -31.1170
v -45.2381 16.2891 -31.1170
v -43.6508 16.0330 -31.1170
v -42.0635 15.9134 -31.1170
v -40.4762 15.7895 -31.1170
v -38.8889 14.8203 -31.1170
v -37.3016 15.0724 -31.1170
v -35.7143 15.2520 -31.1170
v -34.1270 14.4149 -31.1170
v -32.5397 14.1756 -31.1170
v -30.9524 14.1824 -31.1170
v -29.3651 13.9625 -31.1170
v -27.7778 14.0033 -31.1170
v -26.1905 13.7617 -31.1170
v -24.6032 12.4672 -31.1170
v -23.0159 11.9618 -31.1170
v -21.4286 13.5540 -31.1170
v -19.8413 14.0693 -31.1170
v -18.2540 14.0145 -31.1170
v -16.6667 13.1385 -31.1170
v -15.0794 11.9474 -31.1170
v -13.4921 11.5971 -31.1170
v -11.9048 11.4186 -31.1170
v -10.3175 11.1158 -31.1170
v -8.7302 10.7519 -31.1170
v -7.1429 10.3689 -31.1170
v -5.5556 12.5567 -31.1170
v -3.9683 12.1960 -31.1170
v -2.3810 12.4859 -31.1170
v -0.7937 12.3463 -31.1170
v 0.7937 12.2480 -31.1170
v 2.3810 13.4942 -31.1170
v 3.9683 14.0703 -31.1170
v 5.5556 14.3317 -31.1170
v 7.1429 13.6522 -31.1170
v 8.7302 14.2206 -31.1170
v 10.3175 15.7384 -31.1170
v 11.9048 16.6289 -31.1170
v 13.4921 17.9827 -31.1170
v 15.0794 17.7576 -31.1170
v 16.6667 17.4015 -31.1170
v 18.2540 16.3416 -31.1170
v 19.8413 16.0320 -31.1170
v 21.4286 16.2696 -31.1170
v 23.0159 16.3605 -31.1170
v 24.6032 16.1451 -31.1170
v 26.1905 15.1536 -31.1170
v 27.7778 12.1866 -31.1170
v 29.3651 10.7718 -31.1170
v 30.9524 11.0090 -31.1170
v 32.5397 11.2800 -31.1170
v 34.1270 11.5718 -31.1170
v 35.7143 11.1817 -31.1170
v 37.3016 9.8516 -31.1170
v 38.8889 9.3112 -31.1170
v 40.4762 8.5523 -31.1170
v 42.0635 3.9143 -31.1170
v 43.6508 2.3741 -31.1170
v 45.2381 0.0069 -31.1170
v 46.8254 0.0007 -31.1170
v 48.4127 0.0000 -31.1170
v 50.0000 0.0597 -31.1170
v -50.0000 16.6621 -29.5213
v -48.4127 16.2341 -29.5213
v -46.8254 16.0859 -29.5213
v -45.2381 15.7421 -29.5213
v -43.6508 15.5196 -29.5213
v -42.0635 15.4238 -29.5213
v -40.4762 15.7989 -29.5213
v -38.8889 16.7446 -29.5213
v -37.3016 17.0962 -29.5213
v -35.7143 17.0635 -29.5213
v -34.1270 15.2885 -29.5213
v -32.5397 13.8140 -29.5213
v -30.9524 14.2694 -29.5213
v -29.3651 14.5305 -29.5213
v -27.7778 14.3091 -29.5213
v -26.1905 13.9821 -29.5213
v -24.6032 13.1690 -29.5213
v -23.0159 12.5886 -29.5213
v -21.4286 12.9023 -29.5213
v -19.8413 14.1291 -29.5213
v -18.2540 14.3817 -29.5213
v -16.6667 14.2624 -29.5213
v -15.0794 12.7754 -29.5213
v -13.4921 11.0324 -29.5213
v -11.9048 10.9791 -29.5213
v -10.3175 10.5871 -29.5213
v -8.7302 9.5553 -29.5213
v -7.1429 9.4515 -29.5213
v -5.5556 9.7436 -29.5213
v -3.9683 10.4673 -29.5213
v -2.3810 10.7397 -29.5213
v -0.7937 11.0724 -29.5213
v 0.7937 11.0805 -29.5213
v 2.3810 11.2732 -29.5213
v 3.9683 13.1542 -29.5213
v 5.5556 14.1756 -29.5213
v 7.1429 14.8179 -29.5213
v 8.7302 15.5125 -29.5213
v 10.3175 16.3304 -29.5213
v 11.9048 16.8663 -29.5213
v 13.4921 17.8744 -29.5213
v 15.0794 17.0368 -29.5213
v 16.6667 16.2731 -29.5213
v 18.2540 14.0087 -29.5213
v 19.8413 14.5501 -29.5213
v 21.4286 16.5258 -29.5213
v 23.0159 16.6695 -29.5213
v 24.6032 15.7826 -29.5213
v 26.1905 15.0277 -29.5213
v 27.7778 11.8515 -29.5213
v 29.3651 10.3537 -29.5213
v 30.9524 10.3621 -29.5213
v 32.5397 10.4283 -29.5213
v 34.1270 10.5834 -29.5213
v 35.7143 10.4566 -29.5213
v 37.3016 9.7084 -29.5213
v 38.8889 8.9699 -29.5213
v 40.4762 7.4684 -29.5213
v 42.0635 3.6129 -29.5213
v 43.6508 1.3711 -29.5213
v 45.2381 0.0549 -29.5213
v 46.8254 0.0000 -29.5213
v 48.4127 0.0000 -29.5213
v 50.0000 0.0000 -29.5213
v -50.0000 16.5613 -27.9255
v -48.4127 16.2806 -27.9255
v -46.8254 15.5706 -27.9255
v -45.2381 15.6788 -27.9255
v -43.6508 15.6147 -27.9255
v -42.0635 15.5006 -27.9255
v -40.4762 15.9608 -27.9255
v -38.8889 16.3984 -27.9255
v -37.3016 17.4130 -27.9255
v -35.7143 17.2082 -27.9255
v -34.1270 16.4776 -27.9255
v -32.5397 13.8163 -27.9255
v -30.9524 15.3115 -27.9255
v -29.3651 15.9220 -27.9255
v -27.7778 15.9829 -27.9255
v -26.1905 15.5229 -27.9255
v -24.6032 15.0789 -27.9255
v -23.0159 14.8915 -27.9255
v -21.4286 14.1072 -27.9255
v -19.8413 14.5865 -27.9255
v -18.2540 14.7541 -27.9255
v -16.6667 14.5472 -27.9255
v -15.0794 11.3860 -27.9255
v -13.4921 10.3144 -27.9255
v -11.9048 10.2302 -27.9255
v -10.3175 10.0361 -27.9255
v -8.7302 8.5096 -27.9255
v -7.1429 8.4248 -27.9255
v -5.5556 9.3870 -27.9255
v -3.9683 9.9571 -27.9255
v -2.3810 9.8704 -27.9255
v -0.7937 10.0427 -27.9255
v 0.7937 10.1411 -27.9255
v 2.3810 10.1302 -27.9255
v 3.9683 11.0080 -27.9255
v 5.5556 12.9745 -27.9255
v 7.1429 15.0982 -27.9255
v 8.7302 15.8348 -27.9255
v 10.3175 16.0476 -27.9255
v 11.9048 16.3950 -27.9255
v 13.4921 16.7387 -27.9255
v 15.0794 15.7123 -27.9255
v 16.6667 14.4222 -27.9255
v 18.2540 13.1405 -27.9255
v 19.8413 13.2120 -27.9255
v 21.4286 15.7880 -27.9255
v 23.0159 16.4710 -27.9255
v 24.6032 15.5509 -27.9255
v 26.1905 13.7678 -27.9255
v 27.7778 10.4875 -27.9255
v 29.3651 10.0191 -27.9255
v 30.9524 9.8531 -27.9255
v 32.5397 9.8357 -27.9255
v 34.1270 9.9717 -27.9255
v 35.7143 9.9894 -27.9255
v 37.3016 9.7548 -27.9255
v 38.8889 8.9811 -27.9255
v 40.4762 4.7869 -27.9255
v 42.0635 2.5193 -27.9255
v 43.6508 2.1610 -27.9255
v 45.2381 0.9283 -27.9255
v 46.8254 0.0000 -27.9255
v 48.4127 0.0000 -27.9255
v 50.0000 0.0000 -27.9255
v -50.0000 13.3699 -26.3298
v -48.4127 14.7674 -26.3298
v -46.8254 15.2628 -26.3298
v -45.2381 15.7277 -26.3298
v -43.6508 15.7297 -26.3298
v -42.0635 15.7286 -26.3298
v -40.4762 15.8801 -26.3298
v -38.8889 16.5462 -26.3298
v -37.3016 17.1225 -26.3298
v -35.7143 16.8386 -26.3298
v -34.1270 16.1661 -26.3298
v -32.5397 15.3695 -26.3298
v -30.9524 16.7733 -26.3298
v -29.3651 17.1145 -26.3298
v -27.7778 17.1179 -26.3298
v -26.1905 16.8751 -26.3298
v -24.6032 16.3393 -26.3298
v -23.0159 15.6329 -26.3298
v -21.4286 15.4278 -26.3298
v -19.8413 14.3595 -26.3298
v -18.2540 14.4326 -26.3298
v -16.6667 14.6628 -26.3298
v -15.0794 11.3823 -26.3298
v -13.4921 9.5151 -26.3298
v -11.9048 9.1292 -26.3298
v -10.3175 8.9036 -26.3298
v -8.7302 8.2206 -26.3298
v -7.1429 7.7247 -26.3298
v -5.5556 8.2910 -26.3298
v -3.9683 9.2207 -26.3298
v -2.3810 8.6957 -26.3298
v -0.7937 9.0571 -26.3298
v 0.7937 9.5150 -26.3298
v 2.3810 9.9326 -26.3298
v 3.9683 10.3927 -26.3298
v 5.5556 11.7825 -26.3298
v 7.1429 12.5359 -26.3298
v 8.7302 15.2544 -26.3298
v 10.3175 14.8181 -26.3298
v 11.9048 14.3825 -26.3298
v 13.4921 13.6842 -26.3298
v 15.0794 13.8743 -26.3298
v 16.6667 13.6290 -26.3298
v 18.2540 13.0570 -26.3298
v 19.8413 12.2934 -26.3298
v 21.4286 13.2294 -26.3298
v 23.0159 13.9173 -26.3298
v 24.6032 13.7755 -26.3298
v 26.1905 11.8110 -26.3298
v 27.7778 10.0878 -26.3298
v 29.3651 9.8206 -26.3298
v 30.9524 9.6531 -26.3298
v 32.5397 9.7399 -26.3298
v 34.1270 9.8217 -26.3298
v 35.7143 9.7844 -26.3298
v 37.3016 9.5817 -26.3298
v 38.8889 8.8210 -26.3298
v 40.4762 4.9614 -26.3298
v 42.0635 1.3881 -26.3298
v 43.6508 1.8205 -26.3298
v 45.2381 0.9213 -26.3298
v 46.8254 0.0004 -26.3298
v 48.4127 0.0000 -26.3298
v 50.0000 0.0000 -26.3298
v -50.0000 12.4745 -24.7340
v -48.4127 14.7553 -24.7340
v -46.8254 15.3679 -24.7340
v -45.2381 15.1747 -24.7340
v -43.6508 15.3332 -24.7340
v -42.0635 15.8874 -24.7340
v -40.4762 16.2351 -24.7340
v -38.8889 16.4904 -24.7340
v -37.3016 16.5727 -24.7340
v -35.7143 16.3574 -24.7340
v -34.1270 15.4754 -24.7340
v -32.5397 15.3429 -24.7340
v -30.9524 16.8772 -24.7340
v -29.3651 16.9091 -24.7340
v -27.7778 16.9046 -24.7340
v -26.1905 16.7460 -24.7340
v -24.6032 16.2740 -24.7340
v -23.0159 15.6359 -24.7340
v -21.4286 14.4864 -24.7340
v -19.8413 13.6444 -24.7340
v -18.2540 13.0922 -24.7340
v -16.6667 12.4534 -24.7340
v -15.0794 10.6625 -24.7340
v -13.4921 9.7118 -24.7340
v -11.9048 9.5196 -24.7340
v -10.3175 8.8695 -24.7340
v -8.7302 8.5973 -24.7340
v -7.1429 7.9311 -24.7340
v -5.5556 6.7372 -24.7340
v -3.9683 6.5426 -24.7340
v -2.3810 6.1294 -24.7340
v -0.7937 8.2547 -24.7340
v 0.7937 8.7929 -24.7340
v 2.3810 9.3583 -24.7340
v 3.9683 10.0940 -24.7340
v 5.5556 10.7933 -24.7340
v 7.1429 11.4771 -24.7340
v 8.7302 12.0957 -24.7340
v 10.3175 11.7532 -24.7340
v 11.9048 12.5350 -24.7340
v 13.4921 13.2807 -24.7340
v 15.0794 13.0902 -24.7340
v 16.6667 13.0754 -24.7340
v 18.2540 11.7175 -24.7340
v 19.8413 11.3503 -24.7340
v 21.4286 11.7088 -24.7340
v 23.0159 11.8809 -24.7340
v 24.6032 11.9688 -24.7340
v 26.1905 12.0968 -24.7340
v 27.7778 10.8491 -24.7340
v 29.3651 9.8872 -24.7340
v 30.9524 9.7704 -24.7340
v 32.5397 9.7784 -24.7340
v 34.1270 9.8600 -24.7340
v 35.7143 9.6973 -24.7340
v 37.3016 9.4165 -24.7340
v 38.8889 8.7841 -24.7340
v 40.4762 4.8109 -24.7340
v 42.0635 0.1271 -24.7340
v 43.6508 0.0146 -24.7340
v 45.2381 0.0000 -24.7340
v 46.8254 0.0000 -24.7340
v 48.4127 0.0000 -24.7340
v 50.0000 0.0000 -24.7340
v -50.0000 12.6770 -23.1383
v -48.4127 14.0255 -23.1383
v -46.8254 15.4281 -23.1383
v -45.2381 15.2393 -23.1383
v -43.6508 15.1513 -23.1383
v -42.0635 15.6249 -23.1383
v -40.4762 15.7635 -23.1383
v -38.8889 15.9319 -23.1383
v -37.3016 15.7844 -23.1383
v -35.7143 15.4494 -23.1383
v -34.1270 15.0170 -23.1383
v -32.5397 14.8687 -23.1383
v -30.9524 15.5091 -23.1383
v -29.3651 14.6867 -23.1383
v -27.7778 14.8833 -23.1383
v -26.1905 15.4476 -23.1383
v -24.6032 14.9990 -23.1383
v -23.0159 14.6547 -23.1383
v -21.4286 11.8976 -23.1383
v -19.8413 10.8824 -23.1383
v -18.2540 11.0689 -23.1383
v -16.6667 10.2504 -23.1383
v -15.0794 10.0103 -23.1383
v -13.4921 10.0870 -23.1383
v -11.9048 10.3776 -23.1383
v -10.3175 10.0148 -23.1383
v -8.7302 9.4086 -23.1383
v -7.1429 9.0032 -23.1383
v -5.5556 6.5368 -23.1383
v -3.9683 3.2667 -23.1383
v -2.3810 2.4451 -23.1383
v -0.7937 2.3697 -23.1383
v 0.7937 7.5343 -23.1383
v 2.3810 8.7320 -23.1383
v 3.9683 9.6363 -23.1383
v 5.5556 10.0825 -23.1383
v 7.1429 10.1812 -23.1383
v 8.7302 9.5460 -23.1383
v 10.3175 10.3240 -23.1383
v 11.9048 12.5306 -23.1383
v 13.4921 13.1288 -23.1383
v 15.0794 12.6388 -23.1383
v 16.6667 12.6421 -23.1383
v 18.2540 10.6826 -23.1383
v 19.8413 10.8687 -23.1383
v 21.4286 11.3649 -23.1383
v 23.0159 11.5072 -23.1383
v 24.6032 11.7065 -23.1383
v 26.1905 12.1370 -23.1383
v 27.7778 12.1447 -23.1383
v 29.3651 11.8046 -23.1383
v 30.9524 10.3786 -23.1383
v 32.5397 9.7771 -23.1383
v 34.1270 9.8308 -23.1383
v 35.7143 9.6348 -23.1383
v 37.3016 9.3363 -23.1383
v 38.8889 8.7276 -23.1383
v 40.4762 7.4217 -23.1383
v 42.0635 2.0823 -23.1383
v 43.6508 0.0000 -23.1383
v 45.2381 0.0000 -23.1383
v 46.8254 0.0000 -23.1383
v 48.4127 0.0059 -23.1383
v 50.0000 0.0545 -23.1383
v -50.0000 14.0241 -21.5426
v -48.4127 13.9651 -21.5426
v -46.8254 14.6737 -21.5426
v -45.2381 14.5853 -21.5426
v -43.6508 15.0732 -21.5426
v -42.0635 14.8431 -21.5426
v -40.4762 15.2458 -21.5426
v -38.8889 15.2292 -21.5426
v -37.3016 15.1723 -21.5426
v -35.7143 14.2483 -21.5426
v -34.1270 14.1727 -21.5426
v -32.5397 14.0806 -21.5426
v -30.9524 13.5490 -21.5426
v -29.3651 12.4378 -21.5426
v -27.7778 12.2323 -21.5426
v -26.1905 12.2378 -21.5426
v -24.6032 11.9466 -21.5426
v -23.0159 12.1462 -21.5426
v -21.4286 10.9951 -21.5426
v -19.8413 10.2623 -21.5426
v -18.2540 10.0441 -21.5426
v -16.6667 9.9552 -21.5426
v -15.0794 9.9529 -21.5426
v -13.4921 9.9950 -21.5426
v -11.9048 10.6640 -21.5426
v -10.3175 10.3840 -21.5426
v -8.7302 9.6679 -21.5426
v -7.1429 9.0883 -21.5426
v -5.5556 8.0754 -21.5426
v -3.9683 5.2708 -21.5426
v -2.3810 2.9407 -21.5426
v -0.7937 3.8255 -21.5426
v 0.7937 7.0450 -21.5426
v 2.3810 8.2632 -21.5426
v 3.9683 8.7993 -21.5426
v 5.5556 8.7454 -21.5426
v 7.1429 8.8218 -21.5426
v 8.7302 8.9492 -21.5426
v 10.3175 10.3260 -21.5426
v 11.9048 12.0313 -21.5426
v 13.4921 12.5963 -21.5426
v 15.0794 12.3659 -21.5426
v 16.6667 11.2411 -21.5426
v 18.2540 9.8909 -21.5426
v 19.8413 10.1645 -21.5426
v 21.4286 11.2580 -21.5426
v 23.0159 11.5002 -21.5426
v 24.6032 11.8380 -21.5426
v 26.1905 12.4685 -21.5426
v 27.7778 12.6738 -21.5426
v 29.3651 12.4814 -21.5426
v 30.9524 11.3639 -21.5426
v 32.5397 9.9271 -21.5426
v 34.1270 9.7099 -21.5426
v 35.7143 9.5514 -21.5426
v 37.3016 9.0153 -21.5426
v 38.8889 8.2795 -21.5426
v 40.4762 6.9764 -21.5426
v 42.0635 3.0401 -21.5426
v 43.6508 0.0048 -21.5426
v 45.2381 0.0000 -21.5426
v 46.8254 0.0000 -21.5426
v 48.4127 0.0134 -21.5426
v 50.0000 0.1253 -21.5426
v -50.0000 13.2260 -19.9468
v -48.4127 13.4817 -19.9468
v -46.8254 13.5427 -19.9468
v -45.2381 13.5213 -19.9468
v -43.6508 13.2066 -19.9468
v -42.0635 14.0701 -19.9468
v -40.4762 13.9506 -19.9468
v -38.8889 14.4748 -19.9468
v -37.3016 13.5013 -19.9468
v -35.7143 12.7443 -19.9468
v -34.1270 12.8397 -19.9468
v -32.5397 13.3991 -19.9468
v -30.9524 13.2696 -19.9468
v -29.3651 12.6219 -19.9468
v -27.7778 11.7161 -19.9468
v -26.1905 11.6326 -19.9468
v -24.6032 11.7101 -19.9468
v -23.0159 11.9414 -19.9468
v -21.4286 11.9053 -19.9468
v -19.8413 11.2007 -19.9468
v -18.2540 10.0969 -19.9468
v -16.6667 9.6622 -19.9468
v -15.0794 9.6144 -19.9468
v -13.4921 9.5251 -19.9468
v -11.9048 10.3745 -19.9468
v -10.3175 10.6684 -19.9468
v -8.7302 9.5162 -19.9468
v -7.1429 8.0603 -19.9468
v -5.5556 7.5483 -19.9468
v -3.9683 4.2628 -19.9468
v -2.3810 1.0891 -19.9468
v -0.7937 2.9916 -19.9468
v 0.7937 6.1211 -19.9468
v 2.3810 7.4731 -19.9468
v 3.9683 7.7672 -19.9468
v 5.5556 7.8583 -19.9468
v 7.1429 8.0343 -19.9468
v 8.7302 8.4078 -19.9468
v 10.3175 9.9975 -19.9468
v 11.9048 11.6966 -19.9468
v 13.4921 12.3041 -19.9468
v 15.0794 11.8523 -19.9468
v 16.6667 10.8192 -19.9468
v 18.2540 9.4071 -19.9468
v 19.8413 9.7920 -19.9468
v 21.4286 10.9248 -19.9468
v 23.0159 11.3785 -19.9468
v 24.6032 11.7586 -19.9468
v 26.1905 11.9355 -19.9468
v 27.7778 12.2964 -19.9468
v 29.3651 12.7280 -19.9468
v 30.9524 12.1883 -19.9468
v 32.5397 9.8161 -19.9468
v 34.1270 9.6119 -19.9468
v 35.7143 9.4865 -19.9468
v 37.3016 9.1092 -19.9468
v 38.8889 8.0163 -19.9468
v 40.4762 7.5630 -19.9468
v 42.0635 4.0382 -19.9468
v 43.6508 0.0666 -19.9468
v 45.2381 0.0156 -19.9468
v 46.8254 0.0058 -19.9468
v 48.4127 0.0086 -19.9468
v 50.0000 0.0474 -19.9468
v -50.0000 8.8684 -18.3511
v -48.4127 11.5975 -18.3511
v -46.8254 12.6880 -18.3511
v -45.2381 13.2331 -18.3511
v -43.6508 13.2177 -18.3511
v -42.0635 13.4350 -18.3511
v -40.4762 12.9632 -18.3511
v -38.8889 12.2050 -18.3511
v -37.3016 12.8934 -18.3511
v -35.7143 12.7336 -18.3511
v -34.1270 12.2740 -18.3511
v -32.5397 12.2810 -18.3511
v -30.9524 12.5706 -18.3511
v -29.3651 12.1215 -18.3511
v -27.7778 11.5518 -18.3511
v -26.1905 11.4646 -18.3511
v -24.6032 11.6919 -18.3511
v -23.0159 11.9919 -18.3511
v -21.4286 11.9673 -18.3511
v -19.8413 11.7739 -18.3511
v -18.2540 11.2659 -18.3511
v -16.6667 10.0257 -18.3511
v -15.0794 9.1233 -18.3511
v -13.4921 8.8336 -18.3511
v -11.9048 9.7199 -18.3511
v -10.3175 10.4046 -18.3511
v -8.7302 7.8337 -18.3511
v -7.1429 6.0291 -18.3511
v -5.5556 4.1754 -18.3511
v -3.9683 1.9507 -18.3511
v -2.3810 0.9822 -18.3511
v -0.7937 2.6746 -18.3511
v 0.7937 3.5787 -18.3511
v 2.3810 5.4235 -18.3511
v 3.9683 5.7094 -18.3511
v 5.5556 6.6566 -18.3511
v 7.1429 6.9011 -18.3511
v 8.7302 7.9962 -18.3511
v 10.3175 10.6928 -18.3511
v 11.9048 11.8245 -18.3511
v 13.4921 11.8414 -18.3511
v 15.0794 11.2251 -18.3511
v 16.6667 10.0818 -18.3511
v 18.2540 9.8225 -18.3511
v 19.8413 9.8609 -18.3511
v 21.4286 10.2946 -18.3511
v 23.0159 10.9949 -18.3511
v 24.6032 11.7123 -18.3511
v 26.1905 11.2977 -18.3511
v 27.7778 11.4375 -18.3511
v 29.3651 12.0430 -18.3511
v 30.9524 11.6846 -18.3511
v 32.5397 9.8350 -18.3511
v 34.1270 9.5759 -18.3511
v 35.7143 9.4270 -18.3511
v 37.3016 8.9395 -18.3511
v 38.8889 4.9814 -18.3511
v 40.4762 1.8091 -18.3511
v 42.0635 0.5040 -18.3511
v 43.6508 0.2294 -18.3511
v 45.2381 0.1645 -18.3511
v 46.8254 0.1227 -18.3511
v 48.4127 0.1028 -18.3511
v 50.0000 0.1458 -18.3511
v -50.0000 10.4269 -16.7553
v -48.4127 11.0434 -16.7553
v -46.8254 12.2511 -16.7553
v -45.2381 11.4247 -16.7553
v -43.6508 12.7694 -16.7553
v -42.0635 12.5683 -16.7553
v -40.4762 11.7870 -16.7553
v -38.8889 11.1037 -16.7553
v -37.3016 9.0272 -16.7553
v -35.7143 10.7569 -16.7553
v -34.1270 11.5943 -16.7553
v -32.5397 11.8537 -16.7553
v -30.9524 11.9823 -16.7553
v -29.3651 11.8325 -16.7553
v -27.7778 10.9797 -16.7553
v -26.1905 11.0040 -16.7553
v -24.6032 11.3170 -16.7553
v -23.0159 11.5963 -16.7553
v -21.4286 11.9077 -16.7553
v -19.8413 11.9280 -16.7553
v -18.2540 11.5042 -16.7553
v -16.6667 9.9773 -16.7553
v -15.0794 8.5202 -16.7553
v -13.4921 8.1084 -16.7553
v -11.9048 7.9940 -16.7553
v -10.3175 9.6523 -16.7553
v -8.7302 7.3398 -16.7553
v -7.1429 4.2143 -16.7553
v -5.5556 1.0745 -16.7553
v -3.9683 1.1051 -16.7553
v -2.3810 1.4233 -16.7553
v -0.7937 1.0952 -16.7553
v 0.7937 0.8765 -16.7553
v 2.3810 1.5314 -16.7553
v 3.9683 1.7418 -16.7553
v 5.5556 4.6431 -16.7553
v 7.1429 5.6304 -16.7553
v 8.7302 7.2738 -16.7553
v 10.3175 10.2888 -16.7553
v 11.9048 11.0049 -16.7553
v 13.4921 11.0918 -16.7553
v 15.0794 10.1691 -16.7553
v 16.6667 9.3429 -16.7553
v 18.2540 9.4270 -16.7553
v 19.8413 9.7072 -16.7553
v 21.4286 9.8726 -16.7553
v 23.0159 10.2818 -16.7553
v 24.6032 11.2260 -16.7553
v 26.1905 11.0817 -16.7553
v 27.7778 10.7689 -16.7553
v 29.3651 10.4243 -16.7553
v 30.9524 9.7528 -16.7553
v 32.5397 9.3392 -16.7553
v 34.1270 9.1707 -16.7553
v 35.7143 9.0460 -16.7553
v 37.3016 8.8274 -16.7553
v 38.8889 7.4257 -16.7553
v 40.4762 5.6429 -16.7553
v 42.0635 3.6528 -16.7553
v 43.6508 0.3747 -16.7553
v 45.2381 0.2785 -16.7553
v 46.8254 0.2523 -16.7553
v 48.4127 0.2235 -16.7553
v 50.0000 0.2563 -16.7553
v -50.0000 8.4310 -15.1596
v -48.4127 10.2627 -15.1596
v -46.8254 8.6197 -15.1596
v -45.2381 9.1347 -15.1596
v -43.6508 10.7435 -15.1596
v -42.0635 11.4765 -15.1596
v -40.4762 6.4915 -15.1596
v -38.8889 4.6145 -15.1596
v -37.3016 2.4720 -15.1596
v -35.7143 7.1625 -15.1596
v -34.1270 11.5438 -15.1596
v -32.5397 11.5363 -15.1596
v -30.9524 11.0311 -15.1596
v -29.3651 10.3073 -15.1596
v -27.7778 10.1416 -15.1596
v -26.1905 10.2728 -15.1596
v -24.6032 10.6741 -15.1596
v -23.0159 10.5595 -15.1596
v -21.4286 11.4185 -15.1596
v -19.8413 11.7726 -15.1596
v -18.2540 11.5153 -15.1596
v -16.6667 9.1718 -15.1596
v -15.0794 7.0877 -15.1596
v -13.4921 6.9835 -15.1596
v -11.9048 6.6056 -15.1596
v -10.3175 6.6059 -15.1596
v -8.7302 6.0125 -15.1596
v -7.1429 4.0555 -15.1596
v -5.5556 1.1548 -15.1596
v -3.9683 1.2231 -15.1596
v -2.3810 3.4178 -15.1596
v -0.7937 1.1155 -15.1596
v 0.7937 0.8321 -15.1596
v 2.3810 0.8412 -15.1596
v 3.9683 0.8519 -15.1596
v 5.5556 1.2386 -15.1596
v 7.1429 3.2245 -15.1596
v 8.7302 6.7504 -15.1596
v 10.3175 9.1782 -15.1596
v 11.9048 8.6651 -15.1596
v 13.4921 9.8727 -15.1596
v 15.0794 8.4003 -15.1596
v 16.6667 8.0044 -15.1596
v 18.2540 8.8761 -15.1596
v 19.8413 9.4059 -15.1596
v 21.4286 10.0903 -15.1596
v 23.0159 10.3780 -15.1596
v 24.6032 10.7431 -15.1596
v 26.1905 10.7808 -15.1596
v 27.7778 10.4431 -15.1596
v 29.3651 10.0170 -15.1596
v 30.9524 9.7744 -15.1596
v 32.5397 9.2504 -15.1596
v 34.1270 8.6377 -15.1596
v 35.7143 8.2599 -15.1596
v 37.3016 6.4434 -15.1596
v 38.8889 8.3258 -15.1596
v 40.4762 7.4956 -15.1596
v 42.0635 6.5410 -15.1596
v 43.6508 0.7591 -15.1596
v 45.2381 0.3806 -15.1596
v 46.8254 0.3506 -15.1596
v 48.4127 0.3308 -15.1596
v 50.0000 0.3336 -15.1596
v -50.0000 5.0397 -13.5638
v -48.4127 5.7562 -13.5638
v -46.8254 9.0116 -13.5638
v -45.2381 9.7482 -13.5638
v -43.6508 8.3367 -13.5638
v -42.0635 7.6319 -13.5638
v -40.4762 3.7397 -13.5638
v -38.8889 2.2978 -13.5638
v -37.3016 2.1721 -13.5638
v -35.7143 10.1405 -13.5638
v -34.1270 11.2828 -13.5638
v -32.5397 10.9441 -13.5638
v -30.9524 10.0430 -13.5638
v -29.3651 9.6795 -13.5638
v -27.7778 9.6004 -13.5638
v -26.1905 9.4047 -13.5638
v -24.6032 9.4707 -13.5638
v -23.0159 9.4403 -13.5638
v -21.4286 10.0479 -13.5638
v -19.8413 10.5127 -13.5638
v -18.2540 10.1176 -13.5638
v -16.6667 7.8743 -13.5638
v -15.0794 6.1057 -13.5638
v -13.4921 5.8585 -13.5638
v -11.9048 5.4355 -13.5638
v -10.3175 2.9539 -13.5638
v -8.7302 1.5633 -13.5638
v -7.1429 1.1724 -13.5638
v -5.5556 1.1067 -13.5638
v -3.9683 1.1186 -13.5638
v -2.3810 2.6276 -13.5638
v -0.7937 0.9335 -13.5638
v 0.7937 0.8858 -13.5638
v 2.3810 0.8866 -13.5638
v 3.9683 0.8990 -13.5638
v 5.5556 0.9245 -13.5638
v 7.1429 1.0705 -13.5638
v 8.7302 4.3567 -13.5638
v 10.3175 6.0321 -13.5638
v 11.9048 5.1211 -13.5638
v 13.4921 8.0096 -13.5638
v 15.0794 6.9322 -13.5638
v 16.6667 6.9741 -13.5638
v 18.2540 7.5304 -13.5638
v 19.8413 8.8251 -13.5638
v 21.4286 9.7588 -13.5638
v 23.0159 9.8375 -13.5638
v 24.6032 9.6722 -13.5638
v 26.1905 10.1243 -13.5638
v 27.7778 10.2105 -13.5638
v 29.3651 10.0613 -13.5638
v 30.9524 9.8074 -13.5638
v 32.5397 8.7475 -13.5638
v 34.1270 3.0835 -13.5638
v 35.7143 1.3332 -13.5638
v 37.3016 0.9813 -13.5638
v 38.8889 2.0459 -13.5638
v 40.4762 1.4335 -13.5638
v 42.0635 2.0498 -13.5638
v 43.6508 0.5847 -13.5638
v 45.2381 0.4904 -13.5638
v 46.8254 0.4624 -13.5638
v 48.4127 0.4462 -13.5638
v 50.0000 0.4369 -13.5638
v -50.0000 5.3787 -11.9681
v -48.4127 5.2174 -11.9681
v -46.8254 6.5229 -11.9681
v -45.2381 8.4867 -11.9681
v -43.6508 5.9867 -11.9681
v -42.0635 5.2864 -11.9681
v -40.4762 4.7737 -11.9681
v -38.8889 2.4160 -11.9681
v -37.3016 2.1887 -11.9681
v -35.7143 8.4474 -11.9681
v -34.1270 6.9360 -11.9681
v -32.5397 6.4271 -11.9681
v -30.9524 8.1128 -11.9681
v -29.3651 8.9432 -11.9681
v -27.7778 8.8663 -11.9681
v -26.1905 8.3094 -11.9681
v -24.6032 8.2197 -11.9681
v -23.0159 8.1523 -11.9681
v -21.4286 8.3202 -11.9681
v -19.8413 9.1501 -11.9681
v -18.2540 8.5651 -11.9681
v -16.6667 7.6795 -11.9681
v -15.0794 4.8297 -11.9681
v -13.4921 2.1784 -11.9681
v -11.9048 1.7839 -11.9681
v -10.3175 2.5423 -11.9681
v -8.7302 1.1386 -11.9681
v -7.1429 1.0740 -11.9681
v -5.5556 1.0344 -11.9681
v -3.9683 1.0384 -11.9681
v -2.3810 1.3121 -11.9681
v -0.7937 0.9648 -11.9681
v 0.7937 0.9506 -11.9681
v 2.3810 0.9643 -11.9681
v 3.9683 0.9641 -11.9681
v 5.5556 0.9438 -11.9681
v 7.1429 0.9486 -11.9681
v 8.7302 1.0019 -11.9681
v 10.3175 1.0216 -11.9681
v 11.9048 1.8110 -11.9681
v 13.4921 4.6879 -11.9681
v 15.0794 6.0516 -11.9681
v 16.6667 6.4165 -11.9681
v 18.2540 6.8931 -11.9681
v 19.8413 7.6896 -11.9681
v 21.4286 8.6599 -11.9681
v 23.0159 8.8171 -11.9681
v 24.6032 9.4047 -11.9681
v 26.1905 9.8487 -11.9681
v 27.7778 10.0070 -11.9681
v 29.3651 9.9068 -11.9681
v 30.9524 9.5550 -11.9681
v 32.5397 6.8551 -11.9681
v 34.1270 2.3121 -11.9681
v 35.7143 1.0697 -11.9681
v 37.3016 0.9792 -11.9681
v 38.8889 0.9382 -11.9681
v 40.4762 0.8482 -11.9681
v 42.0635 0.7429 -11.9681
v 43.6508 0.6393 -11.9681
v 45.2381 0.6328 -11.9681
v 46.8254 0.6784 -11.9681
v 48.4127 0.6403 -11.9681
v 50.0000 0.6585 -11.9681
v -50.0000 5.7768 -10.3723
v -48.4127 5.6972 -10.3723
v -46.8254 5.6338 -10.3723
v -45.2381 5.5457 -10.3723
v -43.6508 5.5185 -10.3723
v -42.0635 4.6035 -10.3723
v -40.4762 3.8261 -10.3723
v -38.8889 3.0741 -10.3723
v -37.3016 2.4447 -10.3723
v -35.7143 3.2719 -10.3723
v -34.1270 5.1640 -10.3723
v -32.5397 6.6848 -10.3723
v -30.9524 7.5802 -10.3723
v -29.3651 8.0390 -10.3723
v -27.7778 8.0869 -10.3723
v -26.1905 7.4256 -10.3723
v -24.6032 6.0316 -10.3723
v -23.0159 5.8810 -10.3723
v -21.4286 6.0875 -10.3723
v -19.8413 6.3467 -10.3723
v -18.2540 4.8835 -10.3723
v -16.6667 5.1969 -10.3723
v -15.0794 5.4212 -10.3723
v -13.4921 3.6703 -10.3723
v -11.9048 3.0781 -10.3723
v -10.3175 2.5847 -10.3723
v -8.7302 1.3787 -10.3723
v -7.1429 1.0879 -10.3723
v -5.5556 1.0659 -10.3723
v -3.9683 1.0897 -10.3723
v -2.3810 1.0974 -10.3723
v -0.7937 1.0773 -10.3723
v 0.7937 1.0561 -10.3723
v 2.3810 1.0380 -10.3723
v 3.9683 1.0377 -10.3723
v 5.5556 1.0268 -10.3723
v 7.1429 1.0159 -10.3723
v 8.7302 1.0071 -10.3723
v 10.3175 1.0043 -10.3723
v 11.9048 1.0380 -10.3723
v 13.4921 1.3431 -10.3723
v 15.0794 3.6408 -10.3723
v 16.6667 3.8073 -10.3723
v 18.2540 5.7030 -10.3723
v 19.8413 6.4574 -10.3723
v 21.4286 7.2214 -10.3723
v 23.0159 7.9621 -10.3723
v 24.6032 8.8592 -10.3723
v 26.1905 9.4869 -10.3723
v 27.7778 9.6638 -10.3723
v 29.3651 9.6780 -10.3723
v 30.9524 9.0426 -10.3723
v 32.5397 4.0783 -10.3723
v 34.1270 1.9863 -10.3723
v 35.7143 1.1458 -10.3723
v 37.3016 1.4642 -10.3723
v 38.8889 1.6529 -10.3723
v 40.4762 1.2016 -10.3723
v 42.0635 1.1301 -10.3723
v 43.6508 1.4787 -10.3723
v 45.2381 1.7249 -10.3723
v 46.8254 1.7933 -10.3723
v 48.4127 1.8687 -10.3723
v 50.0000 1.9107 -10.3723
v -50.0000 5.9168 -8.7766
v -48.4127 5.8695 -8.7766
v -46.8254 5.7625 -8.7766
v -45.2381 5.6284 -8.7766
v -43.6508 5.3496 -8.7766
v -42.0635 4.6550 -8.7766
v -40.4762 3.7788 -8.7766
v -38.8889 3.1957 -8.7766
v -37.3016 2.5830 -8.7766
v -35.7143 4.1046 -8.7766
v -34.1270 6.0700 -8.7766
v -32.5397 6.3038 -8.7766
v -30.9524 6.2705 -8.7766
v -29.3651 4.9546 -8.7766
v -27.7778 5.3055 -8.7766
v -26.1905 5.9571 -8.7766
v -24.6032 5.1559 -8.7766
v -23.0159 4.6499 -8.7766
v -21.4286 4.6093 -8.7766
v -19.8413 4.5739 -8.7766
v -18.2540 4.4970 -8.7766
v -16.6667 4.3231 -8.7766
v -15.0794 4.1542 -8.7766
v -13.4921 3.9792 -8.7766
v -11.9048 3.7552 -8.7766
v -10.3175 3.5101 -8.7766
v -8.7302 2.7589 -8.7766
v -7.1429 1.2246 -8.7766
v -5.5556 1.6452 -8.7766
v -3.9683 1.6978 -8.7766
v -2.3810 1.2693 -8.7766
v -0.7937 1.2302 -8.7766
v 0.7937 1.2259 -8.7766
v 2.3810 1.2042 -8.7766
v 3.9683 1.1823 -8.7766
v 5.5556 1.1577 -8.7766
v 7.1429 1.1333 -8.7766
v 8.7302 1.1221 -8.7766
v 10.3175 1.0994 -8.7766
v 11.9048 1.1181 -8.7766
v 13.4921 1.2715 -8.7766
v 15.0794 1.6465 -8.7766
v 16.6667 1.2878 -8.7766
v 18.2540 4.8567 -8.7766
v 19.8413 3.7441 -8.7766
v 21.4286 4.6643 -8.7766
v 23.0159 6.1316 -8.7766
v 24.6032 6.8081 -8.7766
v 26.1905 9.1691 -8.7766
v 27.7778 9.3650 -8.7766
v 29.3651 9.4728 -8.7766
v 30.9524 8.4573 -8.7766
v 32.5397 2.6335 -8.7766
v 34.1270 1.9488 -8.7766
v 35.7143 1.2276 -8.7766
v 37.3016 1.6645 -8.7766
v 38.8889 2.2865 -8.7766
v 40.4762 1.6250 -8.7766
v 42.0635 1.4200 -8.7766
v 43.6508 2.1397 -8.7766
v 45.2381 2.1967 -8.7766
v 46.8254 1.9993 -8.7766
v 48.4127 2.2732 -8.7766
v 50.0000 2.2202 -8.7766
v -50.0000 6.0339 -7.1809
v -48.4127 5.9790 -7.1809
v -46.8254 5.8664 -7.1809
v -45.2381 5.6759 -7.1809
v -43.6508 5.3524 -7.1809
v -42.0635 4.6226 -7.1809
v -40.4762 3.7486 -7.1809
v -38.8889 3.1989 -7.1809
v -37.3016 2.6888 -7.1809
v -35.7143 4.6512 -7.1809
v -34.1270 6.2785 -7.1809
v -32.5397 5.4149 -7.1809
v -30.9524 4.9675 -7.1809
v -29.3651 4.9629 -7.1809
v -27.7778 4.9719 -7.1809
v -26.1905 4.9345 -7.1809
v -24.6032 4.8418 -7.1809
v -23.0159 4.7708 -7.1809
v -21.4286 4.7172 -7.1809
v -19.8413 4.6418 -7.1809
v -18.2540 4.5474 -7.1809
v -16.6667 4.4447 -7.1809
v -15.0794 4.3247 -7.1809
v -13.4921 4.1584 -7.1809
v -11.9048 3.9447 -7.1809
v -10.3175 3.6919 -7.1809
v -8.7302 3.2678 -7.1809
v -7.1429 1.5641 -7.1809
v -5.5556 1.9589 -7.1809
v -3.9683 1.9431 -7.1809
v -2.3810 1.4981 -7.1809
v -0.7937 1.3630 -7.1809
v 0.7937 1.3678 -7.1809
v 2.3810 1.3543 -7.1809
v 3.9683 1.3277 -7.1809
v 5.5556 1.2937 -7.1809
v 7.1429 1.2613 -7.1809
v 8.7302 1.2497 -7.1809
v 10.3175 1.2313 -7.1809
v 11.9048 1.2446 -7.1809
v 13.4921 1.3604 -7.1809
v 15.0794 1.9282 -7.1809
v 16.6667 1.3805 -7.1809
v 18.2540 1.7669 -7.1809
v 19.8413 1.1790 -7.1809
v 21.4286 1.3529 -7.1809
v 23.0159 1.9304 -7.1809
v 24.6032 2.8259 -7.1809
v 26.1905 8.2380 -7.1809
v 27.7778 8.7327 -7.1809
v 29.3651 8.8487 -7.1809
v 30.9524 7.0116 -7.1809
v 32.5397 2.3751 -7.1809
v 34.1270 2.1048 -7.1809
v 35.7143 1.2856 -7.1809
v 37.3016 1.7493 -7.1809
v 38.8889 2.4700 -7.1809
v 40.4762 1.7840 -7.1809
v 42.0635 1.6252 -7.1809
v 43.6508 2.3791 -7.1809
v 45.2381 2.2937 -7.1809
v 46.8254 2.0119 -7.1809
v 48.4127 2.4331 -7.1809
v 50.0000 2.2116 -7.1809
v -50.0000 6.1139 -5.5851
v -48.4127 6.0393 -5.5851
v -46.8254 5.9212 -5.5851
v -45.2381 5.7098 -5.5851
v -43.6508 5.3430 -5.5851
v -42.0635 4.4973 -5.5851
v -40.4762 3.6724 -5.5851
v -38.8889 3.1648 -5.5851
v -37.3016 2.7070 -5.5851
v -35.7143 4.1467 -5.5851
v -34.1270 4.9068 -5.5851
v -32.5397 5.0102 -5.5851
v -30.9524 5.0597 -5.5851
v -29.3651 5.0654 -5.5851
v -27.7778 5.0518 -5.5851
v -26.1905 5.0158 -5.5851
v -24.6032 4.9579 -5.5851
v -23.0159 4.8888 -5.5851
v -21.4286 4.8181 -5.5851
v -19.8413 4.7304 -5.5851
v -18.2540 4.6409 -5.5851
v -16.6667 4.5457 -5.5851
v -15.0794 4.4310 -5.5851
v -13.4921 4.2894 -5.5851
v -11.9048 4.0977 -5.5851
v -10.3175 3.8618 -5.5851
v -8.7302 3.3611 -5.5851
v -7.1429 1.8170 -5.5851
v -5.5556 1.8263 -5.5851
v -3.9683 2.0476 -5.5851
v -2.3810 1.6439 -5.5851
v -0.7937 1.4984 -5.5851
v 0.7937 1.4963 -5.5851
v 2.3810 1.4836 -5.5851
v 3.9683 1.4546 -5.5851
v 5.5556 1.4221 -5.5851
v 7.1429 1.3879 -5.5851
v 8.7302 1.3670 -5.5851
v 10.3175 1.3449 -5.5851
v 11.9048 1.3833 -5.5851
v 13.4921 1.6808 -5.5851
v 15.0794 2.2988 -5.5851
v 16.6667 1.8081 -5.5851
v 18.2540 1.2042 -5.5851
v 19.8413 1.1872 -5.5851
v 21.4286 1.2002 -5.5851
v 23.0159 1.2118 -5.5851
v 24.6032 1.7268 -5.5851
v 26.1905 4.4396 -5.5851
v 27.7778 7.2418 -5.5851
v 29.3651 3.6304 -5.5851
v 30.9524 2.1880 -5.5851
v 32.5397 2.4041 -5.5851
v 34.1270 2.3604 -5.5851
v 35.7143 1.4746 -5.5851
v 37.3016 1.7711 -5.5851
v 38.8889 2.5001 -5.5851
v 40.4762 1.9607 -5.5851
v 42.0635 1.6485 -5.5851
v 43.6508 2.4992 -5.5851
v 45.2381 2.1630 -5.5851
v 46.8254 1.9502 -5.5851
v 48.4127 2.4867 -5.5851
v 50.0000 2.1298 -5.5851
v -50.0000 6.1125 -3.9894
v -48.4127 6.0192 -3.9894
v -46.8254 5.8892 -3.9894
v -45.2381 5.6561 -3.9894
v -43.6508 5.1840 -3.9894
v -42.0635 4.2220 -3.9894
v -40.4762 3.5635 -3.9894
v -38.8889 3.1038 -3.9894
v -37.3016 2.6801 -3.9894
v -35.7143 3.9614 -3.9894
v -34.1270 4.6875 -3.9894
v -32.5397 4.9003 -3.9894
v -30.9524 4.9696 -3.9894
v -29.3651 4.9865 -3.9894
v -27.7778 4.9726 -3.9894
v -26.1905 4.9398 -3.9894
v -24.6032 4.8863 -3.9894
v -23.0159 4.8329 -3.9894
v -21.4286 4.7928 -3.9894
v -19.8413 4.7314 -3.9894
v -18.2540 4.6572 -3.9894
v -16.6667 4.5798 -3.9894
v -15.0794 4.4869 -3.9894
v -13.4921 4.3573 -3.9894
v -11.9048 4.1898 -3.9894
v -10.3175 3.9458 -3.9894
v -8.7302 3.3372 -3.9894
v -7.1429 1.9045 -3.9894
v -5.5556 2.1900 -3.9894
v -3.9683 2.3911 -3.9894
v -2.3810 1.8226 -3.9894
v -0.7937 1.6373 -3.9894
v 0.7937 1.6218 -3.9894
v 2.3810 1.6042 -3.9894
v 3.9683 1.5750 -3.9894
v 5.5556 1.5462 -3.9894
v 7.1429 1.5173 -3.9894
v 8.7302 1.4972 -3.9894
v 10.3175 1.4699 -3.9894
v 11.9048 1.5202 -3.9894
v 13.4921 1.9266 -3.9894
v 15.0794 2.4202 -3.9894
v 16.6667 2.0203 -3.9894
v 18.2540 1.3106 -3.9894
v 19.8413 1.2864 -3.9894
v 21.4286 1.2917 -3.9894
v 23.0159 1.3309 -3.9894
v 24.6032 1.9631 -3.9894
v 26.1905 2.0860 -3.9894
v 27.7778 2.9134 -3.9894
v 29.3651 2.5633 -3.9894
v 30.9524 1.7490 -3.9894
v 32.5397 2.2863 -3.9894
v 34.1270 2.3976 -3.9894
v 35.7143 1.6560 -3.9894
v 37.3016 1.7894 -3.9894
v 38.8889 2.4886 -3.9894
v 40.4762 2.1905 -3.9894
v 42.0635 1.6496 -3.9894
v 43.6508 2.4628 -3.9894
v 45.2381 2.0772 -3.9894
v 46.8254 1.8374 -3.9894
v 48.4127 2.4607 -3.9894
v 50.0000 2.0976 -3.9894
v -50.0000 5.9780 -2.3936
v -48.4127 5.8728 -2.3936
v -46.8254 5.7306 -2.3936
v -45.2381 5.4763 -2.3936
v -43.6508 4.8255 -2.3936
v -42.0635 3.7740 -2.3936
v -40.4762 3.2297 -2.3936
v -38.8889 2.9314 -2.3936
v -37.3016 2.6049 -2.3936
v -35.7143 3.0881 -2.3936
v -34.1270 4.0630 -2.3936
v -32.5397 4.3975 -2.3936
v -30.9524 4.4794 -2.3936
v -29.3651 4.5080 -2.3936
v -27.7778 4.5062 -2.3936
v -26.1905 4.4915 -2.3936
v -24.6032 4.4657 -2.3936
v -23.0159 4.4439 -2.3936
v -21.4286 4.4399 -2.3936
v -19.8413 4.4982 -2.3936
v -18.2540 4.5294 -2.3936
v -16.6667 4.4979 -2.3936
v -15.0794 4.4599 -2.3936
v -13.4921 4.3630 -2.3936
v -11.9048 4.2024 -2.3936
v -10.3175 3.8828 -2.3936
v -8.7302 3.1373 -2.3936
v -7.1429 1.8353 -2.3936
v -5.5556 2.4708 -2.3936
v -3.9683 2.5125 -2.3936
v -2.3810 1.8982 -2.3936
v -0.7937 1.7649 -2.3936
v 0.7937 1.7492 -2.3936
v 2.3810 1.7270 -2.3936
v 3.9683 1.6974 -2.3936
v 5.5556 1.6644 -2.3936
v 7.1429 1.6362 -2.3936
v 8.7302 1.6123 -2.3936
v 10.3175 1.5824 -2.3936
v 11.9048 1.6184 -2.3936
v 13.4921 1.9021 -2.3936
v 15.0794 2.3430 -2.3936
v 16.6667 1.9199 -2.3936
v 18.2540 1.4447 -2.3936
v 19.8413 1.4211 -2.3936
v 21.4286 1.4109 -2.3936
v 23.0159 1.4304 -2.3936
v 24.6032 2.0014 -2.3936
v 26.1905 2.1404 -2.3936
v 27.7778 2.3685 -2.3936
v 29.3651 2.3037 -2.3936
v 30.9524 1.6544 -2.3936
v 32.5397 1.8773 -2.3936
v 34.1270 2.2303 -2.3936
v 35.7143 1.6654 -2.3936
v 37.3016 1.7550 -2.3936
v 38.8889 2.3855 -2.3936
v 40.4762 2.2276 -2.3936
v 42.0635 1.6080 -2.3936
v 43.6508 2.2894 -2.3936
v 45.2381 1.8188 -2.3936
v 46.8254 1.6772 -2.3936
v 48.4127 2.3249 -2.3936
v 50.0000 1.8330 -2.3936
v -50.0000 5.5170 -0.7979
v -48.4127 5.4365 -0.7979
v -46.8254 5.3164 -0.7979
v -45.2381 4.9978 -0.7979
v -43.6508 4.2512 -0.7979
v -42.0635 2.7113 -0.7979
v -40.4762 2.5395 -0.7979
v -38.8889 2.6939 -0.7979
v -37.3016 2.3880 -0.7979
v -35.7143 2.2055 -0.7979
v -34.1270 2.8985 -0.7979
v -32.5397 3.4148 -0.7979
v -30.9524 3.6779 -0.7979
v -29.3651 3.7480 -0.7979
v -27.7778 3.7869 -0.7979
v -26.1905 3.7725 -0.7979
v -24.6032 3.7721 -0.7979
v -23.0159 3.7866 -0.7979
v -21.4286 3.8133 -0.7979
v -19.8413 3.9168 -0.7979
v -18.2540 4.0248 -0.7979
v -16.6667 4.0588 -0.7979
v -15.0794 4.0670 -0.7979
v -13.4921 4.0169 -0.7979
v -11.9048 3.8764 -0.7979
v -10.3175 3.5153 -0.7979
v -8.7302 2.5776 -0.7979
v -7.1429 1.8425 -0.7979
v -5.5556 2.4047 -0.7979
v -3.9683 2.4407 -0.7979
v -2.3810 1.9292 -0.7979
v -0.7937 1.8745 -0.7979
v 0.7937 1.8706 -0.7979
v 2.3810 1.8521 -0.7979
v 3.9683 1.8222 -0.7979
v 5.5556 1.7891 -0.7979
v 7.1429 1.7616 -0.7979
v 8.7302 1.7427 -0.7979
v 10.3175 1.7094 -0.7979
v 11.9048 1.7074 -0.7979
v 13.4921 1.7306 -0.7979
v 15.0794 1.8330 -0.7979
v 16.6667 1.6829 -0.7979
v 18.2540 1.6095 -0.7979
v 19.8413 1.5868 -0.7979
v 21.4286 1.5660 -0.7979
v 23.0159 1.5653 -0.7979
v 24.6032 1.8614 -0.7979
v 26.1905 1.8475 -0.7979
v 27.7778 2.0506 -0.7979
v 29.3651 1.9830 -0.7979
v 30.9524 1.7034 -0.7979
v 32.5397 1.7024 -0.7979
v 34.1270 1.7249 -0.7979
v 35.7143 1.6750 -0.7979
v 37.3016 1.5352 -0.7979
v 38.8889 1.7410 -0.7979
v 40.4762 1.6177 -0.7979
v 42.0635 1.4436 -0.7979
v 43.6508 1.6252 -0.7979
v 45.2381 1.3685 -0.7979
v 46.8254 1.3451 -0.7979
v 48.4127 1.6518 -0.7979
v 50.0000 1.2997 -0.7979
v -50.0000 3.3102 0.7979
v -48.4127 3.4195 0.7979
v -46.8254 3.5362 0.7979
v -45.2381 3.4258 0.7979
v -43.6508 2.8154 0.7979
v -42.0635 2.4174 0.7979
v -40.4762 2.3936 0.7979
v -38.8889 2.4007 0.7979
v -37.3016 2.3382 0.7979
v -35.7143 2.2915 0.7979
v -34.1270 2.3270 0.7979
v -32.5397 2.4813 0.7979
v -30.9524 2.6070 0.7979
v -29.3651 2.6415 0.7979
v -27.7778 2.6639 0.7979
v -26.1905 2.6837 0.7979
v -24.6032 2.6885 0.7979
v -23.0159 2.6911 0.7979
v -21.4286 2.7153 0.7979
v -19.8413 2.7760 0.7979
v -18.2540 2.8409 0.7979
v -16.6667 2.9068 0.7979
v -15.0794 2.9819 0.7979
v -13.4921 2.9678 0.7979
v -11.9048 2.8414 0.7979
v -10.3175 2.5058 0.7979
v -8.7302 2.0597 0.7979
v -7.1429 2.0413 0.7979
v -5.5556 2.1342 0.7979
v -3.9683 2.1686 0.7979
v -2.3810 2.0242 0.7979
v -0.7937 2.0065 0.7979
v 0.7937 2.0056 0.7979
v 2.3810 1.9947 0.7979
v 3.9683 1.9690 0.7979
v 5.5556 1.9284 0.7979
v 7.1429 1.8996 0.7979
v 8.7302 1.8819 0.7979
v 10.3175 1.8455 0.7979
v 11.9048 1.8294 0.7979
v 13.4921 1.8334 0.7979
v 15.0794 1.8315 0.7979
v 16.6667 1.8027 0.7979
v 18.2540 1.7645 0.7979
v 19.8413 1.7421 0.7979
v 21.4286 1.7254 0.7979
v 23.0159 1.7164 0.7979
v 24.6032 1.7375 0.7979
v 26.1905 1.7459 0.7979
v 27.7778 1.7820 0.7979
v 29.3651 1.8096 0.7979
v 30.9524 1.7958 0.7979
v 32.5397 1.7924 0.7979
v 34.1270 1.7768 0.7979
v 35.7143 1.7622 0.7979
v 37.3016 1.6543 0.7979
v 38.8889 1.5772 0.7979
v 40.4762 1.5603 0.7979
v 42.0635 1.5306 0.7979
v 43.6508 1.5247 0.7979
v 45.2381 1.4786 0.7979
v 46.8254 1.4503 0.7979
v 48.4127 1.4408 0.7979
v 50.0000 1.4055 0.7979
v -50.0000 2.7053 2.3936
v -48.4127 2.6497 2.3936
v -46.8254 2.6514 2.3936
v -45.2381 2.6550 2.3936
v -43.6508 2.6163 2.3936
v -42.0635 2.5689 2.3936
v -40.4762 2.5420 2.3936
v -38.8889 2.4995 2.3936
v -37.3016 2.4640 2.3936
v -35.7143 2.4435 2.3936
v -34.1270 2.4646 2.3936
v -32.5397 2.4867 2.3936
v -30.9524 2.4961 2.3936
v -29.3651 2.4992 2.3936
v -27.7778 2.5029 2.3936
v -26.1905 2.4965 2.3936
v -24.6032 2.4863 2.3936
v -23.0159 2.4660 2.3936
v -21.4286 2.4464 2.3936
v -19.8413 2.4330 2.3936
v -18.2540 2.4069 2.3936
v -16.6667 2.3655 2.3936
v -15.0794 2.3176 2.3936
v -13.4921 2.2781 2.3936
v -11.9048 2.2542 2.3936
v -10.3175 2.2261 2.3936
v -8.7302 2.1952 2.3936
v -7.1429 2.1960 2.3936
v -5.5556 2.2050 2.3936
v -3.9683 2.1980 2.3936
v -2.3810 2.1753 2.3936
v -0.7937 2.1563 2.3936
v 0.7937 2.1445 2.3936
v 2.3810 2.1293 2.3936
v 3.9683 2.1011 2.3936
v 5.5556 2.0597 2.3936
v 7.1429 2.0346 2.3936
v 8.7302 2.0209 2.3936
v 10.3175 1.9947 2.3936
v 11.9048 1.9671 2.3936
v 13.4921 1.9579 2.3936
v 15.0794 1.9491 2.3936
v 16.6667 1.9312 2.3936
v 18.2540 1.9087 2.3936
v 19.8413 1.8953 2.3936
v 21.4286 1.8835 2.3936
v 23.0159 1.8718 2.3936
v 24.6032 1.8715 2.3936
v 26.1905 1.8692 2.3936
v 27.7778 1.8585 2.3936
v 29.3651 1.8461 2.3936
v 30.9524 1.8335 2.3936
v 32.5397 1.8177 2.3936
v 34.1270 1.7964 2.3936
v 35.7143 1.7743 2.3936
v 37.3016 1.7231 2.3936
v 38.8889 1.6794 2.3936
v 40.4762 1.6688 2.3936
v 42.0635 1.6498 2.3936
v 43.6508 1.6410 2.3936
v 45.2381 1.6169 2.3936
v 46.8254 1.5920 2.3936
v 48.4127 1.5733 2.3936
v 50.0000 1.5549 2.3936
v -50.0000 2.7654 3.9894
v -48.4127 2.7664 3.9894
v -46.8254 2.7526 3.9894
v -45.2381 2.7301 3.9894
v -43.6508 2.7141 3.9894
v -42.0635 2.6922 3.9894
v -40.4762 2.6720 3.9894
v -38.8889 2.6416 3.9894
v -37.3016 2.6203 3.9894
v -35.7143 2.6080 3.9894
v -34.1270 2.6068 3.9894
v -32.5397 2.6187 3.9894
v -30.9524 2.6251 3.9894
v -29.3651 2.6194 3.9894
v -27.7778 2.6093 3.9894
v -26.1905 2.5968 3.9894
v -24.6032 2.5738 3.9894
v -23.0159 2.5503 3.9894
v -21.4286 2.5275 3.9894
v -19.8413 2.5051 3.9894
v -18.2540 2.4800 3.9894
v -16.6667 2.4489 3.9894
v -15.0794 2.4099 3.9894
v -13.4921 2.3800 3.9894
v -11.9048 2.3588 3.9894
v -10.3175 2.3455 3.9894
v -8.7302 2.3387 3.9894
v -7.1429 2.3357 3.9894
v -5.5556 2.3310 3.9894
v -3.9683 2.3267 3.9894
v -2.3810 2.3135 3.9894
v -0.7937 2.2933 3.9894
v 0.7937 2.2824 3.9894
v 2.3810 2.2656 3.9894
v 3.9683 2.2373 3.9894
v 5.5556 2.1963 3.9894
v 7.1429 2.1636 3.9894
v 8.7302 2.1442 3.9894
v 10.3175 2.1310 3.9894
v 11.9048 2.1062 3.9894
v 13.4921 2.0904 3.9894
v 15.0794 2.0761 3.9894
v 16.6667 2.0606 3.9894
v 18.2540 2.0479 3.9894
v 19.8413 2.0328 3.9894
v 21.4286 2.0228 3.9894
v 23.0159 2.0139 3.9894
v 24.6032 2.0011 3.9894
v 26.1905 1.9860 3.9894
v 27.7778 1.9696 3.9894
v 29.3651 1.9573 3.9894
v 30.9524 1.9408 3.9894
v 32.5397 1.9134 3.9894
v 34.1270 1.8859 3.9894
v 35.7143 1.8589 3.9894
v 37.3016 1.8273 3.9894
v 38.8889 1.8082 3.9894
v 40.4762 1.8023 3.9894
v 42.0635 1.7852 3.9894
v 43.6508 1.7714 3.9894
v 45.2381 1.7497 3.9894
v 46.8254 1.7308 3.9894
v 48.4127 1.7089 3.9894
v 50.0000 1.6859 3.9894
v -50.0000 2.8983 5.5851
v -48.4127 2.8880 5.5851
v -46.8254 2.8707 5.5851
v -45.2381 2.8499 5.5851
v -43.6508 2.8392 5.5851
v -42.0635 2.8210 5.5851
v -40.4762 2.8001 5.5851
v -38.8889 2.7749 5.5851
v -37.3016 2.7599 5.5851
v -35.7143 2.7494 5.5851
v -34.1270 2.7430 5.5851
v -32.5397 2.7442 5.5851
v -30.9524 2.7450 5.5851
v -29.3651 2.7360 5.5851
v -27.7778 2.7234 5.5851
v -26.1905 2.7104 5.5851
v -24.6032 2.6844 5.5851
v -23.0159 2.6565 5.5851
v -21.4286 2.6343 5.5851
v -19.8413 2.6084 5.5851
v -18.2540 2.5788 5.5851
v -16.6667 2.5533 5.5851
v -15.0794 2.5297 5.5851
v -13.4921 2.5082 5.5851
v -11.9048 2.4940 5.5851
v -10.3175 2.4843 5.5851
v -8.7302 2.4745 5.5851
v -7.1429 2.4662 5.5851
v -5.5556 2.4578 5.5851
v -3.9683 2.4488 5.5851
v -2.3810 2.4392 5.5851
v -0.7937 2.4229 5.5851
v 0.7937 2.4150 5.5851
v 2.3810 2.4032 5.5851
v 3.9683 2.3779 5.5851
v 5.5556 2.3401 5.5851
v 7.1429 2.3037 5.5851
v 8.7302 2.2859 5.5851
v 10.3175 2.2762 5.5851
v 11.9048 2.2491 5.5851
v 13.4921 2.2314 5.5851
v 15.0794 2.2121 5.5851
v 16.6667 2.1932 5.5851
v 18.2540 2.1797 5.5851
v 19.8413 2.1630 5.5851
v 21.4286 2.1485 5.5851
v 23.0159 2.1371 5.5851
v 24.6032 2.1262 5.5851
v 26.1905 2.1096 5.5851
v 27.7778 2.0942 5.5851
v 29.3651 2.0831 5.5851
v 30.9524 2.0682 5.5851
v 32.5397 2.0440 5.5851
v 34.1270 2.0188 5.5851
v 35.7143 1.9877 5.5851
v 37.3016 1.9601 5.5851
v 38.8889 1.9427 5.5851
v 40.4762 1.9310 5.5851
v 42.0635 1.9128 5.5851
v 43.6508 1.9006 5.5851
v 45.2381 1.8826 5.5851
v 46.8254 1.8683 5.5851
v 48.4127 1.8499 5.5851
v 50.0000 1.8259 5.5851
v -50.0000 3.0374 7.1809
v -48.4127 3.0295 7.1809
v -46.8254 3.0176 7.1809
v -45.2381 3.0001 7.1809
v -43.6508 2.9840 7.1809
v -42.0635 2.9617 7.1809
v -40.4762 2.9405 7.1809
v -38.8889 2.9194 7.1809
v -37.3016 2.9031 7.1809
v -35.7143 2.8940 7.1809
v -34.1270 2.8877 7.1809
v -32.5397 2.8892 7.1809
v -30.9524 2.8871 7.1809
v -29.3651 2.8740 7.1809
v -27.7778 2.8580 7.1809
v -26.1905 2.8420 7.1809
v -24.6032 2.8154 7.1809
v -23.0159 2.7888 7.1809
v -21.4286 2.7647 7.1809
v -19.8413 2.7378 7.1809
v -18.2540 2.7104 7.1809
v -16.6667 2.6899 7.1809
v -15.0794 2.6729 7.1809
v -13.4921 2.6530 7.1809
v -11.9048 2.6370 7.1809
v -10.3175 2.6254 7.1809
v -8.7302 2.6110 7.1809
v -7.1429 2.6009 7.1809
v -5.5556 2.5980 7.1809
v -3.9683 2.5914 7.1809
v -2.3810 2.5785 7.1809
v -0.7937 2.5646 7.1809
v 0.7937 2.5545 7.1809
v 2.3810 2.5432 7.1809
v 3.9683 2.5203 7.1809
v 5.5556 2.4895 7.1809
v 7.1429 2.4549 7.1809
v 8.7302 2.4314 7.1809
v 10.3175 2.4256 7.1809
v 11.9048 2.3992 7.1809
v 13.4921 2.3812 7.1809
v 15.0794 2.3623 7.1809
v 16.6667 2.3437 7.1809
v 18.2540 2.3249 7.1809
v 19.8413 2.3047 7.1809
v 21.4286 2.2879 7.1809
v 23.0159 2.2740 7.1809
v 24.6032 2.2623 7.1809
v 26.1905 2.2457 7.1809
v 27.7778 2.2318 7.1809
v 29.3651 2.2200 7.1809
v 30.9524 2.2077 7.1809
v 32.5397 2.1893 7.1809
v 34.1270 2.1648 7.1809
v 35.7143 2.1356 7.1809
v 37.3016 2.1123 7.1809
v 38.8889 2.0962 7.1809
v 40.4762 2.0783 7.1809
v 42.0635 2.0526 7.1809
v 43.6508 2.0364 7.1809
v 45.2381 2.0229 7.1809
v 46.8254 2.0111 7.1809
v 48.4127 1.9959 7.1809
v 50.0000 1.9806 7.1809
v -50.0000 3.1714 8.7766
v -48.4127 3.1743 8.7766
v -46.8254 3.1698 8.7766
v -45.2381 3.1534 8.7766
v -43.6508 3.1279 8.7766
v -42.0635 3.1073 8.7766
v -40.4762 3.0856 8.7766
v -38.8889 3.0686 8.7766
v -37.3016 3.0532 8.7766
v -35.7143 3.0449 8.7766
v -34.1270 3.0361 8.7766
v -32.5397 3.0327 8.7766
v -30.9524 3.0225 8.7766
v -29.3651 3.0074 8.7766
v -27.7778 2.9915 8.7766
v -26.1905 2.9757 8.7766
v -24.6032 2.9478 8.7766
v -23.0159 2.9229 8.7766
v -21.4286 2.8961 8.7766
v -19.8413 2.8743 8.7766
v -18.2540 2.8555 8.7766
v -16.6667 2.8382 8.7766
v -15.0794 2.8225 8.7766
v -13.4921 2.8052 8.7766
v -11.9048 2.7878 8.7766
v -10.3175 2.7686 8.7766
v -8.7302 2.7501 8.7766
v -7.1429 2.7441 8.7766
v -5.5556 2.7481 8.7766
v -3.9683 2.7458 8.7766
v -2.3810 2.7296 8.7766
v -0.7937 2.7136 8.7766
v 0.7937 2.6977 8.7766
v 2.3810 2.6857 8.7766
v 3.9683 2.6686 8.7766
v 5.5556 2.6423 8.7766
v 7.1429 2.6079 8.7766
v 8.7302 2.5808 8.7766
v 10.3175 2.5764 8.7766
v 11.9048 2.5573 8.7766
v 13.4921 2.5485 8.7766
v 15.0794 2.5302 8.7766
v 16.6667 2.5060 8.7766
v 18.2540 2.4851 8.7766
v 19.8413 2.4607 8.7766
v 21.4286 2.4370 8.7766
v 23.0159 2.4197 8.7766
v 24.6032 2.4080 8.7766
v 26.1905 2.3936 8.7766
v 27.7778 2.3827 8.7766
v 29.3651 2.3671 8.7766
v 30.9524 2.3535 8.7766
v 32.5397 2.3367 8.7766
v 34.1270 2.3179 8.7766
v 35.7143 2.2911 8.7766
v 37.3016 2.2644 8.7766
v 38.8889 2.2473 8.7766
v 40.4762 2.2274 8.7766
v 42.0635 2.2042 8.7766
v 43.6508 2.1843 8.7766
v 45.2381 2.1738 8.7766
v 46.8254 2.1608 8.7766
v 48.4127 2.1422 8.7766
v 50.0000 2.1380 8.7766
v -50.0000 3.3119 10.3723
v -48.4127 3.3185 10.3723
v -46.8254 3.3075 10.3723
v -45.2381 3.2908 10.3723
v -43.6508 3.2697 10.3723
v -42.0635 3.2546 10.3723
v -40.4762 3.2376 10.3723
v -38.8889 3.2202 10.3723
v -37.3016 3.2027 10.3723
v -35.7143 3.1893 10.3723
v -34.1270 3.1791 10.3723
v -32.5397 3.1697 10.3723
v -30.9524 3.1568 10.3723
v -29.3651 3.1394 10.3723
v -27.7778 3.1232 10.3723
v -26.1905 3.1053 10.3723
v -24.6032 3.0799 10.3723
v -23.0159 3.0571 10.3723
v -21.4286 3.0358 10.3723
v -19.8413 3.0225 10.3723
v -18.2540 3.0087 10.3723
v -16.6667 2.9927 10.3723
v -15.0794 2.9780 10.3723
v -13.4921 2.9602 10.3723
v -11.9048 2.9413 10.3723
v -10.3175 2.9196 10.3723
v -8.7302 2.9003 10.3723
v -7.1429 2.8920 10.3723
v -5.5556 2.8965 10.3723
v -3.9683 2.8962 10.3723
v -2.3810 2.8812 10.3723
v -0.7937 2.8663 10.3723
v 0.7937 2.8495 10.3723
v 2.3810 2.8328 10.3723
v 3.9683 2.8169 10.3723
v 5.5556 2.7960 10.3723
v 7.1429 2.7692 10.3723
v 8.7302 2.7410 10.3723
v 10.3175 2.7290 10.3723
v 11.9048 2.7162 10.3723
v 13.4921 2.7109 10.3723
v 15.0794 2.6915 10.3723
v 16.6667 2.6701 10.3723
v 18.2540 2.6477 10.3723
v 19.8413 2.6229 10.3723
v 21.4286 2.5972 10.3723
v 23.0159 2.5796 10.3723
v 24.6032 2.5653 10.3723
v 26.1905 2.5512 10.3723
v 27.7778 2.5347 10.3723
v 29.3651 2.5180 10.3723
v 30.9524 2.5054 10.3723
v 32.5397 2.4914 10.3723
v 34.1270 2.4697 10.3723
v 35.7143 2.4441 10.3723
v 37.3016 2.4160 10.3723
v 38.8889 2.3964 10.3723
v 40.4762 2.3801 10.3723
v 42.0635 2.3553 10.3723
v 43.6508 2.3315 10.3723
v 45.2381 2.3187 10.3723
v 46.8254 2.3089 10.3723
v 48.4127 2.2939 10.3723
v 50.0000 2.2943 10.3723
v -50.0000 3.4513 11.9681
v -48.4127 3.4538 11.9681
v -46.8254 3.4467 11.9681
v -45.2381 3.4325 11.9681
v -43.6508 3.4123 11.9681
v -42.0635 3.3952 11.9681
v -40.4762 3.3802 11.9681
v -38.8889 3.3631 11.9681
v -37.3016 3.3445 11.9681
v -35.7143 3.3272 11.9681
v -34.1270 3.3132 11.9681
v -32.5397 3.3040 11.9681
v -30.9524 3.2929 11.9681
v -29.3651 3.2753 11.9681
v -27.7778 3.2569 11.9681
v -26.1905 3.2408 11.9681
v -24.6032 3.2194 11.9681
v -23.0159 3.1984 11.9681
v -21.4286 3.1819 11.9681
v -19.8413 3.1730 11.9681
v -18.2540 3.1582 11.9681
v -16.6667 3.1415 11.9681
v -15.0794 3.1304 11.9681
v -13.4921 3.1120 11.9681
v -11.9048 3.0925 11.9681
v -10.3175 3.0688 11.9681
v -8.7302 3.0508 11.9681
v -7.1429 3.0408 11.9681
v -5.5556 3.0385 11.9681
v -3.9683 3.0368 11.9681
v -2.3810 3.0189 11.9681
v -0.7937 3.0049 11.9681
v 0.7937 2.9895 11.9681
v 2.3810 2.9733 11.9681
v 3.9683 2.9595 11.9681
v 5.5556 2.9449 11.9681
v 7.1429 2.9251 11.9681
v 8.7302 2.9003 11.9681
v 10.3175 2.8861 11.9681
v 11.9048 2.8840 11.9681
v 13.4921 2.8775 11.9681
v 15.0794 2.8586 11.9681
v 16.6667 2.8327 11.9681
v 18.2540 2.8102 11.9681
v 19.8413 2.7866 11.9681
v 21.4286 2.7617 11.9681
v 23.0159 2.7448 11.9681
v 24.6032 2.7274 11.9681
v 26.1905 2.7098 11.9681
v 27.7778 2.6886 11.9681
v 29.3651 2.6729 11.9681
v 30.9524 2.6592 11.9681
v 32.5397 2.6454 11.9681
v 34.1270 2.6239 11.9681
v 35.7143 2.5924 11.9681
v 37.3016 2.5655 11.9681
v 38.8889 2.5462 11.9681
v 40.4762 2.5292 11.9681
v 42.0635 2.5073 11.9681
v 43.6508 2.4787 11.9681
v 45.2381 2.4604 11.9681
v 46.8254 2.4556 11.9681
v 48.4127 2.4415 11.9681
v 50.0000 2.4273 11.9681
v -50.0000 3.5850 13.5638
v -48.4127 3.5865 13.5638
v -46.8254 3.5800 13.5638
v -45.2381 3.5677 13.5638
v -43.6508 3.5527 13.5638
v -42.0635 3.5362 13.5638
v -40.4762 3.5210 13.5638
v -38.8889 3.5035 13.5638
v -37.3016 3.4868 13.5638
v -35.7143 3.4710 13.5638
v -34.1270 3.4572 13.5638
v -32.5397 3.4472 13.5638
v -30.9524 3.4337 13.5638
v -29.3651 3.4159 13.5638
v -27.7778 3.3955 13.5638
v -26.1905 3.3783 13.5638
v -24.6032 3.3619 13.5638
v -23.0159 3.3430 13.5638
v -21.4286 3.3290 13.5638
v -19.8413 3.3227 13.5638
v -18.2540 3.3115 13.5638
v -16.6667 3.2956 13.5638
v -15.0794 3.2828 13.5638
v -13.4921 3.2646 13.5638
v -11.9048 3.2423 13.5638
v -10.3175 3.2181 13.5638
v -8.7302 3.2004 13.5638
v -7.1429 3.1842 13.5638
v -5.5556 3.1742 13.5638
v -3.9683 3.1707 13.5638
v -2.3810 3.1545 13.5638
v -0.7937 3.1418 13.5638
v 0.7937 3.1312 13.5638
v 2.3810 3.1183 13.5638
v 3.9683 3.1046 13.5638
v 5.5556 3.0922 13.5638
v 7.1429 3.0818 13.5638
v 8.7302 3.0621 13.5638
v 10.3175 3.0441 13.5638
v 11.9048 3.0464 13.5638
v 13.4921 3.0350 13.5638
v 15.0794 3.0095 13.5638
v 16.6667 2.9866 13.5638
v 18.2540 2.9669 13.5638
v 19.8413 2.9401 13.5638
v 21.4286 2.9169 13.5638
v 23.0159 2.9008 13.5638
v 24.6032 2.8825 13.5638
v 26.1905 2.8598 13.5638
v 27.7778 2.8397 13.5638
v 29.3651 2.8255 13.5638
v 30.9524 2.8075 13.5638
v 32.5397 2.7905 13.5638
v 34.1270 2.7670 13.5638
v 35.7143 2.7357 13.5638
v 37.3016 2.7110 13.5638
v 38.8889 2.6910 13.5638
v 40.4762 2.6740 13.5638
v 42.0635 2.6511 13.5638
v 43.6508 2.6235 13.5638
v 45.2381 2.6040 13.5638
v 46.8254 2.5986 13.5638
v 48.4127 2.5869 13.5638
v 50.0000 2.5661 13.5638
v -50.0000 3.7259 15.1596
v -48.4127 3.7301 15.1596
v -46.8254 3.7206 15.1596
v -45.2381 3.7103 15.1596
v -43.6508 3.6999 15.1596
v -42.0635 3.6862 15.1596
v -40.4762 3.6735 15.1596
v -38.8889 3.6567 15.1596
v -37.3016 3.6420 15.1596
v -35.7143 3.6260 15.1596
v -34.1270 3.6138 15.1596
v -32.5397 3.5993 15.1596
v -30.9524 3.5866 15.1596
v -29.3651 3.5679 15.1596
v -27.7778 3.5489 15.1596
v -26.1905 3.5306 15.1596
v -24.6032 3.5125 15.1596
v -23.0159 3.4941 15.1596
v -21.4286 3.4782 15.1596
v -19.8413 3.4710 15.1596
v -18.2540 3.4623 15.1596
v -16.6667 3.4517 15.1596
v -15.0794 3.4365 15.1596
v -13.4921 3.4126 15.1596
v -11.9048 3.3875 15.1596
v -10.3175 3.3686 15.1596
v -8.7302 3.3547 15.1596
v -7.1429 3.3394 15.1596
v -5.5556 3.3264 15.1596
v -3.9683 3.3190 15.1596
v -2.3810 3.3087 15.1596
v -0.7937 3.2996 15.1596
v 0.7937 3.2922 15.1596
v 2.3810 3.2827 15.1596
v 3.9683 3.2704 15.1596
v 5.5556 3.2596 15.1596
v 7.1429 3.2516 15.1596
v 8.7302 3.2341 15.1596
v 10.3175 3.2111 15.1596
v 11.9048 3.2070 15.1596
v 13.4921 3.1895 15.1596
v 15.0794 3.1586 15.1596
v 16.6667 3.1337 15.1596
v 18.2540 3.1168 15.1596
v 19.8413 3.0920 15.1596
v 21.4286 3.0699 15.1596
v 23.0159 3.0503 15.1596
v 24.6032 3.0315 15.1596
v 26.1905 3.0101 15.1596
v 27.7778 2.9915 15.1596
v 29.3651 2.9753 15.1596
v 30.9524 2.9546 15.1596
v 32.5397 2.9371 15.1596
v 34.1270 2.9128 15.1596
v 35.7143 2.8808 15.1596
v 37.3016 2.8572 15.1596
v 38.8889 2.8420 15.1596
v 40.4762 2.8277 15.1596
v 42.0635 2.8066 15.1596
v 43.6508 2.7828 15.1596
v 45.2381 2.7636 15.1596
v 46.8254 2.7565 15.1596
v 48.4127 2.7465 15.1596
v 50.0000 2.7292 15.1596
v -50.0000 3.8840 16.7553
v -48.4127 3.8812 16.7553
v -46.8254 3.8736 16.7553
v -45.2381 3.8629 16.7553
v -43.6508 3.8532 16.7553
v -42.0635 3.8414 16.7553
v -40.4762 3.8291 16.7553
v -38.8889 3.8153 16.7553
v -37.3016 3.8020 16.7553
v -35.7143 3.7859 16.7553
v -34.1270 3.7760 16.7553
v -32.5397 3.7626 16.7553
v -30.9524 3.7476 16.7553
v -29.3651 3.7299 16.7553
v -27.7778 3.7109 16.7553
v -26.1905 3.6868 16.7553
v -24.6032 3.6676 16.7553
v -23.0159 3.6505 16.7553
v -21.4286 3.6348 16.7553
v -19.8413 3.6219 16.7553
v -18.2540 3.6125 16.7553
v -16.6667 3.6026 16.7553
v -15.0794 3.5863 16.7553
v -13.4921 3.5616 16.7553
v -11.9048 3.5399 16.7553
v -10.3175 3.5298 16.7553
v -8.7302 3.5204 16.7553
v -7.1429 3.5052 16.7553
v -5.5556 3.4960 16.7553
v -3.9683 3.4885 16.7553
v -2.3810 3.4815 16.7553
v -0.7937 3.4741 16.7553
v 0.7937 3.4655 16.7553
v 2.3810 3.4577 16.7553
v 3.9683 3.4453 16.7553
v 5.5556 3.4359 16.7553
v 7.1429 3.4281 16.7553
v 8.7302 3.4139 16.7553
v 10.3175 3.3859 16.7553
v 11.9048 3.3704 16.7553
v 13.4921 3.3480 16.7553
v 15.0794 3.3207 16.7553
v 16.6667 3.2902 16.7553
v 18.2540 3.2710 16.7553
v 19.8413 3.2486 16.7553
v 21.4286 3.2257 16.7553
v 23.0159 3.2009 16.7553
v 24.6032 3.1798 16.7553
v 26.1905 3.1628 16.7553
v 27.7778 3.1461 16.7553
v 29.3651 3.1284 16.7553
v 30.9524 3.1090 16.7553
v 32.5397 3.0923 16.7553
v 34.1270 3.0694 16.7553
v 35.7143 3.0376 16.7553
v 37.3016 3.0138 16.7553
v 38.8889 3.0041 16.7553
v 40.4762 2.9986 16.7553
v 42.0635 2.9811 16.7553
v 43.6508 2.9620 16.7553
v 45.2381 2.9442 16.7553
v 46.8254 2.9367 16.7553
v 48.4127 2.9293 16.7553
v 50.0000 2.9198 16.7553
v -50.0000 4.0379 18.3511
v -48.4127 4.0383 18.3511
v -46.8254 4.0334 18.3511
v -45.2381 4.0249 18.3511
v -43.6508 4.0155 18.3511
v -42.0635 4.0040 18.3511
v -40.4762 3.9944 18.3511
v -38.8889 3.9809 18.3511
v -37.3016 3.9649 18.3511
v -35.7143 3.9465 18.3511
v -34.1270 3.9346 18.3511
v -32.5397 3.9212 18.3511
v -30.9524 3.9065 18.3511
v -29.3651 3.8888 18.3511
v -27.7778 3.8691 18.3511
v -26.1905 3.8446 18.3511
v -24.6032 3.8202 18.3511
v -23.0159 3.8025 18.3511
v -21.4286 3.7868 18.3511
v -19.8413 3.7715 18.3511
v -18.2540 3.7630 18.3511
v -16.6667 3.7522 18.3511
v -15.0794 3.7371 18.3511
v -13.4921 3.7147 18.3511
v -11.9048 3.6981 18.3511
v -10.3175 3.6856 18.3511
v -8.7302 3.6733 18.3511
v -7.1429 3.6623 18.3511
v -5.5556 3.6569 18.3511
v -3.9683 3.6500 18.3511
v -2.3810 3.6446 18.3511
v -0.7937 3.6350 18.3511
v 0.7937 3.6243 18.3511
v 2.3810 3.6165 18.3511
v 3.9683 3.6080 18.3511
v 5.5556 3.5994 18.3511
v 7.1429 3.5882 18.3511
v 8.7302 3.5715 18.3511
v 10.3175 3.5508 18.3511
v 11.9048 3.5302 18.3511
v 13.4921 3.5086 18.3511
v 15.0794 3.4767 18.3511
v 16.6667 3.4430 18.3511
v 18.2540 3.4203 18.3511
v 19.8413 3.3986 18.3511
v 21.4286 3.3791 18.3511
v 23.0159 3.3597 18.3511
v 24.6032 3.3395 18.3511
v 26.1905 3.3259 18.3511
v 27.7778 3.3131 18.3511
v 29.3651 3.2948 18.3511
v 30.9524 3.2742 18.3511
v 32.5397 3.2562 18.3511
v 34.1270 3.2336 18.3511
v 35.7143 3.2068 18.3511
v 37.3016 3.1851 18.3511
v 38.8889 3.1799 18.3511
v 40.4762 3.1764 18.3511
v 42.0635 3.1644 18.3511
v 43.6508 3.1495 18.3511
v 45.2381 3.1337 18.3511
v 46.8254 3.1238 18.3511
v 48.4127 3.1160 18.3511
v 50.0000 3.1097 18.3511
v -50.0000 4.2005 19.9468
v -48.4127 4.2034 19.9468
v -46.8254 4.1986 19.9468
v -45.2381 4.1890 19.9468
v -43.6508 4.1802 19.9468
v -42.0635 4.1716 19.9468
v -40.4762 4.1647 19.9468
v -38.8889 4.1518 19.9468
v -37.3016 4.1318 19.9468
v -35.7143 4.1168 19.9468
v -34.1270 4.1009 19.9468
v -32.5397 4.0835 19.9468
v -30.9524 4.0688 19.9468
v -29.3651 4.0477 19.9468
v -27.7778 4.0287 19.9468
v -26.1905 4.0052 19.9468
v -24.6032 3.9791 19.9468
v -23.0159 3.9591 19.9468
v -21.4286 3.9438 19.9468
v -19.8413 3.9328 19.9468
v -18.2540 3.9258 19.9468
v -16.6667 3.9147 19.9468
v -15.0794 3.8981 19.9468
v -13.4921 3.8727 19.9468
v -11.9048 3.8581 19.9468
v -10.3175 3.8504 19.9468
v -8.7302 3.8396 19.9468
v -7.1429 3.8264 19.9468
v -5.5556 3.8152 19.9468
v -3.9683 3.8097 19.9468
v -2.3810 3.8047 19.9468
v -0.7937 3.7918 19.9468
v 0.7937 3.7813 19.9468
v 2.3810 3.7736 19.9468
v 3.9683 3.7661 19.9468
v 5.5556 3.7582 19.9468
v 7.1429 3.7473 19.9468
v 8.7302 3.7302 19.9468
v 10.3175 3.7093 19.9468
v 11.9048 3.6844 19.9468
v 13.4921 3.6652 19.9468
v 15.0794 3.6309 19.9468
v 16.6667 3.6016 19.9468
v 18.2540 3.5756 19.9468
v 19.8413 3.5520 19.9468
v 21.4286 3.5346 19.9468
v 23.0159 3.5238 19.9468
v 24.6032 3.5095 19.9468
v 26.1905 3.4978 19.9468
v 27.7778 3.4873 19.9468
v 29.3651 3.4674 19.9468
v 30.9524 3.4463 19.9468
v 32.5397 3.4261 19.9468
v 34.1270 3.3996 19.9468
v 35.7143 3.3783 19.9468
v 37.3016 3.3638 19.9468
v 38.8889 3.3613 19.9468
v 40.4762 3.3610 19.9468
v 42.0635 3.3548 19.9468
v 43.6508 3.3418 19.9468
v 45.2381 3.3271 19.9468
v 46.8254 3.3134 19.9468
v 48.4127 3.3027 19.9468
v 50.0000 3.2895 19.9468
v -50.0000 4.3652 21.5426
v -48.4127 4.3720 21.5426
v -46.8254 4.3707 21.5426
v -45.2381 4.3604 21.5426
v -43.6508 4.3563 21.5426
v -42.0635 4.3507 21.5426
v -40.4762 4.3456 21.5426
v -38.8889 4.3291 21.5426
v -37.3016 4.3061 21.5426
v -35.7143 4.2912 21.5426
v -34.1270 4.2725 21.5426
v -32.5397 4.2496 21.5426
v -30.9524 4.2320 21.5426
v -29.3651 4.2089 21.5426
v -27.7778 4.1862 21.5426
v -26.1905 4.1673 21.5426
v -24.6032 4.1430 21.5426
v -23.0159 4.1223 21.5426
v -21.4286 4.1053 21.5426
v -19.8413 4.0919 21.5426
v -18.2540 4.0832 21.5426
v -16.6667 4.0724 21.5426
v -15.0794 4.0544 21.5426
v -13.4921 4.0332 21.5426
v -11.9048 4.0198 21.5426
v -10.3175 4.0120 21.5426
v -8.7302 4.0016 21.5426
v -7.1429 3.9861 21.5426
v -5.5556 3.9726 21.5426
v -3.9683 3.9670 21.5426
v -2.3810 3.9574 21.5426
v -0.7937 3.9423 21.5426
v 0.7937 3.9270 21.5426
v 2.3810 3.9192 21.5426
v 3.9683 3.9153 21.5426
v 5.5556 3.9119 21.5426
v 7.1429 3.9029 21.5426
v 8.7302 3.8840 21.5426
v 10.3175 3.8612 21.5426
v 11.9048 3.8328 21.5426
v 13.4921 3.8097 21.5426
v 15.0794 3.7831 21.5426
v 16.6667 3.7555 21.5426
v 18.2540 3.7352 21.5426
v 19.8413 3.7152 21.5426
v 21.4286 3.6984 21.5426
v 23.0159 3.6893 21.5426
v 24.6032 3.6807 21.5426
v 26.1905 3.6709 21.5426
v 27.7778 3.6583 21.5426
v 29.3651 3.6380 21.5426
v 30.9524 3.6146 21.5426
v 32.5397 3.5957 21.5426
v 34.1270 3.5736 21.5426
v 35.7143 3.5574 21.5426
v 37.3016 3.5477 21.5426
v 38.8889 3.5468 21.5426
v 40.4762 3.5467 21.5426
v 42.0635 3.5439 21.5426
v 43.6508 3.5297 21.5426
v 45.2381 3.5103 21.5426
v 46.8254 3.4949 21.5426
v 48.4127 3.4824 21.5426
v 50.0000 3.4671 21.5426
v -50.0000 4.5333 23.1383
v -48.4127 4.5447 23.1383
v -46.8254 4.5438 23.1383
v -45.2381 4.5371 23.1383
v -43.6508 4.5334 23.1383
v -42.0635 4.5257 23.1383
v -40.4762 4.5210 23.1383
v -38.8889 4.5015 23.1383
v -37.3016 4.4805 23.1383
v -35.7143 4.4646 23.1383
v -34.1270 4.4462 23.1383
v -32.5397 4.4263 23.1383
v -30.9524 4.4043 23.1383
v -29.3651 4.3799 23.1383
v -27.7778 4.3536 23.1383
v -26.1905 4.3290 23.1383
v -24.6032 4.3071 23.1383
v -23.0159 4.2913 23.1383
v -21.4286 4.2727 23.1383
v -19.8413 4.2585 23.1383
v -18.2540 4.2515 23.1383
v -16.6667 4.2377 23.1383
v -15.0794 4.2192 23.1383
v -13.4921 4.2012 23.1383
v -11.9048 4.1911 23.1383
v -10.3175 4.1812 23.1383
v -8.7302 4.1728 23.1383
v -7.1429 4.1619 23.1383
v -5.5556 4.1465 23.1383
v -3.9683 4.1334 23.1383
v -2.3810 4.1167 23.1383
v -0.7937 4.0995 23.1383
v 0.7937 4.0835 23.1383
v 2.3810 4.0745 23.1383
v 3.9683 4.0726 23.1383
v 5.5556 4.0699 23.1383
v 7.1429 4.0611 23.1383
v 8.7302 4.0456 23.1383
v 10.3175 4.0251 23.1383
v 11.9048 3.9929 23.1383
v 13.4921 3.9639 23.1383
v 15.0794 3.9382 23.1383
v 16.6667 3.9068 23.1383
v 18.2540 3.8924 23.1383
v 19.8413 3.8772 23.1383
v 21.4286 3.8640 23.1383
v 23.0159 3.8586 23.1383
v 24.6032 3.8568 23.1383
v 26.1905 3.8493 23.1383
v 27.7778 3.8373 23.1383
v 29.3651 3.8073 23.1383
v 30.9524 3.7811 23.1383
v 32.5397 3.7660 23.1383
v 34.1270 3.7603 23.1383
v 35.7143 3.7513 23.1383
v 37.3016 3.7399 23.1383
v 38.8889 3.7338 23.1383
v 40.4762 3.7341 23.1383
v 42.0635 3.7257 23.1383
v 43.6508 3.7046 23.1383
v 45.2381 3.6821 23.1383
v 46.8254 3.6659 23.1383
v 48.4127 3.6562 23.1383
v 50.0000 3.6466 23.1383
v -50.0000 4.7119 24.7340
v -48.4127 4.7215 24.7340
v -46.8254 4.7214 24.7340
v -45.2381 4.7127 24.7340
v -43.6508 4.7070 24.7340
v -42.0635 4.6966 24.7340
v -40.4762 4.6880 24.7340
v -38.8889 4.6722 24.7340
v -37.3016 4.6553 24.7340
v -35.7143 4.6366 24.7340
v -34.1270 4.6118 24.7340
v -32.5397 4.5928 24.7340
v -30.9524 4.5688 24.7340
v -29.3651 4.5412 24.7340
v -27.7778 4.5194 24.7340
v -26.1905 4.5001 24.7340
v -24.6032 4.4786 24.7340
v -23.0159 4.4603 24.7340
v -21.4286 4.4403 24.7340
v -19.8413 4.4258 24.7340
v -18.2540 4.4193 24.7340
v -16.6667 4.4096 24.7340
v -15.0794 4.3952 24.7340
v -13.4921 4.3765 24.7340
v -11.9048 4.3608 24.7340
v -10.3175 4.3536 24.7340
v -8.7302 4.3506 24.7340
v -7.1429 4.3444 24.7340
v -5.5556 4.3288 24.7340
v -3.9683 4.3069 24.7340
v -2.3810 4.2831 24.7340
v -0.7937 4.2660 24.7340
v 0.7937 4.2515 24.7340
v 2.3810 4.2429 24.7340
v 3.9683 4.2452 24.7340
v 5.5556 4.2416 24.7340
v 7.1429 4.2325 24.7340
v 8.7302 4.2131 24.7340
v 10.3175 4.1865 24.7340
v 11.9048 4.1495 24.7340
v 13.4921 4.1129 24.7340
v 15.0794 4.0899 24.7340
v 16.6667 4.0568 24.7340
v 18.2540 4.0407 24.7340
v 19.8413 4.0292 24.7340
v 21.4286 4.0231 24.7340
v 23.0159 4.0247 24.7340
v 24.6032 4.0288 24.7340
v 26.1905 4.0198 24.7340
v 27.7778 4.0017 24.7340
v 29.3651 4.0337 24.7340
v 30.9524 3.9786 24.7340
v 32.5397 3.9552 24.7340
v 34.1270 3.9354 24.7340
v 35.7143 3.9295 24.7340
v 37.3016 3.9143 24.7340
v 38.8889 3.9059 24.7340
v 40.4762 3.8987 24.7340
v 42.0635 3.8838 24.7340
v 43.6508 3.8658 24.7340
v 45.2381 3.8368 24.7340
v 46.8254 3.8126 24.7340
v 48.4127 3.8103 24.7340
v 50.0000 3.8148 24.7340
v -50.0000 4.9019 26.3298
v -48.4127 4.9037 26.3298
v -46.8254 4.9007 26.3298
v -45.2381 4.8933 26.3298
v -43.6508 4.8845 26.3298
v -42.0635 4.8770 26.3298
v -40.4762 4.8632 26.3298
v -38.8889 4.8438 26.3298
v -37.3016 4.8248 26.3298
v -35.7143 4.7958 26.3298
v -34.1270 4.7729 26.3298
v -32.5397 4.7584 26.3298
v -30.9524 4.7365 26.3298
v -29.3651 4.7107 26.3298
v -27.7778 4.7044 26.3298
v -26.1905 4.6838 26.3298
v -24.6032 4.6592 26.3298
v -23.0159 4.6345 26.3298
v -21.4286 4.6140 26.3298
v -19.8413 4.5979 26.3298
v -18.2540 4.5966 26.3298
v -16.6667 4.5869 26.3298
v -15.0794 4.5722 26.3298
v -13.4921 4.5478 26.3298
v -11.9048 4.5290 26.3298
v -10.3175 4.5214 26.3298
v -8.7302 4.5258 26.3298
v -7.1429 4.5229 26.3298
v -5.5556 4.5010 26.3298
v -3.9683 4.4670 26.3298
v -2.3810 4.4419 26.3298
v -0.7937 4.4194 26.3298
v 0.7937 4.4056 26.3298
v 2.3810 4.3996 26.3298
v 3.9683 4.4126 26.3298
v 5.5556 4.4109 26.3298
v 7.1429 4.4073 26.3298
v 8.7302 4.3847 26.3298
v 10.3175 4.3396 26.3298
v 11.9048 4.2993 26.3298
v 13.4921 4.2594 26.3298
v 15.0794 4.2426 26.3298
v 16.6667 4.2207 26.3298
v 18.2540 4.2008 26.3298
v 19.8413 4.1887 26.3298
v 21.4286 4.1867 26.3298
v 23.0159 4.1913 26.3298
v 24.6032 4.1993 26.3298
v 26.1905 4.1950 26.3298
v 27.7778 4.1871 26.3298
v 29.3651 4.4766 26.3298
v 30.9524 5.6650 26.3298
v 32.5397 4.2461 26.3298
v 34.1270 4.1518 26.3298
v 35.7143 4.1224 26.3298
v 37.3016 4.0968 26.3298
v 38.8889 4.0776 26.3298
v 40.4762 4.0632 26.3298
v 42.0635 4.0562 26.3298
v 43.6508 4.0355 26.3298
v 45.2381 3.9895 26.3298
v 46.8254 3.9548 26.3298
v 48.4127 3.9549 26.3298
v 50.0000 3.9614 26.3298
v -50.0000 5.0810 27.9255
v -48.4127 5.0812 27.9255
v -46.8254 5.0746 27.9255
v -45.2381 5.0715 27.9255
v -43.6508 5.0617 27.9255
v -42.0635 5.0506 27.9255
v -40.4762 5.0391 27.9255
v -38.8889 5.0192 27.9255
v -37.3016 4.9823 27.9255
v -35.7143 4.9627 27.9255
v -34.1270 4.9773 27.9255
v -32.5397 4.9757 27.9255
v -30.9524 4.9158 27.9255
v -29.3651 4.8900 27.9255
v -27.7778 7.0926 27.9255
v -26.1905 4.8784 27.9255
v -24.6032 4.8685 27.9255
v -23.0159 4.8334 27.9255
v -21.4286 4.8089 27.9255
v -19.8413 4.8026 27.9255
v -18.2540 4.8027 27.9255
v -16.6667 4.7977 27.9255
v -15.0794 4.7811 27.9255
v -13.4921 4.7283 27.9255
v -11.9048 4.7100 27.9255
v -10.3175 4.7131 27.9255
v -8.7302 4.7485 27.9255
v -7.1429 4.7561 27.9255
v -5.5556 4.7175 27.9255
v -3.9683 4.6917 27.9255
v -2.3810 4.6879 27.9255
v -0.7937 4.7262 27.9255
v 0.7937 4.7274 27.9255
v 2.3810 4.7431 27.9255
v 3.9683 4.7641 27.9255
v 5.5556 4.7824 27.9255
v 7.1429 4.7912 27.9255
v 8.7302 4.7602 27.9255
v 10.3175 4.6480 27.9255
v 11.9048 4.4599 27.9255
v 13.4921 4.4383 27.9255
v 15.0794 4.3961 27.9255
v 16.6667 4.3834 27.9255
v 18.2540 4.3726 27.9255
v 19.8413 4.3617 27.9255
v 21.4286 4.3603 27.9255
v 23.0159 4.3676 27.9255
v 24.6032 4.3740 27.9255
v 26.1905 4.3710 27.9255
v 27.7778 4.3683 27.9255
v 29.3651 4.8532 27.9255
v 30.9524 6.8516 27.9255
v 32.5397 7.2914 27.9255
v 34.1270 6.6752 27.9255
v 35.7143 6.6367 27.9255
v 37.3016 6.6573 27.9255
v 38.8889 6.6966 27.9255
v 40.4762 6.7125 27.9255
v 42.0635 6.7706 27.9255
v 43.6508 7.1771 27.9255
v 45.2381 7.3183 27.9255
v 46.8254 7.3450 27.9255
v 48.4127 7.3556 27.9255
v 50.0000 7.4873 27.9255
v -50.0000 5.2488 29.5213
v -48.4127 5.2549 29.5213
v -46.8254 5.2492 29.5213
v -45.2381 5.2422 29.5213
v -43.6508 5.2329 29.5213
v -42.0635 5.2247 29.5213
v -40.4762 5.2180 29.5213
v -38.8889 5.2052 29.5213
v -37.3016 5.1751 29.5213
v -35.7143 5.1588 29.5213
v -34.1270 5.1686 29.5213
v -32.5397 8.0195 29.5213
v -30.9524 9.6355 29.5213
v -29.3651 10.3359 29.5213
v -27.7778 11.4741 29.5213
v -26.1905 10.6499 29.5213
v -24.6032 10.6863 29.5213
v -23.0159 10.6622 29.5213
v -21.4286 10.7354 29.5213
v -19.8413 11.0833 29.5213
v -18.2540 11.3491 29.5213
v -16.6667 11.4549 29.5213
v -15.0794 11.6064 29.5213
v -13.4921 12.0461 29.5213
v -11.9048 11.9677 29.5213
v -10.3175 11.8932 29.5213
v -8.7302 11.8531 29.5213
v -7.1429 11.8500 29.5213
v -5.5556 11.8327 29.5213
v -3.9683 11.9050 29.5213
v -2.3810 11.9898 29.5213
v -0.7937 12.2071 29.5213
v 0.7937 12.3057 29.5213
v 2.3810 12.3354 29.5213
v 3.9683 12.3682 29.5213
v 5.5556 12.3895 29.5213
v 7.1429 12.4089 29.5213
v 8.7302 12.4411 29.5213
v 10.3175 12.2797 29.5213
v 11.9048 9.8386 29.5213
v 13.4921 4.5926 29.5213
v 15.0794 4.5671 29.5213
v 16.6667 4.5459 29.5213
v 18.2540 4.5457 29.5213
v 19.8413 4.5365 29.5213
v 21.4286 4.5376 29.5213
v 23.0159 4.5496 29.5213
v 24.6032 4.5584 29.5213
v 26.1905 4.5552 29.5213
v 27.7778 4.5528 29.5213
v 29.3651 5.7822 29.5213
v 30.9524 10.2611 29.5213
v 32.5397 11.2646 29.5213
v 34.1270 11.8207 29.5213
v 35.7143 12.1685 29.5213
v 37.3016 12.3080 29.5213
v 38.8889 12.4576 29.5213
v 40.4762 12.6374 29.5213
v 42.0635 12.8278 29.5213
v 43.6508 13.0291 29.5213
v 45.2381 13.1230 29.5213
v 46.8254 13.1170 29.5213
v 48.4127 13.0558 29.5213
v 50.0000 13.0643 29.5213
v -50.0000 5.4255 31.1170
v -48.4127 5.4302 31.1170
v -46.8254 5.4251 31.1170
v -45.2381 5.4168 31.1170
v -43.6508 5.4103 31.1170
v -42.0635 5.4068 31.1170
v -40.4762 5.3962 31.1170
v -38.8889 5.3937 31.1170
v -37.3016 5.4076 31.1170
v -35.7143 7.9818 31.1170
v -34.1270 9.0108 31.1170
v -32.5397 12.4270 31.1170
v -30.9524 13.1421 31.1170
v -29.3651 13.0692 31.1170
v -27.7778 13.0455 31.1170
v -26.1905 13.0364 31.1170
v -24.6032 12.9873 31.1170
v -23.0159 12.9558 31.1170
v -21.4286 12.9829 31.1170
v -19.8413 13.0178 31.1170
v -18.2540 13.0298 31.1170
v -16.6667 13.0273 31.1170
v -15.0794 13.0076 31.1170
v -13.4921 12.8750 31.1170
v -11.9048 12.7055 31.1170
v -10.3175 12.5972 31.1170
v -8.7302 12.5779 31.1170
v -7.1429 12.4939 31.1170
v -5.5556 12.4178 31.1170
v -3.9683 12.3462 31.1170
v -2.3810 12.3325 31.1170
v -0.7937 12.2875 31.1170
v 0.7937 12.3038 31.1170
v 2.3810 12.3269 31.1170
v 3.9683 12.3972 31.1170
v 5.5556 12.4814 31.1170
v 7.1429 12.5618 31.1170
v 8.7302 12.7511 31.1170
v 10.3175 12.7588 31.1170
v 11.9048 12.2993 31.1170
v 13.4921 7.0772 31.1170
v 15.0794 4.7404 31.1170
v 16.6667 4.7051 31.1170
v 18.2540 4.7144 31.1170
v 19.8413 4.7177 31.1170
v 21.4286 4.7183 31.1170
v 23.0159 4.7289 31.1170
v 24.6032 4.7465 31.1170
v 26.1905 4.7473 31.1170
v 27.7778 4.7344 31.1170
v 29.3651 5.3899 31.1170
v 30.9524 10.6659 31.1170
v 32.5397 11.8042 31.1170
v 34.1270 12.4145 31.1170
v 35.7143 12.7863 31.1170
v 37.3016 12.8393 31.1170
v 38.8889 12.9209 31.1170
v 40.4762 13.2194 31.1170
v 42.0635 13.1853 31.1170
v 43.6508 13.2575 31.1170
v 45.2381 13.3756 31.1170
v 46.8254 13.5547 31.1170
v 48.4127 13.8232 31.1170
v 50.0000 13.9244 31.1170
v -50.0000 5.6128 32.7128
v -48.4127 5.6194 32.7128
v -46.8254 5.6168 32.7128
v -45.2381 5.6151 32.7128
v -43.6508 5.6146 32.7128
v -42.0635 5.6074 32.7128
v -40.4762 5.5876 32.7128
v -38.8889 5.5851 32.7128
v -37.3016 5.6063 32.7128
v -35.7143 10.3081 32.7128
v -34.1270 8.8156 32.7128
v -32.5397 13.6657 32.7128
v -30.9524 13.3471 32.7128
v -29.3651 12.8748 32.7128
v -27.7778 12.7962 32.7128
v -26.1905 12.7173 32.7128
v -24.6032 12.6169 32.7128
v -23.0159 12.5350 32.7128
v -21.4286 12.4824 32.7128
v -19.8413 12.4699 32.7128
v -18.2540 12.4598 32.7128
v -16.6667 12.4447 32.7128
v -15.0794 12.4197 32.7128
v -13.4921 12.2868 32.7128
v -11.9048 12.1225 32.7128
v -10.3175 12.0652 32.7128
v -8.7302 12.0866 32.7128
v -7.1429 12.1310 32.7128
v -5.5556 12.0592 32.7128
v -3.9683 12.0002 32.7128
v -2.3810 12.0346 32.7128
v -0.7937 11.9581 32.7128
v 0.7937 11.9590 32.7128
v 2.3810 11.9751 32.7128
v 3.9683 12.0579 32.7128
v 5.5556 12.1518 32.7128
v 7.1429 12.2307 32.7128
v 8.7302 12.6364 32.7128
v 10.3175 12.8624 32.7128
v 11.9048 12.7890 32.7128
v 13.4921 8.0006 32.7128
v 15.0794 4.9273 32.7128
v 16.6667 4.9104 32.7128
v 18.2540 4.9078 32.7128
v 19.8413 4.9135 32.7128
v 21.4286 4.9184 32.7128
v 23.0159 4.9295 32.7128
v 24.6032 4.9507 32.7128
v 26.1905 4.9522 32.7128
v 27.7778 4.9445 32.7128
v 29.3651 5.0700 32.7128
v 30.9524 10.9595 32.7128
v 32.5397 12.3194 32.7128
v 34.1270 12.9572 32.7128
v 35.7143 13.3535 32.7128
v 37.3016 13.2929 32.7128
v 38.8889 13.3342 32.7128
v 40.4762 13.6040 32.7128
v 42.0635 13.6907 32.7128
v 43.6508 13.6295 32.7128
v 45.2381 13.8199 32.7128
v 46.8254 13.9216 32.7128
v 48.4127 14.0906 32.7128
v 50.0000 14.3242 32.7128
v -50.0000 5.7900 34.3085
v -48.4127 5.7916 34.3085
v -46.8254 5.7870 34.3085
v -45.2381 5.7855 34.3085
v -43.6508 5.7879 34.3085
v -42.0635 5.7808 34.3085
v -40.4762 5.7635 34.3085
v -38.8889 5.7693 34.3085
v -37.3016 5.9931 34.3085
v -35.7143 13.0597 34.3085
v -34.1270 10.3779 34.3085
v -32.5397 13.9186 34.3085
v -30.9524 13.4774 34.3085
v -29.3651 13.0797 34.3085
v -27.7778 13.0973 34.3085
v -26.1905 13.0181 34.3085
v -24.6032 12.9274 34.3085
v -23.0159 12.8563 34.3085
v -21.4286 12.8130 34.3085
v -19.8413 12.7819 34.3085
v -18.2540 12.7742 34.3085
v -16.6667 12.7836 34.3085
v -15.0794 12.7439 34.3085
v -13.4921 12.6317 34.3085
v -11.9048 12.5013 34.3085
v -10.3175 12.4330 34.3085
v -8.7302 12.4207 34.3085
v -7.1429 12.4306 34.3085
v -5.5556 12.3848 34.3085
v -3.9683 12.3369 34.3085
v -2.3810 12.3192 34.3085
v -0.7937 12.3178 34.3085
v 0.7937 12.3497 34.3085
v 2.3810 12.4054 34.3085
v 3.9683 12.4918 34.3085
v 5.5556 12.5955 34.3085
v 7.1429 12.7191 34.3085
v 8.7302 12.8562 34.3085
v 10.3175 13.0042 34.3085
v 11.9048 12.9049 34.3085
v 13.4921 8.7809 34.3085
v 15.0794 5.1220 34.3085
v 16.6667 5.1295 34.3085
v 18.2540 5.1230 34.3085
v 19.8413 5.1227 34.3085
v 21.4286 5.1220 34.3085
v 23.0159 5.1312 34.3085
v 24.6032 5.1616 34.3085
v 26.1905 5.1863 34.3085
v 27.7778 5.2087 34.3085
v 29.3651 5.2690 34.3085
v 30.9524 10.9670 34.3085
v 32.5397 12.7549 34.3085
v 34.1270 13.4411 34.3085
v 35.7143 13.8596 34.3085
v 37.3016 13.8492 34.3085
v 38.8889 13.8342 34.3085
v 40.4762 13.9984 34.3085
v 42.0635 14.2841 34.3085
v 43.6508 14.0622 34.3085
v 45.2381 14.2094 34.3085
v 46.8254 14.4298 34.3085
v 48.4127 14.6392 34.3085
v 50.0000 14.7813 34.3085
v -50.0000 5.9690 35.9043
v -48.4127 5.9628 35.9043
v -46.8254 5.9535 35.9043
v -45.2381 5.9499 35.9043
v -43.6508 5.9694 35.9043
v -42.0635 5.9625 35.9043
v -40.4762 5.9266 35.9043
v -38.8889 5.9477 35.9043
v -37.3016 7.1718 35.9043
v -35.7143 13.1309 35.9043
v -34.1270 11.3095 35.9043
v -32.5397 14.1949 35.9043
v -30.9524 13.6873 35.9043
v -29.3651 13.3105 35.9043
v -27.7778 13.3141 35.9043
v -26.1905 13.2841 35.9043
v -24.6032 13.2147 35.9043
v -23.0159 13.1367 35.9043
v -21.4286 13.0859 35.9043
v -19.8413 13.0499 35.9043
v -18.2540 13.0473 35.9043
v -16.6667 13.0491 35.9043
v -15.0794 13.0042 35.9043
v -13.4921 12.9071 35.9043
v -11.9048 12.7963 35.9043
v -10.3175 12.7325 35.9043
v -8.7302 12.6945 35.9043
v -7.1429 12.6372 35.9043
v -5.5556 12.5700 35.9043
v -3.9683 12.5383 35.9043
v -2.3810 12.5345 35.9043
v -0.7937 12.5729 35.9043
v 0.7937 12.6229 35.9043
v 2.3810 12.7117 35.9043
v 3.9683 12.8245 35.9043
v 5.5556 12.9462 35.9043
v 7.1429 13.0855 35.9043
v 8.7302 13.1606 35.9043
v 10.3175 13.1757 35.9043
v 11.9048 13.1291 35.9043
v 13.4921 9.5077 35.9043
v 15.0794 5.2191 35.9043
v 16.6667 5.2282 35.9043
v 18.2540 5.2701 35.9043
v 19.8413 5.3053 35.9043
v 21.4286 5.3163 35.9043
v 23.0159 5.3248 35.9043
v 24.6032 5.3703 35.9043
v 26.1905 5.4072 35.9043
v 27.7778 5.4550 35.9043
v 29.3651 5.6190 35.9043
v 30.9524 10.3559 35.9043
v 32.5397 13.2265 35.9043
v 34.1270 13.8900 35.9043
v 35.7143 14.3551 35.9043
v 37.3016 14.3997 35.9043
v 38.8889 14.2154 35.9043
v 40.4762 14.3466 35.9043
v 42.0635 14.7098 35.9043
v 43.6508 14.3663 35.9043
v 45.2381 14.4850 35.9043
v 46.8254 14.7027 35.9043
v 48.4127 14.9919 35.9043
v 50.0000 15.2376 35.9043
v -50.0000 6.1643 37.5000
v -48.4127 6.1777 37.5000
v -46.8254 6.1623 37.5000
v -45.2381 6.2029 37.5000
v -43.6508 6.2255 37.5000
v -42.0635 6.2167 37.5000
v -40.4762 6.1349 37.5000
v -38.8889 6.0659 37.5000
v -37.3016 8.3233 37.5000
v -35.7143 13.1405 37.5000
v -34.1270 12.5540 37.5000
v -32.5397 14.5561 37.5000
v -30.9524 14.0120 37.5000
v -29.3651 13.5982 37.5000
v -27.7778 13.6541 37.5000
v -26.1905 13.6653 37.5000
v -24.6032 13.5251 37.5000
v -23.0159 13.4275 37.5000
v -21.4286 13.4941 37.5000
v -19.8413 13.9902 37.5000
v -18.2540 14.2324 37.5000
v -16.6667 14.2797 37.5000
v -15.0794 14.2328 37.5000
v -13.4921 14.2046 37.5000
v -11.9048 14.3145 37.5000
v -10.3175 14.3779 37.5000
v -8.7302 14.3842 37.5000
v -7.1429 14.3967 37.5000
v -5.5556 14.7076 37.5000
v -3.9683 14.7446 37.5000
v -2.3810 14.7779 37.5000
v -0.7937 14.7973 37.5000
v 0.7937 14.8203 37.5000
v 2.3810 14.8543 37.5000
v 3.9683 14.9398 37.5000
v 5.5556 15.0402 37.5000
v 7.1429 15.2399 37.5000
v 8.7302 15.4902 37.5000
v 10.3175 15.5974 37.5000
v 11.9048 15.7496 37.5000
v 13.4921 13.8565 37.5000
v 15.0794 11.2524 37.5000
v 16.6667 11.2284 37.5000
v 18.2540 11.2509 37.5000
v 19.8413 11.2874 37.5000
v 21.4286 11.7296 37.5000
v 23.0159 12.4119 37.5000
v 24.6032 12.5197 37.5000
v 26.1905 12.5564 37.5000
v 27.7778 12.5964 37.5000
v 29.3651 12.7337 37.5000
v 30.9524 14.4936 37.5000
v 32.5397 16.2525 37.5000
v 34.1270 16.4305 37.5000
v 35.7143 16.6612 37.5000
v 37.3016 16.9016 37.5000
v 38.8889 16.8070 37.5000
v 40.4762 16.8555 37.5000
v 42.0635 17.0398 37.5000
v 43.6508 17.0103 37.5000
v 45.2381 16.8342 37.5000
v 46.8254 16.4589 37.5000
v 48.4127 16.1052 37.5000
v 50.0000 16.1975 37.5000
vt 0.0000 1.0000
vt 0.0159 1.0000
vt 0.0317 1.0000
vt 0.0476 1.0000
vt 0.0635 1.0000
vt 0.0794 1.0000
vt 0.0952 1.0000
vt 0.1111 1.0000
vt 0.1270 1.0000
vt 0.1429 1.0000
vt 0.1587 1.0000
vt 0.1746 1.0000
vt 0.1905 1.0000
vt 0.2063 1.0000
vt 0.2222 1.0000
vt 0.2381 1.0000
vt 0.2540 1.0000
vt 0.2698 1.0000
vt 0.2857 1.0000
vt 0.3016 1.0000
vt 0.3175 1.0000
vt 0.3333 1.0000
vt 0.3492 1.0000
vt 0.3651 1.0000
vt 0.3810 1.0000
vt 0.3968 1.0000
vt 0.4127 1.0000
vt 0.4286 1.0000
vt 0.4444 1.0000
vt 0.4603 1.0000
vt 0.4762 1.0000
vt 0.4921 1.0000
vt 0.5079 1.0000
vt 0.5238 1.0000
vt 0.5397 1.0000
vt 0.5556 1.0000
vt 0.5714 1.0000
vt 0.5873 1.0000
vt 0.6032 1.0000
vt 0.6190 1.0000
vt 0.6349 1.0000
vt 0.6508 1.0000
vt 0.6667 1.0000
vt 0.6825 1.0000
vt 0.6984 1.0000
vt 0.7143 1.0000
vt 0.7302 1.0000
vt 0.7460 1.0000
vt 0.7619 1.0000
vt 0.7778 1.0000
vt 0.7937 1.0000
vt 0.8095 1.0000
vt 0.8254 1.0000
vt 0.8413 1.0000
vt 0.8571 1.0000
vt 0.8730 1.0000
vt 0.8889 1.0000
vt 0.9048 1.0000
vt 0.9206 1.0000
vt 0.9365 1.0000
vt 0.9524 1.0000
vt 0.9683 1.0000
vt 0.9841 1.0000
vt 1.0000 1.0000
vt 0.0000 0.9787
vt 0.0159 0.9787
vt 0.0317 0.9787
vt 0.0476 0.9787
vt 0.0635 0.9787
vt 0.0794 0.9787
vt 0.0952 0.9787
vt 0.1111 0.9787
vt 0.1270 0.9787
vt 0.1429 0.9787
vt 0.1587 0.9787
vt 0.1746 0.9787
vt 0.1905 0.9787
vt 0.2063 0.9787
vt 0.2222 0.9787
vt 0.2381 0.9787
vt 0.2540 0.9787
vt 0.2698 0.9787
vt 0.2857 0.9787
vt 0.3016 0.9787
vt 0.3175 0.9787
vt 0.3333 0.9787
vt 0.3492 0.9787
vt 0.3651 0.9787
vt 0.3810 0.9787
vt 0.3968 0.9787
vt 0.4127 0.9787
vt 0.4286 0.9787
vt 0.4444 0.9787
vt 0.4603 0.9787
vt 0.4762 0.9787
vt 0.4921 0.9787
vt 0.5079 0.9787
vt 0.5238 0.9787
vt 0.5397 0.9787
vt 0.5556 0.9787
vt 0.5714 0.9787
vt 0.5873 0.9787
vt 0.6032 0.9787
vt 0.6190 0.9787
vt 0.6349 0.9787
vt 0.6508 0.9787
vt 0.6667 0.9787
vt 0.6825 0.9787
vt 0.6984 0.9787
vt 0.7143 0.9787
vt 0.7302 0.9787
vt 0.7460 0.9787
vt 0.7619 0.9787
vt 0.7778 0.9787
vt 0.7937 0.9787
vt 0.8095 0.9787
vt 0.8254 0.9787
vt 0.8413 0.9787
vt 0.8571 0.9787
vt 0.8730 0.9787
vt 0.8889 0.9787
vt 0.9048 0.9787
vt 0.9206 0.9787
vt 0.9365 0.9787
vt 0.9524 0.9787
vt 0.9683 0.9787
vt 0.9841 0.9787
vt 1.0000 0.9787
vt 0.0000 0.9574
vt 0.0159 0.9574
vt 0.0317 0.9574
vt 0.0476 0.9574
vt 0.0635 0.9574
vt 0.0794 0.9574
vt 0.0952 0.9574
vt 0.1111 0.9574
vt 0.1270 0.9574
vt 0.1429 0.9574
vt 0.1587 0.9574
vt 0.1746 0.9574
vt 0.1905 0.9574
vt 0.2063 0.9574
vt 0.2222 0.9574
vt 0.2381 0.9574
vt 0.2540 0.9574
vt 0.2698 0.9574
vt 0.2857 0.9574
vt 0.3016 0.9574
vt 0.3175 0.9574
vt 0.3333 0.9574
vt 0.3492 0.9574
vt 0.3651 0.9574
vt 0.3810 0.9574
vt 0.3968 0.9574
vt 0.4127 0.9574
vt 0.4286 0.9574
vt 0.4444 0.9574
vt 0.4603 0.9574
vt 0.4762 0.9574
vt 0.4921 0.9574
vt 0.5079 0.9574
vt 0.5238 0.9574
vt 0.5397 0.9574
vt 0.5556 0.9574
vt 0.5714 0.9574
vt 0.5873 0.9574
vt 0.6032 0.9574
vt 0.6190 0.9574
vt 0.6349 0.9574
vt 0.6508 0.9574
vt 0.6667 0.9574
vt 0.6825 0.9574
vt 0.6984 0.9574
vt 0.7143 0.9574
vt 0.7302 0.9574
vt 0.7460 0.9574
vt 0.7619 0.9574
vt 0.7778 0.9574
vt 0.7937 0.9574
vt 0.8095 0.9574
vt 0.8254 0.9574
vt 0.8413 0.9574
vt 0.8571 0.9574
vt 0.8730 0.9574
vt 0.8889 0.9574
vt 0.9048 0.9574
vt 0.9206 0.9574
vt 0.9365 0.9574
vt 0.9524 0.9574
vt 0.9683 0.9574
vt 0.9841 0.9574
vt 1.0000 0.9574
vt 0.0000 0.9362
vt 0.0159 0.9362
vt 0.0317 0.9362
vt 0.0476 0.9362
vt 0.0635 0.9362
vt 0.0794 0.9362
vt 0.0952 0.9362
vt 0.1111 0.9362
vt 0.1270 0.9362
vt 0.1429 0.9362
vt 0.1587 0.9362
vt 0.1746 0.9362
vt 0.1905 0.9362
vt 0.2063 0.9362
vt 0.2222 0.9362
vt 0.2381 0.9362
vt 0.2540 0.9362
vt 0.2698 0.9362
vt 0.2857 0.9362
vt 0.3016 0.9362
vt 0.3175 0.9362
vt 0.3333 0.9362
vt 0.3492 0.9362
vt 0.3651 0.9362
vt 0.3810 0.9362
vt 0.3968 0.9362
vt 0.4127 0.9362
vt 0.4286 0.9362
vt 0.4444 0.9362
vt 0.4603 0.9362
vt 0.4762 0.9362
vt 0.4921 0.9362
vt 0.5079 0.9362
vt 0.5238 0.9362
vt 0.5397 0.9362
vt 0.5556 0.9362
vt 0.5714 0.9362
vt 0.5873 0.9362
vt 0.6032 0.9362
vt 0.6190 0.9362
vt 0.6349 0.9362
vt 0.6508 0.9362
vt 0.6667 0.9362
vt 0.6825 0.9362
vt 0.6984 0.9362
vt 0.7143 0.9362
vt 0.7302 0.9362
vt 0.7460 0.9362
vt 0.7619 0.9362
vt 0.7778 0.9362
vt 0.7937 0.9362
vt 0.8095 0.9362
vt 0.8254 0.9362
vt 0.8413 0.9362
vt 0.8571 0.9362
vt 0.8730 0.9362
vt 0.8889 0.9362
vt 0.9048 0.9362
vt 0.9206 0.9362
vt 0.9365 0.9362
vt 0.9524 0.9362
vt 0.9683 0.9362
vt 0.9841 0.9362
vt 1.0000 0.9362
vt 0.0000 0.9149
vt 0.0159 0.9149
vt 0.0317 0.9149
vt 0.0476 0.9149
vt 0.0635 0.9149
vt 0.0794 0.9149
vt 0.0952 0.9149
vt 0.1111 0.9149
vt 0.1270 0.9149
vt 0.1429 0.9149
vt 0.1587 0.9149
vt 0.1746 0.9149
vt 0.1905 0.9149
vt 0.2063 0.9149
vt 0.2222 0.9149
vt 0.2381 0.9149
vt 0.2540 0.9149
vt 0.2698 0.9149
vt 0.2857 0.9149
vt 0.3016 0.9149
vt 0.3175 0.9149
vt 0.3333 0.9149
vt 0.3492 0.9149
vt 0.3651 0.9149
vt 0.3810 0.9149
vt 0.3968 0.9149
vt 0.4127 0.9149
vt 0.4286 0.9149
vt 0.4444 0.9149
vt 0.4603 0.9149
vt 0.4762 0.9149
vt 0.4921 0.9149
vt 0.5079 0.9149
vt 0.5238 0.9149
vt 0.5397 0.9149
vt 0.5556 0.9149
vt 0.5714 0.9149
vt 0.5873 0.9149
vt 0.6032 0.9149
vt 0.6190 0.9149
vt 0.6349 0.9149
vt 0.6508 0.9149
vt 0.6667 0.9149
vt 0.6825 0.9149
vt 0.6984 0.9149
vt 0.7143 0.9149
vt 0.7302 0.9149
vt 0.7460 0.9149
vt 0.7619 0.9149
vt 0.7778 0.9149
vt 0.7937 0.9149
vt 0.8095 0.9149
vt 0.8254 0.9149
vt 0.8413 0.9149
vt 0.8571 0.9149
vt 0.8730 0.9149
vt 0.8889 0.9149
vt 0.9048 0.9149
vt 0.9206 0.9149
vt 0.9365 0.9149
vt 0.9524 0.9149
vt 0.9683 0.9149
vt 0.9841 0.9149
vt 1.0000 0.9149
vt 0.0000 0.8936
vt 0.0159 0.8936
vt 0.0317 0.8936
vt 0.0476 0.8936
vt 0.0635 0.8936
vt 0.0794 0.8936
vt 0.0952 0.8936
vt 0.1111 0.8936
vt 0.1270 0.8936
vt 0.1429 0.8936
vt 0.1587 0.8936
vt 0.1746 0.8936
vt 0.1905 0.8936
vt 0.2063 0.8936
vt 0.2222 0.8936
vt 0.2381 0.8936
vt 0.2540 0.8936
vt 0.2698 0.8936
vt 0.2857 0.8936
vt 0.3016 0.8936
vt 0.3175 0.8936
vt 0.3333 0.8936
vt 0.3492 0.8936
vt 0.3651 0.8936
vt 0.3810 0.8936
vt 0.3968 0.8936
vt 0.4127 0.8936
vt 0.4286 0.8936
vt 0.4444 0.8936
vt 0.4603 0.8936
vt 0.4762 0.8936
vt 0.4921 0.8936
vt 0.5079 0.8936
vt 0.5238 0.8936
vt 0.5397 0.8936
vt 0.5556 0.8936
vt 0.5714 0.8936
vt 0.5873 0.8936
vt 0.6032 0.8936
vt 0.6190 0.8936
vt 0.6349 0.8936
vt 0.6508 0.8936
vt 0.6667 0.8936
vt 0.6825 0.8936
vt 0.6984 0.8936
vt 0.7143 0.8936
vt 0.7302 0.8936
vt 0.7460 0.8936
vt 0.7619 0.8936
vt 0.7778 0.8936
vt 0.7937 0.8936
vt 0.8095 0.8936
vt 0.8254 0.8936
vt 0.8413 0.8936
vt 0.8571 0.8936
vt 0.8730 0.8936
vt 0.8889 0.8936
vt 0.9048 0.8936
vt 0.9206 0.8936
vt 0.9365 0.8936
vt 0.9524 0.8936
vt 0.9683 0.8936
vt 0.9841 0.8936
vt 1.0000 0.8936
vt 0.0000 0.8723
vt 0.0159 0.8723
vt 0.0317 0.8723
vt 0.0476 0.8723
vt 0.0635 0.8723
vt 0.0794 0.8723
vt 0.0952 0.8723
vt 0.1111 0.8723
vt 0.1270 0.8723
vt 0.1429 0.8723
vt 0.1587 0.8723
vt 0.1746 0.8723
vt 0.1905 0.8723
vt 0.2063 0.8723
vt 0.2222 0.8723
vt 0.2381 0.8723
vt 0.2540 0.8723
vt 0.2698 0.8723
vt 0.2857 0.8723
vt 0.3016 0.8723
vt 0.3175 0.8723
vt 0.3333 0.8723
vt 0.3492 0.8723
vt 0.3651 0.8723
vt 0.3810 0.8723
vt 0.3968 0.8723
vt 0.4127 0.8723
vt 0.4286 0.8723
vt 0.4444 0.8723
vt 0.4603 0.8723
vt 0.4762 0.8723
vt 0.4921 0.8723
vt 0.5079 0.8723
vt 0.5238 0.8723
vt 0.5397 0.8723
vt 0.5556 0.8723
vt 0.5714 0.8723
vt 0.5873 0.8723
vt 0.6032 0.8723
vt 0.6190 0.8723
vt 0.6349 0.8723
vt 0.6508 0.8723
vt 0.6667 0.8723
vt 0.6825 0.8723
vt 0.6984 0.8723
vt 0.7143 0.8723
vt 0.7302 0.8723
vt 0.7460 0.8723
vt 0.7619 0.8723
vt 0.7778 0.8723
vt 0.7937 0.8723
vt 0.8095 0.8723
vt 0.8254 0.8723
vt 0.8413 0.8723
vt 0.8571 0.8723
vt 0.8730 0.8723
vt 0.8889 0.8723
vt 0.9048 0.8723
vt 0.9206 0.8723
vt 0.9365 0.8723
vt 0.9524 0.8723
vt 0.9683 0.8723
vt 0.9841 0.8723
vt 1.0000 0.8723
vt 0.0000 0.8511
vt 0.0159 0.8511
vt 0.0317 0.8511
vt 0.0476 0.8511
vt 0.0635 0.8511
vt 0.0794 0.8511
vt 0.0952 0.8511
vt 0.1111 0.8511
vt 0.1270 0.8511
vt 0.1429 0.8511
vt 0.1587 0.8511
vt 0.1746 0.8511
vt 0.1905 0.8511
vt 0.2063 0.8511
vt 0.2222 0.8511
vt 0.2381 0.8511
vt 0.2540 0.8511
vt 0.2698 0.8511
vt 0.2857 0.8511
vt 0.3016 0.8511
vt 0.3175 0.8511
vt 0.3333 0.8511
vt 0.3492 0.8511
vt 0.3651 0.8511
vt 0.3810 0.8511
vt 0.3968 0.8511
vt 0.4127 0.8511
vt 0.4286 0.8511
vt 0.4444 0.8511
vt 0.4603 0.8511
vt 0.4762 0.8511
vt 0.4921 0.8511
vt 0.5079 0.8511
vt 0.5238 0.8511
vt 0.5397 0.8511
vt 0.5556 0.8511
vt 0.5714 0.8511
vt 0.5873 0.8511
vt 0.6032 0.8511
vt 0.6190 0.8511
vt 0.6349 0.8511
vt 0.6508 0.8511
vt 0.6667 0.8511
vt 0.6825 0.8511
vt 0.6984 0.8511
vt 0.7143 0.8511
vt 0.7302 0.8511
vt 0.7460 0.8511
vt 0.7619 0.8511
vt 0.7778 0.8511
vt 0.7937 0.8511
vt 0.8095 0.8511
vt 0.8254 0.8511
vt 0.8413 0.8511
vt 0.8571 0.8511
vt 0.8730 0.8511
vt 0.8889 0.8511
vt 0.9048 0.8511
vt 0.9206 0.8511
vt 0.9365 0.8511
vt 0.9524 0.8511
vt 0.9683 0.8511
vt 0.9841 0.8511
vt 1.0000 0.8511
vt 0.0000 0.8298
vt 0.0159 0.8298
vt 0.0317 0.8298
vt 0.0476 0.8298
vt 0.0635 0.8298
vt 0.0794 0.8298
vt 0.0952 0.8298
vt 0.1111 0.8298
vt 0.1270 0.8298
vt 0.1429 0.8298
vt 0.1587 0.8298
vt 0.1746 0.8298
vt 0.1905 0.8298
vt 0.2063 0.8298
vt 0.2222 0.8298
vt 0.2381 0.8298
vt 0.2540 0.8298
vt 0.2698 0.8298
vt 0.2857 0.8298
vt 0.3016 0.8298
vt 0.3175 0.8298
vt 0.3333 0.8298
vt 0.3492 0.8298
vt 0.3651 0.8298
vt 0.3810 0.8298
vt 0.3968 0.8298
vt 0.4127 0.8298
vt 0.4286 0.8298
vt 0.4444 0.8298
vt 0.4603 0.8298
vt 0.4762 0.8298
vt 0.4921 0.8298
vt 0.5079 0.8298
vt 0.5238 0.8298
vt 0.5397 0.8298
vt 0.5556 0.8298
vt 0.5714 0.8298
vt 0.5873 0.8298
vt 0.6032 0.8298
vt 0.6190 0.8298
vt 0.6349 0.8298
vt 0.6508 0.8298
vt 0.6667 0.8298
vt 0.6825 0.8298
vt 0.6984 0.8298
vt 0.7143 0.8298
vt 0.7302 0.8298
vt 0.7460 0.8298
vt 0.7619 0.8298
vt 0.7778 0.8298
vt 0.7937 0.8298
vt 0.8095 0.8298
vt 0.8254 0.8298
vt 0.8413 0.8298
vt 0.8571 0.8298
vt 0.8730 0.8298
vt 0.8889 0.8298
vt 0.9048 0.8298
vt 0.9206 0.8298
vt 0.9365 0.8298
vt 0.9524 0.8298
vt 0.9683 0.8298
vt 0.9841 0.8298
vt 1.0000 0.8298
vt 0.0000 0.8085
vt 0.0159 0.8085
vt 0.0317 0.8085
vt 0.0476 0.8085
vt 0.0635 0.8085
vt 0.0794 0.8085
vt 0.0952 0.8085
vt 0.1111 0.8085
vt 0.1270 0.8085
vt 0.1429 0.8085
vt 0.1587 0.8085
vt 0.1746 0.8085
vt 0.1905 0.8085
vt 0.2063 0.8085
vt 0.2222 0.8085
vt 0.2381 0.8085
vt 0.2540 0.8085
vt 0.2698 0.8085
vt 0.2857 0.8085
vt 0.3016 0.8085
vt 0.3175 0.8085
vt 0.3333 0.8085
vt 0.3492 0.8085
vt 0.3651 0.8085
vt 0.3810 0.8085
vt 0.3968 0.8085
vt 0.4127 0.8085
vt 0.4286 0.8085
vt 0.4444 0.8085
vt 0.4603 0.8085
vt 0.4762 0.8085
vt 0.4921 0.8085
vt 0.5079 0.8085
vt 0.5238 0.8085
vt 0.5397 0.8085
vt 0.5556 0.8085
vt 0.5714 0.8085
vt 0.5873 0.8085
vt 0.6032 0.8085
vt 0.6190 0.8085
vt 0.6349 0.8085
vt 0.6508 0.8085
vt 0.6667 0.8085
vt 0.6825 0.8085
vt 0.6984 0.8085
vt 0.7143 0.8085
vt 0.7302 0.8085
vt 0.7460 0.8085
vt 0.7619 0.8085
vt 0.7778 0.8085
vt 0.7937 0.8085
vt 0.8095 0.8085
vt 0.8254 0.8085
vt 0.8413 0.8085
vt 0.8571 0.8085
vt 0.8730 0.8085
vt 0.8889 0.8085
vt 0.9048 0.8085
vt 0.9206 0.8085
vt 0.9365 0.8085
vt 0.9524 0.8085
vt 0.9683 0.8085
vt 0.9841 0.8085
vt 1.0000 0.8085
vt 0.0000 0.7872
vt 0.0159 0.7872
vt 0.0317 0.7872
vt 0.0476 0.7872
vt 0.0635 0.7872
vt 0.0794 0.7872
vt 0.0952 0.7872
vt 0.1111 0.7872
vt 0.1270 0.7872
vt 0.1429 0.7872
vt 0.1587 0.7872
vt 0.1746 0.7872
vt 0.1905 0.7872
vt 0.2063 0.7872
vt 0.2222 0.7872
vt 0.2381 0.7872
vt 0.2540 0.7872
vt 0.2698 0.7872
vt 0.2857 0.7872
vt 0.3016 0.7872
vt 0.3175 0.7872
vt 0.3333 0.7872
vt 0.3492 0.7872
vt 0.3651 0.7872
vt 0.3810 0.7872
vt 0.3968 0.7872
vt 0.4127 0.7872
vt 0.4286 0.7872
vt 0.4444 0.7872
vt 0.4603 0.7872
vt 0.4762 0.7872
vt 0.4921 0.7872
vt 0.5079 0.7872
vt 0.5238 0.7872
vt 0.5397 0.7872
vt 0.5556 0.7872
vt 0.5714 0.7872
vt 0.5873 0.7872
vt 0.6032 0.7872
vt 0.6190 0.7872
vt 0.6349 0.7872
vt 0.6508 0.7872
vt 0.6667 0.7872
vt 0.6825 0.7872
vt 0.6984 0.7872
vt 0.7143 0.7872
vt 0.7302 0.7872
vt 0.7460 0.7872
vt 0.7619 0.7872
vt 0.7778 0.7872
vt 0.7937 0.7872
vt 0.8095 0.7872
vt 0.8254 0.7872
vt 0.8413 0.7872
vt 0.8571 0.7872
vt 0.8730 0.7872
vt 0.8889 0.7872
vt 0.9048 0.7872
vt 0.9206 0.7872
vt 0.9365 0.7872
vt 0.9524 0.7872
vt 0.9683 0.7872
vt 0.9841 0.7872
vt 1.0000 0.7872
vt 0.0000 0.7660
vt 0.0159 0.7660
vt 0.0317 0.7660
vt 0.0476 0.7660
vt 0.0635 0.7660
vt 0.0794 0.7660
vt 0.0952 0.7660
vt 0.1111 0.7660
vt 0.1270 0.7660
vt 0.1429 0.7660
vt 0.1587 0.7660
vt 0.1746 0.7660
vt 0.1905 0.7660
vt 0.2063 0.7660
vt 0.2222 0.7660
vt 0.2381 0.7660
vt 0.2540 0.7660
vt 0.2698 0.7660
vt 0.2857 0.7660
vt 0.3016 0.7660
vt 0.3175 0.7660
vt 0.3333 0.7660
vt 0.3492 0.7660
vt 0.3651 0.7660
vt 0.3810 0.7660
vt 0.3968 0.7660
vt 0.4127 0.7660
vt 0.4286 0.7660
vt 0.4444 0.7660
vt 0.4603 0.7660
vt 0.4762 0.7660
vt 0.4921 0.7660
vt 0.5079 0.7660
vt 0.5238 0.7660
vt 0.5397 0.7660
vt 0.5556 0.7660
vt 0.5714 0.7660
vt 0.5873 0.7660
vt 0.6032 0.7660
vt 0.6190 0.7660
vt 0.6349 0.7660
vt 0.6508 0.7660
vt 0.6667 0.7660
vt 0.6825 0.7660
vt 0.6984 0.7660
vt 0.7143 0.7660
vt 0.7302 0.7660
vt 0.7460 0.7660
vt 0.7619 0.7660
vt 0.7778 0.7660
vt 0.7937 0.7660
vt 0.8095 0.7660
vt 0.8254 0.7660
vt 0.8413 0.7660
vt 0.8571 0.7660
vt 0.8730 0.7660
vt 0.8889 0.7660
vt 0.9048 0.7660
vt 0.9206 0.7660
vt 0.9365 0.7660
vt 0.9524 0.7660
vt 0.9683 0.7660
vt 0.9841 0.7660
vt 1.0000 0.7660
vt 0.0000 0.7447
vt 0.0159 0.7447
vt 0.0317 0.7447
vt 0.0476 0.7447
vt 0.0635 0.7447
vt 0.0794 0.7447
vt 0.0952 0.7447
vt 0.1111 0.7447
vt 0.1270 0.7447
vt 0.1429 0.7447
vt 0.1587 0.7447
vt 0.1746 0.7447
vt 0.1905 0.7447
vt 0.2063 0.7447
vt 0.2222 0.7447
vt 0.2381 0.7447
vt 0.2540 0.7447
vt 0.2698 0.7447
vt 0.2857 0.7447
vt 0.3016 0.7447
vt 0.3175 0.7447
vt 0.3333 0.7447
vt 0.3492 0.7447
vt 0.3651 0.7447
vt 0.3810 0.7447
vt 0.3968 0.7447
vt 0.4127 0.7447
vt 0.4286 0.7447
vt 0.4444 0.7447
vt 0.4603 0.7447
vt 0.4762 0.7447
vt 0.4921 0.7447
vt 0.5079 0.7447
vt 0.5238 0.7447
vt 0.5397 0.7447
vt 0.5556 0.7447
vt 0.5714 0.7447
vt 0.5873 0.7447
vt 0.6032 0.7447
vt 0.6190 0.7447
vt 0.6349 0.7447
vt 0.6508 0.7447
vt 0.6667 0.7447
vt 0.6825 0.7447
vt 0.6984 0.7447
vt 0.7143 0.7447
vt 0.7302 0.7447
vt 0.7460 0.7447
vt 0.7619 0.7447
vt 0.7778 0.7447
vt 0.7937 0.7447
vt 0.8095 0.7447
vt 0.8254 0.7447
vt 0.8413 0.7447
vt 0.8571 0.7447
vt 0.8730 0.7447
vt 0.8889 0.7447
vt 0.9048 0.7447
vt 0.9206 0.7447
vt 0.9365 0.7447
vt 0.9524 0.7447
vt 0.9683 0.7447
vt 0.9841 0.7447
vt 1.0000 0.7447
vt 0.0000 0.7234
vt 0.0159 0.7234
vt 0.0317 0.7234
vt 0.0476 0.7234
vt 0.0635 0.7234
vt 0.0794 0.7234
vt 0.0952 0.7234
vt 0.1111 0.7234
vt 0.1270 0.7234
vt 0.1429 0.7234
vt 0.1587 0.7234
vt 0.1746 0.7234
vt 0.1905 0.7234
vt 0.2063 0.7234
vt 0.2222 0.7234
vt 0.2381 0.7234
vt 0.2540 0.7234
vt 0.2698 0.7234
vt 0.2857 0.7234
vt 0.3016 0.7234
vt 0.3175 0.7234
vt 0.3333 0.7234
vt 0.3492 0.7234
vt 0.3651 0.7234
vt 0.3810 0.7234
vt 0.3968 0.7234
vt 0.4127 0.7234
vt 0.4286 0.7234
vt 0.4444 0.7234
vt 0.4603 0.7234
vt 0.4762 0.7234
vt 0.4921 0.7234
vt 0.5079 0.7234
vt 0.5238 0.7234
vt 0.5397 0.7234
vt 0.5556 0.7234
vt 0.5714 0.7234
vt 0.5873 0.7234
vt 0.6032 0.7234
vt 0.6190 0.7234
vt 0.6349 0.7234
vt 0.6508 0.7234
vt 0.6667 0.7234
vt 0.6825 0.7234
vt 0.6984 0.7234
vt 0.7143 0.7234
vt 0.7302 0.7234
vt 0.7460 0.7234
vt 0.7619 0.7234
vt 0.7778 0.7234
vt 0.7937 0.7234
vt 0.8095 0.7234
vt 0.8254 0.7234
vt 0.8413 0.7234
vt 0.8571 0.7234
vt 0.8730 0.7234
vt 0.8889 0.7234
vt 0.9048 0.7234
vt 0.9206 0.7234
vt 0.9365 0.7234
vt 0.9524 0.7234
vt 0.9683 0.7234
vt 0.9841 0.7234
vt 1.0000 0.7234
vt 0.0000 0.7021
vt 0.0159 0.7021
vt 0.0317 0.7021
vt 0.0476 0.7021
vt 0.0635 0.7021
vt 0.0794 0.7021
vt 0.0952 0.7021
vt 0.1111 0.7021
vt 0.1270 0.7021
vt 0.1429 0.7021
vt 0.1587 0.7021
vt 0.1746 0.7021
vt 0.1905 0.7021
vt 0.2063 0.7021
vt 0.2222 0.7021
vt 0.2381 0.7021
vt 0.2540 0.7021
vt 0.2698 0.7021
vt 0.2857 0.7021
vt 0.3016 0.7021
vt 0.3175 0.7021
vt 0.3333 0.7021
vt 0.3492 0.7021
vt 0.3651 0.7021
vt 0.3810 0.7021
vt 0.3968 0.7021
vt 0.4127 0.7021
vt 0.4286 0.7021
vt 0.4444 0.7021
vt 0.4603 0.7021
vt 0.4762 0.7021
vt 0.4921 0.7021
vt 0.5079 0.7021
vt 0.5238 0.7021
vt 0.5397 0.7021
vt 0.5556 0.7021
vt 0.5714 0.7021
vt 0.5873 0.7021
vt 0.6032 0.7021
vt 0.6190 0.7021
vt 0.6349 0.7021
vt 0.6508 0.7021
vt 0.6667 0.7021
vt 0.6825 0.7021
vt 0.6984 0.7021
vt 0.7143 0.7021
vt 0.7302 0.7021
vt 0.7460 0.7021
vt 0.7619 0.7021
vt 0.7778 0.7021
vt 0.7937 0.7021
vt 0.8095 0.7021
vt 0.8254 0.7021
vt 0.8413 0.7021
vt 0.8571 0.7021
vt 0.8730 0.7021
vt 0.8889 0.7021
vt 0.9048 0.7021
vt 0.9206 0.7021
vt 0.9365 0.7021
vt 0.9524 0.7021
vt 0.9683 0.7021
vt 0.9841 0.7021
vt 1.0000 0.7021
vt 0.0000 0.6809
vt 0.0159 0.6809
vt 0.0317 0.6809
vt 0.0476 0.6809
vt 0.0635 0.6809
vt 0.0794 0.6809
vt 0.0952 0.6809
vt 0.1111 0.6809
vt 0.1270 0.6809
vt 0.1429 0.6809
vt 0.1587 0.6809
vt 0.1746 0.6809
vt 0.1905 0.6809
vt 0.2063 0.6809
vt 0.2222 0.6809
vt 0.2381 0.6809
vt 0.2540 0.6809
vt 0.2698 0.6809
vt 0.2857 0.6809
vt 0.3016 0.6809
vt 0.3175 0.6809
vt 0.3333 0.6809
vt 0.3492 0.6809
vt 0.3651 0.6809
vt 0.3810 0.6809
vt 0.3968 0.6809
vt 0.4127 0.6809
vt 0.4286 0.6809
vt 0.4444 0.6809
vt 0.4603 0.6809
vt 0.4762 0.6809
vt 0.4921 0.6809
vt 0.5079 0.6809
vt 0.5238 0.6809
vt 0.5397 0.6809
vt 0.5556 0.6809
vt 0.5714 0.6809
vt 0.5873 0.6809
vt 0.6032 0.6809
vt 0.6190 0.6809
vt 0.6349 0.6809
vt 0.6508 0.6809
vt 0.6667 0.6809
vt 0.6825 0.6809
vt 0.6984 0.6809
vt 0.7143 0.6809
vt 0.7302 0.6809
vt 0.7460 0.6809
vt 0.7619 0.6809
vt 0.7778 0.6809
vt 0.7937 0.6809
vt 0.8095 0.6809
vt 0.8254 0.6809
vt 0.8413 0.6809
vt 0.8571 0.6809
vt 0.8730 0.6809
vt 0.8889 0.6809
vt 0.9048 0.6809
vt 0.9206 0.6809
vt 0.9365 0.6809
vt 0.9524 0.6809
vt 0.9683 0.6809
vt 0.9841 0.6809
vt 1.0000 0.6809
vt 0.0000 0.6596
vt 0.0159 0.6596
vt 0.0317 0.6596
vt 0.0476 0.6596
vt 0.0635 0.6596
vt 0.0794 0.6596
vt 0.0952 0.6596
vt 0.1111 0.6596
vt 0.1270 0.6596
vt 0.1429 0.6596
vt 0.1587 0.6596
vt 0.1746 0.6596
vt 0.1905 0.6596
vt 0.2063 0.6596
vt 0.2222 0.6596
vt 0.2381 0.6596
vt 0.2540 0.6596
vt 0.2698 0.6596
vt 0.2857 0.6596
vt 0.3016 0.6596
vt 0.3175 0.6596
vt 0.3333 0.6596
vt 0.3492 0.6596
vt 0.3651 0.6596
vt 0.3810 0.6596
vt 0.3968 0.6596
vt 0.4127 0.6596
vt 0.4286 0.6596
vt 0.4444 0.6596
vt 0.4603 0.6596
vt 0.4762 0.6596
vt 0.4921 0.6596
vt 0.5079 0.6596
vt 0.5238 0.6596
vt 0.5397 0.6596
vt 0.5556 0.6596
vt 0.5714 0.6596
vt 0.5873 0.6596
vt 0.6032 0.6596
vt 0.6190 0.6596
vt 0.6349 0.6596
vt 0.6508 0.6596
vt 0.6667 0.6596
vt 0.6825 0.6596
vt 0.6984 0.6596
vt 0.7143 0.6596
vt 0.7302 0.6596
vt 0.7460 0.6596
vt 0.7619 0.6596
vt 0.7778 0.6596
vt 0.7937 0.6596
vt 0.8095 0.6596
vt 0.8254 0.6596
vt 0.8413 0.6596
vt 0.8571 0.6596
vt 0.8730 0.6596
vt 0.8889 0.6596
vt 0.9048 0.6596
vt 0.9206 0.6596
vt 0.9365 0.6596
vt 0.9524 0.6596
vt 0.9683 0.6596
vt 0.9841 0.6596
vt 1.0000 0.6596
vt 0.0000 0.6383
vt 0.0159 0.6383
vt 0.0317 0.6383
vt 0.0476 0.6383
vt 0.0635 0.6383
vt 0.0794 0.6383
vt 0.0952 0.6383
vt 0.1111 0.6383
vt 0.1270 0.6383
vt 0.1429 0.6383
vt 0.1587 0.6383
vt 0.1746 0.6383
vt 0.1905 0.6383
vt 0.2063 0.6383
vt 0.2222 0.6383
vt 0.2381 0.6383
vt 0.2540 0.6383
vt 0.2698 0.6383
vt 0.2857 0.6383
vt 0.3016 0.6383
vt 0.3175 0.6383
vt 0.3333 0.6383
vt 0.3492 0.6383
vt 0.3651 0.6383
vt 0.3810 0.6383
vt 0.3968 0.6383
vt 0.4127 0.6383
vt 0.4286 0.6383
vt 0.4444 0.6383
vt 0.4603 0.6383
vt 0.4762 0.6383
vt 0.4921 0.6383
vt 0.5079 0.6383
vt 0.5238 0.6383
vt 0.5397 0.6383
vt 0.5556 0.6383
vt 0.5714 0.6383
vt 0.5873 0.6383
vt 0.6032 0.6383
vt 0.6190 0.6383
vt 0.6349 0.6383
vt 0.6508 0.6383
vt 0.6667 0.6383
vt 0.6825 0.6383
vt 0.6984 0.6383
vt 0.7143 0.6383
vt 0.7302 0.6383
vt 0.7460 0.6383
vt 0.7619 0.6383
vt 0.7778 0.6383
vt 0.7937 0.6383
vt 0.8095 0.6383
vt 0.8254 0.6383
vt 0.8413 0.6383
vt 0.8571 0.6383
vt 0.8730 0.6383
vt 0.8889 0.6383
vt 0.9048 0.6383
vt 0.9206 0.6383
vt 0.9365 0.6383
vt 0.9524 0.6383
vt 0.9683 0.6383
vt 0.9841 0.6383
vt 1.0000 0.6383
vt 0.0000 0.6170
vt 0.0159 0.6170
vt 0.0317 0.6170
vt 0.0476 0.6170
vt 0.0635 0.6170
vt 0.0794 0.6170
vt 0.0952 0.6170
vt 0.1111 0.6170
vt 0.1270 0.6170
vt 0.1429 0.6170
vt 0.1587 0.6170
vt 0.1746 0.6170
vt 0.1905 0.6170
vt 0.2063 0.6170
vt 0.2222 0.6170
vt 0.2381 0.6170
vt 0.2540 0.6170
vt 0.2698 0.6170
vt 0.2857 0.6170
vt 0.3016 0.6170
vt 0.3175 0.6170
vt 0.3333 0.6170
vt 0.3492 0.6170
vt 0.3651 0.6170
vt 0.3810 0.6170
vt 0.3968 0.6170
vt 0.4127 0.6170
vt 0.4286 0.6170
vt 0.4444 0.6170
vt 0.4603 0.6170
vt 0.4762 0.6170
vt 0.4921 0.6170
vt 0.5079 0.6170
vt 0.5238 0.6170
vt 0.5397 0.6170
vt 0.5556 0.6170
vt 0.5714 0.6170
vt 0.5873 0.6170
vt 0.6032 0.6170
vt 0.6190 0.6170
vt 0.6349 0.6170
vt 0.6508 0.6170
vt 0.6667 0.6170
vt 0.6825 0.6170
vt 0.6984 0.6170
vt 0.7143 0.6170
vt 0.7302 0.6170
vt 0.7460 0.6170
vt 0.7619 0.6170
vt 0.7778 0.6170
vt 0.7937 0.6170
vt 0.8095 0.6170
vt 0.8254 0.6170
vt 0.8413 0.6170
vt 0.8571 0.6170
vt 0.8730 0.6170
vt 0.8889 0.6170
vt 0.9048 0.6170
vt 0.9206 0.6170
vt 0.9365 0.6170
vt 0.9524 0.6170
vt 0.9683 0.6170
vt 0.9841 0.6170
vt 1.0000 0.6170
vt 0.0000 0.5957
vt 0.0159 0.5957
vt 0.0317 0.5957
vt 0.0476 0.5957
vt 0.0635 0.5957
vt 0.0794 0.5957
vt 0.0952 0.5957
vt 0.1111 0.5957
vt 0.1270 0.5957
vt 0.1429 0.5957
vt 0.1587 0.5957
vt 0.1746 0.5957
vt 0.1905 0.5957
vt 0.2063 0.5957
vt 0.2222 0.5957
vt 0.2381 0.5957
vt 0.2540 0.5957
vt 0.2698 0.5957
vt 0.2857 0.5957
vt 0.3016 0.5957
vt 0.3175 0.5957
vt 0.3333 0.5957
vt 0.3492 0.5957
vt 0.3651 0.5957
vt 0.3810 0.5957
vt 0.3968 0.5957
vt 0.4127 0.5957
vt 0.4286 0.5957
vt 0.4444 0.5957
vt 0.4603 0.5957
vt 0.4762 0.5957
vt 0.4921 0.5957
vt 0.5079 0.5957
vt 0.5238 0.5957
vt 0.5397 0.5957
vt 0.5556 0.5957
vt 0.5714 0.5957
vt 0.5873 0.5957
vt 0.6032 0.5957
vt 0.6190 0.5957
vt 0.6349 0.5957
vt 0.6508 0.5957
vt 0.6667 0.5957
vt 0.6825 0.5957
vt 0.6984 0.5957
vt 0.7143 0.5957
vt 0.7302 0.5957
vt 0.7460 0.5957
vt 0.7619 0.5957
vt 0.7778 0.5957
vt 0.7937 0.5957
vt 0.8095 0.5957
vt 0.8254 0.5957
vt 0.8413 0.5957
vt 0.8571 0.5957
vt 0.8730 0.5957
vt 0.8889 0.5957
vt 0.9048 0.5957
vt 0.9206 0.5957
vt 0.9365 0.5957
vt 0.9524 0.5957
vt 0.9683 0.5957
vt 0.9841 0.5957
vt 1.0000 0.5957
vt 0.0000 0.5745
vt 0.0159 0.5745
vt 0.0317 0.5745
vt 0.0476 0.5745
vt 0.0635 0.5745
vt 0.0794 0.5745
vt 0.0952 0.5745
vt 0.1111 0.5745
vt 0.1270 0.5745
vt 0.1429 0.5745
vt 0.1587 0.5745
vt 0.1746 0.5745
vt 0.1905 0.5745
vt 0.2063 0.5745
vt 0.2222 0.5745
vt 0.2381 0.5745
vt 0.2540 0.5745
vt 0.2698 0.5745
vt 0.2857 0.5745
vt 0.3016 0.5745
vt 0.3175 0.5745
vt 0.3333 0.5745
vt 0.3492 0.5745
vt 0.3651 0.5745
vt 0.3810 0.5745
vt 0.3968 0.5745
vt 0.4127 0.5745
vt 0.4286 0.5745
vt 0.4444 0.5745
vt 0.4603 0.5745
vt 0.4762 0.5745
vt 0.4921 0.5745
vt 0.5079 0.5745
vt 0.5238 0.5745
vt 0.5397 0.5745
vt 0.5556 0.5745
vt 0.5714 0.5745
vt 0.5873 0.5745
vt 0.6032 0.5745
vt 0.6190 0.5745
vt 0.6349 0.5745
vt 0.6508 0.5745
vt 0.6667 0.5745
vt 0.6825 0.5745
vt 0.6984 0.5745
vt 0.7143 0.5745
vt 0.7302 0.5745
vt 0.7460 0.5745
vt 0.7619 0.5745
vt 0.7778 0.5745
vt 0.7937 0.5745
vt 0.8095 0.5745
vt 0.8254 0.5745
vt 0.8413 0.5745
vt 0.8571 0.5745
vt 0.8730 0.5745
vt 0.8889 0.5745
vt 0.9048 0.5745
vt 0.9206 0.5745
vt 0.9365 0.5745
vt 0.9524 0.5745
vt 0.9683 0.5745
vt 0.9841 0.5745
vt 1.0000 0.5745
vt 0.0000 0.5532
vt 0.0159 0.5532
vt 0.0317 0.5532
vt 0.0476 0.5532
vt 0.0635 0.5532
vt 0.0794 0.5532
vt 0.0952 0.5532
vt 0.1111 0.5532
vt 0.1270 0.5532
vt 0.1429 0.5532
vt 0.1587 0.5532
vt 0.1746 0.5532
vt 0.1905 0.5532
vt 0.2063 0.5532
vt 0.2222 0.5532
vt 0.2381 0.5532
vt 0.2540 0.5532
vt 0.2698 0.5532
vt 0.2857 0.5532
vt 0.3016 0.5532
vt 0.3175 0.5532
vt 0.3333 0.5532
vt 0.3492 0.5532
vt 0.3651 0.5532
vt 0.3810 0.5532
vt 0.3968 0.5532
vt 0.4127 0.5532
vt 0.4286 0.5532
vt 0.4444 0.5532
vt 0.4603 0.5532
vt 0.4762 0.5532
vt 0.4921 0.5532
vt 0.5079 0.5532
vt 0.5238 0.5532
vt 0.5397 0.5532
vt 0.5556 0.5532
vt 0.5714 0.5532
vt 0.5873 0.5532
vt 0.6032 0.5532
vt 0.6190 0.5532
vt 0.6349 0.5532
vt 0.6508 0.5532
vt 0.6667 0.5532
vt 0.6825 0.5532
vt 0.6984 0.5532
vt 0.7143 0.5532
vt 0.7302 0.5532
vt 0.7460 0.5532
vt 0.7619 0.5532
vt 0.7778 0.5532
vt 0.7937 0.5532
vt 0.8095 0.5532
vt 0.8254 0.5532
vt 0.8413 0.5532
vt 0.8571 0.5532
vt 0.8730 0.5532
vt 0.8889 0.5532
vt 0.9048 0.5532
vt 0.9206 0.5532
vt 0.9365 0.5532
vt 0.9524 0.5532
vt 0.9683 0.5532
vt 0.9841 0.5532
vt 1.0000 0.5532
vt 0.0000 0.5319
vt 0.0159 0.5319
vt 0.0317 0.5319
vt 0.0476 0.5319
vt 0.0635 0.5319
vt 0.0794 0.5319
vt 0.0952 0.5319
vt 0.1111 0.5319
vt 0.1270 0.5319
vt 0.1429 0.5319
vt 0.1587 0.5319
vt 0.1746 0.5319
vt 0.1905 0.5319
vt 0.2063 0.5319
vt 0.2222 0.5319
vt 0.2381 0.5319
vt 0.2540 0.5319
vt 0.2698 0.5319
vt 0.2857 0.5319
vt 0.3016 0.5319
vt 0.3175 0.5319
vt 0.3333 0.5319
vt 0.3492 0.5319
vt 0.3651 0.5319
vt 0.3810 0.5319
vt 0.3968 0.5319
vt 0.4127 0.5319
vt 0.4286 0.5319
vt 0.4444 0.5319
vt 0.4603 0.5319
vt 0.4762 0.5319
vt 0.4921 0.5319
vt 0.5079 0.5319
vt 0.5238 0.5319
vt 0.5397 0.5319
vt 0.5556 0.5319
vt 0.5714 0.5319
vt 0.5873 0.5319
vt 0.6032 0.5319
vt 0.6190 0.5319
vt 0.6349 0.5319
vt 0.6508 0.5319
vt 0.6667 0.5319
vt 0.6825 0.5319
vt 0.6984 0.5319
vt 0.7143 0.5319
vt 0.7302 0.5319
vt 0.7460 0.5319
vt 0.7619 0.5319
vt 0.7778 0.5319
vt 0.7937 0.5319
vt 0.8095 0.5319
vt 0.8254 0.5319
vt 0.8413 0.5319
vt 0.8571 0.5319
vt 0.8730 0.5319
vt 0.8889 0.5319
vt 0.9048 0.5319
vt 0.9206 0.5319
vt 0.9365 0.5319
vt 0.9524 0.5319
vt 0.9683 0.5319
vt 0.9841 0.5319
vt 1.0000 0.5319
vt 0.0000 0.5106
vt 0.0159 0.5106
vt 0.0317 0.5106
vt 0.0476 0.5106
vt 0.0635 0.5106
vt 0.0794 0.5106
vt 0.0952 0.5106
vt 0.1111 0.5106
vt 0.1270 0.5106
vt 0.1429 0.5106
vt 0.1587 0.5106
vt 0.1746 0.5106
vt 0.1905 0.5106
vt 0.2063 0.5106
vt 0.2222 0.5106
vt 0.2381 0.5106
vt 0.2540 0.5106
vt 0.2698 0.5106
vt 0.2857 0.5106
vt 0.3016 0.5106
vt 0.3175 0.5106
vt 0.3333 0.5106
vt 0.3492 0.5106
vt 0.3651 0.5106
vt 0.3810 0.5106
vt 0.3968 0.5106
vt 0.4127 0.5106
vt 0.4286 0.5106
vt 0.4444 0.5106
vt 0.4603 0.5106
vt 0.4762 0.5106
vt 0.4921 0.5106
vt 0.5079 0.5106
vt 0.5238 0.5106
vt 0.5397 0.5106
vt 0.5556 0.5106
vt 0.5714 0.5106
vt 0.5873 0.5106
vt 0.6032 0.5106
vt 0.6190 0.5106
vt 0.6349 0.5106
vt 0.6508 0.5106
vt 0.6667 0.5106
vt 0.6825 0.5106
vt 0.6984 0.5106
vt 0.7143 0.5106
vt 0.7302 0.5106
vt 0.7460 0.5106
vt 0.7619 0.5106
vt 0.7778 0.5106
vt 0.7937 0.5106
vt 0.8095 0.5106
vt 0.8254 0.5106
vt 0.8413 0.5106
vt 0.8571 0.5106
vt 0.8730 0.5106
vt 0.8889 0.5106
vt 0.9048 0.5106
vt 0.9206 0.5106
vt 0.9365 0.5106
vt 0.9524 0.5106
vt 0.9683 0.5106
vt 0.9841 0.5106
vt 1.0000 0.5106
vt 0.0000 0.4894
vt 0.0159 0.4894
vt 0.0317 0.4894
vt 0.0476 0.4894
vt 0.0635 0.4894
vt 0.0794 0.4894
vt 0.0952 0.4894
vt 0.1111 0.4894
vt 0.1270 0.4894
vt 0.1429 0.4894
vt 0.1587 0.4894
vt 0.1746 0.4894
vt 0.1905 0.4894
vt 0.2063 0.4894
vt 0.2222 0.4894
vt 0.2381 0.4894
vt 0.2540 0.4894
vt 0.2698 0.4894
vt 0.2857 0.4894
vt 0.3016 0.4894
vt 0.3175 0.4894
vt 0.3333 0.4894
vt 0.3492 0.4894
vt 0.3651 0.4894
vt 0.3810 0.4894
vt 0.3968 0.4894
vt 0.4127 0.4894
vt 0.4286 0.4894
vt 0.4444 0.4894
vt 0.4603 0.4894
vt 0.4762 0.4894
vt 0.4921 0.4894
vt 0.5079 0.4894
vt 0.5238 0.4894
vt 0.5397 0.4894
vt 0.5556 0.4894
vt 0.5714 0.4894
vt 0.5873 0.4894
vt 0.6032 0.4894
vt 0.6190 0.4894
vt 0.6349 0.4894
vt 0.6508 0.4894
vt 0.6667 0.4894
vt 0.6825 0.4894
vt 0.6984 0.4894
vt 0.7143 0.4894
vt 0.7302 0.4894
vt 0.7460 0.4894
vt 0.7619 0.4894
vt 0.7778 0.4894
vt 0.7937 0.4894
vt 0.8095 0.4894
vt 0.8254 0.4894
vt 0.8413 0.4894
vt 0.8571 0.4894
vt 0.8730 0.4894
vt 0.8889 0.4894
vt 0.9048 0.4894
vt 0.9206 0.4894
vt 0.9365 0.4894
vt 0.9524 0.4894
vt 0.9683 0.4894
vt 0.9841 0.4894
vt 1.0000 0.4894
vt 0.0000 0.4681
vt 0.0159 0.4681
vt 0.0317 0.4681
vt 0.0476 0.4681
vt 0.0635 0.4681
vt 0.0794 0.4681
vt 0.0952 0.4681
vt 0.1111 0.4681
vt 0.1270 0.4681
vt 0.1429 0.4681
vt 0.1587 0.4681
vt 0.1746 0.4681
vt 0.1905 0.4681
vt 0.2063 0.4681
vt 0.2222 0.4681
vt 0.2381 0.4681
vt 0.2540 0.4681
vt 0.2698 0.4681
vt 0.2857 0.4681
vt 0.3016 0.4681
vt 0.3175 0.4681
vt 0.3333 0.4681
vt 0.3492 0.4681
vt 0.3651 0.4681
vt 0.3810 0.4681
vt 0.3968 0.4681
vt 0.4127 0.4681
vt 0.4286 0.4681
vt 0.4444 0.4681
vt 0.4603 0.4681
vt 0.4762 0.4681
vt 0.4921 0.4681
vt 0.5079 0.4681
vt 0.5238 0.4681
vt 0.5397 0.4681
vt 0.5556 0.4681
vt 0.5714 0.4681
vt 0.5873 0.4681
vt 0.6032 0.4681
vt 0.6190 0.4681
vt 0.6349 0.4681
vt 0.6508 0.4681
vt 0.6667 0.4681
vt 0.6825 0.4681
vt 0.6984 0.4681
vt 0.7143 0.4681
vt 0.7302 0.4681
vt 0.7460 0.4681
vt 0.7619 0.4681
vt 0.7778 0.4681
vt 0.7937 0.4681
vt 0.8095 0.4681
vt 0.8254 0.4681
vt 0.8413 0.4681
vt 0.8571 0.4681
vt 0.8730 0.4681
vt 0.8889 0.4681
vt 0.9048 0.4681
vt 0.9206 0.4681
vt 0.9365 0.4681
vt 0.9524 0.4681
vt 0.9683 0.4681
vt 0.9841 0.4681
vt 1.0000 0.4681
vt 0.0000 0.4468
vt 0.0159 0.4468
vt 0.0317 0.4468
vt 0.0476 0.4468
vt 0.0635 0.4468
vt 0.0794 0.4468
vt 0.0952 0.4468
vt 0.1111 0.4468
vt 0.1270 0.4468
vt 0.1429 0.4468
vt 0.1587 0.4468
vt 0.1746 0.4468
vt 0.1905 0.4468
vt 0.2063 0.4468
vt 0.2222 0.4468
vt 0.2381 0.4468
vt 0.2540 0.4468
vt 0.2698 0.4468
vt 0.2857 0.4468
vt 0.3016 0.4468
vt 0.3175 0.4468
vt 0.3333 0.4468
vt 0.3492 0.4468
vt 0.3651 0.4468
vt 0.3810 0.4468
vt 0.3968 0.4468
vt 0.4127 0.4468
vt 0.4286 0.4468
vt 0.4444 0.4468
vt 0.4603 0.4468
vt 0.4762 0.4468
vt 0.4921 0.4468
vt 0.5079 0.4468
vt 0.5238 0.4468
vt 0.5397 0.4468
vt 0.5556 0.4468
vt 0.5714 0.4468
vt 0.5873 0.4468
vt 0.6032 0.4468
vt 0.6190 0.4468
vt 0.6349 0.4468
vt 0.6508 0.4468
vt 0.6667 0.4468
vt 0.6825 0.4468
vt 0.6984 0.4468
vt 0.7143 0.4468
vt 0.7302 0.4468
vt 0.7460 0.4468
vt 0.7619 0.4468
vt 0.7778 0.4468
vt 0.7937 0.4468
vt 0.8095 0.4468
vt 0.8254 0.4468
vt 0.8413 0.4468
vt 0.8571 0.4468
vt 0.8730 0.4468
vt 0.8889 0.4468
vt 0.9048 0.4468
vt 0.9206 0.4468
vt 0.9365 0.4468
vt 0.9524 0.4468
vt 0.9683 0.4468
vt 0.9841 0.4468
vt 1.0000 0.4468
vt 0.0000 0.4255
vt 0.0159 0.4255
vt 0.0317 0.4255
vt 0.0476 0.4255
vt 0.0635 0.4255
vt 0.0794 0.4255
vt 0.0952 0.4255
vt 0.1111 0.4255
vt 0.1270 0.4255
vt 0.1429 0.4255
vt 0.1587 0.4255
vt 0.1746 0.4255
vt 0.1905 0.4255
vt 0.2063 0.4255
vt 0.2222 0.4255
vt 0.2381 0.4255
vt 0.2540 0.4255
vt 0.2698 0.4255
vt 0.2857 0.4255
vt 0.3016 0.4255
vt 0.3175 0.4255
vt 0.3333 0.4255
vt 0.3492 0.4255
vt 0.3651 0.4255
vt 0.3810 0.4255
vt 0.3968 0.4255
vt 0.4127 0.4255
vt 0.4286 0.4255
vt 0.4444 0.4255
vt 0.4603 0.4255
vt 0.4762 0.4255
vt 0.4921 0.4255
vt 0.5079 0.4255
vt 0.5238 0.4255
vt 0.5397 0.4255
vt 0.5556 0.4255
vt 0.5714 0.4255
vt 0.5873 0.4255
vt 0.6032 0.4255
vt 0.6190 0.4255
vt 0.6349 0.4255
vt 0.6508 0.4255
vt 0.6667 0.4255
vt 0.6825 0.4255
vt 0.6984 0.4255
vt 0.7143 0.4255
vt 0.7302 0.4255
vt 0.7460 0.4255
vt 0.7619 0.4255
vt 0.7778 0.4255
vt 0.7937 0.4255
vt 0.8095 0.4255
vt 0.8254 0.4255
vt 0.8413 0.4255
vt 0.8571 0.4255
vt 0.8730 0.4255
vt 0.8889 0.4255
vt 0.9048 0.4255
vt 0.9206 0.4255
vt 0.9365 0.4255
vt 0.9524 0.4255
vt 0.9683 0.4255
vt 0.9841 0.4255
vt 1.0000 0.4255
vt 0.0000 0.4043
vt 0.0159 0.4043
vt 0.0317 0.4043
vt 0.0476 0.4043
vt 0.0635 0.4043
vt 0.0794 0.4043
vt 0.0952 0.4043
vt 0.1111 0.4043
vt 0.1270 0.4043
vt 0.1429 0.4043
vt 0.1587 0.4043
vt 0.1746 0.4043
vt 0.1905 0.4043
vt 0.2063 0.4043
vt 0.2222 0.4043
vt 0.2381 0.4043
vt 0.2540 0.4043
vt 0.2698 0.4043
vt 0.2857 0.4043
vt 0.3016 0.4043
vt 0.3175 0.4043
vt 0.3333 0.4043
vt 0.3492 0.4043
vt 0.3651 0.4043
vt 0.3810 0.4043
vt 0.3968 0.4043
vt 0.4127 0.4043
vt 0.4286 0.4043
vt 0.4444 0.4043
vt 0.4603 0.4043
vt 0.4762 0.4043
vt 0.4921 0.4043
vt 0.5079 0.4043
vt 0.5238 0.4043
vt 0.5397 0.4043
vt 0.5556 0.4043
vt 0.5714 0.4043
vt 0.5873 0.4043
vt 0.6032 0.4043
vt 0.6190 0.4043
vt 0.6349 0.4043
vt 0.6508 0.4043
vt 0.6667 0.4043
vt 0.6825 0.4043
vt 0.6984 0.4043
vt 0.7143 0.4043
vt 0.7302 0.4043
vt 0.7460 0.4043
vt 0.7619 0.4043
vt 0.7778 0.4043
vt 0.7937 0.4043
vt 0.8095 0.4043
vt 0.8254 0.4043
vt 0.8413 0.4043
vt 0.8571 0.4043
vt 0.8730 0.4043
vt 0.8889 0.4043
vt 0.9048 0.4043
vt 0.9206 0.4043
vt 0.9365 0.4043
vt 0.9524 0.4043
vt 0.9683 0.4043
vt 0.9841 0.4043
vt 1.0000 0.4043
vt 0.0000 0.3830
vt 0.0159 0.3830
vt 0.0317 0.3830
vt 0.0476 0.3830
vt 0.0635 0.3830
vt 0.0794 0.3830
vt 0.0952 0.3830
vt 0.1111 0.3830
vt 0.1270 0.3830
vt 0.1429 0.3830
vt 0.1587 0.3830
vt 0.1746 0.3830
vt 0.1905 0.3830
vt 0.2063 0.3830
vt 0.2222 0.3830
vt 0.2381 0.3830
vt 0.2540 0.3830
vt 0.2698 0.3830
vt 0.2857 0.3830
vt 0.3016 0.3830
vt 0.3175 0.3830
vt 0.3333 0.3830
vt 0.3492 0.3830
vt 0.3651 0.3830
vt 0.3810 0.3830
vt 0.3968 0.3830
vt 0.4127 0.3830
vt 0.4286 0.3830
vt 0.4444 0.3830
vt 0.4603 0.3830
vt 0.4762 0.3830
vt 0.4921 0.3830
vt 0.5079 0.3830
vt 0.5238 0.3830
vt 0.5397 0.3830
vt 0.5556 0.3830
vt 0.5714 0.3830
vt 0.5873 0.3830
vt 0.6032 0.3830
vt 0.6190 0.3830
vt 0.6349 0.3830
vt 0.6508 0.3830
vt 0.6667 0.3830
vt 0.6825 0.3830
vt 0.6984 0.3830
vt 0.7143 0.3830
vt 0.7302 0.3830
vt 0.7460 0.3830
vt 0.7619 0.3830
vt 0.7778 0.3830
vt 0.7937 0.3830
vt 0.8095 0.3830
vt 0.8254 0.3830
vt 0.8413 0.3830
vt 0.8571 0.3830
vt 0.8730 0.3830
vt 0.8889 0.3830
vt 0.9048 0.3830
vt 0.9206 0.3830
vt 0.9365 0.3830
vt 0.9524 0.3830
vt 0.9683 0.3830
vt 0.9841 0.3830
vt 1.0000 0.3830
vt 0.0000 0.3617
vt 0.0159 0.3617
vt 0.0317 0.3617
vt 0.0476 0.3617
vt 0.0635 0.3617
vt 0.0794 0.3617
vt 0.0952 0.3617
vt 0.1111 0.3617
vt 0.1270 0.3617
vt 0.1429 0.3617
vt 0.1587 0.3617
vt 0.1746 0.3617
vt 0.1905 0.3617
vt 0.2063 0.3617
vt 0.2222 0.3617
vt 0.2381 0.3617
vt 0.2540 0.3617
vt 0.2698 0.3617
vt 0.2857 0.3617
vt 0.3016 0.3617
vt 0.3175 0.3617
vt 0.3333 0.3617
vt 0.3492 0.3617
vt 0.3651 0.3617
vt 0.3810 0.3617
vt 0.3968 0.3617
vt 0.4127 0.3617
vt 0.4286 0.3617
vt 0.4444 0.3617
vt 0.4603 0.3617
vt 0.4762 0.3617
vt 0.4921 0.3617
vt 0.5079 0.3617
vt 0.5238 0.3617
vt 0.5397 0.3617
vt 0.5556 0.3617
vt 0.5714 0.3617
vt 0.5873 0.3617
vt 0.6032 0.3617
vt 0.6190 0.3617
vt 0.6349 0.3617
vt 0.6508 0.3617
vt 0.6667 0.3617
vt 0.6825 0.3617
vt 0.6984 0.3617
vt 0.7143 0.3617
vt 0.7302 0.3617
vt 0.7460 0.3617
vt 0.7619 0.3617
vt 0.7778 0.3617
vt 0.7937 0.3617
vt 0.8095 0.3617
vt 0.8254 0.3617
vt 0.8413 0.3617
vt 0.8571 0.3617
vt 0.8730 0.3617
vt 0.8889 0.3617
vt 0.9048 0.3617
vt 0.9206 0.3617
vt 0.9365 0.3617
vt 0.9524 0.3617
vt 0.9683 0.3617
vt 0.9841 0.3617
vt 1.0000 0.3617
vt 0.0000 0.3404
vt 0.0159 0.3404
vt 0.0317 0.3404
vt 0.0476 0.3404
vt 0.0635 0.3404
vt 0.0794 0.3404
vt 0.0952 0.3404
vt 0.1111 0.3404
vt 0.1270 0.3404
vt 0.1429 0.3404
vt 0.1587 0.3404
vt 0.1746 0.3404
vt 0.1905 0.3404
vt 0.2063 0.3404
vt 0.2222 0.3404
vt 0.2381 0.3404
vt 0.2540 0.3404
vt 0.2698 0.3404
vt 0.2857 0.3404
vt 0.3016 0.3404
vt 0.3175 0.3404
vt 0.3333 0.3404
vt 0.3492 0.3404
vt 0.3651 0.3404
vt 0.3810 0.3404
vt 0.3968 0.3404
vt 0.4127 0.3404
vt 0.4286 0.3404
vt 0.4444 0.3404
vt 0.4603 0.3404
vt 0.4762 0.3404
vt 0.4921 0.3404
vt 0.5079 0.3404
vt 0.5238 0.3404
vt 0.5397 0.3404
vt 0.5556 0.3404
vt 0.5714 0.3404
vt 0.5873 0.3404
vt 0.6032 0.3404
vt 0.6190 0.3404
vt 0.6349 0.3404
vt 0.6508 0.3404
vt 0.6667 0.3404
vt 0.6825 0.3404
vt 0.6984 0.3404
vt 0.7143 0.3404
vt 0.7302 0.3404
vt 0.7460 0.3404
vt 0.7619 0.3404
vt 0.7778 0.3404
vt 0.7937 0.3404
vt 0.8095 0.3404
vt 0.8254 0.3404
vt 0.8413 0.3404
vt 0.8571 0.3404
vt 0.8730 0.3404
vt 0.8889 0.3404
vt 0.9048 0.3404
vt 0.9206 0.3404
vt 0.9365 0.3404
vt 0.9524 0.3404
vt 0.9683 0.3404
vt 0.9841 0.3404
vt 1.0000 0.3404
vt 0.0000 0.3191
vt 0.0159 0.3191
vt 0.0317 0.3191
vt 0.0476 0.3191
vt 0.0635 0.3191
vt 0.0794 0.3191
vt 0.0952 0.3191
vt 0.1111 0.3191
vt 0.1270 0.3191
vt 0.1429 0.3191
vt 0.1587 0.3191
vt 0.1746 0.3191
vt 0.1905 0.3191
vt 0.2063 0.3191
vt 0.2222 0.3191
vt 0.2381 0.3191
vt 0.2540 0.3191
vt 0.2698 0.3191
vt 0.2857 0.3191
vt 0.3016 0.3191
vt 0.3175 0.3191
vt 0.3333 0.3191
vt 0.3492 0.3191
vt 0.3651 0.3191
vt 0.3810 0.3191
vt 0.3968 0.3191
vt 0.4127 0.3191
vt 0.4286 0.3191
vt 0.4444 0.3191
vt 0.4603 0.3191
vt 0.4762 0.3191
vt 0.4921 0.3191
vt 0.5079 0.3191
vt 0.5238 0.3191
vt 0.5397 0.3191
vt 0.5556 0.3191
vt 0.5714 0.3191
vt 0.5873 0.3191
vt 0.6032 0.3191
vt 0.6190 0.3191
vt 0.6349 0.3191
vt 0.6508 0.3191
vt 0.6667 0.3191
vt 0.6825 0.3191
vt 0.6984 0.3191
vt 0.7143 0.3191
vt 0.7302 0.3191
vt 0.7460 0.3191
vt 0.7619 0.3191
vt 0.7778 0.3191
vt 0.7937 0.3191
vt 0.8095 0.3191
vt 0.8254 0.3191
vt 0.8413 0.3191
vt 0.8571 0.3191
vt 0.8730 0.3191
vt 0.8889 0.3191
vt 0.9048 0.3191
vt 0.9206 0.3191
vt 0.9365 0.3191
vt 0.9524 0.3191
vt 0.9683 0.3191
vt 0.9841 0.3191
vt 1.0000 0.3191
vt 0.0000 0.2979
vt 0.0159 0.2979
vt 0.0317 0.2979
vt 0.0476 0.2979
vt 0.0635 0.2979
vt 0.0794 0.2979
vt 0.0952 0.2979
vt 0.1111 0.2979
vt 0.1270 0.2979
vt 0.1429 0.2979
vt 0.1587 0.2979
vt 0.1746 0.2979
vt 0.1905 0.2979
vt 0.2063 0.2979
vt 0.2222 0.2979
vt 0.2381 0.2979
vt 0.2540 0.2979
vt 0.2698 0.2979
vt 0.2857 0.2979
vt 0.3016 0.2979
vt 0.3175 0.2979
vt 0.3333 0.2979
vt 0.3492 0.2979
vt 0.3651 0.2979
vt 0.3810 0.2979
vt 0.3968 0.2979
vt 0.4127 0.2979
vt 0.4286 0.2979
vt 0.4444 0.2979
vt 0.4603 0.2979
vt 0.4762 0.2979
vt 0.4921 0.2979
vt 0.5079 0.2979
vt 0.5238 0.2979
vt 0.5397 0.2979
vt 0.5556 0.2979
vt 0.5714 0.2979
vt 0.5873 0.2979
vt 0.6032 0.2979
vt 0.6190 0.2979
vt 0.6349 0.2979
vt 0.6508 0.2979
vt 0.6667 0.2979
vt 0.6825 0.2979
vt 0.6984 0.2979
vt 0.7143 0.2979
vt 0.7302 0.2979
vt 0.7460 0.2979
vt 0.7619 0.2979
vt 0.7778 0.2979
vt 0.7937 0.2979
vt 0.8095 0.2979
vt 0.8254 0.2979
vt 0.8413 0.2979
vt 0.8571 0.2979
vt 0.8730 0.2979
vt 0.8889 0.2979
vt 0.9048 0.2979
vt 0.9206 0.2979
vt 0.9365 0.2979
vt 0.9524 0.2979
vt 0.9683 0.2979
vt 0.9841 0.2979
vt 1.0000 0.2979
vt 0.0000 0.2766
vt 0.0159 0.2766
vt 0.0317 0.2766
vt 0.0476 0.2766
vt 0.0635 0.2766
vt 0.0794 0.2766
vt 0.0952 0.2766
vt 0.1111 0.2766
vt 0.1270 0.2766
vt 0.1429 0.2766
vt 0.1587 0.2766
vt 0.1746 0.2766
vt 0.1905 0.2766
vt 0.2063 0.2766
vt 0.2222 0.2766
vt 0.2381 0.2766
vt 0.2540 0.2766
vt 0.2698 0.2766
vt 0.2857 0.2766
vt 0.3016 0.2766
vt 0.3175 0.2766
vt 0.3333 0.2766
vt 0.3492 0.2766
vt 0.3651 0.2766
vt 0.3810 0.2766
vt 0.3968 0.2766
vt 0.4127 0.2766
vt 0.4286 0.2766
vt 0.4444 0.2766
vt 0.4603 0.2766
vt 0.4762 0.2766
vt 0.4921 0.2766
vt 0.5079 0.2766
vt 0.5238 0.2766
vt 0.5397 0.2766
vt 0.5556 0.2766
vt 0.5714 0.2766
vt 0.5873 0.2766
vt 0.6032 0.2766
vt 0.6190 0.2766
vt 0.6349 0.2766
vt 0.6508 0.2766
vt 0.6667 0.2766
vt 0.6825 0.2766
vt 0.6984 0.2766
vt 0.7143 0.2766
vt 0.7302 0.2766
vt 0.7460 0.2766
vt 0.7619 0.2766
vt 0.7778 0.2766
vt 0.7937 0.2766
vt 0.8095 0.2766
vt 0.8254 0.2766
vt 0.8413 0.2766
vt 0.8571 0.2766
vt 0.8730 0.2766
vt 0.8889 0.2766
vt 0.9048 0.2766
vt 0.9206 0.2766
vt 0.9365 0.2766
vt 0.9524 0.2766
vt 0.9683 0.2766
vt 0.9841 0.2766
vt 1.0000 0.2766
vt 0.0000 0.2553
vt 0.0159 0.2553
vt 0.0317 0.2553
vt 0.0476 0.2553
vt 0.0635 0.2553
vt 0.0794 0.2553
vt 0.0952 0.2553
vt 0.1111 0.2553
vt 0.1270 0.2553
vt 0.1429 0.2553
vt 0.1587 0.2553
vt 0.1746 0.2553
vt 0.1905 0.2553
vt 0.2063 0.2553
vt 0.2222 0.2553
vt 0.2381 0.2553
vt 0.2540 0.2553
vt 0.2698 0.2553
vt 0.2857 0.2553
vt 0.3016 0.2553
vt 0.3175 0.2553
vt 0.3333 0.2553
vt 0.3492 0.2553
vt 0.3651 0.2553
vt 0.3810 0.2553
vt 0.3968 0.2553
vt 0.4127 0.2553
vt 0.4286 0.2553
vt 0.4444 0.2553
vt 0.4603 0.2553
vt 0.4762 0.2553
vt 0.4921 0.2553
vt 0.5079 0.2553
vt 0.5238 0.2553
vt 0.5397 0.2553
vt 0.5556 0.2553
vt 0.5714 0.2553
vt 0.5873 0.2553
vt 0.6032 0.2553
vt 0.6190 0.2553
vt 0.6349 0.2553
vt 0.6508 0.2553
vt 0.6667 0.2553
vt 0.6825 0.2553
vt 0.6984 0.2553
vt 0.7143 0.2553
vt 0.7302 0.2553
vt 0.7460 0.2553
vt 0.7619 0.2553
vt 0.7778 0.2553
vt 0.7937 0.2553
vt 0.8095 0.2553
vt 0.8254 0.2553
vt 0.8413 0.2553
vt 0.8571 0.2553
vt 0.8730 0.2553
vt 0.8889 0.2553
vt 0.9048 0.2553
vt 0.9206 0.2553
vt 0.9365 0.2553
vt 0.9524 0.2553
vt 0.9683 0.2553
vt 0.9841 0.2553
vt 1.0000 0.2553
vt 0.0000 0.2340
vt 0.0159 0.2340
vt 0.0317 0.2340
vt 0.0476 0.2340
vt 0.0635 0.2340
vt 0.0794 0.2340
vt 0.0952 0.2340
vt 0.1111 0.2340
vt 0.1270 0.2340
vt 0.1429 0.2340
vt 0.1587 0.2340
vt 0.1746 0.2340
vt 0.1905 0.2340
vt 0.2063 0.2340
vt 0.2222 0.2340
vt 0.2381 0.2340
vt 0.2540 0.2340
vt 0.2698 0.2340
vt 0.2857 0.2340
vt 0.3016 0.2340
vt 0.3175 0.2340
vt 0.3333 0.2340
vt 0.3492 0.2340
vt 0.3651 0.2340
vt 0.3810 0.2340
vt 0.3968 0.2340
vt 0.4127 0.2340
vt 0.4286 0.2340
vt 0.4444 0.2340
vt 0.4603 0.2340
vt 0.4762 0.2340
vt 0.4921 0.2340
vt 0.5079 0.2340
vt 0.5238 0.2340
vt 0.5397 0.2340
vt 0.5556 0.2340
vt 0.5714 0.2340
vt 0.5873 0.2340
vt 0.6032 0.2340
vt 0.6190 0.2340
vt 0.6349 0.2340
vt 0.6508 0.2340
vt 0.6667 0.2340
vt 0.6825 0.2340
vt 0.6984 0.2340
vt 0.7143 0.2340
vt 0.7302 0.2340
vt 0.7460 0.2340
vt 0.7619 0.2340
vt 0.7778 0.2340
vt 0.7937 0.2340
vt 0.8095 0.2340
vt 0.8254 0.2340
vt 0.8413 0.2340
vt 0.8571 0.2340
vt 0.8730 0.2340
vt 0.8889 0.2340
vt 0.9048 0.2340
vt 0.9206 0.2340
vt 0.9365 0.2340
vt 0.9524 0.2340
vt 0.9683 0.2340
vt 0.9841 0.2340
vt 1.0000 0.2340
vt 0.0000 0.2128
vt 0.0159 0.2128
vt 0.0317 0.2128
vt 0.0476 0.2128
vt 0.0635 0.2128
vt 0.0794 0.2128
vt 0.0952 0.2128
vt 0.1111 0.2128
vt 0.1270 0.2128
vt 0.1429 0.2128
vt 0.1587 0.2128
vt 0.1746 0.2128
vt 0.1905 0.2128
vt 0.2063 0.2128
vt 0.2222 0.2128
vt 0.2381 0.2128
vt 0.2540 0.2128
vt 0.2698 0.2128
vt 0.2857 0.2128
vt 0.3016 0.2128
vt 0.3175 0.2128
vt 0.3333 0.2128
vt 0.3492 0.2128
vt 0.3651 0.2128
vt 0.3810 0.2128
vt 0.3968 0.2128
vt 0.4127 0.2128
vt 0.4286 0.2128
vt 0.4444 0.2128
vt 0.4603 0.2128
vt 0.4762 0.2128
vt 0.4921 0.2128
vt 0.5079 0.2128
vt 0.5238 0.2128
vt 0.5397 0.2128
vt 0.5556 0.2128
vt 0.5714 0.2128
vt 0.5873 0.2128
vt 0.6032 0.2128
vt 0.6190 0.2128
vt 0.6349 0.2128
vt 0.6508 0.2128
vt 0.6667 0.2128
vt 0.6825 0.2128
vt 0.6984 0.2128
vt 0.7143 0.2128
vt 0.7302 0.2128
vt 0.7460 0.2128
vt 0.7619 0.2128
vt 0.7778 0.2128
vt 0.7937 0.2128
vt 0.8095 0.2128
vt 0.8254 0.2128
vt 0.8413 0.2128
vt 0.8571 0.2128
vt 0.8730 0.2128
vt 0.8889 0.2128
vt 0.9048 0.2128
vt 0.9206 0.2128
vt 0.9365 0.2128
vt 0.9524 0.2128
vt 0.9683 0.2128
vt 0.9841 0.2128
vt 1.0000 0.2128
vt 0.0000 0.1915
vt 0.0159 0.1915
vt 0.0317 0.1915
vt 0.0476 0.1915
vt 0.0635 0.1915
vt 0.0794 0.1915
vt 0.0952 0.1915
vt 0.1111 0.1915
vt 0.1270 0.1915
vt 0.1429 0.1915
vt 0.1587 0.1915
vt 0.1746 0.1915
vt 0.1905 0.1915
vt 0.2063 0.1915
vt 0.2222 0.1915
vt 0.2381 0.1915
vt 0.2540 0.1915
vt 0.2698 0.1915
vt 0.2857 0.1915
vt 0.3016 0.1915
vt 0.3175 0.1915
vt 0.3333 0.1915
vt 0.3492 0.1915
vt 0.3651 0.1915
vt 0.3810 0.1915
vt 0.3968 0.1915
vt 0.4127 0.1915
vt 0.4286 0.1915
vt 0.4444 0.1915
vt 0.4603 0.1915
vt 0.4762 0.1915
vt 0.4921 0.1915
vt 0.5079 0.1915
vt 0.5238 0.1915
vt 0.5397 0.1915
vt 0.5556 0.1915
vt 0.5714 0.1915
vt 0.5873 0.1915
vt 0.6032 0.1915
vt 0.6190 0.1915
vt 0.6349 0.1915
vt 0.6508 0.1915
vt 0.6667 0.1915
vt 0.6825 0.1915
vt 0.6984 0.1915
vt 0.7143 0.1915
vt 0.7302 0.1915
vt 0.7460 0.1915
vt 0.7619 0.1915
vt 0.7778 0.1915
vt 0.7937 0.1915
vt 0.8095 0.1915
vt 0.8254 0.1915
vt 0.8413 0.1915
vt 0.8571 0.1915
vt 0.8730 0.1915
vt 0.8889 0.1915
vt 0.9048 0.1915
vt 0.9206 0.1915
vt 0.9365 0.1915
vt 0.9524 0.1915
vt 0.9683 0.1915
vt 0.9841 0.1915
vt 1.0000 0.1915
vt 0.0000 0.1702
vt 0.0159 0.1702
vt 0.0317 0.1702
vt 0.0476 0.1702
vt 0.0635 0.1702
vt 0.0794 0.1702
vt 0.0952 0.1702
vt 0.1111 0.1702
vt 0.1270 0.1702
vt 0.1429 0.1702
vt 0.1587 0.1702
vt 0.1746 0.1702
vt 0.1905 0.1702
vt 0.2063 0.1702
vt 0.2222 0.1702
vt 0.2381 0.1702
vt 0.2540 0.1702
vt 0.2698 0.1702
vt 0.2857 0.1702
vt 0.3016 0.1702
vt 0.3175 0.1702
vt 0.3333 0.1702
vt 0.3492 0.1702
vt 0.3651 0.1702
vt 0.3810 0.1702
vt 0.3968 0.1702
vt 0.4127 0.1702
vt 0.4286 0.1702
vt 0.4444 0.1702
vt 0.4603 0.1702
vt 0.4762 0.1702
vt 0.4921 0.1702
vt 0.5079 0.1702
vt 0.5238 0.1702
vt 0.5397 0.1702
vt 0.5556 0.1702
vt 0.5714 0.1702
vt 0.5873 0.1702
vt 0.6032 0.1702
vt 0.6190 0.1702
vt 0.6349 0.1702
vt 0.6508 0.1702
vt 0.6667 0.1702
vt 0.6825 0.1702
vt 0.6984 0.1702
vt 0.7143 0.1702
vt 0.7302 0.1702
vt 0.7460 0.1702
vt 0.7619 0.1702
vt 0.7778 0.1702
vt 0.7937 0.1702
vt 0.8095 0.1702
vt 0.8254 0.1702
vt 0.8413 0.1702
vt 0.8571 0.1702
vt 0.8730 0.1702
vt 0.8889 0.1702
vt 0.9048 0.1702
vt 0.9206 0.1702
vt 0.9365 0.1702
vt 0.9524 0.1702
vt 0.9683 0.1702
vt 0.9841 0.1702
vt 1.0000 0.1702
vt 0.0000 0.1489
vt 0.0159 0.1489
vt 0.0317 0.1489
vt 0.0476 0.1489
vt 0.0635 0.1489
vt 0.0794 0.1489
vt 0.0952 0.1489
vt 0.1111 0.1489
vt 0.1270 0.1489
vt 0.1429 0.1489
vt 0.1587 0.1489
vt 0.1746 0.1489
vt 0.1905 0.1489
vt 0.2063 0.1489
vt 0.2222 0.1489
vt 0.2381 0.1489
vt 0.2540 0.1489
vt 0.2698 0.1489
vt 0.2857 0.1489
vt 0.3016 0.1489
vt 0.3175 0.1489
vt 0.3333 0.1489
vt 0.3492 0.1489
vt 0.3651 0.1489
vt 0.3810 0.1489
vt 0.3968 0.1489
vt 0.4127 0.1489
vt 0.4286 0.1489
vt 0.4444 0.1489
vt 0.4603 0.1489
vt 0.4762 0.1489
vt 0.4921 0.1489
vt 0.5079 0.1489
vt 0.5238 0.1489
vt 0.5397 0.1489
vt 0.5556 0.1489
vt 0.5714 0.1489
vt 0.5873 0.1489
vt 0.6032 0.1489
vt 0.6190 0.1489
vt 0.6349 0.1489
vt 0.6508 0.1489
vt 0.6667 0.1489
vt 0.6825 0.1489
vt 0.6984 0.1489
vt 0.7143 0.1489
vt 0.7302 0.1489
vt 0.7460 0.1489
vt 0.7619 0.1489
vt 0.7778 0.1489
vt 0.7937 0.1489
vt 0.8095 0.1489
vt 0.8254 0.1489
vt 0.8413 0.1489
vt 0.8571 0.1489
vt 0.8730 0.1489
vt 0.8889 0.1489
vt 0.9048 0.1489
vt 0.9206 0.1489
vt 0.9365 0.1489
vt 0.9524 0.1489
vt 0.9683 0.1489
vt 0.9841 0.1489
vt 1.0000 0.1489
vt 0.0000 0.1277
vt 0.0159 0.1277
vt 0.0317 0.1277
vt 0.0476 0.1277
vt 0.0635 0.1277
vt 0.0794 0.1277
vt 0.0952 0.1277
vt 0.1111 0.1277
vt 0.1270 0.1277
vt 0.1429 0.1277
vt 0.1587 0.1277
vt 0.1746 0.1277
vt 0.1905 0.1277
vt 0.2063 0.1277
vt 0.2222 0.1277
vt 0.2381 0.1277
vt 0.2540 0.1277
vt 0.2698 0.1277
vt 0.2857 0.1277
vt 0.3016 0.1277
vt 0.3175 0.1277
vt 0.3333 0.1277
vt 0.3492 0.1277
vt 0.3651 0.1277
vt 0.3810 0.1277
vt 0.3968 0.1277
vt 0.4127 0.1277
vt 0.4286 0.1277
vt 0.4444 0.1277
vt 0.4603 0.1277
vt 0.4762 0.1277
vt 0.4921 0.1277
vt 0.5079 0.1277
vt 0.5238 0.1277
vt 0.5397 0.1277
vt 0.5556 0.1277
vt 0.5714 0.1277
vt 0.5873 0.1277
vt 0.6032 0.1277
vt 0.6190 0.1277
vt 0.6349 0.1277
vt 0.6508 0.1277
vt 0.6667 0.1277
vt 0.6825 0.1277
vt 0.6984 0.1277
vt 0.7143 0.1277
vt 0.7302 0.1277
vt 0.7460 0.1277
vt 0.7619 0.1277
vt 0.7778 0.1277
vt 0.7937 0.1277
vt 0.8095 0.1277
vt 0.8254 0.1277
vt 0.8413 0.1277
vt 0.8571 0.1277
vt 0.8730 0.1277
vt 0.8889 0.1277
vt 0.9048 0.1277
vt 0.9206 0.1277
vt 0.9365 0.1277
vt 0.9524 0.1277
vt 0.9683 0.1277
vt 0.9841 0.1277
vt 1.0000 0.1277
vt 0.0000 0.1064
vt 0.0159 0.1064
vt 0.0317 0.1064
vt 0.0476 0.1064
vt 0.0635 0.1064
vt 0.0794 0.1064
vt 0.0952 0.1064
vt 0.1111 0.1064
vt 0.1270 0.1064
vt 0.1429 0.1064
vt 0.1587 0.1064
vt 0.1746 0.1064
vt 0.1905 0.1064
vt 0.2063 0.1064
vt 0.2222 0.1064
vt 0.2381 0.1064
vt 0.2540 0.1064
vt 0.2698 0.1064
vt 0.2857 0.1064
vt 0.3016 0.1064
vt 0.3175 0.1064
vt 0.3333 0.1064
vt 0.3492 0.1064
vt 0.3651 0.1064
vt 0.3810 0.1064
vt 0.3968 0.1064
vt 0.4127 0.1064
vt 0.4286 0.1064
vt 0.4444 0.1064
vt 0.4603 0.1064
vt 0.4762 0.1064
vt 0.4921 0.1064
vt 0.5079 0.1064
vt 0.5238 0.1064
vt 0.5397 0.1064
vt 0.5556 0.1064
vt 0.5714 0.1064
vt 0.5873 0.1064
vt 0.6032 0.1064
vt 0.6190 0.1064
vt 0.6349 0.1064
vt 0.6508 0.1064
vt 0.6667 0.1064
vt 0.6825 0.1064
vt 0.6984 0.1064
vt 0.7143 0.1064
vt 0.7302 0.1064
vt 0.7460 0.1064
vt 0.7619 0.1064
vt 0.7778 0.1064
vt 0.7937 0.1064
vt 0.8095 0.1064
vt 0.8254 0.1064
vt 0.8413 0.1064
vt 0.8571 0.1064
vt 0.8730 0.1064
vt 0.8889 0.1064
vt 0.9048 0.1064
vt 0.9206 0.1064
vt 0.9365 0.1064
vt 0.9524 0.1064
vt 0.9683 0.1064
vt 0.9841 0.1064
vt 1.0000 0.1064
vt 0.0000 0.0851
vt 0.0159 0.0851
vt 0.0317 0.0851
vt 0.0476 0.0851
vt 0.0635 0.0851
vt 0.0794 0.0851
vt 0.0952 0.0851
vt 0.1111 0.0851
vt 0.1270 0.0851
vt 0.1429 0.0851
vt 0.1587 0.0851
vt 0.1746 0.0851
vt 0.1905 0.0851
vt 0.2063 0.0851
vt 0.2222 0.0851
vt 0.2381 0.0851
vt 0.2540 0.0851
vt 0.2698 0.0851
vt 0.2857 0.0851
vt 0.3016 0.0851
vt 0.3175 0.0851
vt 0.3333 0.0851
vt 0.3492 0.0851
vt 0.3651 0.0851
vt 0.3810 0.0851
vt 0.3968 0.0851
vt 0.4127 0.0851
vt 0.4286 0.0851
vt 0.4444 0.0851
vt 0.4603 0.0851
vt 0.4762 0.0851
vt 0.4921 0.0851
vt 0.5079 0.0851
vt 0.5238 0.0851
vt 0.5397 0.0851
vt 0.5556 0.0851
vt 0.5714 0.0851
vt 0.5873 0.0851
vt 0.6032 0.0851
vt 0.6190 0.0851
vt 0.6349 0.0851
vt 0.6508 0.0851
vt 0.6667 0.0851
vt 0.6825 0.0851
vt 0.6984 0.0851
vt 0.7143 0.0851
vt 0.7302 0.0851
vt 0.7460 0.0851
vt 0.7619 0.0851
vt 0.7778 0.0851
vt 0.7937 0.0851
vt 0.8095 0.0851
vt 0.8254 0.0851
vt 0.8413 0.0851
vt 0.8571 0.0851
vt 0.8730 0.0851
vt 0.8889 0.0851
vt 0.9048 0.0851
vt 0.9206 0.0851
vt 0.9365 0.0851
vt 0.9524 0.0851
vt 0.9683 0.0851
vt 0.9841 0.0851
vt 1.0000 0.0851
vt 0.0000 0.0638
vt 0.0159 0.0638
vt 0.0317 0.0638
vt 0.0476 0.0638
vt 0.0635 0.0638
vt 0.0794 0.0638
vt 0.0952 0.0638
vt 0.1111 0.0638
vt 0.1270 0.0638
vt 0.1429 0.0638
vt 0.1587 0.0638
vt 0.1746 0.0638
vt 0.1905 0.0638
vt 0.2063 0.0638
vt 0.2222 0.0638
vt 0.2381 0.0638
vt 0.2540 0.0638
vt 0.2698 0.0638
vt 0.2857 0.0638
vt 0.3016 0.0638
vt 0.3175 0.0638
vt 0.3333 0.0638
vt 0.3492 0.0638
vt 0.3651 0.0638
vt 0.3810 0.0638
vt 0.3968 0.0638
vt 0.4127 0.0638
vt 0.4286 0.0638
vt 0.4444 0.0638
vt 0.4603 0.0638
vt 0.4762 0.0638
vt 0.4921 0.0638
vt 0.5079 0.0638
vt 0.5238 0.0638
vt 0.5397 0.0638
vt 0.5556 0.0638
vt 0.5714 0.0638
vt 0.5873 0.0638
vt 0.6032 0.0638
vt 0.6190 0.0638
vt 0.6349 0.0638
vt 0.6508 0.0638
vt 0.6667 0.0638
vt 0.6825 0.0638
vt 0.6984 0.0638
vt 0.7143 0.0638
vt 0.7302 0.0638
vt 0.7460 0.0638
vt 0.7619 0.0638
vt 0.7778 0.0638
vt 0.7937 0.0638
vt 0.8095 0.0638
vt 0.8254 0.0638
vt 0.8413 0.0638
vt 0.8571 0.0638
vt 0.8730 0.0638
vt 0.8889 0.0638
vt 0.9048 0.0638
vt 0.9206 0.0638
vt 0.9365 0.0638
vt 0.9524 0.0638
vt 0.9683 0.0638
vt 0.9841 0.0638
vt 1.0000 0.0638
vt 0.0000 0.0426
vt 0.0159 0.0426
vt 0.0317 0.0426
vt 0.0476 0.0426
vt 0.0635 0.0426
vt 0.0794 0.0426
vt 0.0952 0.0426
vt 0.1111 0.0426
vt 0.1270 0.0426
vt 0.1429 0.0426
vt 0.1587 0.0426
vt 0.1746 0.0426
vt 0.1905 0.0426
vt 0.2063 0.0426
vt 0.2222 0.0426
vt 0.2381 0.0426
vt 0.2540 0.0426
vt 0.2698 0.0426
vt 0.2857 0.0426
vt 0.3016 0.0426
vt 0.3175 0.0426
vt 0.3333 0.0426
vt 0.3492 0.0426
vt 0.3651 0.0426
vt 0.3810 0.0426
vt 0.3968 0.0426
vt 0.4127 0.0426
vt 0.4286 0.0426
vt 0.4444 0.0426
vt 0.4603 0.0426
vt 0.4762 0.0426
vt 0.4921 0.0426
vt 0.5079 0.0426
vt 0.5238 0.0426
vt 0.5397 0.0426
vt 0.5556 0.0426
vt 0.5714 0.0426
vt 0.5873 0.0426
vt 0.6032 0.0426
vt 0.6190 0.0426
vt 0.6349 0.0426
vt 0.6508 0.0426
vt 0.6667 0.0426
vt 0.6825 0.0426
vt 0.6984 0.0426
vt 0.7143 0.0426
vt 0.7302 0.0426
vt 0.7460 0.0426
vt 0.7619 0.0426
vt 0.7778 0.0426
vt 0.7937 0.0426
vt 0.8095 0.0426
vt 0.8254 0.0426
vt 0.8413 0.0426
vt 0.8571 0.0426
vt 0.8730 0.0426
vt 0.8889 0.0426
vt 0.9048 0.0426
vt 0.9206 0.0426
vt 0.9365 0.0426
vt 0.9524 0.0426
vt 0.9683 0.0426
vt 0.9841 0.0426
vt 1.0000 0.0426
vt 0.0000 0.0213
vt 0.0159 0.0213
vt 0.0317 0.0213
vt 0.0476 0.0213
vt 0.0635 0.0213
vt 0.0794 0.0213
vt 0.0952 0.0213
vt 0.1111 0.0213
vt 0.1270 0.0213
vt 0.1429 0.0213
vt 0.1587 0.0213
vt 0.1746 0.0213
vt 0.1905 0.0213
vt 0.2063 0.0213
vt 0.2222 0.0213
vt 0.2381 0.0213
vt 0.2540 0.0213
vt 0.2698 0.0213
vt 0.2857 0.0213
vt 0.3016 0.0213
vt 0.3175 0.0213
vt 0.3333 0.0213
vt 0.3492 0.0213
vt 0.3651 0.0213
vt 0.3810 0.0213
vt 0.3968 0.0213
vt 0.4127 0.0213
vt 0.4286 0.0213
vt 0.4444 0.0213
vt 0.4603 0.0213
vt 0.4762 0.0213
vt 0.4921 0.0213
vt 0.5079 0.0213
vt 0.5238 0.0213
vt 0.5397 0.0213
vt 0.5556 0.0213
vt 0.5714 0.0213
vt 0.5873 0.0213
vt 0.6032 0.0213
vt 0.6190 0.0213
vt 0.6349 0.0213
vt 0.6508 0.0213
vt 0.6667 0.0213
vt 0.6825 0.0213
vt 0.6984 0.0213
vt 0.7143 0.0213
vt 0.7302 0.0213
vt 0.7460 0.0213
vt 0.7619 0.0213
vt 0.7778 0.0213
vt 0.7937 0.0213
vt 0.8095 0.0213
vt 0.8254 0.0213
vt 0.8413 0.0213
vt 0.8571 0.0213
vt 0.8730 0.0213
vt 0.8889 0.0213
vt 0.9048 0.0213
vt 0.9206 0.0213
vt 0.9365 0.0213
vt 0.9524 0.0213
vt 0.9683 0.0213
vt 0.9841 0.0213
vt 1.0000 0.0213
vt 0.0000 0.0000
vt 0.0159 0.0000
vt 0.0317 0.0000
vt 0.0476 0.0000
vt 0.0635 0.0000
vt 0.0794 0.0000
vt 0.0952 0.0000
vt 0.1111 0.0000
vt 0.1270 0.0000
vt 0.1429 0.0000
vt 0.1587 0.0000
vt 0.1746 0.0000
vt 0.1905 0.0000
vt 0.2063 0.0000
vt 0.2222 0.0000
vt 0.2381 0.0000
vt 0.2540 0.0000
vt 0.2698 0.0000
vt 0.2857 0.0000
vt 0.3016 0.0000
vt 0.3175 0.0000
vt 0.3333 0.0000
vt 0.3492 0.0000
vt 0.3651 0.0000
vt 0.3810 0.0000
vt 0.3968 0.0000
vt 0.4127 0.0000
vt 0.4286 0.0000
vt 0.4444 0.0000
vt 0.4603 0.0000
vt 0.4762 0.0000
vt 0.4921 0.0000
vt 0.5079 0.0000
vt 0.5238 0.0000
vt 0.5397 0.0000
vt 0.5556 0.0000
vt 0.5714 0.0000
vt 0.5873 0.0000
vt 0.6032 0.0000
vt 0.6190 0.0000
vt 0.6349 0.0000
vt 0.6508 0.0000
vt 0.6667 0.0000
vt 0.6825 0.0000
vt 0.6984 0.0000
vt 0.7143 0.0000
vt 0.7302 0.0000
vt 0.7460 0.0000
vt 0.7619 0.0000
vt 0.7778 0.0000
vt 0.7937 0.0000
vt 0.8095 0.0000
vt 0.8254 0.0000
vt 0.8413 0.0000
vt 0.8571 0.0000
vt 0.8730 0.0000
vt 0.8889 0.0000
vt 0.9048 0.0000
vt 0.9206 0.0000
vt 0.9365 0.0000
vt 0.9524 0.0000
vt 0.9683 0.0000
vt 0.9841 0.0000
vt 1.0000 0.0000
f 1/1 2/2 66/66
f 1/1 66/66 65/65
f 2/2 3/3 67/67
f 2/2 67/67 66/66
f 3/3 4/4 68/68
f 3/3 68/68 67/67
f 4/4 5/5 69/69
f 4/4 69/69 68/68
f 5/5 6/6 70/70
f 5/5 70/70 69/69
f 6/6 7/7 71/71
f 6/6 71/71 70/70
f 7/7 8/8 72/72
f 7/7 72/72 71/71
f 8/8 9/9 73/73
f 8/8 73/73 72/72
f 9/9 10/10 74/74
f 9/9 74/74 73/73
f 10/10 11/11 75/75
f 10/10 75/75 74/74
f 11/11 12/12 76/76
f 11/11 76/76 75/75
f 12/12 13/13 77/77
f 12/12 77/77 76/76
f 13/13 14/14 78/78
f 13/13 78/78 77/77
f 14/14 15/15 79/79
f 14/14 79/79 78/78
f 15/15 16/16 80/80
f 15/15 80/80 79/79
f 16/16 17/17 81/81
f 16/16 81/81 80/80
f 17/17 18/18 82/82
f 17/17 82/82 81/81
f 18/18 19/19 83/83
f 18/18 83/83 82/82
f 19/19 20/20 84/84
f 19/19 84/84 83/83
f 20/20 21/21 85/85
f 20/20 85/85 84/84
f 21/21 22/22 86/86
f 21/21 86/86 85/85
f 22/22 23/23 87/87
f 22/22 87/87 86/86
f 23/23 24/24 88/88
f 23/23 88/88 87/87
f 24/24 25/25 89/89
f 24/24 89/89 88/88
f 25/25 26/26 90/90
f 25/25 90/90 89/89
f 26/26 27/27 91/91
f 26/26 91/91 90/90
f 27/27 28/28 92/92
f 27/27 92/92 91/91
f 28/28 29/29 93/93
f 28/28 93/93 92/92
f 29/29 30/30 94/94
f 29/29 94/94 93/93
f 30/30 31/31 95/95
f 30/30 95/95 94/94
f 31/31 32/32 96/96
f 31/31 96/96 95/95
f 32/32 33/33 97/97
f 32/32 97/97 96/96
f 33/33 34/34 98/98
f 33/33 98/98 97/97
f 34/34 35/35 99/99
f 34/34 99/99 98/98
f 35/35 36/36 100/100
f 35/35 100/100 99/99
f 36/36 37/37 101/101
f 36/36 101/101 100/100
f 37/37 38/38 102/102
f 37/37 102/102 101/101
f 38/38 39/39 103/103
f 38/38 103/103 102/102
f 39/39 40/40 104/104
f 39/39 104/104 103/103
f 40/40 41/41 105/105
f 40/40 105/105 104/104
f 41/41 42/42 106/106
f 41/41 106/106 105/105
f 42/42 43/43 107/107
f 42/42 107/107 106/106
f 43/43 44/44 108/108
f 43/43 108/108 107/107
f 44/44 45/45 109/109
f 44/44 109/109 108/108
f 45/45 46/46 110/110
f 45/45 110/110 109/109
f 46/46 47/47 111/111
f 46/46 111/111 110/110
f 47/47 48/48 112/112
f 47/47 112/112 111/111
f 48/48 49/49 113/113
f 48/48 113/113 112/112
f 49/49 50/50 114/114
f 49/49 114/114 113/113
f 50/50 51/51 115/115
f 50/50 115/115 114/114
f 51/51 52/52 116/116
f 51/51 116/116 115/115
f 52/52 53/53 117/117
f 52/52 117/117 116/116
f 53/53 54/54 118/118
f 53/53 118/118 117/117
f 54/54 55/55 119/119
f 54/54 119/119 118/118
f 55/55 56/56 120/120
f 55/55 120/120 119/119
f 56/56 57/57 121/121
f 56/56 121/121 120/120
f 57/57 58/58 122/122
f 57/57 122/122 121/121
f 58/58 59/59 123/123
f 58/58 123/123 122/122
f 59/59 60/60 124/124
f 59/59 124/124 123/123
f 60/60 61/61 125/125
f 60/60 125/125 124/124
f 61/61 62/62 126/126
f 61/61 126/126 125/125
f 62/62 63/63 127/127
f 62/62 127/127 126/126
f 63/63 64/64 128/128
f 63/63 128/128 127/127
f 65/65 66/66 130/130
f 65/65 130/130 129/129
f 66/66 67/67 131/131
f 66/66 131/131 130/130
f 67/67 68/68 132/132
f 67/67 132/132 131/131
f 68/68 69/69 133/133
f 68/68 133/133 132/132
f 69/69 70/70 134/134
f 69/69 134/134 133/133
f 70/70 71/71 135/135
f 70/70 135/135 134/134
f 71/71 72/72 136/136
f 71/71 136/136 135/135
f 72/72 73/73 137/137
f 72/72 137/137 136/136
f 73/73 74/74 138/138
f 73/73 138/138 137/137
f 74/74 75/75 139/139
f 74/74 139/139 138/138
f 75/75 76/76 140/140
f 75/75 140/140 139/139
f 76/76 77/77 141/141
f 76/76 141/141 140/140
f 77/77 78/78 142/142
f 77/77 142/142 141/141
f 78/78 79/79 143/143
f 78/78 143/143 142/142
f 79/79 80/80 144/144
f 79/79 144/144 143/143
f 80/80 81/81 145/145
f 80/80 145/145 144/144
f 81/81 82/82 146/146
f 81/81 146/146 145/145
f 82/82 83/83 147/147
f 82/82 147/147 146/146
f 83/83 84/84 148/148
f 83/83 148/148 147/147
f 84/84 85/85 149/149
f 84/84 149/149 148/148
f 85/85 86/86 150/150
f 85/85 150/150 149/149
f 86/86 87/87 151/151
f 86/86 151/151 150/150
f 87/87 88/88 152/152
f 87/87 152/152 151/151
f 88/88 89/89 153/153
f 88/88 153/153 152/152
f 89/89 90/90 154/154
f 89/89 154/154 153/153
f 90/90 91/91 155/155
f 90/90 155/155 154/154
f 91/91 92/92 156/156
f 91/91 156/156 155/155
f 92/92 93/93 157/157
f 92/92 157/157 156/156
f 93/93 94/94 158/158
f 93/93 158/158 157/157
f 94/94 95/95 159/159
f 94/94 159/159 158/158
f 95/95 96/96 160/160
f 95/95 160/160 159/159
f 96/96 97/97 161/161
f 96/96 161/161 160/160
f 97/97 98/98 162/162
f 97/97 162/162 161/161
f 98/98 99/99 163/163
f 98/98 163/163 162/162
f 99/99 100/100 164/164
f 99/99 164/164 163/163
f 100/100 101/101 165/165
f 100/100 165/165 164/164
f 101/101 102/102 166/166
f 101/101 166/166 165/165
f 102/102 103/103 167/167
f 102/102 167/167 166/166
f 103/103 104/104 168/168
f 103/103 168/168 167/167
f 104/104 105/105 169/169
f 104/104 169/169 168/168
f 105/105 106/106 170/170
f 105/105 170/170 169/169
f 106/106 107/107 171/171
f 106/106 171/171 170/170
f 107/107 108/108 172/172
f 107/107 172/172 171/171
f 108/108 109/109 173/173
f 108/108 173/173 172/172
f 109/109 110/110 174/174
f 109/109 174/174 173/173
f 110/110 111/111 175/175
f 110/110 175/175 174/174
f 111/111 112/112 176/176
f 111/111 176/176 175/175
f 112/112 113/113 177/177
f 112/112 177/177 176/176
f 113/113 114/114 178/178
f 113/113 178/178 177/177
f 114/114 115/115 179/179
f 114/114 179/179 178/178
f 115/115 116/116 180/180
f 115/115 180/180 179/179
f 116/116 117/117 181/181
f 116/116 181/181 180/180
f 117/117 118/118 182/182
f 117/117 182/182 181/181
f 118/118 119/119 183/183
f 118/118 183/183 182/182
f 119/119 120/120 184/184
f 119/119 184/184 183/183
f 120/120 121/121 185/185
f 120/120 185/185 184/184
f 121/121 122/122 186/186
f 121/121 186/186 185/185
f 122/122 123/123 187/187
f 122/122 187/187 186/186
f 123/123 124/124 188/188
f 123/123 188/188 187/187
f 124/124 125/125 189/189
f 124/124 189/189 188/188
f 125/125 126/126 190/190
f 125/125 190/190 189/189
f 126/126 127/127 191/191
f 126/126 191/191 190/190
f 127/127 128/128 192/192
f 127/127 192/192 191/191
f 129/129 130/130 194/194
f 129/129 194/194 193/193
f 130/130 131/131 195/195
f 130/130 195/195 194/194
f 131/131 132/132 196/196
f 131/131 196/196 195/195
f 132/132 133/133 197/197
f 132/132 197/197 196/196
f 133/133 134/134 198/198
f 133/133 198/198 197/197
f 134/134 135/135 199/199
f 134/134 199/199 198/198
f 135/135 136/136 200/200
f 135/135 200/200 199/199
f 136/136 137/137 201/201
f 136/136 201/201 200/200
f 137/137 138/138 202/202
f 137/137 202/202 201/201
f 138/138 139/139 203/203
f 138/138 203/203 202/202
f 139/139 140/140 204/204
f 139/139 204/204 203/203
f 140/140 141/141 205/205
f 140/140 205/205 204/204
f 141/141 142/142 206/206
f 141/141 206/206 205/205
f 142/142 143/143 207/207
f 142/142 207/207 206/206
f 143/143 144/144 208/208
f 143/143 208/208 207/207
f 144/144 145/145 209/209
f 144/144 209/209 208/208
f 145/145 146/146 210/210
f 145/145 210/210 209/209
f 146/146 147/147 211/211
f 146/146 211/211 210/210
f 147/147 148/148 212/212
f 147/147 212/212 211/211
f 148/148 149/149 213/213
f 148/148 213/213 212/212
f 149/149 150/150 214/214
f 149/149 214/214 213/213
f 150/150 151/151 215/215
f 150/150 215/215 214/214
f 151/151 152/152 216/216
f 151/151 216/216 215/215
f 152/152 153/153 217/217
f 152/152 217/217 216/216
f 153/153 154/154 218/218
f 153/153 218/218 217/217
f 154/154 155/155 219/219
f 154/154 219/219 218/218
f 155/155 156/156 220/220
f 155/155 220/220 219/219
f 156/156 157/157 221/221
f 156/156 221/221 220/220
f 157/157 158/158 222/222
f 157/157 222/222 221/221
f 158/158 159/159 223/223
f 158/158 223/223 222/222
f 159/159 160/160 224/224
f 159/159 224/224 223/223
f 160/160 161/161 225/225
f 160/160 225/225 224/224
f 161/161 162/162 226/226
f 161/161 226/226 225/225
f 162/162 163/163 227/227
f 162/162 227/227 226/226
f 163/163 164/164 228/228
f 163/163 228/228 227/227
f 164/164 165/165 229/229
f 164/164 229/229 228/228
f 165/165 166/166 230/230
f 165/165 230/230 229/229
f 166/166 167/167 231/231
f 166/166 231/231 230/230
f 167/167 168/168 232/232
f 167/167 232/232 231/231
f 168/168 169/169 233/233
f 168/168 233/233 232/232
f 169/169 170/170 234/234
f 169/169 234/234 233/233
f 170/170 171/171 235/235
f 170/170 235/235 234/234
f 171/171 172/172 236/236
f 171/171 236/236 235/235
f 172/172 173/173 237/237
f 172/172 237/237 236/236
f 173/173 174/174 238/238
f 173/173 238/238 237/237
f 174/174 175/175 239/239
f 174/174 239/239 238/238
f 175/175 176/176 240/240
f 175/175 240/240 239/239
f 176/176 177/177 241/241
f 176/176 241/241 240/240
f 177/177 178/178 242/242
f 177/177 242/242 241/241
f 178/178 179/179 243/243
f 178/178 243/243 242/242
f 179/179 180/180 244/244
f 179/179 244/244 243/243
f 180/180 181/181 245/245
f 180/180 245/245 244/244
f 181/181 182/182 246/246
f 181/181 246/246 245/245
f 182/182 183/183 247/247
f 182/182 247/247 246/246
f 183/183 184/184 248/248
f 183/183 248/248 247/247
f 184/184 185/185 249/249
f 184/184 249/249 248/248
f 185/185 186/186 250/250
f 185/185 250/250 249/249
f 186/186 187/187 251/251
f 186/186 251/251 250/250
f 187/187 188/188 252/252
f 187/187 252/252 251/251
f 188/188 189/189 253/253
f 188/188 253/253 252/252
f 189/189 190/190 254/254
f 189/189 254/254 253/253
f 190/190 191/191 255/255
f 190/190 255/255 254/254
f 191/191 192/192 256/256
f 191/191 256/256 255/255
f 193/193 194/194 258/258
f 193/193 258/258 257/257
f 194/194 195/195 259/259
f 194/194 259/259 258/258
f 195/195 196/196 260/260
f 195/195 260/260 259/259
f 196/196 197/197 261/261
f 196/196 261/261 260/260
f 197/197 198/198 262/262
f 197/197 262/262 261/261
f 198/198 199/199 263/263
f 198/198 263/263 262/262
f 199/199 200/200 264/264
f 199/199 264/264 263/263
f 200/200 201/201 265/265
f 200/200 265/265 264/264
f 201/201 202/202 266/266
f 201/201 266/266 265/265
f 202/202 203/203 267/267
f 202/202 267/267 266/266
f 203/203 204/204 268/268
f 203/203 268/268 267/267
f 204/204 205/205 269/269
f 204/204 269/269 268/268
f 205/205 206/206 270/270
f 205/205 270/270 269/269
f 206/206 207/207 271/271
f 206/206 271/271 270/270
f 207/207 208/208 272/272
f 207/207 272/272 271/271
f 208/208 209/209 273/273
f 208/208 273/273 272/272
f 209/209 210/210 274/274
f 209/209 274/274 273/273
f 210/210 211/211 275/275
f 210/210 275/275 274/274
f 211/211 212/212 276/276
f 211/211 276/276 275/275
f 212/212 213/213 277/277
f 212/212 277/277 276/276
f 213/213 214/214 278/278
f 213/213 278/278 277/277
f 214/214 215/215 279/279
f 214/214 279/279 278/278
f 215/215 216/216 280/280
f 215/215 280/280 279/279
f 216/216 217/217 281/281
f 216/216 281/281 280/280
f 217/217 218/218 282/282
f 217/217 282/282 281/281
f 218/218 219/219 283/283
f 218/218 283/283 282/282
f 219/219 220/220 284/284
f 219/219 284/284 283/283
f 220/220 221/221 285/285
f 220/220 285/285 284/284
f 221/221 222/222 286/286
f 221/221 286/286 285/285
f 222/222 223/223 287/287
f 222/222 287/287 286/286
f 223/223 224/224 288/288
f 223/223 288/288 287/287
f 224/224 225/225 289/289
f 224/224 289/289 288/288
f 225/225 226/226 290/290
f 225/225 290/290 289/289
f 226/226 227/227 291/291
f 226/226 291/291 290/290
f 227/227 228/228 292/292
f 227/227 292/292 291/291
f 228/228 229/229 293/293
f 228/228 293/293 292/292
f 229/229 230/230 294/294
f 229/229 294/294 293/293
f 230/230 231/231 295/295
f 230/230 295/295 294/294
f 231/231 232/232 296/296
f 231/231 296/296 295/295
f 232/232 233/233 297/297
f 232/232 297/297 296/296
f 233/233 234/234 298/298
f 233/233 298/298 297/297
f 234/234 235/235 299/299
f 234/234 299/299 298/298
f 235/235 236/236 300/300
f 235/235 300/300 299/299
f 236/236 237/237 301/301
f 236/236 301/301 300/300
f 237/237 238/238 302/302
f 237/237 302/302 301/301
f 238/238 239/239 303/303
f 238/238 303/303 302/302
f 239/239 240/240 304/304
f 239/239 304/304 303/303
f 240/240 241/241 305/305
f 240/240 305/305 304/304
f 241/241 242/242 306/306
f 241/241 306/306 305/305
f 242/242 243/243 307/307
f 242/242 307/307 306/306
f 243/243 244/244 308/308
f 243/243 308/308 307/307
f 244/244 245/245 309/309
f 244/244 309/309 308/308
f 245/245 246/246 310/310
f 245/245 310/310 309/309
f 246/246 247/247 311/311
f 246/246 311/311 310/310
f 247/247 248/248 312/312
f 247/247 312/312 311/311
f 248/248 249/249 313/313
f 248/248 313/313 312/312
f 249/249 250/250 314/314
f 249/249 314/314 313/313
f 250/250 251/251 315/315
f 250/250 315/315 314/314
f 251/251 252/252 316/316
f 251/251 316/316 315/315
f 252/252 253/253 317/317
f 252/252 317/317 316/316
f 253/253 254/254 318/318
f 253/253 318/318 317/317
f 254/254 255/255 319/319
f 254/254 319/319 318/318
f 255/255 256/256 320/320
f 255/255 320/320 319/319
f 257/257 258/258 322/322
f 257/257 322/322 321/321
f 258/258 259/259 323/323
f 258/258 323/323 322/322
f 259/259 260/260 324/324
f 259/259 324/324 323/323
f 260/260 261/261 325/325
f 260/260 325/325 324/324
f 261/261 262/262 326/326
f 261/261 326/326 325/325
f 262/262 263/263 327/327
f 262/262 327/327 326/326
f 263/263 264/264 328/328
f 263/263 328/328 327/327
f 264/264 265/265 329/329
f 264/264 329/329 328/328
f 265/265 266/266 330/330
f 265/265 330/330 329/329
f 266/266 267/267 331/331
f 266/266 331/331 330/330
f 267/267 268/268 332/332
f 267/267 332/332 331/331
f 268/268 269/269 333/333
f 268/268 333/333 332/332
f 269/269 270/270 334/334
f 269/269 334/334 333/333
f 270/270 271/271 335/335
f 270/270 335/335 334/334
f 271/271 272/272 336/336
f 271/271 336/336 335/335
f 272/272 273/273 337/337
f 272/272 337/337 336/336
f 273/273 274/274 338/338
f 273/273 338/338 337/337
f 274/274 275/275 339/339
f 274/274 339/339 338/338
f 275/275 276/276 340/340
f 275/275 340/340 339/339
f 276/276 277/277 341/341
f 276/276 341/341 340/340
f 277/277 278/278 342/342
f 277/277 342/342 341/341
f 278/278 279/279 343/343
f 278/278 343/343 342/342
f 279/279 280/280 344/344
f 279/279 344/344 343/343
f 280/280 281/281 345/345
f 280/280 345/345 344/344
f 281/281 282/282 346/346
f 281/281 346/346 345/345
f 282/282 283/283 347/347
f 282/282 347/347 346/346
f 283/283 284/284 348/348
f 283/283 348/348 347/347
f 284/284 285/285 349/349
f 284/284 349/349 348/348
f 285/285 286/286 350/350
f 285/285 350/350 349/349
f 286/286 287/287 351/351
f 286/286 351/351 350/350
f 287/287 288/288 352/352
f 287/287 352/352 351/351
f 288/288 289/289 353/353
f 288/288 353/353 352/352
f 289/289 290/290 354/354
f 289/289 354/354 353/353
f 290/290 291/291 355/355
f 290/290 355/355 354/354
f 291/291 292/292 356/356
f 291/291 356/356 355/355
f 292/292 293/293 357/357
f 292/292 357/357 356/356
f 293/293 294/294 358/358
f 293/293 358/358 357/357
f 294/294 295/295 359/359
f 294/294 359/359 358/358
f 295/295 296/296 360/360
f 295/295 360/360 359/359
f 296/296 297/297 361/361
f 296/296 361/361 360/360
f 297/297 298/298 362/362
f 297/297 362/362 361/361
f 298/298 299/299 363/363
f 298/298 363/363 362/362
f 299/299 300/300 364/364
f 299/299 364/364 363/363
f 300/300 301/301 365/365
f 300/300 365/365 364/364
f 301/301 302/302 366/366
f 301/301 366/366 365/365
f 302/302 303/303 367/367
f 302/302 367/367 366/366
f 303/303 304/304 368/368
f 303/303 368/368 367/367
f 304/304 305/305 369/369
f 304/304 369/369 368/368
f 305/305 306/306 370/370
f 305/305 370/370 369/369
f 306/306 307/307 371/371
f 306/306 371/371 370/370
f 307/307 308/308 372/372
f 307/307 372/372 371/371
f 308/308 309/309 373/373
f 308/308 373/373 372/372
f 309/309 310/310 374/374
f 309/309 374/374 373/373
f 310/310 311/311 375/375
f 310/310 375/375 374/374
f 311/311 312/312 376/376
f 311/311 376/376 375/375
f 312/312 313/313 377/377
f 312/312 377/377 376/376
f 313/313 314/314 378/378
f 313/313 378/378 377/377
f 314/314 315/315 379/379
f 314/314 379/379 378/378
f 315/315 316/316 380/380
f 315/315 380/380 379/379
f 316/316 317/317 381/381
f 316/316 381/381 380/380
f 317/317 318/318 382/382
f 317/317 382/382 381/381
f 318/318 319/319 383/383
f 318/318 383/383 382/382
f 319/319 320/320 384/384
f 319/319 384/384 383/383
f 321/321 322/322 386/386
f 321/321 386/386 385/385
f 322/322 323/323 387/387
f 322/322 387/387 386/386
f 323/323 324/324 388/388
f 323/323 388/388 387/387
f 324/324 325/325 389/389
f 324/324 389/389 388/388
f 325/325 326/326 390/390
f 325/325 390/390 389/389
f 326/326 327/327 391/391
f 326/326 391/391 390/390
f 327/327 328/328 392/392
f 327/327 392/392 391/391
f 328/328 329/329 393/393
f 328/328 393/393 392/392
f 329/329 330/330 394/394
f 329/329 394/394 393/393
f 330/330 331/331 395/395
f 330/330 395/395 394/394
f 331/331 332/332 396/396
f 331/331 396/396 395/395
f 332/332 333/333 397/397
f 332/332 397/397 396/396
f 333/333 334/334 398/398
f 333/333 398/398 397/397
f 334/334 335/335 399/399
f 334/334 399/399 398/398
f 335/335 336/336 400/400
f 335/335 400/400 399/399
f 336/336 337/337 401/401
f 336/336 401/401 400/400
f 337/337 338/338 402/402
f 337/337 402/402 401/401
f 338/338 339/339 403/403
f 338/338 403/403 402/402
f 339/339 340/340 404/404
f 339/339 404/404 403/403
f 340/340 341/341 405/405
f 340/340 405/405 404/404
f 341/341 342/342 406/406
f 341/341 406/406 405/405
f 342/342 343/343 407/407
f 342/342 407/407 406/406
f 343/343 344/344 408/408
f 343/343 408/408 407/407
f 344/344 345/345 409/409
f 344/344 409/409 408/408
f 345/345 346/346 410/410
f 345/345 410/410 409/409
f 346/346 347/347 411/411
f 346/346 411/411 410/410
f 347/347 348/348 412/412
f 347/347 412/412 411/411
f 348/348 349/349 413/413
f 348/348 413/413 412/412
f 349/349 350/350 414/414
f 349/349 414/414 413/413
f 350/350 351/351 415/415
f 350/350 415/415 414/414
f 351/351 352/352 416/416
f 351/351 416/416 415/415
f 352/352 353/353 417/417
f 352/352 417/417 416/416
f 353/353 354/354 418/418
f 353/353 418/418 417/417
f 354/354 355/355 419/419
f 354/354 419/419 418/418
f 355/355 356/356 420/420
f 355/355 420/420 419/419
f 356/356 357/357 421/421
f 356/356 421/421 420/420
f 357/357 358/358 422/422
f 357/357 422/422 421/421
f 358/358 359/359 423/423
f 358/358 423/423 422/422
f 359/359 360/360 424/424
f 359/359 424/424 423/423
f 360/360 361/361 425/425
f 360/360 425/425 424/424
f 361/361 362/362 426/426
f 361/361 426/426 425/425
f 362/362 363/363 427/427
f 362/362 427/427 426/426
f 363/363 364/364 428/428
f 363/363 428/428 427/427
f 364/364 365/365 429/429
f 364/364 429/429 428/428
f 365/365 366/366 430/430
f 365/365 430/430 429/429
f 366/366 367/367 431/431
f 366/366 431/431 430/430
f 367/367 368/368 432/432
f 367/367 432/432 431/431
f 368/368 369/369 433/433
f 368/368 433/433 432/432
f 369/369 370/370 434/434
f 369/369 434/434 433/433
f 370/370 371/371 435/435
f 370/370 435/435 434/434
f 371/371 372/372 436/436
f 371/371 436/436 435/435
f 372/372 373/373 437/437
f 372/372 437/437 436/436
f 373/373 374/374 438/438
f 373/373 438/438 437/437
f 374/374 375/375 439/439
f 374/374 439/439 438/438
f 375/375 376/376 440/440
f 375/375 440/440 439/439
f 376/376 377/377 441/441
f 376/376 441/441 440/440
f 377/377 378/378 442/442
f 377/377 442/442 441/441
f 378/378 379/379 443/443
f 378/378 443/443 442/442
f 379/379 380/380 444/444
f 379/379 444/444 443/443
f 380/380 381/381 445/445
f 380/380 445/445 444/444
f 381/381 382/382 446/446
f 381/381 446/446 445/445
f 382/382 383/383 447/447
f 382/382 447/447 446/446
f 383/383 384/384 448/448
f 383/383 448/448 447/447
f 385/385 386/386 450/450
f 385/385 450/450 449/449
f 386/386 387/387 451/451
f 386/386 451/451 450/450
f 387/387 388/388 452/452
f 387/387 452/452 451/451
f 388/388 389/389 453/453
f 388/388 453/453 452/452
f 389/389 390/390 454/454
f 389/389 454/454 453/453
f 390/390 391/391 455/455
f 390/390 455/455 454/454
f 391/391 392/392 456/456
f 391/391 456/456 455/455
f 392/392 393/393 457/457
f 392/392 457/457 456/456
f 393/393 394/394 458/458
f 393/393 458/458 457/457
f 394/394 395/395 459/459
f 394/394 459/459 458/458
f 395/395 396/396 460/460
f 395/395 460/460 459/459
f 396/396 397/397 461/461
f 396/396 461/461 460/460
f 397/397 398/398 462/462
f 397/397 462/462 461/461
f 398/398 399/399 463/463
f 398/398 463/463 462/462
f 399/399 400/400 464/464
f 399/399 464/464 463/463
f 400/400 401/401 465/465
f 400/400 465/465 464/464
f 401/401 402/402 466/466
f 401/401 466/466 465/465
f 402/402 403/403 467/467
f 402/402 467/467 466/466
f 403/403 404/404 468/468
f 403/403 468/468 467/467
f 404/404 405/405 469/469
f 404/404 469/469 468/468
f 405/405 406/406 470/470
f 405/405 470/470 469/469
f 406/406 407/407 471/471
f 406/406 471/471 470/470
f 407/407 408/408 472/472
f 407/407 472/472 471/471
f 408/408 409/409 473/473
f 408/408 473/473 472/472
f 409/409 410/410 474/474
f 409/409 474/474 473/473
f 410/410 411/411 475/475
f 410/410 475/475 474/474
f 411/411 412/412 476/476
f 411/411 476/476 475/475
f 412/412 413/413 477/477
f 412/412 477/477 476/476
f 413/413 414/414 478/478
f 413/413 478/478 477/477
f 414/414 415/415 479/479
f 414/414 479/479 478/478
f 415/415 416/416 480/480
f 415/415 480/480 479/479
f 416/416 417/417 481/481
f 416/416 481/481 480/480
f 417/417 418/418 482/482
f 417/417 482/482 481/481
f 418/418 419/419 483/483
f 418/418 483/483 482/482
f 419/419 420/420 484/484
f 419/419 484/484 483/483
f 420/420 421/421 485/485
f 420/420 485/485 484/484
f 421/421 422/422 486/486
f 421/421 486/486 485/485
f 422/422 423/423 487/487
f 422/422 487/487 486/486
f 423/423 424/424 488/488
f 423/423 488/488 487/487
f 424/424 425/425 489/489
f 424/424 489/489 488/488
f 425/425 426/426 490/490
f 425/425 490/490 489/489
f 426/426 427/427 491/491
f 426/426 491/491 490/490
f 427/427 428/428 492/492
f 427/427 492/492 491/491
f 428/428 429/429 493/493
f 428/428 493/493 492/492
f 429/429 430/430 494/494
f 429/429 494/494 493/493
f 430/430 431/431 495/495
f 430/430 495/495 494/494
f 431/431 432/432 496/496
f 431/431 496/496 495/495
f 432/432 433/433 497/497
f 432/432 497/497 496/496
f 433/433 434/434 498/498
f 433/433 498/498 497/497
f 434/434 435/435 499/499
f 434/434 499/499 498/498
f 435/435 436/436 500/500
f 435/435 500/500 499/499
f 436/436 437/437 501/501
f 436/436 501/501 500/500
f 437/437 438/438 502/502
f 437/437 502/502 501/501
f 438/438 439/439 503/503
f 438/438 503/503 502/502
f 439/439 440/440 504/504
f 439/439 504/504 503/503
f 440/440 441/441 505/505
f 440/440 505/505 504/504
f 441/441 442/442 506/506
f 441/441 506/506 505/505
f 442/442 443/443 507/507
f 442/442 507/507 506/506
f 443/443 444/444 508/508
f 443/443 508/508 507/507
f 444/444 445/445 509/509
f 444/444 509/509 508/508
f 445/445 446/446 510/510
f 445/445 510/510 509/509
f 446/446 447/447 511/511
f 446/446 511/511 510/510
f 447/447 448/448 512/512
f 447/447 512/512 511/511
f 449/449 450/450 514/514
f 449/449 514/514 513/513
f 450/450 451/451 515/515
f 450/450 515/515 514/514
f 451/451 452/452 516/516
f 451/451 516/516 515/515
f 452/452 453/453 517/517
f 452/452 517/517 516/516
f 453/453 454/454 518/518
f 453/453 518/518 517/517
f 454/454 455/455 519/519
f 454/454 519/519 518/518
f 455/455 456/456 520/520
f 455/455 520/520 519/519
f 456/456 457/457 521/521
f 456/456 521/521 520/520
f 457/457 458/458 522/522
f 457/457 522/522 521/521
f 458/458 459/459 523/523
f 458/458 523/523 522/522
f 459/459 460/460 524/524
f 459/459 524/524 523/523
f 460/460 461/461 525/525
f 460/460 525/525 524/524
f 461/461 462/462 526/526
f 461/461 526/526 525/525
f 462/462 463/463 527/527
f 462/462 527/527 526/526
f 463/463 464/464 528/528
f 463/463 528/528 527/527
f 464/464 465/465 529/529
f 464/464 529/529 528/528
f 465/465 466/466 530/530
f 465/465 530/530 529/529
f 466/466 467/467 531/531
f 466/466 531/531 530/530
f 467/467 468/468 532/532
f 467/467 532/532 531/531
f 468/468 469/469 533/533
f 468/468 533/533 532/532
f 469/469 470/470 534/534
f 469/469 534/534 533/533
f 470/470 471/471 535/535
f 470/470 535/535 534/534
f 471/471 472/472 536/536
f 471/471 536/536 535/535
f 472/472 473/473 537/537
f 472/472 537/537 536/536
f 473/473 474/474 538/538
f 473/473 538/538 537/537
f 474/474 475/475 539/539
f 474/474 539/539 538/538
f 475/475 476/476 540/540
f 475/475 540/540 539/539
f 476/476 477/477 541/541
f 476/476 541/541 540/540
f 477/477 478/478 542/542
f 477/477 542/542 541/541
f 478/478 479/479 543/543
f 478/478 543/543 542/542
f 479/479 480/480 544/544
f 479/479 544/544 543/543
f 480/480 481/481 545/545
f 480/480 545/545 544/544
f 481/481 482/482 546/546
f 481/481 546/546 545/545
f 482/482 483/483 547/547
f 482/482 547/547 546/546
f 483/483 484/484 548/548
f 483/483 548/548 547/547
f 484/484 485/485 549/549
f 484/484 549/549 548/548
f 485/485 486/486 550/550
f 485/485 550/550 549/549
f 486/486 487/487 551/551
f 486/486 551/551 550/550
f 487/487 488/488 552/552
f 487/487 552/552 551/551
f 488/488 489/489 553/553
f 488/488 553/553 552/552
f 489/489 490/490 554/554
f 489/489 554/554 553/553
f 490/490 491/491 555/555
f 490/490 555/555 554/554
f 491/491 492/492 556/556
f 491/491 556/556 555/555
f 492/492 493/493 557/557
f 492/492 557/557 556/556
f 493/493 494/494 558/558
f 493/493 558/558 557/557
f 494/494 495/495 559/559
f 494/494 559/559 558/558
f 495/495 496/496 560/560
f 495/495 560/560 559/559
f 496/496 497/497 561/561
f 496/496 561/561 560/560
f 497/497 498/498 562/562
f 497/497 562/562 561/561
f 498/498 499/499 563/563
f 498/498 563/563 562/562
f 499/499 500/500 564/564
f 499/499 564/564 563/563
f 500/500 501/501 565/565
f 500/500 565/565 564/564
f 501/501 502/502 566/566
f 501/501 566/566 565/565
f 502/502 503/503 567/567
f 502/502 567/567 566/566
f 503/503 504/504 568/568
f 503/503 568/568 567/567
f 504/504 505/505 569/569
f 504/504 569/569 568/568
f 505/505 506/506 570/570
f 505/505 570/570 569/569
f 506/506 507/507 571/571
f 506/506 571/571 570/570
f 507/507 508/508 572/572
f 507/507 572/572 571/571
f 508/508 509/509 573/573
f 508/508 573/573 572/572
f 509/509 510/510 574/574
f 509/509 574/574 573/573
f 510/510 511/511 575/575
f 510/510 575/575 574/574
f 511/511 512/512 576/576
f 511/511 576/576 575/575
f 513/513 514/514 578/578
f 513/513 578/578 577/577
f 514/514 515/515 579/579
f 514/514 579/579 578/578
f 515/515 516/516 580/580
f 515/515 580/580 579/579
f 516/516 517/517 581/581
f 516/516 581/581 580/580
f 517/517 518/518 582/582
f 517/517 582/582 581/581
f 518/518 519/519 583/583
f 518/518 583/583 582/582
f 519/519 520/520 584/584
f 519/519 584/584 583/583
f 520/520 521/521 585/585
f 520/520 585/585 584/584
f 521/521 522/522 586/586
f 521/521 586/586 585/585
f 522/522 523/523 587/587
f 522/522 587/587 586/586
f 523/523 524/524 588/588
f 523/523 588/588 587/587
f 524/524 525/525 589/589
f 524/524 589/589 588/588
f 525/525 526/526 590/590
f 525/525 590/590 589/589
f 526/526 527/527 591/591
f 526/526 591/591 590/590
f 527/527 528/528 592/592
f 527/527 592/592 591/591
f 528/528 529/529 593/593
f 528/528 593/593 592/592
f 529/529 530/530 594/594
f 529/529 594/594 593/593
f 530/530 531/531 595/595
f 530/530 595/595 594/594
f 531/531 532/532 596/596
f 531/531 596/596 595/595
f 532/532 533/533 597/597
f 532/532 597/597 596/596
f 533/533 534/534 598/598
f 533/533 598/598 597/597
f 534/534 535/535 599/599
f 534/534 599/599 598/598
f 535/535 536/536 600/600
f 535/535 600/600 599/599
f 536/536 537/537 601/601
f 536/536 601/601 600/600
f 537/537 538/538 602/602
f 537/537 602/602 601/601
f 538/538 539/539 603/603
f 538/538 603/603 602/602
f 539/539 540/540 604/604
f 539/539 604/604 603/603
f 540/540 541/541 605/605
f 540/540 605/605 604/604
f 541/541 542/542 606/606
f 541/541 606/606 605/605
f 542/542 543/543 607/607
f 542/542 607/607 606/606
f 543/543 544/544 608/608
f 543/543 608/608 607/607
f 544/544 545/545 609/609
f 544/544 609/609 608/608
f 545/545 546/546 610/610
f 545/545 610/610 609/609
f 546/546 547/547 611/611
f 546/546 611/611 610/610
f 547/547 548/548 612/612
f 547/547 612/612 611/611
f 548/548 549/549 613/613
f 548/548 613/613 612/612
f 549/549 550/550 614/614
f 549/549 614/614 613/613
f 550/550 551/551 615/615
f 550/550 615/615 614/614
f 551/551 552/552 616/616
f 551/551 616/616 615/615
f 552/552 553/553 617/617
f 552/552 617/617 616/616
f 553/553 554/554 618/618
f 553/553 618/618 617/617
f 554/554 555/555 619/619
f 554/554 619/619 618/618
f 555/555 556/556 620/620
f 555/555 620/620 619/619
f 556/556 557/557 621/621
f 556/556 621/621 620/620
f 557/557 558/558 622/622
f 557/557 622/622 621/621
f 558/558 559/559 623/623
f 558/558 623/623 622/622
f 559/559 560/560 624/624
f 559/559 624/624 623/623
f 560/560 561/561 625/625
f 560/560 625/625 624/624
f 561/561 562/562 626/626
f 561/561 626/626 625/625
f 562/562 563/563 627/627
f 562/562 627/627 626/626
f 563/563 564/564 628/628
f 563/563 628/628 627/627
f 564/564 565/565 629/629
f 564/564 629/629 628/628
f 565/565 566/566 630/630
f 565/565 630/630 629/629
f 566/566 567/567 631/631
f 566/566 631/631 630/630
f 567/567 568/568 632/632
f 567/567 632/632 631/631
f 568/568 569/569 633/633
f 568/568 633/633 632/632
f 569/569 570/570 634/634
f 569/569 634/634 633/633
f 570/570 571/571 635/635
f 570/570 635/635 634/634
f 571/571 572/572 636/636
f 571/571 636/636 635/635
f 572/572 573/573 637/637
f 572/572 637/637 636/636
f 573/573 574/574 638/638
f 573/573 638/638 637/637
f 574/574 575/575 639/639
f 574/574 639/639 638/638
f 575/575 576/576 640/640
f 575/575 640/640 639/639
f 577/577 578/578 642/642
f 577/577 642/642 641/641
f 578/578 579/579 643/643
f 578/578 643/643 642/642
f 579/579 580/580 644/644
f 579/579 644/644 643/643
f 580/580 581/581 645/645
f 580/580 645/645 644/644
f 581/581 582/582 646/646
f 581/581 646/646 645/645
f 582/582 583/583 647/647
f 582/582 647/647 646/646
f 583/583 584/584 648/648
f 583/583 648/648 647/647
f 584/584 585/585 649/649
f 584/584 649/649 648/648
f 585/585 586/586 650/650
f 585/585 650/650 649/649
f 586/586 587/587 651/651
f 586/586 651/651 650/650
f 587/587 588/588 652/652
f 587/587 652/652 651/651
f 588/588 589/589 653/653
f 588/588 653/653 652/652
f 589/589 590/590 654/654
f 589/589 654/654 653/653
f 590/590 591/591 655/655
f 590/590 655/655 654/654
f 591/591 592/592 656/656
f 591/591 656/656 655/655
f 592/592 593/593 657/657
f 592/592 657/657 656/656
f 593/593 594/594 658/658
f 593/593 658/658 657/657
f 594/594 595/595 659/659
f 594/594 659/659 658/658
f 595/595 596/596 660/660
f 595/595 660/660 659/659
f 596/596 597/597 661/661
f 596/596 661/661 660/660
f 597/597 598/598 662/662
f 597/597 662/662 661/661
f 598/598 599/599 663/663
f 598/598 663/663 662/662
f 599/599 600/600 664/664
f 599/599 664/664 663/663
f 600/600 601/601 665/665
f 600/600 665/665 664/664
f 601/601 602/602 666/666
f 601/601 666/666 665/665
f 602/602 603/603 667/667
f 602/602 667/667 666/666
f 603/603 604/604 668/668
f 603/603 668/668 667/667
f 604/604 605/605 669/669
f 604/604 669/669 668/668
f 605/605 606/606 670/670
f 605/605 670/670 669/669
f 606/606 607/607 671/671
f 606/606 671/671 670/670
f 607/607 608/608 672/672
f 607/607 672/672 671/671
f 608/608 609/609 673/673
f 608/608 673/673 672/672
f 609/609 610/610 674/674
f 609/609 674/674 673/673
f 610/610 611/611 675/675
f 610/610 675/675 674/674
f 611/611 612/612 676/676
f 611/611 676/676 675/675
f 612/612 613/613 677/677
f 612/612 677/677 676/676
f 613/613 614/614 678/678
f 613/613 678/678 677/677
f 614/614 615/615 679/679
f 614/614 679/679 678/678
f 615/615 616/616 680/680
f 615/615 680/680 679/679
f 616/616 617/617 681/681
f 616/616 681/681 680/680
f 617/617 618/618 682/682
f 617/617 682/682 681/681
f 618/618 619/619 683/683
f 618/618 683/683 682/682
f 619/619 620/620 684/684
f 619/619 684/684 683/683
f 620/620 621/621 685/685
f 620/620 685/685 684/684
f 621/621 622/622 686/686
f 621/621 686/686 685/685
f 622/622 623/623 687/687
f 622/622 687/687 686/686
f 623/623 624/624 688/688
f 623/623 688/688 687/687
f 624/624 625/625 689/689
f 624/624 689/689 688/688
f 625/625 626/626 690/690
f 625/625 690/690 689/689
f 626/626 627/627 691/691
f 626/626 691/691 690/690
f 627/627 628/628 692/692
f 627/627 692/692 691/691
f 628/628 629/629 693/693
f 628/628 693/693 692/692
f 629/629 630/630 694/694
f 629/629 694/694 693/693
f 630/630 631/631 695/695
f 630/630 695/695 694/694
f 631/631 632/632 696/696
f 631/631 696/696 695/695
f 632/632 633/633 697/697
f 632/632 697/697 696/696
f 633/633 634/634 698/698
f 633/633 698/698 697/697
f 634/634 635/635 699/699
f 634/634 699/699 698/698
f 635/635 636/636 700/700
f 635/635 700/700 699/699
f 636/636 637/637 701/701
f 636/636 701/701 700/700
f 637/637 638/638 702/702
f 637/637 702/702 701/701
f 638/638 639/639 703/703
f 638/638 703/703 702/702
f 639/639 640/640 704/704
f 639/639 704/704 703/703
f 641/641 642/642 706/706
f 641/641 706/706 705/705
f 642/642 643/643 707/707
f 642/642 707/707 706/706
f 643/643 644/644 708/708
f 643/643 708/708 707/707
f 644/644 645/645 709/709
f 644/644 709/709 708/708
f 645/645 646/646 710/710
f 645/645 710/710 709/709
f 646/646 647/647 711/711
f 646/646 711/711 710/710
f 647/647 648/648 712/712
f 647/647 712/712 711/711
f 648/648 649/649 713/713
f 648/648 713/713 712/712
f 649/649 650/650 714/714
f 649/649 714/714 713/713
f 650/650 651/651 715/715
f 650/650 715/715 714/714
f 651/651 652/652 716/716
f 651/651 716/716 715/715
f 652/652 653/653 717/717
f 652/652 717/717 716/716
f 653/653 654/654 718/718
f 653/653 718/718 717/717
f 654/654 655/655 719/719
f 654/654 719/719 718/718
f 655/655 656/656 720/720
f 655/655 720/720 719/719
f 656/656 657/657 721/721
f 656/656 721/721 720/720
f 657/657 658/658 722/722
f 657/657 722/722 721/721
f 658/658 659/659 723/723
f 658/658 723/723 722/722
f 659/659 660/660 724/724
f 659/659 724/724 723/723
f 660/660 661/661 725/725
f 660/660 725/725 724/724
f 661/661 662/662 726/726
f 661/661 726/726 725/725
f 662/662 663/663 727/727
f 662/662 727/727 726/726
f 663/663 664/664 728/728
f 663/663 728/728 727/727
f 664/664 665/665 729/729
f 664/664 729/729 728/728
f 665/665 666/666 730/730
f 665/665 730/730 729/729
f 666/666 667/667 731/731
f 666/666 731/731 730/730
f 667/667 668/668 732/732
f 667/667 732/732 731/731
f 668/668 669/669 733/733
f 668/668 733/733 732/732
f 669/669 670/670 734/734
f 669/669 734/734 733/733
f 670/670 671/671 735/735
f 670/670 735/735 734/734
f 671/671 672/672 736/736
f 671/671 736/736 735/735
f 672/672 673/673 737/737
f 672/672 737/737 736/736
f 673/673 674/674 738/738
f 673/673 738/738 737/737
f 674/674 675/675 739/739
f 674/674 739/739 738/738
f 675/675 676/676 740/740
f 675/675 740/740 739/739
f 676/676 677/677 741/741
f 676/676 741/741 740/740
f 677/677 678/678 742/742
f 677/677 742/742 741/741
f 678/678 679/679 743/743
f 678/678 743/743 742/742
f 679/679 680/680 744/744
f 679/679 744/744 743/743
f 680/680 681/681 745/745
f 680/680 745/745 744/744
f 681/681 682/682 746/746
f 681/681 746/746 745/745
f 682/682 683/683 747/747
f 682/682 747/747 746/746
f 683/683 684/684 748/748
f 683/683 748/748 747/747
f 684/684 685/685 749/749
f 684/684 749/749 748/748
f 685/685 686/686 750/750
f 685/685 750/750 749/749
f 686/686 687/687 751/751
f 686/686 751/751 750/750
f 687/687 688/688 752/752
f 687/687 752/752 751/751
f 688/688 689/689 753/753
f 688/688 753/753 752/752
f 689/689 690/690 754/754
f 689/689 754/754 753/753
f 690/690 691/691 755/755
f 690/690 755/755 754/754
f 691/691 692/692 756/756
f 691/691 756/756 755/755
f 692/692 693/693 757/757
f 692/692 757/757 756/756
f 693/693 694/694 758/758
f 693/693 758/758 757/757
f 694/694 695/695 759/759
f 694/694 759/759 758/758
f 695/695 696/696 760/760
f 695/695 760/760 759/759
f 696/696 697/697 761/761
f 696/696 761/761 760/760
f 697/697 698/698 762/762
f 697/697 762/762 761/761
f 698/698 699/699 763/763
f 698/698 763/763 762/762
f 699/699 700/700 764/764
f 699/699 764/764 763/763
f 700/700 701/701 765/765
f 700/700 765/765 764/764
f 701/701 702/702 766/766
f 701/701 766/766 765/765
f 702/702 703/703 767/767
f 702/702 767/767 766/766
f 703/703 704/704 768/768
f 703/703 768/768 767/767
f 705/705 706/706 770/770
f 705/705 770/770 769/769
f 706/706 707/707 771/771
f 706/706 771/771 770/770
f 707/707 708/708 772/772
f 707/707 772/772 771/771
f 708/708 709/709 773/773
f 708/708 773/773 772/772
f 709/709 710/710 774/774
f 709/709 774/774 773/773
f 710/710 711/711 775/775
f 710/710 775/775 774/774
f 711/711 712/712 776/776
f 711/711 776/776 775/775
f 712/712 713/713 777/777
f 712/712 777/777 776/776
f 713/713 714/714 778/778
f 713/713 778/778 777/777
f 714/714 715/715 779/779
f 714/714 779/779 778/778
f 715/715 716/716 780/780
f 715/715 780/780 779/779
f 716/716 717/717 781/781
f 716/716 781/781 780/780
f 717/717 718/718 782/782
f 717/717 782/782 781/781
f 718/718 719/719 783/783
f 718/718 783/783 782/782
f 719/719 720/720 784/784
f 719/719 784/784 783/783
f 720/720 721/721 785/785
f 720/720 785/785 784/784
f 721/721 722/722 786/786
f 721/721 786/786 785/785
f 722/722 723/723 787/787
f 722/722 787/787 786/786
f 723/723 724/724 788/788
f 723/723 788/788 787/787
f 724/724 725/725 789/789
f 724/724 789/789 788/788
f 725/725 726/726 790/790
f 725/725 790/790 789/789
f 726/726 727/727 791/791
f 726/726 791/791 790/790
f 727/727 728/728 792/792
f 727/727 792/792 791/791
f 728/728 729/729 793/793
f 728/728 793/793 792/792
f 729/729 730/730 794/794
f 729/729 794/794 793/793
f 730/730 731/731 795/795
f 730/730 795/795 794/794
f 731/731 732/732 796/796
f 731/731 796/796 795/795
f 732/732 733/733 797/797
f 732/732 797/797 796/796
f 733/733 734/734 798/798
f 733/733 798/798 797/797
f 734/734 735/735 799/799
f 734/734 799/799 798/798
f 735/735 736/736 800/800
f 735/735 800/800 799/799
f 736/736 737/737 801/801
f 736/736 801/801 800/800
f 737/737 738/738 802/802
f 737/737 802/802 801/801
f 738/738 739/739 803/803
f 738/738 803/803 802/802
f 739/739 740/740 804/804
f 739/739 804/804 803/803
f 740/740 741/741 805/805
f 740/740 805/805 804/804
f 741/741 742/742 806/806
f 741/741 806/806 805/805
f 742/742 743/743 807/807
f 742/742 807/807 806/806
f 743/743 744/744 808/808
f 743/743 808/808 807/807
f 744/744 745/745 809/809
f 744/744 809/809 808/808
f 745/745 746/746 810/810
f 745/745 810/810 809/809
f 746/746 747/747 811/811
f 746/746 811/811 810/810
f 747/747 748/748 812/812
f 747/747 812/812 811/811
f 748/748 749/749 813/813
f 748/748 813/813 812/812
f 749/749 750/750 814/814
f 749/749 814/814 813/813
f 750/750 751/751 815/815
f 750/750 815/815 814/814
f 751/751 752/752 816/816
f 751/751 816/816 815/815
f 752/752 753/753 817/817
f 752/752 817/817 816/816
f 753/753 754/754 818/818
f 753/753 818/818 817/817
f 754/754 755/755 819/819
f 754/754 819/819 818/818
f 755/755 756/756 820/820
f 755/755 820/820 819/819
f 756/756 757/757 821/821
f 756/756 821/821 820/820
f 757/757 758/758 822/822
f 757/757 822/822 821/821
f 758/758 759/759 823/823
f 758/758 823/823 822/822
f 759/759 760/760 824/824
f 759/759 824/824 823/823
f 760/760 761/761 825/825
f 760/760 825/825 824/824
f 761/761 762/762 826/826
f 761/761 826/826 825/825
f 762/762 763/763 827/827
f 762/762 827/827 826/826
f 763/763 764/764 828/828
f 763/763 828/828 827/827
f 764/764 765/765 829/829
f 764/764 829/829 828/828
f 765/765 766/766 830/830
f 765/765 830/830 829/829
f 766/766 767/767 831/831
f 766/766 831/831 830/830
f 767/767 768/768 832/832
f 767/767 832/832 831/831
f 769/769 770/770 834/834
f 769/769 834/834 833/833
f 770/770 771/771 835/835
f 770/770 835/835 834/834
f 771/771 772/772 836/836
f 771/771 836/836 835/835
f 772/772 773/773 837/837
f 772/772 837/837 836/836
f 773/773 774/774 838/838
f 773/773 838/838 837/837
f 774/774 775/775 839/839
f 774/774 839/839 838/838
f 775/775 776/776 840/840
f 775/775 840/840 839/839
f 776/776 777/777 841/841
f 776/776 841/841 840/840
f 777/777 778/778 842/842
f 777/777 842/842 841/841
f 778/778 779/779 843/843
f 778/778 843/843 842/842
f 779/779 780/780 844/844
f 779/779 844/844 843/843
f 780/780 781/781 845/845
f 780/780 845/845 844/844
f 781/781 782/782 846/846
f 781/781 846/846 845/845
f 782/782 783/783 847/847
f 782/782 847/847 846/846
f 783/783 784/784 848/848
f 783/783 848/848 847/847
f 784/784 785/785 849/849
f 784/784 849/849 848/848
f 785/785 786/786 850/850
f 785/785 850/850 849/849
f 786/786 787/787 851/851
f 786/786 851/851 850/850
f 787/787 788/788 852/852
f 787/787 852/852 851/851
f 788/788 789/789 853/853
f 788/788 853/853 852/852
f 789/789 790/790 854/854
f 789/789 854/854 853/853
f 790/790 791/791 855/855
f 790/790 855/855 854/854
f 791/791 792/792 856/856
f 791/791 856/856 855/855
f 792/792 793/793 857/857
f 792/792 857/857 856/856
f 793/793 794/794 858/858
f 793/793 858/858 857/857
f 794/794 795/795 859/859
f 794/794 859/859 858/858
f 795/795 796/796 860/860
f 795/795 860/860 859/859
f 796/796 797/797 861/861
f 796/796 861/861 860/860
f 797/797 798/798 862/862
f 797/797 862/862 861/861
f 798/798 799/799 863/863
f 798/798 863/863 862/862
f 799/799 800/800 864/864
f 799/799 864/864 863/863
f 800/800 801/801 865/865
f 800/800 865/865 864/864
f 801/801 802/802 866/866
f 801/801 866/866 865/865
f 802/802 803/803 867/867
f 802/802 867/867 866/866
f 803/803 804/804 868/868
f 803/803 868/868 867/867
f 804/804 805/805 869/869
f 804/804 869/869 868/868
f 805/805 806/806 870/870
f 805/805 870/870 869/869
f 806/806 807/807 871/871
f 806/806 871/871 870/870
f 807/807 808/808 872/872
f 807/807 872/872 871/871
f 808/808 809/809 873/873
f 808/808 873/873 872/872
f 809/809 810/810 874/874
f 809/809 874/874 873/873
f 810/810 811/811 875/875
f 810/810 875/875 874/874
f 811/811 812/812 876/876
f 811/811 876/876 875/875
f 812/812 813/813 877/877
f 812/812 877/877 876/876
f 813/813 814/814 878/878
f 813/813 878/878 877/877
f 814/814 815/815 879/879
f 814/814 879/879 878/878
f 815/815 816/816 880/880
f 815/815 880/880 879/879
f 816/816 817/817 881/881
f 816/816 881/881 880/880
f 817/817 818/818 882/882
f 817/817 882/882 881/881
f 818/818 819/819 883/883
f 818/818 883/883 882/882
f 819/819 820/820 884/884
f 819/819 884/884 883/883
f 820/820 821/821 885/885
f 820/820 885/885 884/884
f 821/821 822/822 886/886
f 821/821 886/886 885/885
f 822/822 823/823 887/887
f 822/822 887/887 886/886
f 823/823 824/824 888/888
f 823/823 888/888 887/887
f 824/824 825/825 889/889
f 824/824 889/889 888/888
f 825/825 826/826 890/890
f 825/825 890/890 889/889
f 826/826 827/827 891/891
f 826/826 891/891 890/890
f 827/827 828/828 892/892
f 827/827 892/892 891/891
f 828/828 829/829 893/893
f 828/828 893/893 892/892
f 829/829 830/830 894/894
f 829/829 894/894 893/893
f 830/830 831/831 895/895
f 830/830 895/895 894/894
f 831/831 832/832 896/896
f 831/831 896/896 895/895
f 833/833 834/834 898/898
f 833/833 898/898 897/897
f 834/834 835/835 899/899
f 834/834 899/899 898/898
f 835/835 836/836 900/900
f 835/835 900/900 899/899
f 836/836 837/837 901/901
f 836/836 901/901 900/900
f 837/837 838/838 902/902
f 837/837 902/902 901/901
f 838/838 839/839 903/903
f 838/838 903/903 902/902
f 839/839 840/840 904/904
f 839/839 904/904 903/903
f 840/840 841/841 905/905
f 840/840 905/905 904/904
f 841/841 842/842 906/906
f 841/841 906/906 905/905
f 842/842 843/843 907/907
f 842/842 907/907 906/906
f 843/843 844/844 908/908
f 843/843 908/908 907/907
f 844/844 845/845 909/909
f 844/844 909/909 908/908
f 845/845 846/846 910/910
f 845/845 910/910 909/909
f 846/846 847/847 911/911
f 846/846 911/911 910/910
f 847/847 848/848 912/912
f 847/847 912/912 911/911
f 848/848 849/849 913/913
f 848/848 913/913 912/912
f 849/849 850/850 914/914
f 849/849 914/914 913/913
f 850/850 851/851 915/915
f 850/850 915/915 914/914
f 851/851 852/852 916/916
f 851/851 916/916 915/915
f 852/852 853/853 917/917
f 852/852 917/917 916/916
f 853/853 854/854 918/918
f 853/853 918/918 917/917
f 854/854 855/855 919/919
f 854/854 919/919 918/918
f 855/855 856/856 920/920
f 855/855 920/920 919/919
f 856/856 857/857 921/921
f 856/856 921/921 920/920
f 857/857 858/858 922/922
f 857/857 922/922 921/921
f 858/858 859/859 923/923
f 858/858 923/923 922/922
f 859/859 860/860 924/924
f 859/859 924/924 923/923
f 860/860 861/861 925/925
f 860/860 925/925 924/924
f 861/861 862/862 926/926
f 861/861 926/926 925/925
f 862/862 863/863 927/927
f 862/862 927/927 926/926
f 863/863 864/864 928/928
f 863/863 928/928 927/927
f 864/864 865/865 929/929
f 864/864 929/929 928/928
f 865/865 866/866 930/930
f 865/865 930/930 929/929
f 866/866 867/867 931/931
f 866/866 931/931 930/930
f 867/867 868/868 932/932
f 867/867 932/932 931/931
f 868/868 869/869 933/933
f 868/868 933/933 932/932
f 869/869 870/870 934/934
f 869/869 934/934 933/933
f 870/870 871/871 935/935
f 870/870 935/935 934/934
f 871/871 872/872 936/936
f 871/871 936/936 935/935
f 872/872 873/873 937/937
f 872/872 937/937 936/936
f 873/873 874/874 938/938
f 873/873 938/938 937/937
f 874/874 875/875 939/939
f 874/874 939/939 938/938
f 875/875 876/876 940/940
f 875/875 940/940 939/939
f 876/876 877/877 941/941
f 876/876 941/941 940/940
f 877/877 878/878 942/942
f 877/877 942/942 941/941
f 878/878 879/879 943/943
f 878/878 943/943 942/942
f 879/879 880/880 944/944
f 879/879 944/944 943/943
f 880/880 881/881 945/945
f 880/880 945/945 944/944
f 881/881 882/882 946/946
f 881/881 946/946 945/945
f 882/882 883/883 947/947
f 882/882 947/947 946/946
f 883/883 884/884 948/948
f 883/883 948/948 947/947
f 884/884 885/885 949/949
f 884/884 949/949 948/948
f 885/885 886/886 950/950
f 885/885 950/950 949/949
f 886/886 887/887 951/951
f 886/886 951/951 950/950
f 887/887 888/888 952/952
f 887/887 952/952 951/951
f 888/888 889/889 953/953
f 888/888 953/953 952/952
f 889/889 890/890 954/954
f 889/889 954/954 953/953
f 890/890 891/891 955/955
f 890/890 955/955 954/954
f 891/891 892/892 956/956
f 891/891 956/956 955/955
f 892/892 893/893 957/957
f 892/892 957/957 956/956
f 893/893 894/894 958/958
f 893/893 958/958 957/957
f 894/894 895/895 959/959
f 894/894 959/959 958/958
f 895/895 896/896 960/960
f 895/895 960/960 959/959
f 897/897 898/898 962/962
f 897/897 962/962 961/961
f 898/898 899/899 963/963
f 898/898 963/963 962/962
f 899/899 900/900 964/964
f 899/899 964/964 963/963
f 900/900 901/901 965/965
f 900/900 965/965 964/964
f 901/901 902/902 966/966
f 901/901 966/966 965/965
f 902/902 903/903 967/967
f 902/902 967/967 966/966
f 903/903 904/904 968/968
f 903/903 968/968 967/967
f 904/904 905/905 969/969
f 904/904 969/969 968/968
f 905/905 906/906 970/970
f 905/905 970/970 969/969
f 906/906 907/907 971/971
f 906/906 971/971 970/970
f 907/907 908/908 972/972
f 907/907 972/972 971/971
f 908/908 909/909 973/973
f 908/908 973/973 972/972
f 909/909 910/910 974/974
f 909/909 974/974 973/973
f 910/910 911/911 975/975
f 910/910 975/975 974/974
f 911/911 912/912 976/976
f 911/911 976/976 975/975
f 912/912 913/913 977/977
f 912/912 977/977 976/976
f 913/913 914/914 978/978
f 913/913 978/978 977/977
f 914/914 915/915 979/979
f 914/914 979/979 978/978
f 915/915 916/916 980/980
f 915/915 980/980 979/979
f 916/916 917/917 981/981
f 916/916 981/981 980/980
f 917/917 918/918 982/982
f 917/917 982/982 981/981
f 918/918 919/919 983/983
f 918/918 983/983 982/982
f 919/919 920/920 984/984
f 919/919 984/984 983/983
f 920/920 921/921 985/985
f 920/920 985/985 984/984
f 921/921 922/922 986/986
f 921/921 986/986 985/985
f 922/922 923/923 987/987
f 922/922 987/987 986/986
f 923/923 924/924 988/988
f 923/923 988/988 987/987
f 924/924 925/925 989/989
f 924/924 989/989 988/988
f 925/925 926/926 990/990
f 925/925 990/990 989/989
f 926/926 927/927 991/991
f 926/926 991/991 990/990
f 927/927 928/928 992/992
f 927/927 992/992 991/991
f 928/928 929/929 993/993
f 928/928 993/993 992/992
f 929/929 930/930 994/994
f 929/929 994/994 993/993
f 930/930 931/931 995/995
f 930/930 995/995 994/994
f 931/931 932/932 996/996
f 931/931 996/996 995/995
f 932/932 933/933 997/997
f 932/932 997/997 996/996
f 933/933 934/934 998/998
f 933/933 998/998 997/997
f 934/934 935/935 999/999
f 934/934 999/999 998/998
f 935/935 936/936 1000/1000
f 935/935 1000/1000 999/999
f 936/936 937/937 1001/1001
f 936/936 1001/1001 1000/1000
f 937/937 938/938 1002/1002
f 937/937 1002/1002 1001/1001
f 938/938 939/939 1003/1003
f 938/938 1003/1003 1002/1002
f 939/939 940/940 1004/1004
f 939/939 1004/1004 1003/1003
f 940/940 941/941 1005/1005
f 940/940 1005/1005 1004/1004
f 941/941 942/942 1006/1006
f 941/941 1006/1006 1005/1005
f 942/942 943/943 1007/1007
f 942/942 1007/1007 1006/1006
f 943/943 944/944 1008/1008
f 943/943 1008/1008 1007/1007
f 944/944 945/945 1009/1009
f 944/944 1009/1009 1008/1008
f 945/945 946/946 1010/1010
f 945/945 1010/1010 1009/1009
f 946/946 947/947 1011/1011
f 946/946 1011/1011 1010/1010
f 947/947 948/948 1012/1012
f 947/947 1012/1012 1011/1011
f 948/948 949/949 1013/1013
f 948/948 1013/1013 1012/1012
f 949/949 950/950 1014/1014
f 949/949 1014/1014 1013/1013
f 950/950 951/951 1015/1015
f 950/950 1015/1015 1014/1014
f 951/951 952/952 1016/1016
f 951/951 1016/1016 1015/1015
f 952/952 953/953 1017/1017
f 952/952 1017/1017 1016/1016
f 953/953 954/954 1018/1018
f 953/953 1018/1018 1017/1017
f 954/954 955/955 1019/1019
f 954/954 1019/1019 1018/1018
f 955/955 956/956 1020/1020
f 955/955 1020/1020 1019/1019
f 956/956 957/957 1021/1021
f 956/956 1021/1021 1020/1020
f 957/957 958/958 1022/1022
f 957/957 1022/1022 1021/1021
f 958/958 959/959 1023/1023
f 958/958 1023/1023 1022/1022
f 959/959 960/960 1024/1024
f 959/959 1024/1024 1023/1023
f 961/961 962/962 1026/1026
f 961/961 1026/1026 1025/1025
f 962/962 963/963 1027/1027
f 962/962 1027/1027 1026/1026
f 963/963 964/964 1028/1028
f 963/963 1028/1028 1027/1027
f 964/964 965/965 1029/1029
f 964/964 1029/1029 1028/1028
f 965/965 966/966 1030/1030
f 965/965 1030/1030 1029/1029
f 966/966 967/967 1031/1031
f 966/966 1031/1031 1030/1030
f 967/967 968/968 1032/1032
f 967/967 1032/1032 1031/1031
f 968/968 969/969 1033/1033
f 968/968 1033/1033 1032/1032
f 969/969 970/970 1034/1034
f 969/969 1034/1034 1033/1033
f 970/970 971/971 1035/1035
f 970/970 1035/1035 1034/1034
f 971/971 972/972 1036/1036
f 971/971 1036/1036 1035/1035
f 972/972 973/973 1037/1037
f 972/972 1037/1037 1036/1036
f 973/973 974/974 1038/1038
f 973/973 1038/1038 1037/1037
f 974/974 975/975 1039/1039
f 974/974 1039/1039 1038/1038
f 975/975 976/976 1040/1040
f 975/975 1040/1040 1039/1039
f 976/976 977/977 1041/1041
f 976/976 1041/1041 1040/1040
f 977/977 978/978 1042/1042
f 977/977 1042/1042 1041/1041
f 978/978 979/979 1043/1043
f 978/978 1043/1043 1042/1042
f 979/979 980/980 1044/1044
f 979/979 1044/1044 1043/1043
f 980/980 981/981 1045/1045
f 980/980 1045/1045 1044/1044
f 981/981 982/982 1046/1046
f 981/981 1046/1046 1045/1045
f 982/982 983/983 1047/1047
f 982/982 1047/1047 1046/1046
f 983/983 984/984 1048/1048
f 983/983 1048/1048 1047/1047
f 984/984 985/985 1049/1049
f 984/984 1049/1049 1048/1048
f 985/985 986/986 1050/1050
f 985/985 1050/1050 1049/1049
f 986/986 987/987 1051/1051
f 986/986 1051/1051 1050/1050
f 987/987 988/988 1052/1052
f 987/987 1052/1052 1051/1051
f 988/988 989/989 1053/1053
f 988/988 1053/1053 1052/1052
f 989/989 990/990 1054/1054
f 989/989 1054/1054 1053/1053
f 990/990 991/991 1055/1055
f 990/990 1055/1055 1054/1054
f 991/991 992/992 1056/1056
f 991/991 1056/1056 1055/1055
f 992/992 993/993 1057/1057
f 992/992 1057/1057 1056/1056
f 993/993 994/994 1058/1058
f 993/993 1058/1058 1057/1057
f 994/994 995/995 1059/1059
f 994/994 1059/1059 1058/1058
f 995/995 996/996 1060/1060
f 995/995 1060/1060 1059/1059
f 996/996 997/997 1061/1061
f 996/996 1061/1061 1060/1060
f 997/997 998/998 1062/1062
f 997/997 1062/1062 1061/1061
f 998/998 999/999 1063/1063
f 998/998 1063/1063 1062/1062
f 999/999 1000/1000 1064/1064
f 999/999 1064/1064 1063/1063
f 1000/1000 1001/1001 1065/1065
f 1000/1000 1065/1065 1064/1064
f 1001/1001 1002/1002 1066/1066
f 1001/1001 1066/1066 1065/1065
f 1002/1002 1003/1003 1067/1067
f 1002/1002 1067/1067 1066/1066
f 1003/1003 1004/1004 1068/1068
f 1003/1003 1068/1068 1067/1067
f 1004/1004 1005/1005 1069/1069
f 1004/1004 1069/1069 1068/1068
f 1005/1005 1006/1006 1070/1070
f 1005/1005 1070/1070 1069/1069
f 1006/1006 1007/1007 1071/1071
f 1006/1006 1071/1071 1070/1070
f 1007/1007 1008/1008 1072/1072
f 1007/1007 1072/1072 1071/1071
f 1008/1008 1009/1009 1073/1073
f 1008/1008 1073/1073 1072/1072
f 1009/1009 1010/1010 1074/1074
f 1009/1009 1074/1074 1073/1073
f 1010/1010 1011/1011 1075/1075
f 1010/1010 1075/1075 1074/1074
f 1011/1011 1012/1012 1076/1076
f 1011/1011 1076/1076 1075/1075
f 1012/1012 1013/1013 1077/1077
f 1012/1012 1077/1077 1076/1076
f 1013/1013 1014/1014 1078/1078
f 1013/1013 1078/1078 1077/1077
f 1014/1014 1015/1015 1079/1079
f 1014/1014 1079/1079 1078/1078
f 1015/1015 1016/1016 1080/1080
f 1015/1015 1080/1080 1079/1079
f 1016/1016 1017/1017 1081/1081
f 1016/1016 1081/1081 1080/1080
f 1017/1017 1018/1018 1082/1082
f 1017/1017 1082/1082 1081/1081
f 1018/1018 1019/1019 1083/1083
f 1018/1018 1083/1083 1082/1082
f 1019/1019 1020/1020 1084/1084
f 1019/1019 1084/1084 1083/1083
f 1020/1020 1021/1021 1085/1085
f 1020/1020 1085/1085 1084/1084
f 1021/1021 1022/1022 1086/1086
f 1021/1021 1086/1086 1085/1085
f 1022/1022 1023/1023 1087/1087
f 1022/1022 1087/1087 1086/1086
f 1023/1023 1024/1024 1088/1088
f 1023/1023 1088/1088 1087/1087
f 1025/1025 1026/1026 1090/1090
f 1025/1025 1090/1090 1089/1089
f 1026/1026 1027/1027 1091/1091
f 1026/1026 1091/1091 1090/1090
f 1027/1027 1028/1028 1092/1092
f 1027/1027 1092/1092 1091/1091
f 1028/1028 1029/1029 1093/1093
f 1028/1028 1093/1093 1092/1092
f 1029/1029 1030/1030 1094/1094
f 1029/1029 1094/1094 1093/1093
f 1030/1030 1031/1031 1095/1095
f 1030/1030 1095/1095 1094/1094
f 1031/1031 1032/1032 1096/1096
f 1031/1031 1096/1096 1095/1095
f 1032/1032 1033/1033 1097/1097
f 1032/1032 1097/1097 1096/1096
f 1033/1033 1034/1034 1098/1098
f 1033/1033 1098/1098 1097/1097
f 1034/1034 1035/1035 1099/1099
f 1034/1034 1099/1099 1098/1098
f 1035/1035 1036/1036 1100/1100
f 1035/1035 1100/1100 1099/1099
f 1036/1036 1037/1037 1101/1101
f 1036/1036 1101/1101 1100/1100
f 1037/1037 1038/1038 1102/1102
f 1037/1037 1102/1102 1101/1101
f 1038/1038 1039/1039 1103/1103
f 1038/1038 1103/1103 1102/1102
f 1039/1039 1040/1040 1104/1104
f 1039/1039 1104/1104 1103/1103
f 1040/1040 1041/1041 1105/1105
f 1040/1040 1105/1105 1104/1104
f 1041/1041 1042/1042 1106/1106
f 1041/1041 1106/1106 1105/1105
f 1042/1042 1043/1043 1107/1107
f 1042/1042 1107/1107 1106/1106
f 1043/1043 1044/1044 1108/1108
f 1043/1043 1108/1108 1107/1107
f 1044/1044 1045/1045 1109/1109
f 1044/1044 1109/1109 1108/1108
f 1045/1045 1046/1046 1110/1110
f 1045/1045 1110/1110 1109/1109
f 1046/1046 1047/1047 1111/1111
f 1046/1046 1111/1111 1110/1110
f 1047/1047 1048/1048 1112/1112
f 1047/1047 1112/1112 1111/1111
f 1048/1048 1049/1049 1113/1113
f 1048/1048 1113/1113 1112/1112
f 1049/1049 1050/1050 1114/1114
f 1049/1049 1114/1114 1113/1113
f 1050/1050 1051/1051 1115/1115
f 1050/1050 1115/1115 1114/1114
f 1051/1051 1052/1052 1116/1116
f 1051/1051 1116/1116 1115/1115
f 1052/1052 1053/1053 1117/1117
f 1052/1052 1117/1117 1116/1116
f 1053/1053 1054/1054 1118/1118
f 1053/1053 1118/1118 1117/1117
f 1054/1054 1055/1055 1119/1119
f 1054/1054 1119/1119 1118/1118
f 1055/1055 1056/1056 1120/1120
f 1055/1055 1120/1120 1119/1119
f 1056/1056 1057/1057 1121/1121
f 1056/1056 1121/1121 1120/1120
f 1057/1057 1058/1058 1122/1122
f 1057/1057 1122/1122 1121/1121
f 1058/1058 1059/1059 1123/1123
f 1058/1058 1123/1123 1122/1122
f 1059/1059 1060/1060 1124/1124
f 1059/1059 1124/1124 1123/1123
f 1060/1060 1061/1061 1125/1125
f 1060/1060 1125/1125 1124/1124
f 1061/1061 1062/1062 1126/1126
f 1061/1061 1126/1126 1125/1125
f 1062/1062 1063/1063 1127/1127
f 1062/1062 1127/1127 1126/1126
f 1063/1063 1064/1064 1128/1128
f 1063/1063 1128/1128 1127/1127
f 1064/1064 1065/1065 1129/1129
f 1064/1064 1129/1129 1128/1128
f 1065/1065 1066/1066 1130/1130
f 1065/1065 1130/1130 1129/1129
f 1066/1066 1067/1067 1131/1131
f 1066/1066 1131/1131 1130/1130
f 1067/1067 1068/1068 1132/1132
f 1067/1067 1132/1132 1131/1131
f 1068/1068 1069/1069 1133/1133
f 1068/1068 1133/1133 1132/1132
f 1069/1069 1070/1070 1134/1134
f 1069/1069 1134/1134 1133/1133
f 1070/1070 1071/1071 1135/1135
f 1070/1070 1135/1135 1134/1134
f 1071/1071 1072/1072 1136/1136
f 1071/1071 1136/1136 1135/1135
f 1072/1072 1073/1073 1137/1137
f 1072/1072 1137/1137 1136/1136
f 1073/1073 1074/1074 1138/1138
f 1073/1073 1138/1138 1137/1137
f 1074/1074 1075/1075 1139/1139
f 1074/1074 1139/1139 1138/1138
f 1075/1075 1076/1076 1140/1140
f 1075/1075 1140/1140 1139/1139
f 1076/1076 1077/1077 1141/1141
f 1076/1076 1141/1141 1140/1140
f 1077/1077 1078/1078 1142/1142
f 1077/1077 1142/1142 1141/1141
f 1078/1078 1079/1079 1143/1143
f 1078/1078 1143/1143 1142/1142
f 1079/1079 1080/1080 1144/1144
f 1079/1079 1144/1144 1143/1143
f 1080/1080 1081/1081 1145/1145
f 1080/1080 1145/1145 1144/1144
f 1081/1081 1082/1082 1146/1146
f 1081/1081 1146/1146 1145/1145
f 1082/1082 1083/1083 1147/1147
f 1082/1082 1147/1147 1146/1146
f 1083/1083 1084/1084 1148/1148
f 1083/1083 1148/1148 1147/1147
f 1084/1084 1085/1085 1149/1149
f 1084/1084 1149/1149 1148/1148
f 1085/1085 1086/1086 1150/1150
f 1085/1085 1150/1150 1149/1149
f 1086/1086 1087/1087 1151/1151
f 1086/1086 1151/1151 1150/1150
f 1087/1087 1088/1088 1152/1152
f 1087/1087 1152/1152 1151/1151
f 1089/1089 1090/1090 1154/1154
f 1089/1089 1154/1154 1153/1153
f 1090/1090 1091/1091 1155/1155
f 1090/1090 1155/1155 1154/1154
f 1091/1091 1092/1092 1156/1156
f 1091/1091 1156/1156 1155/1155
f 1092/1092 1093/1093 1157/1157
f 1092/1092 1157/1157 1156/1156
f 1093/1093 1094/1094 1158/1158
f 1093/1093 1158/1158 1157/1157
f 1094/1094 1095/1095 1159/1159
f 1094/1094 1159/1159 1158/1158
f 1095/1095 1096/1096 1160/1160
f 1095/1095 1160/1160 1159/1159
f 1096/1096 1097/1097 1161/1161
f 1096/1096 1161/1161 1160/1160
f 1097/1097 1098/1098 1162/1162
f 1097/1097 1162/1162 1161/1161
f 1098/1098 1099/1099 1163/1163
f 1098/1098 1163/1163 1162/1162
f 1099/1099 1100/1100 1164/1164
f 1099/1099 1164/1164 1163/1163
f 1100/1100 1101/1101 1165/1165
f 1100/1100 1165/1165 1164/1164
f 1101/1101 1102/1102 1166/1166
f 1101/1101 1166/1166 1165/1165
f 1102/1102 1103/1103 1167/1167
f 1102/1102 1167/1167 1166/1166
f 1103/1103 1104/1104 1168/1168
f 1103/1103 1168/1168 1167/1167
f 1104/1104 1105/1105 1169/1169
f 1104/1104 1169/1169 1168/1168
f 1105/1105 1106/1106 1170/1170
f 1105/1105 1170/1170 1169/1169
f 1106/1106 1107/1107 1171/1171
f 1106/1106 1171/1171 1170/1170
f 1107/1107 1108/1108 1172/1172
f 1107/1107 1172/1172 1171/1171
f 1108/1108 1109/1109 1173/1173
f 1108/1108 1173/1173 1172/1172
f 1109/1109 1110/1110 1174/1174
f 1109/1109 1174/1174 1173/1173
f 1110/1110 1111/1111 1175/1175
f 1110/1110 1175/1175 1174/1174
f 1111/1111 1112/1112 1176/1176
f 1111/1111 1176/1176 1175/1175
f 1112/1112 1113/1113 1177/1177
f 1112/1112 1177/1177 1176/1176
f 1113/1113 1114/1114 1178/1178
f 1113/1113 1178/1178 1177/1177
f 1114/1114 1115/1115 1179/1179
f 1114/1114 1179/1179 1178/1178
f 1115/1115 1116/1116 1180/1180
f 1115/1115 1180/1180 1179/1179
f 1116/1116 1117/1117 1181/1181
f 1116/1116 1181/1181 1180/1180
f 1117/1117 1118/1118 1182/1182
f 1117/1117 1182/1182 1181/1181
f 1118/1118 1119/1119 1183/1183
f 1118/1118 1183/1183 1182/1182
f 1119/1119 1120/1120 1184/1184
f 1119/1119 1184/1184 1183/1183
f 1120/1120 1121/1121 1185/1185
f 1120/1120 1185/1185 1184/1184
f 1121/1121 1122/1122 1186/1186
f 1121/1121 1186/1186 1185/1185
f 1122/1122 1123/1123 1187/1187
f 1122/1122 1187/1187 1186/1186
f 1123/1123 1124/1124 1188/1188
f 1123/1123 1188/1188 1187/1187
f 1124/1124 1125/1125 1189/1189
f 1124/1124 1189/1189 1188/1188
f 1125/1125 1126/1126 1190/1190
f 1125/1125 1190/1190 1189/1189
f 1126/1126 1127/1127 1191/1191
f 1126/1126 1191/1191 1190/1190
f 1127/1127 1128/1128 1192/1192
f 1127/1127 1192/1192 1191/1191
f 1128/1128 1129/1129 1193/1193
f 1128/1128 1193/1193 1192/1192
f 1129/1129 1130/1130 1194/1194
f 1129/1129 1194/1194 1193/1193
f 1130/1130 1131/1131 1195/1195
f 1130/1130 1195/1195 1194/1194
f 1131/1131 1132/1132 1196/1196
f 1131/1131 1196/1196 1195/1195
f 1132/1132 1133/1133 1197/1197
f 1132/1132 1197/1197 1196/1196
f 1133/1133 1134/1134 1198/1198
f 1133/1133 1198/1198 1197/1197
f 1134/1134 1135/1135 1199/1199
f 1134/1134 1199/1199 1198/1198
f 1135/1135 1136/1136 1200/1200
f 1135/1135 1200/1200 1199/1199
f 1136/1136 1137/1137 1201/1201
f 1136/1136 1201/1201 1200/1200
f 1137/1137 1138/1138 1202/1202
f 1137/1137 1202/1202 1201/1201
f 1138/1138 1139/1139 1203/1203
f 1138/1138 1203/1203 1202/1202
f 1139/1139 1140/1140 1204/1204
f 1139/1139 1204/1204 1203/1203
f 1140/1140 1141/1141 1205/1205
f 1140/1140 1205/1205 1204/1204
f 1141/1141 1142/1142 1206/1206
f 1141/1141 1206/1206 1205/1205
f 1142/1142 1143/1143 1207/1207
f 1142/1142 1207/1207 1206/1206
f 1143/1143 1144/1144 1208/1208
f 1143/1143 1208/1208 1207/1207
f 1144/1144 1145/1145 1209/1209
f 1144/1144 1209/1209 1208/1208
f 1145/1145 1146/1146 1210/1210
f 1145/1145 1210/1210 1209/1209
f 1146/1146 1147/1147 1211/1211
f 1146/1146 1211/1211 1210/1210
f 1147/1147 1148/1148 1212/1212
f 1147/1147 1212/1212 1211/1211
f 1148/1148 1149/1149 1213/1213
f 1148/1148 1213/1213 1212/1212
f 1149/1149 1150/1150 1214/1214
f 1149/1149 1214/1214 1213/1213
f 1150/1150 1151/1151 1215/1215
f 1150/1150 1215/1215 1214/1214
f 1151/1151 1152/1152 1216/1216
f 1151/1151 1216/1216 1215/1215
f 1153/1153 1154/1154 1218/1218
f 1153/1153 1218/1218 1217/1217
f 1154/1154 1155/1155 1219/1219
f 1154/1154 1219/1219 1218/1218
f 1155/1155 1156/1156 1220/1220
f 1155/1155 1220/1220 1219/1219
f 1156/1156 1157/1157 1221/1221
f 1156/1156 1221/1221 1220/1220
f 1157/1157 1158/1158 1222/1222
f 1157/1157 1222/1222 1221/1221
f 1158/1158 1159/1159 1223/1223
f 1158/1158 1223/1223 1222/1222
f 1159/1159 1160/1160 1224/1224
f 1159/1159 1224/1224 1223/1223
f 1160/1160 1161/1161 1225/1225
f 1160/1160 1225/1225 1224/1224
f 1161/1161 1162/1162 1226/1226
f 1161/1161 1226/1226 1225/1225
f 1162/1162 1163/1163 1227/1227
f 1162/1162 1227/1227 1226/1226
f 1163/1163 1164/1164 1228/1228
f 1163/1163 1228/1228 1227/1227
f 1164/1164 1165/1165 1229/1229
f 1164/1164 1229/1229 1228/1228
f 1165/1165 1166/1166 1230/1230
f 1165/1165 1230/1230 1229/1229
f 1166/1166 1167/1167 1231/1231
f 1166/1166 1231/1231 1230/1230
f 1167/1167 1168/1168 1232/1232
f 1167/1167 1232/1232 1231/1231
f 1168/1168 1169/1169 1233/1233
f 1168/1168 1233/1233 1232/1232
f 1169/1169 1170/1170 1234/1234
f 1169/1169 1234/1234 1233/1233
f 1170/1170 1171/1171 1235/1235
f 1170/1170 1235/1235 1234/1234
f 1171/1171 1172/1172 1236/1236
f 1171/1171 1236/1236 1235/1235
f 1172/1172 1173/1173 1237/1237
f 1172/1172 1237/1237 1236/1236
f 1173/1173 1174/1174 1238/1238
f 1173/1173 1238/1238 1237/1237
f 1174/1174 1175/1175 1239/1239
f 1174/1174 1239/1239 1238/1238
f 1175/1175 1176/1176 1240/1240
f 1175/1175 1240/1240 1239/1239
f 1176/1176 1177/1177 1241/1241
f 1176/1176 1241/1241 1240/1240
f 1177/1177 1178/1178 1242/1242
f 1177/1177 1242/1242 1241/1241
f 1178/1178 1179/1179 1243/1243
f 1178/1178 1243/1243 1242/1242
f 1179/1179 1180/1180 1244/1244
f 1179/1179 1244/1244 1243/1243
f 1180/1180 1181/1181 1245/1245
f 1180/1180 1245/1245 1244/1244
f 1181/1181 1182/1182 1246/1246
f 1181/1181 1246/1246 1245/1245
f 1182/1182 1183/1183 1247/1247
f 1182/1182 1247/1247 1246/1246
f 1183/1183 1184/1184 1248/1248
f 1183/1183 1248/1248 1247/1247
f 1184/1184 1185/1185 1249/1249
f 1184/1184 1249/1249 1248/1248
f 1185/1185 1186/1186 1250/1250
f 1185/1185 1250/1250 1249/1249
f 1186/1186 1187/1187 1251/1251
f 1186/1186 1251/1251 1250/1250
f 1187/1187 1188/1188 1252/1252
f 1187/1187 1252/1252 1251/1251
f 1188/1188 1189/1189 1253/1253
f 1188/1188 1253/1253 1252/1252
f 1189/1189 1190/1190 1254/1254
f 1189/1189 1254/1254 1253/1253
f 1190/1190 1191/1191 1255/1255
f 1190/1190 1255/1255 1254/1254
f 1191/1191 1192/1192 1256/1256
f 1191/1191 1256/1256 1255/1255
f 1192/1192 1193/1193 1257/1257
f 1192/1192 1257/1257 1256/1256
f 1193/1193 1194/1194 1258/1258
f 1193/1193 1258/1258 1257/1257
f 1194/1194 1195/1195 1259/1259
f 1194/1194 1259/1259 1258/1258
f 1195/1195 1196/1196 1260/1260
f 1195/1195 1260/1260 1259/1259
f 1196/1196 1197/1197 1261/1261
f 1196/1196 1261/1261 1260/1260
f 1197/1197 1198/1198 1262/1262
f 1197/1197 1262/1262 1261/1261
f 1198/1198 1199/1199 1263/1263
f 1198/1198 1263/1263 1262/1262
f 1199/1199 1200/1200 1264/1264
f 1199/1199 1264/1264 1263/1263
f 1200/1200 1201/1201 1265/1265
f 1200/1200 1265/1265 1264/1264
f 1201/1201 1202/1202 1266/1266
f 1201/1201 1266/1266 1265/1265
f 1202/1202 1203/1203 1267/1267
f 1202/1202 1267/1267 1266/1266
f 1203/1203 1204/1204 1268/1268
f 1203/1203 1268/1268 1267/1267
f 1204/1204 1205/1205 1269/1269
f 1204/1204 1269/1269 1268/1268
f 1205/1205 1206/1206 1270/1270
f 1205/1205 1270/1270 1269/1269
f 1206/1206 1207/1207 1271/1271
f 1206/1206 1271/1271 1270/1270
f 1207/1207 1208/1208 1272/1272
f 1207/1207 1272/1272 1271/1271
f 1208/1208 1209/1209 1273/1273
f 1208/1208 1273/1273 1272/1272
f 1209/1209 1210/1210 1274/1274
f 1209/1209 1274/1274 1273/1273
f 1210/1210 1211/1211 1275/1275
f 1210/1210 1275/1275 1274/1274
f 1211/1211 1212/1212 1276/1276
f 1211/1211 1276/1276 1275/1275
f 1212/1212 1213/1213 1277/1277
f 1212/1212 1277/1277 1276/1276
f 1213/1213 1214/1214 1278/1278
f 1213/1213 1278/1278 1277/1277
f 1214/1214 1215/1215 1279/1279
f 1214/1214 1279/1279 1278/1278
f 1215/1215 1216/1216 1280/1280
f 1215/1215 1280/1280 1279/1279
f 1217/1217 1218/1218 1282/1282
f 1217/1217 1282/1282 1281/1281
f 1218/1218 1219/1219 1283/1283
f 1218/1218 1283/1283 1282/1282
f 1219/1219 1220/1220 1284/1284
f 1219/1219 1284/1284 1283/1283
f 1220/1220 1221/1221 1285/1285
f 1220/1220 1285/1285 1284/1284
f 1221/1221 1222/1222 1286/1286
f 1221/1221 1286/1286 1285/1285
f 1222/1222 1223/1223 1287/1287
f 1222/1222 1287/1287 1286/1286
f 1223/1223 1224/1224 1288/1288
f 1223/1223 1288/1288 1287/1287
f 1224/1224 1225/1225 1289/1289
f 1224/1224 1289/1289 1288/1288
f 1225/1225 1226/1226 1290/1290
f 1225/1225 1290/1290 1289/1289
f 1226/1226 1227/1227 1291/1291
f 1226/1226 1291/1291 1290/1290
f 1227/1227 1228/1228 1292/1292
f 1227/1227 1292/1292 1291/1291
f 1228/1228 1229/1229 1293/1293
f 1228/1228 1293/1293 1292/1292
f 1229/1229 1230/1230 1294/1294
f 1229/1229 1294/1294 1293/1293
f 1230/1230 1231/1231 1295/1295
f 1230/1230 1295/1295 1294/1294
f 1231/1231 1232/1232 1296/1296
f 1231/1231 1296/1296 1295/1295
f 1232/1232 1233/1233 1297/1297
f 1232/1232 1297/1297 1296/1296
f 1233/1233 1234/1234 1298/1298
f 1233/1233 1298/1298 1297/1297
f 1234/1234 1235/1235 1299/1299
f 1234/1234 1299/1299 1298/1298
f 1235/1235 1236/1236 1300/1300
f 1235/1235 1300/1300 1299/1299
f 1236/1236 1237/1237 1301/1301
f 1236/1236 1301/1301 1300/1300
f 1237/1237 1238/1238 1302/1302
f 1237/1237 1302/1302 1301/1301
f 1238/1238 1239/1239 1303/1303
f 1238/1238 1303/1303 1302/1302
f 1239/1239 1240/1240 1304/1304
f 1239/1239 1304/1304 1303/1303
f 1240/1240 1241/1241 1305/1305
f 1240/1240 1305/1305 1304/1304
f 1241/1241 1242/1242 1306/1306
f 1241/1241 1306/1306 1305/1305
f 1242/1242 1243/1243 1307/1307
f 1242/1242 1307/1307 1306/1306
f 1243/1243 1244/1244 1308/1308
f 1243/1243 1308/1308 1307/1307
f 1244/1244 1245/1245 1309/1309
f 1244/1244 1309/1309 1308/1308
f 1245/1245 1246/1246 1310/1310
f 1245/1245 1310/1310 1309/1309
f 1246/1246 1247/1247 1311/1311
f 1246/1246 1311/1311 1310/1310
f 1247/1247 1248/1248 1312/1312
f 1247/1247 1312/1312 1311/1311
f 1248/1248 1249/1249 1313/1313
f 1248/1248 1313/1313 1312/1312
f 1249/1249 1250/1250 1314/1314
f 1249/1249 1314/1314 1313/1313
f 1250/1250 1251/1251 1315/1315
f 1250/1250 1315/1315 1314/1314
f 1251/1251 1252/1252 1316/1316
f 1251/1251 1316/1316 1315/1315
f 1252/1252 1253/1253 1317/1317
f 1252/1252 1317/1317 1316/1316
f 1253/1253 1254/1254 1318/1318
f 1253/1253 1318/1318 1317/1317
f 1254/1254 1255/1255 1319/1319
f 1254/1254 1319/1319 1318/1318
f 1255/1255 1256/1256 1320/1320
f 1255/1255 1320/1320 1319/1319
f 1256/1256 1257/1257 1321/1321
f 1256/1256 1321/1321 1320/1320
f 1257/1257 1258/1258 1322/1322
f 1257/1257 1322/1322 1321/1321
f 1258/1258 1259/1259 1323/1323
f 1258/1258 1323/1323 1322/1322
f 1259/1259 1260/1260 1324/1324
f 1259/1259 1324/1324 1323/1323
f 1260/1260 1261/1261 1325/1325
f 1260/1260 1325/1325 1324/1324
f 1261/1261 1262/1262 1326/1326
f 1261/1261 1326/1326 1325/1325
f 1262/1262 1263/1263 1327/1327
f 1262/1262 1327/1327 1326/1326
f 1263/1263 1264/1264 1328/1328
f 1263/1263 1328/1328 1327/1327
f 1264/1264 1265/1265 1329/1329
f 1264/1264 1329/1329 1328/1328
f 1265/1265 1266/1266 1330/1330
f 1265/1265 1330/1330 1329/1329
f 1266/1266 1267/1267 1331/1331
f 1266/1266 1331/1331 1330/1330
f 1267/1267 1268/1268 1332/1332
f 1267/1267 1332/1332 1331/1331
f 1268/1268 1269/1269 1333/1333
f 1268/1268 1333/1333 1332/1332
f 1269/1269 1270/1270 1334/1334
f 1269/1269 1334/1334 1333/1333
f 1270/1270 1271/1271 1335/1335
f 1270/1270 1335/1335 1334/1334
f 1271/1271 1272/1272 1336/1336
f 1271/1271 1336/1336 1335/1335
f 1272/1272 1273/1273 1337/1337
f 1272/1272 1337/1337 1336/1336
f 1273/1273 1274/1274 1338/1338
f 1273/1273 1338/1338 1337/1337
f 1274/1274 1275/1275 1339/1339
f 1274/1274 1339/1339 1338/1338
f 1275/1275 1276/1276 1340/1340
f 1275/1275 1340/1340 1339/1339
f 1276/1276 1277/1277 1341/1341
f 1276/1276 1341/1341 1340/1340
f 1277/1277 1278/1278 1342/1342
f 1277/1277 1342/1342 1341/1341
f 1278/1278 1279/1279 1343/1343
f 1278/1278 1343/1343 1342/1342
f 1279/1279 1280/1280 1344/1344
f 1279/1279 1344/1344 1343/1343
f 1281/1281 1282/1282 1346/1346
f 1281/1281 1346/1346 1345/1345
f 1282/1282 1283/1283 1347/1347
f 1282/1282 1347/1347 1346/1346
f 1283/1283 1284/1284 1348/1348
f 1283/1283 1348/1348 1347/1347
f 1284/1284 1285/1285 1349/1349
f 1284/1284 1349/1349 1348/1348
f 1285/1285 1286/1286 1350/1350
f 1285/1285 1350/1350 1349/1349
f 1286/1286 1287/1287 1351/1351
f 1286/1286 1351/1351 1350/1350
f 1287/1287 1288/1288 1352/1352
f 1287/1287 1352/1352 1351/1351
f 1288/1288 1289/1289 1353/1353
f 1288/1288 1353/1353 1352/1352
f 1289/1289 1290/1290 1354/1354
f 1289/1289 1354/1354 1353/1353
f 1290/1290 1291/1291 1355/1355
f 1290/1290 1355/1355 1354/1354
f 1291/1291 1292/1292 1356/1356
f 1291/1291 1356/1356 1355/1355
f 1292/1292 1293/1293 1357/1357
f 1292/1292 1357/1357 1356/1356
f 1293/1293 1294/1294 1358/1358
f 1293/1293 1358/1358 1357/1357
f 1294/1294 1295/1295 1359/1359
f 1294/1294 1359/1359 1358/1358
f 1295/1295 1296/1296 1360/1360
f 1295/1295 1360/1360 1359/1359
f 1296/1296 1297/1297 1361/1361
f 1296/1296 1361/1361 1360/1360
f 1297/1297 1298/1298 1362/1362
f 1297/1297 1362/1362 1361/1361
f 1298/1298 1299/1299 1363/1363
f 1298/1298 1363/1363 1362/1362
f 1299/1299 1300/1300 1364/1364
f 1299/1299 1364/1364 1363/1363
f 1300/1300 1301/1301 1365/1365
f 1300/1300 1365/1365 1364/1364
f 1301/1301 1302/1302 1366/1366
f 1301/1301 1366/1366 1365/1365
f 1302/1302 1303/1303 1367/1367
f 1302/1302 1367/1367 1366/1366
f 1303/1303 1304/1304 1368/1368
f 1303/1303 1368/1368 1367/1367
f 1304/1304 1305/1305 1369/1369
f 1304/1304 1369/1369 1368/1368
f 1305/1305 1306/1306 1370/1370
f 1305/1305 1370/1370 1369/1369
f 1306/1306 1307/1307 1371/1371
f 1306/1306 1371/1371 1370/1370
f 1307/1307 1308/1308 1372/1372
f 1307/1307 1372/1372 1371/1371
f 1308/1308 1309/1309 1373/1373
f 1308/1308 1373/1373 1372/1372
f 1309/1309 1310/1310 1374/1374
f 1309/1309 1374/1374 1373/1373
f 1310/1310 1311/1311 1375/1375
f 1310/1310 1375/1375 1374/1374
f 1311/1311 1312/1312 1376/1376
f 1311/1311 1376/1376 1375/1375
f 1312/1312 1313/1313 1377/1377
f 1312/1312 1377/1377 1376/1376
f 1313/1313 1314/1314 1378/1378
f 1313/1313 1378/1378 1377/1377
f 1314/1314 1315/1315 1379/1379
f 1314/1314 1379/1379 1378/1378
f 1315/1315 1316/1316 1380/1380
f 1315/1315 1380/1380 1379/1379
f 1316/1316 1317/1317 1381/1381
f 1316/1316 1381/1381 1380/1380
f 1317/1317 1318/1318 1382/1382
f 1317/1317 1382/1382 1381/1381
f 1318/1318 1319/1319 1383/1383
f 1318/1318 1383/1383 1382/1382
f 1319/1319 1320/1320 1384/1384
f 1319/1319 1384/1384 1383/1383
f 1320/1320 1321/1321 1385/1385
f 1320/1320 1385/1385 1384/1384
f 1321/1321 1322/1322 1386/1386
f 1321/1321 1386/1386 1385/1385
f 1322/1322 1323/1323 1387/1387
f 1322/1322 1387/1387 1386/1386
f 1323/1323 1324/1324 1388/1388
f 1323/1323 1388/1388 1387/1387
f 1324/1324 1325/1325 1389/1389
f 1324/1324 1389/1389 1388/1388
f 1325/1325 1326/1326 1390/1390
f 1325/1325 1390/1390 1389/1389
f 1326/1326 1327/1327 1391/1391
f 1326/1326 1391/1391 1390/1390
f 1327/1327 1328/1328 1392/1392
f 1327/1327 1392/1392 1391/1391
f 1328/1328 1329/1329 1393/1393
f 1328/1328 1393/1393 1392/1392
f 1329/1329 1330/1330 1394/1394
f 1329/1329 1394/1394 1393/1393
f 1330/1330 1331/1331 1395/1395
f 1330/1330 1395/1395 1394/1394
f 1331/1331 1332/1332 1396/1396
f 1331/1331 1396/1396 1395/1395
f 1332/1332 1333/1333 1397/1397
f 1332/1332 1397/1397 1396/1396
f 1333/1333 1334/1334 1398/1398
f 1333/1333 1398/1398 1397/1397
f 1334/1334 1335/1335 1399/1399
f 1334/1334 1399/1399 1398/1398
f 1335/1335 1336/1336 1400/1400
f 1335/1335 1400/1400 1399/1399
f 1336/1336 1337/1337 1401/1401
f 1336/1336 1401/1401 1400/1400
f 1337/1337 1338/1338 1402/1402
f 1337/1337 1402/1402 1401/1401
f 1338/1338 1339/1339 1403/1403
f 1338/1338 1403/1403 1402/1402
f 1339/1339 1340/1340 1404/1404
f 1339/1339 1404/1404 1403/1403
f 1340/1340 1341/1341 1405/1405
f 1340/1340 1405/1405 1404/1404
f 1341/1341 1342/1342 1406/1406
f 1341/1341 1406/1406 1405/1405
f 1342/1342 1343/1343 1407/1407
f 1342/1342 1407/1407 1406/1406
f 1343/1343 1344/1344 1408/1408
f 1343/1343 1408/1408 1407/1407
f 1345/1345 1346/1346 1410/1410
f 1345/1345 1410/1410 1409/1409
f 1346/1346 1347/1347 1411/1411
f 1346/1346 1411/1411 1410/1410
f 1347/1347 1348/1348 1412/1412
f 1347/1347 1412/1412 1411/1411
f 1348/1348 1349/1349 1413/1413
f 1348/1348 1413/1413 1412/1412
f 1349/1349 1350/1350 1414/1414
f 1349/1349 1414/1414 1413/1413
f 1350/1350 1351/1351 1415/1415
f 1350/1350 1415/1415 1414/1414
f 1351/1351 1352/1352 1416/1416
f 1351/1351 1416/1416 1415/1415
f 1352/1352 1353/1353 1417/1417
f 1352/1352 1417/1417 1416/1416
f 1353/1353 1354/1354 1418/1418
f 1353/1353 1418/1418 1417/1417
f 1354/1354 1355/1355 1419/1419
f 1354/1354 1419/1419 1418/1418
f 1355/1355 1356/1356 1420/1420
f 1355/1355 1420/1420 1419/1419
f 1356/1356 1357/1357 1421/1421
f 1356/1356 1421/1421 1420/1420
f 1357/1357 1358/1358 1422/1422
f 1357/1357 1422/1422 1421/1421
f 1358/1358 1359/1359 1423/1423
f 1358/1358 1423/1423 1422/1422
f 1359/1359 1360/1360 1424/1424
f 1359/1359 1424/1424 1423/1423
f 1360/1360 1361/1361 1425/1425
f 1360/1360 1425/1425 1424/1424
f 1361/1361 1362/1362 1426/1426
f 1361/1361 1426/1426 1425/1425
f 1362/1362 1363/1363 1427/1427
f 1362/1362 1427/1427 1426/1426
f 1363/1363 1364/1364 1428/1428
f 1363/1363 1428/1428 1427/1427
f 1364/1364 1365/1365 1429/1429
f 1364/1364 1429/1429 1428/1428
f 1365/1365 1366/1366 1430/1430
f 1365/1365 1430/1430 1429/1429
f 1366/1366 1367/1367 1431/1431
f 1366/1366 1431/1431 1430/1430
f 1367/1367 1368/1368 1432/1432
f 1367/1367 1432/1432 1431/1431
f 1368/1368 1369/1369 1433/1433
f 1368/1368 1433/1433 1432/1432
f 1369/1369 1370/1370 1434/1434
f 1369/1369 1434/1434 1433/1433
f 1370/1370 1371/1371 1435/1435
f 1370/1370 1435/1435 1434/1434
f 1371/1371 1372/1372 1436/1436
f 1371/1371 1436/1436 1435/1435
f 1372/1372 1373/1373 1437/1437
f 1372/1372 1437/1437 1436/1436
f 1373/1373 1374/1374 1438/1438
f 1373/1373 1438/1438 1437/1437
f 1374/1374 1375/1375 1439/1439
f 1374/1374 1439/1439 1438/1438
f 1375/1375 1376/1376 1440/1440
f 1375/1375 1440/1440 1439/1439
f 1376/1376 1377/1377 1441/1441
f 1376/1376 1441/1441 1440/1440
f 1377/1377 1378/1378 1442/1442
f 1377/1377 1442/1442 1441/1441
f 1378/1378 1379/1379 1443/1443
f 1378/1378 1443/1443 1442/1442
f 1379/1379 1380/1380 1444/1444
f 1379/1379 1444/1444 1443/1443
f 1380/1380 1381/1381 1445/1445
f 1380/1380 1445/1445 1444/1444
f 1381/1381 1382/1382 1446/1446
f 1381/1381 1446/1446 1445/1445
f 1382/1382 1383/1383 1447/1447
f 1382/1382 1447/1447 1446/1446
f 1383/1383 1384/1384 1448/1448
f 1383/1383 1448/1448 1447/1447
f 1384/1384 1385/1385 1449/1449
f 1384/1384 1449/1449 1448/1448
f 1385/1385 1386/1386 1450/1450
f 1385/1385 1450/1450 1449/1449
f 1386/1386 1387/1387 1451/1451
f 1386/1386 1451/1451 1450/1450
f 1387/1387 1388/1388 1452/1452
f 1387/1387 1452/1452 1451/1451
f 1388/1388 1389/1389 1453/1453
f 1388/1388 1453/1453 1452/1452
f 1389/1389 1390/1390 1454/1454
f 1389/1389 1454/1454 1453/1453
f 1390/1390 1391/1391 1455/1455
f 1390/1390 1455/1455 1454/1454
f 1391/1391 1392/1392 1456/1456
f 1391/1391 1456/1456 1455/1455
f 1392/1392 1393/1393 1457/1457
f 1392/1392 1457/1457 1456/1456
f 1393/1393 1394/1394 1458/1458
f 1393/1393 1458/1458 1457/1457
f 1394/1394 1395/1395 1459/1459
f 1394/1394 1459/1459 1458/1458
f 1395/1395 1396/1396 1460/1460
f 1395/1395 1460/1460 1459/1459
f 1396/1396 1397/1397 1461/1461
f 1396/1396 1461/1461 1460/1460
f 1397/1397 1398/1398 1462/1462
f 1397/1397 1462/1462 1461/1461
f 1398/1398 1399/1399 1463/1463
f 1398/1398 1463/1463 1462/1462
f 1399/1399 1400/1400 1464/1464
f 1399/1399 1464/1464 1463/1463
f 1400/1400 1401/1401 1465/1465
f 1400/1400 1465/1465 1464/1464
f 1401/1401 1402/1402 1466/1466
f 1401/1401 1466/1466 1465/1465
f 1402/1402 1403/1403 1467/1467
f 1402/1402 1467/1467 1466/1466
f 1403/1403 1404/1404 1468/1468
f 1403/1403 1468/1468 1467/1467
f 1404/1404 1405/1405 1469/1469
f 1404/1404 1469/1469 1468/1468
f 1405/1405 1406/1406 1470/1470
f 1405/1405 1470/1470 1469/1469
f 1406/1406 1407/1407 1471/1471
f 1406/1406 1471/1471 1470/1470
f 1407/1407 1408/1408 1472/1472
f 1407/1407 1472/1472 1471/1471
f 1409/1409 1410/1410 1474/1474
f 1409/1409 1474/1474 1473/1473
f 1410/1410 1411/1411 1475/1475
f 1410/1410 1475/1475 1474/1474
f 1411/1411 1412/1412 1476/1476
f 1411/1411 1476/1476 1475/1475
f 1412/1412 1413/1413 1477/1477
f 1412/1412 1477/1477 1476/1476
f 1413/1413 1414/1414 1478/1478
f 1413/1413 1478/1478 1477/1477
f 1414/1414 1415/1415 1479/1479
f 1414/1414 1479/1479 1478/1478
f 1415/1415 1416/1416 1480/1480
f 1415/1415 1480/1480 1479/1479
f 1416/1416 1417/1417 1481/1481
f 1416/1416 1481/1481 1480/1480
f 1417/1417 1418/1418 1482/1482
f 1417/1417 1482/1482 1481/1481
f 1418/1418 1419/1419 1483/1483
f 1418/1418 1483/1483 1482/1482
f 1419/1419 1420/1420 1484/1484
f 1419/1419 1484/1484 1483/1483
f 1420/1420 1421/1421 1485/1485
f 1420/1420 1485/1485 1484/1484
f 1421/1421 1422/1422 1486/1486
f 1421/1421 1486/1486 1485/1485
f 1422/1422 1423/1423 1487/1487
f 1422/1422 1487/1487 1486/1486
f 1423/1423 1424/1424 1488/1488
f 1423/1423 1488/1488 1487/1487
f 1424/1424 1425/1425 1489/1489
f 1424/1424 1489/1489 1488/1488
f 1425/1425 1426/1426 1490/1490
f 1425/1425 1490/1490 1489/1489
f 1426/1426 1427/1427 1491/1491
f 1426/1426 1491/1491 1490/1490
f 1427/1427 1428/1428 1492/1492
f 1427/1427 1492/1492 1491/1491
f 1428/1428 1429/1429 1493/1493
f 1428/1428 1493/1493 1492/1492
f 1429/1429 1430/1430 1494/1494
f 1429/1429 1494/1494 1493/1493
f 1430/1430 1431/1431 1495/1495
f 1430/1430 1495/1495 1494/1494
f 1431/1431 1432/1432 1496/1496
f 1431/1431 1496/1496 1495/1495
f 1432/1432 1433/1433 1497/1497
f 1432/1432 1497/1497 1496/1496
f 1433/1433 1434/1434 1498/1498
f 1433/1433 1498/1498 1497/1497
f 1434/1434 1435/1435 1499/1499
f 1434/1434 1499/1499 1498/1498
f 1435/1435 1436/1436 1500/1500
f 1435/1435 1500/1500 1499/1499
f 1436/1436 1437/1437 1501/1501
f 1436/1436 1501/1501 1500/1500
f 1437/1437 1438/1438 1502/1502
f 1437/1437 1502/1502 1501/1501
f 1438/1438 1439/1439 1503/1503
f 1438/1438 1503/1503 1502/1502
f 1439/1439 1440/1440 1504/1504
f 1439/1439 1504/1504 1503/1503
f 1440/1440 1441/1441 1505/1505
f 1440/1440 1505/1505 1504/1504
f 1441/1441 1442/1442 1506/1506
f 1441/1441 1506/1506 1505/1505
f 1442/1442 1443/1443 1507/1507
f 1442/1442 1507/1507 1506/1506
f 1443/1443 1444/1444 1508/1508
f 1443/1443 1508/1508 1507/1507
f 1444/1444 1445/1445 1509/1509
f 1444/1444 1509/1509 1508/1508
f 1445/1445 1446/1446 1510/1510
f 1445/1445 1510/1510 1509/1509
f 1446/1446 1447/1447 1511/1511
f 1446/1446 1511/1511 1510/1510
f 1447/1447 1448/1448 1512/1512
f 1447/1447 1512/1512 1511/1511
f 1448/1448 1449/1449 1513/1513
f 1448/1448 1513/1513 1512/1512
f 1449/1449 1450/1450 1514/1514
f 1449/1449 1514/1514 1513/1513
f 1450/1450 1451/1451 1515/1515
f 1450/1450 1515/1515 1514/1514
f 1451/1451 1452/1452 1516/1516
f 1451/1451 1516/1516 1515/1515
f 1452/1452 1453/1453 1517/1517
f 1452/1452 1517/1517 1516/1516
f 1453/1453 1454/1454 1518/1518
f 1453/1453 1518/1518 1517/1517
f 1454/1454 1455/1455 1519/1519
f 1454/1454 1519/1519 1518/1518
f 1455/1455 1456/1456 1520/1520
f 1455/1455 1520/1520 1519/1519
f 1456/1456 1457/1457 1521/1521
f 1456/1456 1521/1521 1520/1520
f 1457/1457 1458/1458 1522/1522
f 1457/1457 1522/1522 1521/1521
f 1458/1458 1459/1459 1523/1523
f 1458/1458 1523/1523 1522/1522
f 1459/1459 1460/1460 1524/1524
f 1459/1459 1524/1524 1523/1523
f 1460/1460 1461/1461 1525/1525
f 1460/1460 1525/1525 1524/1524
f 1461/1461 1462/1462 1526/1526
f 1461/1461 1526/1526 1525/1525
f 1462/1462 1463/1463 1527/1527
f 1462/1462 1527/1527 1526/1526
f 1463/1463 1464/1464 1528/1528
f 1463/1463 1528/1528 1527/1527
f 1464/1464 1465/1465 1529/1529
f 1464/1464 1529/1529 1528/1528
f 1465/1465 1466/1466 1530/1530
f 1465/1465 1530/1530 1529/1529
f 1466/1466 1467/1467 1531/1531
f 1466/1466 1531/1531 1530/1530
f 1467/1467 1468/1468 1532/1532
f 1467/1467 1532/1532 1531/1531
f 1468/1468 1469/1469 1533/1533
f 1468/1468 1533/1533 1532/1532
f 1469/1469 1470/1470 1534/1534
f 1469/1469 1534/1534 1533/1533
f 1470/1470 1471/1471 1535/1535
f 1470/1470 1535/1535 1534/1534
f 1471/1471 1472/1472 1536/1536
f 1471/1471 1536/1536 1535/1535
f 1473/1473 1474/1474 1538/1538
f 1473/1473 1538/1538 1537/1537
f 1474/1474 1475/1475 1539/1539
f 1474/1474 1539/1539 1538/1538
f 1475/1475 1476/1476 1540/1540
f 1475/1475 1540/1540 1539/1539
f 1476/1476 1477/1477 1541/1541
f 1476/1476 1541/1541 1540/1540
f 1477/1477 1478/1478 1542/1542
f 1477/1477 1542/1542 1541/1541
f 1478/1478 1479/1479 1543/1543
f 1478/1478 1543/1543 1542/1542
f 1479/1479 1480/1480 1544/1544
f 1479/1479 1544/1544 1543/1543
f 1480/1480 1481/1481 1545/1545
f 1480/1480 1545/1545 1544/1544
f 1481/1481 1482/1482 1546/1546
f 1481/1481 1546/1546 1545/1545
f 1482/1482 1483/1483 1547/1547
f 1482/1482 1547/1547 1546/1546
f 1483/1483 1484/1484 1548/1548
f 1483/1483 1548/1548 1547/1547
f 1484/1484 1485/1485 1549/1549
f 1484/1484 1549/1549 1548/1548
f 1485/1485 1486/1486 1550/1550
f 1485/1485 1550/1550 1549/1549
f 1486/1486 1487/1487 1551/1551
f 1486/1486 1551/1551 1550/1550
f 1487/1487 1488/1488 1552/1552
f 1487/1487 1552/1552 1551/1551
f 1488/1488 1489/1489 1553/1553
f 1488/1488 1553/1553 1552/1552
f 1489/1489 1490/1490 1554/1554
f 1489/1489 1554/1554 1553/1553
f 1490/1490 1491/1491 1555/1555
f 1490/1490 1555/1555 1554/1554
f 1491/1491 1492/1492 1556/1556
f 1491/1491 1556/1556 1555/1555
f 1492/1492 1493/1493 1557/1557
f 1492/1492 1557/1557 1556/1556
f 1493/1493 1494/1494 1558/1558
f 1493/1493 1558/1558 1557/1557
f 1494/1494 1495/1495 1559/1559
f 1494/1494 1559/1559 1558/1558
f 1495/1495 1496/1496 1560/1560
f 1495/1495 1560/1560 1559/1559
f 1496/1496 1497/1497 1561/1561
f 1496/1496 1561/1561 1560/1560
f 1497/1497 1498/1498 1562/1562
f 1497/1497 1562/1562 1561/1561
f 1498/1498 1499/1499 1563/1563
f 1498/1498 1563/1563 1562/1562
f 1499/1499 1500/1500 1564/1564
f 1499/1499 1564/1564 1563/1563
f 1500/1500 1501/1501 1565/1565
f 1500/1500 1565/1565 1564/1564
f 1501/1501 1502/1502 1566/1566
f 1501/1501 1566/1566 1565/1565
f 1502/1502 1503/1503 1567/1567
f 1502/1502 1567/1567 1566/1566
f 1503/1503 1504/1504 1568/1568
f 1503/1503 1568/1568 1567/1567
f 1504/1504 1505/1505 1569/1569
f 1504/1504 1569/1569 1568/1568
f 1505/1505 1506/1506 1570/1570
f 1505/1505 1570/1570 1569/1569
f 1506/1506 1507/1507 1571/1571
f 1506/1506 1571/1571 1570/1570
f 1507/1507 1508/1508 1572/1572
f 1507/1507 1572/1572 1571/1571
f 1508/1508 1509/1509 1573/1573
f 1508/1508 1573/1573 1572/1572
f 1509/1509 1510/1510 1574/1574
f 1509/1509 1574/1574 1573/1573
f 1510/1510 1511/1511 1575/1575
f 1510/1510 1575/1575 1574/1574
f 1511/1511 1512/1512 1576/1576
f 1511/1511 1576/1576 1575/1575
f 1512/1512 1513/1513 1577/1577
f 1512/1512 1577/1577 1576/1576
f 1513/1513 1514/1514 1578/1578
f 1513/1513 1578/1578 1577/1577
f 1514/1514 1515/1515 1579/1579
f 1514/1514 1579/1579 1578/1578
f 1515/1515 1516/1516 1580/1580
f 1515/1515 1580/1580 1579/1579
f 1516/1516 1517/1517 1581/1581
f 1516/1516 1581/1581 1580/1580
f 1517/1517 1518/1518 1582/1582
f 1517/1517 1582/1582 1581/1581
f 1518/1518 1519/1519 1583/1583
f 1518/1518 1583/1583 1582/1582
f 1519/1519 1520/1520 1584/1584
f 1519/1519 1584/1584 1583/1583
f 1520/1520 1521/1521 1585/1585
f 1520/1520 1585/1585 1584/1584
f 1521/1521 1522/1522 1586/1586
f 1521/1521 1586/1586 1585/1585
f 1522/1522 1523/1523 1587/1587
f 1522/1522 1587/1587 1586/1586
f 1523/1523 1524/1524 1588/1588
f 1523/1523 1588/1588 1587/1587
f 1524/1524 1525/1525 1589/1589
f 1524/1524 1589/1589 1588/1588
f 1525/1525 1526/1526 1590/1590
f 1525/1525 1590/1590 1589/1589
f 1526/1526 1527/1527 1591/1591
f 1526/1526 1591/1591 1590/1590
f 1527/1527 1528/1528 1592/1592
f 1527/1527 1592/1592 1591/1591
f 1528/1528 1529/1529 1593/1593
f 1528/1528 1593/1593 1592/1592
f 1529/1529 1530/1530 1594/1594
f 1529/1529 1594/1594 1593/1593
f 1530/1530 1531/1531 1595/1595
f 1530/1530 1595/1595 1594/1594
f 1531/1531 1532/1532 1596/1596
f 1531/1531 1596/1596 1595/1595
f 1532/1532 1533/1533 1597/1597
f 1532/1532 1597/1597 1596/1596
f 1533/1533 1534/1534 1598/1598
f 1533/1533 1598/1598 1597/1597
f 1534/1534 1535/1535 1599/1599
f 1534/1534 1599/1599 1598/1598
f 1535/1535 1536/1536 1600/1600
f 1535/1535 1600/1600 1599/1599
f 1537/1537 1538/1538 1602/1602
f 1537/1537 1602/1602 1601/1601
f 1538/1538 1539/1539 1603/1603
f 1538/1538 1603/1603 1602/1602
f 1539/1539 1540/1540 1604/1604
f 1539/1539 1604/1604 1603/1603
f 1540/1540 1541/1541 1605/1605
f 1540/1540 1605/1605 1604/1604
f 1541/1541 1542/1542 1606/1606
f 1541/1541 1606/1606 1605/1605
f 1542/1542 1543/1543 1607/1607
f 1542/1542 1607/1607 1606/1606
f 1543/1543 1544/1544 1608/1608
f 1543/1543 1608/1608 1607/1607
f 1544/1544 1545/1545 1609/1609
f 1544/1544 1609/1609 1608/1608
f 1545/1545 1546/1546 1610/1610
f 1545/1545 1610/1610 1609/1609
f 1546/1546 1547/1547 1611/1611
f 1546/1546 1611/1611 1610/1610
f 1547/1547 1548/1548 1612/1612
f 1547/1547 1612/1612 1611/1611
f 1548/1548 1549/1549 1613/1613
f 1548/1548 1613/1613 1612/1612
f 1549/1549 1550/1550 1614/1614
f 1549/1549 1614/1614 1613/1613
f 1550/1550 1551/1551 1615/1615
f 1550/1550 1615/1615 1614/1614
f 1551/1551 1552/1552 1616/1616
f 1551/1551 1616/1616 1615/1615
f 1552/1552 1553/1553 1617/1617
f 1552/1552 1617/1617 1616/1616
f 1553/1553 1554/1554 1618/1618
f 1553/1553 1618/1618 1617/1617
f 1554/1554 1555/1555 1619/1619
f 1554/1554 1619/1619 1618/1618
f 1555/1555 1556/1556 1620/1620
f 1555/1555 1620/1620 1619/1619
f 1556/1556 1557/1557 1621/1621
f 1556/1556 1621/1621 1620/1620
f 1557/1557 1558/1558 1622/1622
f 1557/1557 1622/1622 1621/1621
f 1558/1558 1559/1559 1623/1623
f 1558/1558 1623/1623 1622/1622
f 1559/1559 1560/1560 1624/1624
f 1559/1559 1624/1624 1623/1623
f 1560/1560 1561/1561 1625/1625
f 1560/1560 1625/1625 1624/1624
f 1561/1561 1562/1562 1626/1626
f 1561/1561 1626/1626 1625/1625
f 1562/1562 1563/1563 1627/1627
f 1562/1562 1627/1627 1626/1626
f 1563/1563 1564/1564 1628/1628
f 1563/1563 1628/1628 1627/1627
f 1564/1564 1565/1565 1629/1629
f 1564/1564 1629/1629 1628/1628
f 1565/1565 1566/1566 1630/1630
f 1565/1565 1630/1630 1629/1629
f 1566/1566 1567/1567 1631/1631
f 1566/1566 1631/1631 1630/1630
f 1567/1567 1568/1568 1632/1632
f 1567/1567 1632/1632 1631/1631
f 1568/1568 1569/1569 1633/1633
f 1568/1568 1633/1633 1632/1632
f 1569/1569 1570/1570 1634/1634
f 1569/1569 1634/1634 1633/1633
f 1570/1570 1571/1571 1635/1635
f 1570/1570 1635/1635 1634/1634
f 1571/1571 1572/1572 1636/1636
f 1571/1571 1636/1636 1635/1635
f 1572/1572 1573/1573 1637/1637
f 1572/1572 1637/1637 1636/1636
f 1573/1573 1574/1574 1638/1638
f 1573/1573 1638/1638 1637/1637
f 1574/1574 1575/1575 1639/1639
f 1574/1574 1639/1639 1638/1638
f 1575/1575 1576/1576 1640/1640
f 1575/1575 1640/1640 1639/1639
f 1576/1576 1577/1577 1641/1641
f 1576/1576 1641/1641 1640/1640
f 1577/1577 1578/1578 1642/1642
f 1577/1577 1642/1642 1641/1641
f 1578/1578 1579/1579 1643/1643
f 1578/1578 1643/1643 1642/1642
f 1579/1579 1580/1580 1644/1644
f 1579/1579 1644/1644 1643/1643
f 1580/1580 1581/1581 1645/1645
f 1580/1580 1645/1645 1644/1644
f 1581/1581 1582/1582 1646/1646
f 1581/1581 1646/1646 1645/1645
f 1582/1582 1583/1583 1647/1647
f 1582/1582 1647/1647 1646/1646
f 1583/1583 1584/1584 1648/1648
f 1583/1583 1648/1648 1647/1647
f 1584/1584 1585/1585 1649/1649
f 1584/1584 1649/1649 1648/1648
f 1585/1585 1586/1586 1650/1650
f 1585/1585 1650/1650 1649/1649
f 1586/1586 1587/1587 1651/1651
f 1586/1586 1651/1651 1650/1650
f 1587/1587 1588/1588 1652/1652
f 1587/1587 1652/1652 1651/1651
f 1588/1588 1589/1589 1653/1653
f 1588/1588 1653/1653 1652/1652
f 1589/1589 1590/1590 1654/1654
f 1589/1589 1654/1654 1653/1653
f 1590/1590 1591/1591 1655/1655
f 1590/1590 1655/1655 1654/1654
f 1591/1591 1592/1592 1656/1656
f 1591/1591 1656/1656 1655/1655
f 1592/1592 1593/1593 1657/1657
f 1592/1592 1657/1657 1656/1656
f 1593/1593 1594/1594 1658/1658
f 1593/1593 1658/1658 1657/1657
f 1594/1594 1595/1595 1659/1659
f 1594/1594 1659/1659 1658/1658
f 1595/1595 1596/1596 1660/1660
f 1595/1595 1660/1660 1659/1659
f 1596/1596 1597/1597 1661/1661
f 1596/1596 1661/1661 1660/1660
f 1597/1597 1598/1598 1662/1662
f 1597/1597 1662/1662 1661/1661
f 1598/1598 1599/1599 1663/1663
f 1598/1598 1663/1663 1662/1662
f 1599/1599 1600/1600 1664/1664
f 1599/1599 1664/1664 1663/1663
f 1601/1601 1602/1602 1666/1666
f 1601/1601 1666/1666 1665/1665
f 1602/1602 1603/1603 1667/1667
f 1602/1602 1667/1667 1666/1666
f 1603/1603 1604/1604 1668/1668
f 1603/1603 1668/1668 1667/1667
f 1604/1604 1605/1605 1669/1669
f 1604/1604 1669/1669 1668/1668
f 1605/1605 1606/1606 1670/1670
f 1605/1605 1670/1670 1669/1669
f 1606/1606 1607/1607 1671/1671
f 1606/1606 1671/1671 1670/1670
f 1607/1607 1608/1608 1672/1672
f 1607/1607 1672/1672 1671/1671
f 1608/1608 1609/1609 1673/1673
f 1608/1608 1673/1673 1672/1672
f 1609/1609 1610/1610 1674/1674
f 1609/1609 1674/1674 1673/1673
f 1610/1610 1611/1611 1675/1675
f 1610/1610 1675/1675 1674/1674
f 1611/1611 1612/1612 1676/1676
f 1611/1611 1676/1676 1675/1675
f 1612/1612 1613/1613 1677/1677
f 1612/1612 1677/1677 1676/1676
f 1613/1613 1614/1614 1678/1678
f 1613/1613 1678/1678 1677/1677
f 1614/1614 1615/1615 1679/1679
f 1614/1614 1679/1679 1678/1678
f 1615/1615 1616/1616 1680/1680
f 1615/1615 1680/1680 1679/1679
f 1616/1616 1617/1617 1681/1681
f 1616/1616 1681/1681 1680/1680
f 1617/1617 1618/1618 1682/1682
f 1617/1617 1682/1682 1681/1681
f 1618/1618 1619/1619 1683/1683
f 1618/1618 1683/1683 1682/1682
f 1619/1619 1620/1620 1684/1684
f 1619/1619 1684/1684 1683/1683
f 1620/1620 1621/1621 1685/1685
f 1620/1620 1685/1685 1684/1684
f 1621/1621 1622/1622 1686/1686
f 1621/1621 1686/1686 1685/1685
f 1622/1622 1623/1623 1687/1687
f 1622/1622 1687/1687 1686/1686
f 1623/1623 1624/1624 1688/1688
f 1623/1623 1688/1688 1687/1687
f 1624/1624 1625/1625 1689/1689
f 1624/1624 1689/1689 1688/1688
f 1625/1625 1626/1626 1690/1690
f 1625/1625 1690/1690 1689/1689
f 1626/1626 1627/1627 1691/1691
f 1626/1626 1691/1691 1690/1690
f 1627/1627 1628/1628 1692/1692
f 1627/1627 1692/1692 1691/1691
f 1628/1628 1629/1629 1693/1693
f 1628/1628 1693/1693 1692/1692
f 1629/1629 1630/1630 1694/1694
f 1629/1629 1694/1694 1693/1693
f 1630/1630 1631/1631 1695/1695
f 1630/1630 1695/1695 1694/1694
f 1631/1631 1632/1632 1696/1696
f 1631/1631 1696/1696 1695/1695
f 1632/1632 1633/1633 1697/1697
f 1632/1632 1697/1697 1696/1696
f 1633/1633 1634/1634 1698/1698
f 1633/1633 1698/1698 1697/1697
f 1634/1634 1635/1635 1699/1699
f 1634/1634 1699/1699 1698/1698
f 1635/1635 1636/1636 1700/1700
f 1635/1635 1700/1700 1699/1699
f 1636/1636 1637/1637 1701/1701
f 1636/1636 1701/1701 1700/1700
f 1637/1637 1638/1638 1702/1702
f 1637/1637 1702/1702 1701/1701
f 1638/1638 1639/1639 1703/1703
f 1638/1638 1703/1703 1702/1702
f 1639/1639 1640/1640 1704/1704
f 1639/1639 1704/1704 1703/1703
f 1640/1640 1641/1641 1705/1705
f 1640/1640 1705/1705 1704/1704
f 1641/1641 1642/1642 1706/1706
f 1641/1641 1706/1706 1705/1705
f 1642/1642 1643/1643 1707/1707
f 1642/1642 1707/1707 1706/1706
f 1643/1643 1644/1644 1708/1708
f 1643/1643 1708/1708 1707/1707
f 1644/1644 1645/1645 1709/1709
f 1644/1644 1709/1709 1708/1708
f 1645/1645 1646/1646 1710/1710
f 1645/1645 1710/1710 1709/1709
f 1646/1646 1647/1647 1711/1711
f 1646/1646 1711/1711 1710/1710
f 1647/1647 1648/1648 1712/1712
f 1647/1647 1712/1712 1711/1711
f 1648/1648 1649/1649 1713/1713
f 1648/1648 1713/1713 1712/1712
f 1649/1649 1650/1650 1714/1714
f 1649/1649 1714/1714 1713/1713
f 1650/1650 1651/1651 1715/1715
f 1650/1650 1715/1715 1714/1714
f 1651/1651 1652/1652 1716/1716
f 1651/1651 1716/1716 1715/1715
f 1652/1652 1653/1653 1717/1717
f 1652/1652 1717/1717 1716/1716
f 1653/1653 1654/1654 1718/1718
f 1653/1653 1718/1718 1717/1717
f 1654/1654 1655/1655 1719/1719
f 1654/1654 1719/1719 1718/1718
f 1655/1655 1656/1656 1720/1720
f 1655/1655 1720/1720 1719/1719
f 1656/1656 1657/1657 1721/1721
f 1656/1656 1721/1721 1720/1720
f 1657/1657 1658/1658 1722/1722
f 1657/1657 1722/1722 1721/1721
f 1658/1658 1659/1659 1723/1723
f 1658/1658 1723/1723 1722/1722
f 1659/1659 1660/1660 1724/1724
f 1659/1659 1724/1724 1723/1723
f 1660/1660 1661/1661 1725/1725
f 1660/1660 1725/1725 1724/1724
f 1661/1661 1662/1662 1726/1726
f 1661/1661 1726/1726 1725/1725
f 1662/1662 1663/1663 1727/1727
f 1662/1662 1727/1727 1726/1726
f 1663/1663 1664/1664 1728/1728
f 1663/1663 1728/1728 1727/1727
f 1665/1665 1666/1666 1730/1730
f 1665/1665 1730/1730 1729/1729
f 1666/1666 1667/1667 1731/1731
f 1666/1666 1731/1731 1730/1730
f 1667/1667 1668/1668 1732/1732
f 1667/1667 1732/1732 1731/1731
f 1668/1668 1669/1669 1733/1733
f 1668/1668 1733/1733 1732/1732
f 1669/1669 1670/1670 1734/1734
f 1669/1669 1734/1734 1733/1733
f 1670/1670 1671/1671 1735/1735
f 1670/1670 1735/1735 1734/1734
f 1671/1671 1672/1672 1736/1736
f 1671/1671 1736/1736 1735/1735
f 1672/1672 1673/1673 1737/1737
f 1672/1672 1737/1737 1736/1736
f 1673/1673 1674/1674 1738/1738
f 1673/1673 1738/1738 1737/1737
f 1674/1674 1675/1675 1739/1739
f 1674/1674 1739/1739 1738/1738
f 1675/1675 1676/1676 1740/1740
f 1675/1675 1740/1740 1739/1739
f 1676/1676 1677/1677 1741/1741
f 1676/1676 1741/1741 1740/1740
f 1677/1677 1678/1678 1742/1742
f 1677/1677 1742/1742 1741/1741
f 1678/1678 1679/1679 1743/1743
f 1678/1678 1743/1743 1742/1742
f 1679/1679 1680/1680 1744/1744
f 1679/1679 1744/1744 1743/1743
f 1680/1680 1681/1681 1745/1745
f 1680/1680 1745/1745 1744/1744
f 1681/1681 1682/1682 1746/1746
f 1681/1681 1746/1746 1745/1745
f 1682/1682 1683/1683 1747/1747
f 1682/1682 1747/1747 1746/1746
f 1683/1683 1684/1684 1748/1748
f 1683/1683 1748/1748 1747/1747
f 1684/1684 1685/1685 1749/1749
f 1684/1684 1749/1749 1748/1748
f 1685/1685 1686/1686 1750/1750
f 1685/1685 1750/1750 1749/1749
f 1686/1686 1687/1687 1751/1751
f 1686/1686 1751/1751 1750/1750
f 1687/1687 1688/1688 1752/1752
f 1687/1687 1752/1752 1751/1751
f 1688/1688 1689/1689 1753/1753
f 1688/1688 1753/1753 1752/1752
f 1689/1689 1690/1690 1754/1754
f 1689/1689 1754/1754 1753/1753
f 1690/1690 1691/1691 1755/1755
f 1690/1690 1755/1755 1754/1754
f 1691/1691 1692/1692 1756/1756
f 1691/1691 1756/1756 1755/1755
f 1692/1692 1693/1693 1757/1757
f 1692/1692 1757/1757 1756/1756
f 1693/1693 1694/1694 1758/1758
f 1693/1693 1758/1758 1757/1757
f 1694/1694 1695/1695 1759/1759
f 1694/1694 1759/1759 1758/1758
f 1695/1695 1696/1696 1760/1760
f 1695/1695 1760/1760 1759/1759
f 1696/1696 1697/1697 1761/1761
f 1696/1696 1761/1761 1760/1760
f 1697/1697 1698/1698 1762/1762
f 1697/1697 1762/1762 1761/1761
f 1698/1698 1699/1699 1763/1763
f 1698/1698 1763/1763 1762/1762
f 1699/1699 1700/1700 1764/1764
f 1699/1699 1764/1764 1763/1763
f 1700/1700 1701/1701 1765/1765
f 1700/1700 1765/1765 1764/1764
f 1701/1701 1702/1702 1766/1766
f 1701/1701 1766/1766 1765/1765
f 1702/1702 1703/1703 1767/1767
f 1702/1702 1767/1767 1766/1766
f 1703/1703 1704/1704 1768/1768
f 1703/1703 1768/1768 1767/1767
f 1704/1704 1705/1705 1769/1769
f 1704/1704 1769/1769 1768/1768
f 1705/1705 1706/1706 1770/1770
f 1705/1705 1770/1770 1769/1769
f 1706/1706 1707/1707 1771/1771
f 1706/1706 1771/1771 1770/1770
f 1707/1707 1708/1708 1772/1772
f 1707/1707 1772/1772 1771/1771
f 1708/1708 1709/1709 1773/1773
f 1708/1708 1773/1773 1772/1772
f 1709/1709 1710/1710 1774/1774
f 1709/1709 1774/1774 1773/1773
f 1710/1710 1711/1711 1775/1775
f 1710/1710 1775/1775 1774/1774
f 1711/1711 1712/1712 1776/1776
f 1711/1711 1776/1776 1775/1775
f 1712/1712 1713/1713 1777/1777
f 1712/1712 1777/1777 1776/1776
f 1713/1713 1714/1714 1778/1778
f 1713/1713 1778/1778 1777/1777
f 1714/1714 1715/1715 1779/1779
f 1714/1714 1779/1779 1778/1778
f 1715/1715 1716/1716 1780/1780
f 1715/1715 1780/1780 1779/1779
f 1716/1716 1717/1717 1781/1781
f 1716/1716 1781/1781 1780/1780
f 1717/1717 1718/1718 1782/1782
f 1717/1717 1782/1782 1781/1781
f 1718/1718 1719/1719 1783/1783
f 1718/1718 1783/1783 1782/1782
f 1719/1719 1720/1720 1784/1784
f 1719/1719 1784/1784 1783/1783
f 1720/1720 1721/1721 1785/1785
f 1720/1720 1785/1785 1784/1784
f 1721/1721 1722/1722 1786/1786
f 1721/1721 1786/1786 1785/1785
f 1722/1722 1723/1723 1787/1787
f 1722/1722 1787/1787 1786/1786
f 1723/1723 1724/1724 1788/1788
f 1723/1723 1788/1788 1787/1787
f 1724/1724 1725/1725 1789/1789
f 1724/1724 1789/1789 1788/1788
f 1725/1725 1726/1726 1790/1790
f 1725/1725 1790/1790 1789/1789
f 1726/1726 1727/1727 1791/1791
f 1726/1726 1791/1791 1790/1790
f 1727/1727 1728/1728 1792/1792
f 1727/1727 1792/1792 1791/1791
f 1729/1729 1730/1730 1794/1794
f 1729/1729 1794/1794 1793/1793
f 1730/1730 1731/1731 1795/1795
f 1730/1730 1795/1795 1794/1794
f 1731/1731 1732/1732 1796/1796
f 1731/1731 1796/1796 1795/1795
f 1732/1732 1733/1733 1797/1797
f 1732/1732 1797/1797 1796/1796
f 1733/1733 1734/1734 1798/1798
f 1733/1733 1798/1798 1797/1797
f 1734/1734 1735/1735 1799/1799
f 1734/1734 1799/1799 1798/1798
f 1735/1735 1736/1736 1800/1800
f 1735/1735 1800/1800 1799/1799
f 1736/1736 1737/1737 1801/1801
f 1736/1736 1801/1801 1800/1800
f 1737/1737 1738/1738 1802/1802
f 1737/1737 1802/1802 1801/1801
f 1738/1738 1739/1739 1803/1803
f 1738/1738 1803/1803 1802/1802
f 1739/1739 1740/1740 1804/1804
f 1739/1739 1804/1804 1803/1803
f 1740/1740 1741/1741 1805/1805
f 1740/1740 1805/1805 1804/1804
f 1741/1741 1742/1742 1806/1806
f 1741/1741 1806/1806 1805/1805
f 1742/1742 1743/1743 1807/1807
f 1742/1742 1807/1807 1806/1806
f 1743/1743 1744/1744 1808/1808
f 1743/1743 1808/1808 1807/1807
f 1744/1744 1745/1745 1809/1809
f 1744/1744 1809/1809 1808/1808
f 1745/1745 1746/1746 1810/1810
f 1745/1745 1810/1810 1809/1809
f 1746/1746 1747/1747 1811/1811
f 1746/1746 1811/1811 1810/1810
f 1747/1747 1748/1748 1812/1812
f 1747/1747 1812/1812 1811/1811
f 1748/1748 1749/1749 1813/1813
f 1748/1748 1813/1813 1812/1812
f 1749/1749 1750/1750 1814/1814
f 1749/1749 1814/1814 1813/1813
f 1750/1750 1751/1751 1815/1815
f 1750/1750 1815/1815 1814/1814
f 1751/1751 1752/1752 1816/1816
f 1751/1751 1816/1816 1815/1815
f 1752/1752 1753/1753 1817/1817
f 1752/1752 1817/1817 1816/1816
f 1753/1753 1754/1754 1818/1818
f 1753/1753 1818/1818 1817/1817
f 1754/1754 1755/1755 1819/1819
f 1754/1754 1819/1819 1818/1818
f 1755/1755 1756/1756 1820/1820
f 1755/1755 1820/1820 1819/1819
f 1756/1756 1757/1757 1821/1821
f 1756/1756 1821/1821 1820/1820
f 1757/1757 1758/1758 1822/1822
f 1757/1757 1822/1822 1821/1821
f 1758/1758 1759/1759 1823/1823
f 1758/1758 1823/1823 1822/1822
f 1759/1759 1760/1760 1824/1824
f 1759/1759 1824/1824 1823/1823
f 1760/1760 1761/1761 1825/1825
f 1760/1760 1825/1825 1824/1824
f 1761/1761 1762/1762 1826/1826
f 1761/1761 1826/1826 1825/1825
f 1762/1762 1763/1763 1827/1827
f 1762/1762 1827/1827 1826/1826
f 1763/1763 1764/1764 1828/1828
f 1763/1763 1828/1828 1827/1827
f 1764/1764 1765/1765 1829/1829
f 1764/1764 1829/1829 1828/1828
f 1765/1765 1766/1766 1830/1830
f 1765/1765 1830/1830 1829/1829
f 1766/1766 1767/1767 1831/1831
f 1766/1766 1831/1831 1830/1830
f 1767/1767 1768/1768 1832/1832
f 1767/1767 1832/1832 1831/1831
f 1768/1768 1769/1769 1833/1833
f 1768/1768 1833/1833 1832/1832
f 1769/1769 1770/1770 1834/1834
f 1769/1769 1834/1834 1833/1833
f 1770/1770 1771/1771 1835/1835
f 1770/1770 1835/1835 1834/1834
f 1771/1771 1772/1772 1836/1836
f 1771/1771 1836/1836 1835/1835
f 1772/1772 1773/1773 1837/1837
f 1772/1772 1837/1837 1836/1836
f 1773/1773 1774/1774 1838/1838
f 1773/1773 1838/1838 1837/1837
f 1774/1774 1775/1775 1839/1839
f 1774/1774 1839/1839 1838/1838
f 1775/1775 1776/1776 1840/1840
f 1775/1775 1840/1840 1839/1839
f 1776/1776 1777/1777 1841/1841
f 1776/1776 1841/1841 1840/1840
f 1777/1777 1778/1778 1842/1842
f 1777/1777 1842/1842 1841/1841
f 1778/1778 1779/1779 1843/1843
f 1778/1778 1843/1843 1842/1842
f 1779/1779 1780/1780 1844/1844
f 1779/1779 1844/1844 1843/1843
f 1780/1780 1781/1781 1845/1845
f 1780/1780 1845/1845 1844/1844
f 1781/1781 1782/1782 1846/1846
f 1781/1781 1846/1846 1845/1845
f 1782/1782 1783/1783 1847/1847
f 1782/1782 1847/1847 1846/1846
f 1783/1783 1784/1784 1848/1848
f 1783/1783 1848/1848 1847/1847
f 1784/1784 1785/1785 1849/1849
f 1784/1784 1849/1849 1848/1848
f 1785/1785 1786/1786 1850/1850
f 1785/1785 1850/1850 1849/1849
f 1786/1786 1787/1787 1851/1851
f 1786/1786 1851/1851 1850/1850
f 1787/1787 1788/1788 1852/1852
f 1787/1787 1852/1852 1851/1851
f 1788/1788 1789/1789 1853/1853
f 1788/1788 1853/1853 1852/1852
f 1789/1789 1790/1790 1854/1854
f 1789/1789 1854/1854 1853/1853
f 1790/1790 1791/1791 1855/1855
f 1790/1790 1855/1855 1854/1854
f 1791/1791 1792/1792 1856/1856
f 1791/1791 1856/1856 1855/1855
f 1793/1793 1794/1794 1858/1858
f 1793/1793 1858/1858 1857/1857
f 1794/1794 1795/1795 1859/1859
f 1794/1794 1859/1859 1858/1858
f 1795/1795 1796/1796 1860/1860
f 1795/1795 1860/1860 1859/1859
f 1796/1796 1797/1797 1861/1861
f 1796/1796 1861/1861 1860/1860
f 1797/1797 1798/1798 1862/1862
f 1797/1797 1862/1862 1861/1861
f 1798/1798 1799/1799 1863/1863
f 1798/1798 1863/1863 1862/1862
f 1799/1799 1800/1800 1864/1864
f 1799/1799 1864/1864 1863/1863
f 1800/1800 1801/1801 1865/1865
f 1800/1800 1865/1865 1864/1864
f 1801/1801 1802/1802 1866/1866
f 1801/1801 1866/1866 1865/1865
f 1802/1802 1803/1803 1867/1867
f 1802/1802 1867/1867 1866/1866
f 1803/1803 1804/1804 1868/1868
f 1803/1803 1868/1868 1867/1867
f 1804/1804 1805/1805 1869/1869
f 1804/1804 1869/1869 1868/1868
f 1805/1805 1806/1806 1870/1870
f 1805/1805 1870/1870 1869/1869
f 1806/1806 1807/1807 1871/1871
f 1806/1806 1871/1871 1870/1870
f 1807/1807 1808/1808 1872/1872
f 1807/1807 1872/1872 1871/1871
f 1808/1808 1809/1809 1873/1873
f 1808/1808 1873/1873 1872/1872
f 1809/1809 1810/1810 1874/1874
f 1809/1809 1874/1874 1873/1873
f 1810/1810 1811/1811 1875/1875
f 1810/1810 1875/1875 1874/1874
f 1811/1811 1812/1812 1876/1876
f 1811/1811 1876/1876 1875/1875
f 1812/1812 1813/1813 1877/1877
f 1812/1812 1877/1877 1876/1876
f 1813/1813 1814/1814 1878/1878
f 1813/1813 1878/1878 1877/1877
f 1814/1814 1815/1815 1879/1879
f 1814/1814 1879/1879 1878/1878
f 1815/1815 1816/1816 1880/1880
f 1815/1815 1880/1880 1879/1879
f 1816/1816 1817/1817 1881/1881
f 1816/1816 1881/1881 1880/1880
f 1817/1817 1818/1818 1882/1882
f 1817/1817 1882/1882 1881/1881
f 1818/1818 1819/1819 1883/1883
f 1818/1818 1883/1883 1882/1882
f 1819/1819 1820/1820 1884/1884
f 1819/1819 1884/1884 1883/1883
f 1820/1820 1821/1821 1885/1885
f 1820/1820 1885/1885 1884/1884
f 1821/1821 1822/1822 1886/1886
f 1821/1821 1886/1886 1885/1885
f 1822/1822 1823/1823 1887/1887
f 1822/1822 1887/1887 1886/1886
f 1823/1823 1824/1824 1888/1888
f 1823/1823 1888/1888 1887/1887
f 1824/1824 1825/1825 1889/1889
f 1824/1824 1889/1889 1888/1888
f 1825/1825 1826/1826 1890/1890
f 1825/1825 1890/1890 1889/1889
f 1826/1826 1827/1827 1891/1891
f 1826/1826 1891/1891 1890/1890
f 1827/1827 1828/1828 1892/1892
f 1827/1827 1892/1892 1891/1891
f 1828/1828 1829/1829 1893/1893
f 1828/1828 1893/1893 1892/1892
f 1829/1829 1830/1830 1894/1894
f 1829/1829 1894/1894 1893/1893
f 1830/1830 1831/1831 1895/1895
f 1830/1830 1895/1895 1894/1894
f 1831/1831 1832/1832 1896/1896
f 1831/1831 1896/1896 1895/1895
f 1832/1832 1833/1833 1897/1897
f 1832/1832 1897/1897 1896/1896
f 1833/1833 1834/1834 1898/1898
f 1833/1833 1898/1898 1897/1897
f 1834/1834 1835/1835 1899/1899
f 1834/1834 1899/1899 1898/1898
f 1835/1835 1836/1836 1900/1900
f 1835/1835 1900/1900 1899/1899
f 1836/1836 1837/1837 1901/1901
f 1836/1836 1901/1901 1900/1900
f 1837/1837 1838/1838 1902/1902
f 1837/1837 1902/1902 1901/1901
f 1838/1838 1839/1839 1903/1903
f 1838/1838 1903/1903 1902/1902
f 1839/1839 1840/1840 1904/1904
f 1839/1839 1904/1904 1903/1903
f 1840/1840 1841/1841 1905/1905
f 1840/1840 1905/1905 1904/1904
f 1841/1841 1842/1842 1906/1906
f 1841/1841 1906/1906 1905/1905
f 1842/1842 1843/1843 1907/1907
f 1842/1842 1907/1907 1906/1906
f 1843/1843 1844/1844 1908/1908
f 1843/1843 1908/1908 1907/1907
f 1844/1844 1845/1845 1909/1909
f 1844/1844 1909/1909 1908/1908
f 1845/1845 1846/1846 1910/1910
f 1845/1845 1910/1910 1909/1909
f 1846/1846 1847/1847 1911/1911
f 1846/1846 1911/1911 1910/1910
f 1847/1847 1848/1848 1912/1912
f 1847/1847 1912/1912 1911/1911
f 1848/1848 1849/1849 1913/1913
f 1848/1848 1913/1913 1912/1912
f 1849/1849 1850/1850 1914/1914
f 1849/1849 1914/1914 1913/1913
f 1850/1850 1851/1851 1915/1915
f 1850/1850 1915/1915 1914/1914
f 1851/1851 1852/1852 1916/1916
f 1851/1851 1916/1916 1915/1915
f 1852/1852 1853/1853 1917/1917
f 1852/1852 1917/1917 1916/1916
f 1853/1853 1854/1854 1918/1918
f 1853/1853 1918/1918 1917/1917
f 1854/1854 1855/1855 1919/1919
f 1854/1854 1919/1919 1918/1918
f 1855/1855 1856/1856 1920/1920
f 1855/1855 1920/1920 1919/1919
f 1857/1857 1858/1858 1922/1922
f 1857/1857 1922/1922 1921/1921
f 1858/1858 1859/1859 1923/1923
f 1858/1858 1923/1923 1922/1922
f 1859/1859 1860/1860 1924/1924
f 1859/1859 1924/1924 1923/1923
f 1860/1860 1861/1861 1925/1925
f 1860/1860 1925/1925 1924/1924
f 1861/1861 1862/1862 1926/1926
f 1861/1861 1926/1926 1925/1925
f 1862/1862 1863/1863 1927/1927
f 1862/1862 1927/1927 1926/1926
f 1863/1863 1864/1864 1928/1928
f 1863/1863 1928/1928 1927/1927
f 1864/1864 1865/1865 1929/1929
f 1864/1864 1929/1929 1928/1928
f 1865/1865 1866/1866 1930/1930
f 1865/1865 1930/1930 1929/1929
f 1866/1866 1867/1867 1931/1931
f 1866/1866 1931/1931 1930/1930
f 1867/1867 1868/1868 1932/1932
f 1867/1867 1932/1932 1931/1931
f 1868/1868 1869/1869 1933/1933
f 1868/1868 1933/1933 1932/1932
f 1869/1869 1870/1870 1934/1934
f 1869/1869 1934/1934 1933/1933
f 1870/1870 1871/1871 1935/1935
f 1870/1870 1935/1935 1934/1934
f 1871/1871 1872/1872 1936/1936
f 1871/1871 1936/1936 1935/1935
f 1872/1872 1873/1873 1937/1937
f 1872/1872 1937/1937 1936/1936
f 1873/1873 1874/1874 1938/1938
f 1873/1873 1938/1938 1937/1937
f 1874/1874 1875/1875 1939/1939
f 1874/1874 1939/1939 1938/1938
f 1875/1875 1876/1876 1940/1940
f 1875/1875 1940/1940 1939/1939
f 1876/1876 1877/1877 1941/1941
f 1876/1876 1941/1941 1940/1940
f 1877/1877 1878/1878 1942/1942
f 1877/1877 1942/1942 1941/1941
f 1878/1878 1879/1879 1943/1943
f 1878/1878 1943/1943 1942/1942
f 1879/1879 1880/1880 1944/1944
f 1879/1879 1944/1944 1943/1943
f 1880/1880 1881/1881 1945/1945
f 1880/1880 1945/1945 1944/1944
f 1881/1881 1882/1882 1946/1946
f 1881/1881 1946/1946 1945/1945
f 1882/1882 1883/1883 1947/1947
f 1882/1882 1947/1947 1946/1946
f 1883/1883 1884/1884 1948/1948
f 1883/1883 1948/1948 1947/1947
f 1884/1884 1885/1885 1949/1949
f 1884/1884 1949/1949 1948/1948
f 1885/1885 1886/1886 1950/1950
f 1885/1885 1950/1950 1949/1949
f 1886/1886 1887/1887 1951/1951
f 1886/1886 1951/1951 1950/1950
f 1887/1887 1888/1888 1952/1952
f 1887/1887 1952/1952 1951/1951
f 1888/1888 1889/1889 1953/1953
f 1888/1888 1953/1953 1952/1952
f 1889/1889 1890/1890 1954/1954
f 1889/1889 1954/1954 1953/1953
f 1890/1890 1891/1891 1955/1955
f 1890/1890 1955/1955 1954/1954
f 1891/1891 1892/1892 1956/1956
f 1891/1891 1956/1956 1955/1955
f 1892/1892 1893/1893 1957/1957
f 1892/1892 1957/1957 1956/1956
f 1893/1893 1894/1894 1958/1958
f 1893/1893 1958/1958 1957/1957
f 1894/1894 1895/1895 1959/1959
f 1894/1894 1959/1959 1958/1958
f 1895/1895 1896/1896 1960/1960
f 1895/1895 1960/1960 1959/1959
f 1896/1896 1897/1897 1961/1961
f 1896/1896 1961/1961 1960/1960
f 1897/1897 1898/1898 1962/1962
f 1897/1897 1962/1962 1961/1961
f 1898/1898 1899/1899 1963/1963
f 1898/1898 1963/1963 1962/1962
f 1899/1899 1900/1900 1964/1964
f 1899/1899 1964/1964 1963/1963
f 1900/1900 1901/1901 1965/1965
f 1900/1900 1965/1965 1964/1964
f 1901/1901 1902/1902 1966/1966
f 1901/1901 1966/1966 1965/1965
f 1902/1902 1903/1903 1967/1967
f 1902/1902 1967/1967 1966/1966
f 1903/1903 1904/1904 1968/1968
f 1903/1903 1968/1968 1967/1967
f 1904/1904 1905/1905 1969/1969
f 1904/1904 1969/1969 1968/1968
f 1905/1905 1906/1906 1970/1970
f 1905/1905 1970/1970 1969/1969
f 1906/1906 1907/1907 1971/1971
f 1906/1906 1971/1971 1970/1970
f 1907/1907 1908/1908 1972/1972
f 1907/1907 1972/1972 1971/1971
f 1908/1908 1909/1909 1973/1973
f 1908/1908 1973/1973 1972/1972
f 1909/1909 1910/1910 1974/1974
f 1909/1909 1974/1974 1973/1973
f 1910/1910 1911/1911 1975/1975
f 1910/1910 1975/1975 1974/1974
f 1911/1911 1912/1912 1976/1976
f 1911/1911 1976/1976 1975/1975
f 1912/1912 1913/1913 1977/1977
f 1912/1912 1977/1977 1976/1976
f 1913/1913 1914/1914 1978/1978
f 1913/1913 1978/1978 1977/1977
f 1914/1914 1915/1915 1979/1979
f 1914/1914 1979/1979 1978/1978
f 1915/1915 1916/1916 1980/1980
f 1915/1915 1980/1980 1979/1979
f 1916/1916 1917/1917 1981/1981
f 1916/1916 1981/1981 1980/1980
f 1917/1917 1918/1918 1982/1982
f 1917/1917 1982/1982 1981/1981
f 1918/1918 1919/1919 1983/1983
f 1918/1918 1983/1983 1982/1982
f 1919/1919 1920/1920 1984/1984
f 1919/1919 1984/1984 1983/1983
f 1921/1921 1922/1922 1986/1986
f 1921/1921 1986/1986 1985/1985
f 1922/1922 1923/1923 1987/1987
f 1922/1922 1987/1987 1986/1986
f 1923/1923 1924/1924 1988/1988
f 1923/1923 1988/1988 1987/1987
f 1924/1924 1925/1925 1989/1989
f 1924/1924 1989/1989 1988/1988
f 1925/1925 1926/1926 1990/1990
f 1925/1925 1990/1990 1989/1989
f 1926/1926 1927/1927 1991/1991
f 1926/1926 1991/1991 1990/1990
f 1927/1927 1928/1928 1992/1992
f 1927/1927 1992/1992 1991/1991
f 1928/1928 1929/1929 1993/1993
f 1928/1928 1993/1993 1992/1992
f 1929/1929 1930/1930 1994/1994
f 1929/1929 1994/1994 1993/1993
f 1930/1930 1931/1931 1995/1995
f 1930/1930 1995/1995 1994/1994
f 1931/1931 1932/1932 1996/1996
f 1931/1931 1996/1996 1995/1995
f 1932/1932 1933/1933 1997/1997
f 1932/1932 1997/1997 1996/1996
f 1933/1933 1934/1934 1998/1998
f 1933/1933 1998/1998 1997/1997
f 1934/1934 1935/1935 1999/1999
f 1934/1934 1999/1999 1998/1998
f 1935/1935 1936/1936 2000/2000
f 1935/1935 2000/2000 1999/1999
f 1936/1936 1937/1937 2001/2001
f 1936/1936 2001/2001 2000/2000
f 1937/1937 1938/1938 2002/2002
f 1937/1937 2002/2002 2001/2001
f 1938/1938 1939/1939 2003/2003
f 1938/1938 2003/2003 2002/2002
f 1939/1939 1940/1940 2004/2004
f 1939/1939 2004/2004 2003/2003
f 1940/1940 1941/1941 2005/2005
f 1940/1940 2005/2005 2004/2004
f 1941/1941 1942/1942 2006/2006
f 1941/1941 2006/2006 2005/2005
f 1942/1942 1943/1943 2007/2007
f 1942/1942 2007/2007 2006/2006
f 1943/1943 1944/1944 2008/2008
f 1943/1943 2008/2008 2007/2007
f 1944/1944 1945/1945 2009/2009
f 1944/1944 2009/2009 2008/2008
f 1945/1945 1946/1946 2010/2010
f 1945/1945 2010/2010 2009/2009
f 1946/1946 1947/1947 2011/2011
f 1946/1946 2011/2011 2010/2010
f 1947/1947 1948/1948 2012/2012
f 1947/1947 2012/2012 2011/2011
f 1948/1948 1949/1949 2013/2013
f 1948/1948 2013/2013 2012/2012
f 1949/1949 1950/1950 2014/2014
f 1949/1949 2014/2014 2013/2013
f 1950/1950 1951/1951 2015/2015
f 1950/1950 2015/2015 2014/2014
f 1951/1951 1952/1952 2016/2016
f 1951/1951 2016/2016 2015/2015
f 1952/1952 1953/1953 2017/2017
f 1952/1952 2017/2017 2016/2016
f 1953/1953 1954/1954 2018/2018
f 1953/1953 2018/2018 2017/2017
f 1954/1954 1955/1955 2019/2019
f 1954/1954 2019/2019 2018/2018
f 1955/1955 1956/1956 2020/2020
f 1955/1955 2020/2020 2019/2019
f 1956/1956 1957/1957 2021/2021
f 1956/1956 2021/2021 2020/2020
f 1957/1957 1958/1958 2022/2022
f 1957/1957 2022/2022 2021/2021
f 1958/1958 1959/1959 2023/2023
f 1958/1958 2023/2023 2022/2022
f 1959/1959 1960/1960 2024/2024
f 1959/1959 2024/2024 2023/2023
f 1960/1960 1961/1961 2025/2025
f 1960/1960 2025/2025 2024/2024
f 1961/1961 1962/1962 2026/2026
f 1961/1961 2026/2026 2025/2025
f 1962/1962 1963/1963 2027/2027
f 1962/1962 2027/2027 2026/2026
f 1963/1963 1964/1964 2028/2028
f 1963/1963 2028/2028 2027/2027
f 1964/1964 1965/1965 2029/2029
f 1964/1964 2029/2029 2028/2028
f 1965/1965 1966/1966 2030/2030
f 1965/1965 2030/2030 2029/2029
f 1966/1966 1967/1967 2031/2031
f 1966/1966 2031/2031 2030/2030
f 1967/1967 1968/1968 2032/2032
f 1967/1967 2032/2032 2031/2031
f 1968/1968 1969/1969 2033/2033
f 1968/1968 2033/2033 2032/2032
f 1969/1969 1970/1970 2034/2034
f 1969/1969 2034/2034 2033/2033
f 1970/1970 1971/1971 2035/2035
f 1970/1970 2035/2035 2034/2034
f 1971/1971 1972/1972 2036/2036
f 1971/1971 2036/2036 2035/2035
f 1972/1972 1973/1973 2037/2037
f 1972/1972 2037/2037 2036/2036
f 1973/1973 1974/1974 2038/2038
f 1973/1973 2038/2038 2037/2037
f 1974/1974 1975/1975 2039/2039
f 1974/1974 2039/2039 2038/2038
f 1975/1975 1976/1976 2040/2040
f 1975/1975 2040/2040 2039/2039
f 1976/1976 1977/1977 2041/2041
f 1976/1976 2041/2041 2040/2040
f 1977/1977 1978/1978 2042/2042
f 1977/1977 2042/2042 2041/2041
f 1978/1978 1979/1979 2043/2043
f 1978/1978 2043/2043 2042/2042
f 1979/1979 1980/1980 2044/2044
f 1979/1979 2044/2044 2043/2043
f 1980/1980 1981/1981 2045/2045
f 1980/1980 2045/2045 2044/2044
f 1981/1981 1982/1982 2046/2046
f 1981/1981 2046/2046 2045/2045
f 1982/1982 1983/1983 2047/2047
f 1982/1982 2047/2047 2046/2046
f 1983/1983 1984/1984 2048/2048
f 1983/1983 2048/2048 2047/2047
f 1985/1985 1986/1986 2050/2050
f 1985/1985 2050/2050 2049/2049
f 1986/1986 1987/1987 2051/2051
f 1986/1986 2051/2051 2050/2050
f 1987/1987 1988/1988 2052/2052
f 1987/1987 2052/2052 2051/2051
f 1988/1988 1989/1989 2053/2053
f 1988/1988 2053/2053 2052/2052
f 1989/1989 1990/1990 2054/2054
f 1989/1989 2054/2054 2053/2053
f 1990/1990 1991/1991 2055/2055
f 1990/1990 2055/2055 2054/2054
f 1991/1991 1992/1992 2056/2056
f 1991/1991 2056/2056 2055/2055
f 1992/1992 1993/1993 2057/2057
f 1992/1992 2057/2057 2056/2056
f 1993/1993 1994/1994 2058/2058
f 1993/1993 2058/2058 2057/2057
f 1994/1994 1995/1995 2059/2059
f 1994/1994 2059/2059 2058/2058
f 1995/1995 1996/1996 2060/2060
f 1995/1995 2060/2060 2059/2059
f 1996/1996 1997/1997 2061/2061
f 1996/1996 2061/2061 2060/2060
f 1997/1997 1998/1998 2062/2062
f 1997/1997 2062/2062 2061/2061
f 1998/1998 1999/1999 2063/2063
f 1998/1998 2063/2063 2062/2062
f 1999/1999 2000/2000 2064/2064
f 1999/1999 2064/2064 2063/2063
f 2000/2000 2001/2001 2065/2065
f 2000/2000 2065/2065 2064/2064
f 2001/2001 2002/2002 2066/2066
f 2001/2001 2066/2066 2065/2065
f 2002/2002 2003/2003 2067/2067
f 2002/2002 2067/2067 2066/2066
f 2003/2003 2004/2004 2068/2068
f 2003/2003 2068/2068 2067/2067
f 2004/2004 2005/2005 2069/2069
f 2004/2004 2069/2069 2068/2068
f 2005/2005 2006/2006 2070/2070
f 2005/2005 2070/2070 2069/2069
f 2006/2006 2007/2007 2071/2071
f 2006/2006 2071/2071 2070/2070
f 2007/2007 2008/2008 2072/2072
f 2007/2007 2072/2072 2071/2071
f 2008/2008 2009/2009 2073/2073
f 2008/2008 2073/2073 2072/2072
f 2009/2009 2010/2010 2074/2074
f 2009/2009 2074/2074 2073/2073
f 2010/2010 2011/2011 2075/2075
f 2010/2010 2075/2075 2074/2074
f 2011/2011 2012/2012 2076/2076
f 2011/2011 2076/2076 2075/2075
f 2012/2012 2013/2013 2077/2077
f 2012/2012 2077/2077 2076/2076
f 2013/2013 2014/2014 2078/2078
f 2013/2013 2078/2078 2077/2077
f 2014/2014 2015/2015 2079/2079
f 2014/2014 2079/2079 2078/2078
f 2015/2015 2016/2016 2080/2080
f 2015/2015 2080/2080 2079/2079
f 2016/2016 2017/2017 2081/2081
f 2016/2016 2081/2081 2080/2080
f 2017/2017 2018/2018 2082/2082
f 2017/2017 2082/2082 2081/2081
f 2018/2018 2019/2019 2083/2083
f 2018/2018 2083/2083 2082/2082
f 2019/2019 2020/2020 2084/2084
f 2019/2019 2084/2084 2083/2083
f 2020/2020 2021/2021 2085/2085
f 2020/2020 2085/2085 2084/2084
f 2021/2021 2022/2022 2086/2086
f 2021/2021 2086/2086 2085/2085
f 2022/2022 2023/2023 2087/2087
f 2022/2022 2087/2087 2086/2086
f 2023/2023 2024/2024 2088/2088
f 2023/2023 2088/2088 2087/2087
f 2024/2024 2025/2025 2089/2089
f 2024/2024 2089/2089 2088/2088
f 2025/2025 2026/2026 2090/2090
f 2025/2025 2090/2090 2089/2089
f 2026/2026 2027/2027 2091/2091
f 2026/2026 2091/2091 2090/2090
f 2027/2027 2028/2028 2092/2092
f 2027/2027 2092/2092 2091/2091
f 2028/2028 2029/2029 2093/2093
f 2028/2028 2093/2093 2092/2092
f 2029/2029 2030/2030 2094/2094
f 2029/2029 2094/2094 2093/2093
f 2030/2030 2031/2031 2095/2095
f 2030/2030 2095/2095 2094/2094
f 2031/2031 2032/2032 2096/2096
f 2031/2031 2096/2096 2095/2095
f 2032/2032 2033/2033 2097/2097
f 2032/2032 2097/2097 2096/2096
f 2033/2033 2034/2034 2098/2098
f 2033/2033 2098/2098 2097/2097
f 2034/2034 2035/2035 2099/2099
f 2034/2034 2099/2099 2098/2098
f 2035/2035 2036/2036 2100/2100
f 2035/2035 2100/2100 2099/2099
f 2036/2036 2037/2037 2101/2101
f 2036/2036 2101/2101 2100/2100
f 2037/2037 2038/2038 2102/2102
f 2037/2037 2102/2102 2101/2101
f 2038/2038 2039/2039 2103/2103
f 2038/2038 2103/2103 2102/2102
f 2039/2039 2040/2040 2104/2104
f 2039/2039 2104/2104 2103/2103
f 2040/2040 2041/2041 2105/2105
f 2040/2040 2105/2105 2104/2104
f 2041/2041 2042/2042 2106/2106
f 2041/2041 2106/2106 2105/2105
f 2042/2042 2043/2043 2107/2107
f 2042/2042 2107/2107 2106/2106
f 2043/2043 2044/2044 2108/2108
f 2043/2043 2108/2108 2107/2107
f 2044/2044 2045/2045 2109/2109
f 2044/2044 2109/2109 2108/2108
f 2045/2045 2046/2046 2110/2110
f 2045/2045 2110/2110 2109/2109
f 2046/2046 2047/2047 2111/2111
f 2046/2046 2111/2111 2110/2110
f 2047/2047 2048/2048 2112/2112
f 2047/2047 2112/2112 2111/2111
f 2049/2049 2050/2050 2114/2114
f 2049/2049 2114/2114 2113/2113
f 2050/2050 2051/2051 2115/2115
f 2050/2050 2115/2115 2114/2114
f 2051/2051 2052/2052 2116/2116
f 2051/2051 2116/2116 2115/2115
f 2052/2052 2053/2053 2117/2117
f 2052/2052 2117/2117 2116/2116
f 2053/2053 2054/2054 2118/2118
f 2053/2053 2118/2118 2117/2117
f 2054/2054 2055/2055 2119/2119
f 2054/2054 2119/2119 2118/2118
f 2055/2055 2056/2056 2120/2120
f 2055/2055 2120/2120 2119/2119
f 2056/2056 2057/2057 2121/2121
f 2056/2056 2121/2121 2120/2120
f 2057/2057 2058/2058 2122/2122
f 2057/2057 2122/2122 2121/2121
f 2058/2058 2059/2059 2123/2123
f 2058/2058 2123/2123 2122/2122
f 2059/2059 2060/2060 2124/2124
f 2059/2059 2124/2124 2123/2123
f 2060/2060 2061/2061 2125/2125
f 2060/2060 2125/2125 2124/2124
f 2061/2061 2062/2062 2126/2126
f 2061/2061 2126/2126 2125/2125
f 2062/2062 2063/2063 2127/2127
f 2062/2062 2127/2127 2126/2126
f 2063/2063 2064/2064 2128/2128
f 2063/2063 2128/2128 2127/2127
f 2064/2064 2065/2065 2129/2129
f 2064/2064 2129/2129 2128/2128
f 2065/2065 2066/2066 2130/2130
f 2065/2065 2130/2130 2129/2129
f 2066/2066 2067/2067 2131/2131
f 2066/2066 2131/2131 2130/2130
f 2067/2067 2068/2068 2132/2132
f 2067/2067 2132/2132 2131/2131
f 2068/2068 2069/2069 2133/2133
f 2068/2068 2133/2133 2132/2132
f 2069/2069 2070/2070 2134/2134
f 2069/2069 2134/2134 2133/2133
f 2070/2070 2071/2071 2135/2135
f 2070/2070 2135/2135 2134/2134
f 2071/2071 2072/2072 2136/2136
f 2071/2071 2136/2136 2135/2135
f 2072/2072 2073/2073 2137/2137
f 2072/2072 2137/2137 2136/2136
f 2073/2073 2074/2074 2138/2138
f 2073/2073 2138/2138 2137/2137
f 2074/2074 2075/2075 2139/2139
f 2074/2074 2139/2139 2138/2138
f 2075/2075 2076/2076 2140/2140
f 2075/2075 2140/2140 2139/2139
f 2076/2076 2077/2077 2141/2141
f 2076/2076 2141/2141 2140/2140
f 2077/2077 2078/2078 2142/2142
f 2077/2077 2142/2142 2141/2141
f 2078/2078 2079/2079 2143/2143
f 2078/2078 2143/2143 2142/2142
f 2079/2079 2080/2080 2144/2144
f 2079/2079 2144/2144 2143/2143
f 2080/2080 2081/2081 2145/2145
f 2080/2080 2145/2145 2144/2144
f 2081/2081 2082/2082 2146/2146
f 2081/2081 2146/2146 2145/2145
f 2082/2082 2083/2083 2147/2147
f 2082/2082 2147/2147 2146/2146
f 2083/2083 2084/2084 2148/2148
f 2083/2083 2148/2148 2147/2147
f 2084/2084 2085/2085 2149/2149
f 2084/2084 2149/2149 2148/2148
f 2085/2085 2086/2086 2150/2150
f 2085/2085 2150/2150 2149/2149
f 2086/2086 2087/2087 2151/2151
f 2086/2086 2151/2151 2150/2150
f 2087/2087 2088/2088 2152/2152
f 2087/2087 2152/2152 2151/2151
f 2088/2088 2089/2089 2153/2153
f 2088/2088 2153/2153 2152/2152
f 2089/2089 2090/2090 2154/2154
f 2089/2089 2154/2154 2153/2153
f 2090/2090 2091/2091 2155/2155
f 2090/2090 2155/2155 2154/2154
f 2091/2091 2092/2092 2156/2156
f 2091/2091 2156/2156 2155/2155
f 2092/2092 2093/2093 2157/2157
f 2092/2092 2157/2157 2156/2156
f 2093/2093 2094/2094 2158/2158
f 2093/2093 2158/2158 2157/2157
f 2094/2094 2095/2095 2159/2159
f 2094/2094 2159/2159 2158/2158
f 2095/2095 2096/2096 2160/2160
f 2095/2095 2160/2160 2159/2159
f 2096/2096 2097/2097 2161/2161
f 2096/2096 2161/2161 2160/2160
f 2097/2097 2098/2098 2162/2162
f 2097/2097 2162/2162 2161/2161
f 2098/2098 2099/2099 2163/2163
f 2098/2098 2163/2163 2162/2162
f 2099/2099 2100/2100 2164/2164
f 2099/2099 2164/2164 2163/2163
f 2100/2100 2101/2101 2165/2165
f 2100/2100 2165/2165 2164/2164
f 2101/2101 2102/2102 2166/2166
f 2101/2101 2166/2166 2165/2165
f 2102/2102 2103/2103 2167/2167
f 2102/2102 2167/2167 2166/2166
f 2103/2103 2104/2104 2168/2168
f 2103/2103 2168/2168 2167/2167
f 2104/2104 2105/2105 2169/2169
f 2104/2104 2169/2169 2168/2168
f 2105/2105 2106/2106 2170/2170
f 2105/2105 2170/2170 2169/2169
f 2106/2106 2107/2107 2171/2171
f 2106/2106 2171/2171 2170/2170
f 2107/2107 2108/2108 2172/2172
f 2107/2107 2172/2172 2171/2171
f 2108/2108 2109/2109 2173/2173
f 2108/2108 2173/2173 2172/2172
f 2109/2109 2110/2110 2174/2174
f 2109/2109 2174/2174 2173/2173
f 2110/2110 2111/2111 2175/2175
f 2110/2110 2175/2175 2174/2174
f 2111/2111 2112/2112 2176/2176
f 2111/2111 2176/2176 2175/2175
f 2113/2113 2114/2114 2178/2178
f 2113/2113 2178/2178 2177/2177
f 2114/2114 2115/2115 2179/2179
f 2114/2114 2179/2179 2178/2178
f 2115/2115 2116/2116 2180/2180
f 2115/2115 2180/2180 2179/2179
f 2116/2116 2117/2117 2181/2181
f 2116/2116 2181/2181 2180/2180
f 2117/2117 2118/2118 2182/2182
f 2117/2117 2182/2182 2181/2181
f 2118/2118 2119/2119 2183/2183
f 2118/2118 2183/2183 2182/2182
f 2119/2119 2120/2120 2184/2184
f 2119/2119 2184/2184 2183/2183
f 2120/2120 2121/2121 2185/2185
f 2120/2120 2185/2185 2184/2184
f 2121/2121 2122/2122 2186/2186
f 2121/2121 2186/2186 2185/2185
f 2122/2122 2123/2123 2187/2187
f 2122/2122 2187/2187 2186/2186
f 2123/2123 2124/2124 2188/2188
f 2123/2123 2188/2188 2187/2187
f 2124/2124 2125/2125 2189/2189
f 2124/2124 2189/2189 2188/2188
f 2125/2125 2126/2126 2190/2190
f 2125/2125 2190/2190 2189/2189
f 2126/2126 2127/2127 2191/2191
f 2126/2126 2191/2191 2190/2190
f 2127/2127 2128/2128 2192/2192
f 2127/2127 2192/2192 2191/2191
f 2128/2128 2129/2129 2193/2193
f 2128/2128 2193/2193 2192/2192
f 2129/2129 2130/2130 2194/2194
f 2129/2129 2194/2194 2193/2193
f 2130/2130 2131/2131 2195/2195
f 2130/2130 2195/2195 2194/2194
f 2131/2131 2132/2132 2196/2196
f 2131/2131 2196/2196 2195/2195
f 2132/2132 2133/2133 2197/2197
f 2132/2132 2197/2197 2196/2196
f 2133/2133 2134/2134 2198/2198
f 2133/2133 2198/2198 2197/2197
f 2134/2134 2135/2135 2199/2199
f 2134/2134 2199/2199 2198/2198
f 2135/2135 2136/2136 2200/2200
f 2135/2135 2200/2200 2199/2199
f 2136/2136 2137/2137 2201/2201
f 2136/2136 2201/2201 2200/2200
f 2137/2137 2138/2138 2202/2202
f 2137/2137 2202/2202 2201/2201
f 2138/2138 2139/2139 2203/2203
f 2138/2138 2203/2203 2202/2202
f 2139/2139 2140/2140 2204/2204
f 2139/2139 2204/2204 2203/2203
f 2140/2140 2141/2141 2205/2205
f 2140/2140 2205/2205 2204/2204
f 2141/2141 2142/2142 2206/2206
f 2141/2141 2206/2206 2205/2205
f 2142/2142 2143/2143 2207/2207
f 2142/2142 2207/2207 2206/2206
f 2143/2143 2144/2144 2208/2208
f 2143/2143 2208/2208 2207/2207
f 2144/2144 2145/2145 2209/2209
f 2144/2144 2209/2209 2208/2208
f 2145/2145 2146/2146 2210/2210
f 2145/2145 2210/2210 2209/2209
f 2146/2146 2147/2147 2211/2211
f 2146/2146 2211/2211 2210/2210
f 2147/2147 2148/2148 2212/2212
f 2147/2147 2212/2212 2211/2211
f 2148/2148 2149/2149 2213/2213
f 2148/2148 2213/2213 2212/2212
f 2149/2149 2150/2150 2214/2214
f 2149/2149 2214/2214 2213/2213
f 2150/2150 2151/2151 2215/2215
f 2150/2150 2215/2215 2214/2214
f 2151/2151 2152/2152 2216/2216
f 2151/2151 2216/2216 2215/2215
f 2152/2152 2153/2153 2217/2217
f 2152/2152 2217/2217 2216/2216
f 2153/2153 2154/2154 2218/2218
f 2153/2153 2218/2218 2217/2217
f 2154/2154 2155/2155 2219/2219
f 2154/2154 2219/2219 2218/2218
f 2155/2155 2156/2156 2220/2220
f 2155/2155 2220/2220 2219/2219
f 2156/2156 2157/2157 2221/2221
f 2156/2156 2221/2221 2220/2220
f 2157/2157 2158/2158 2222/2222
f 2157/2157 2222/2222 2221/2221
f 2158/2158 2159/2159 2223/2223
f 2158/2158 2223/2223 2222/2222
f 2159/2159 2160/2160 2224/2224
f 2159/2159 2224/2224 2223/2223
f 2160/2160 2161/2161 2225/2225
f 2160/2160 2225/2225 2224/2224
f 2161/2161 2162/2162 2226/2226
f 2161/2161 2226/2226 2225/2225
f 2162/2162 2163/2163 2227/2227
f 2162/2162 2227/2227 2226/2226
f 2163/2163 2164/2164 2228/2228
f 2163/2163 2228/2228 2227/2227
f 2164/2164 2165/2165 2229/2229
f 2164/2164 2229/2229 2228/2228
f 2165/2165 2166/2166 2230/2230
f 2165/2165 2230/2230 2229/2229
f 2166/2166 2167/2167 2231/2231
f 2166/2166 2231/2231 2230/2230
f 2167/2167 2168/2168 2232/2232
f 2167/2167 2232/2232 2231/2231
f 2168/2168 2169/2169 2233/2233
f 2168/2168 2233/2233 2232/2232
f 2169/2169 2170/2170 2234/2234
f 2169/2169 2234/2234 2233/2233
f 2170/2170 2171/2171 2235/2235
f 2170/2170 2235/2235 2234/2234
f 2171/2171 2172/2172 2236/2236
f 2171/2171 2236/2236 2235/2235
f 2172/2172 2173/2173 2237/2237
f 2172/2172 2237/2237 2236/2236
f 2173/2173 2174/2174 2238/2238
f 2173/2173 2238/2238 2237/2237
f 2174/2174 2175/2175 2239/2239
f 2174/2174 2239/2239 2238/2238
f 2175/2175 2176/2176 2240/2240
f 2175/2175 2240/2240 2239/2239
f 2177/2177 2178/2178 2242/2242
f 2177/2177 2242/2242 2241/2241
f 2178/2178 2179/2179 2243/2243
f 2178/2178 2243/2243 2242/2242
f 2179/2179 2180/2180 2244/2244
f 2179/2179 2244/2244 2243/2243
f 2180/2180 2181/2181 2245/2245
f 2180/2180 2245/2245 2244/2244
f 2181/2181 2182/2182 2246/2246
f 2181/2181 2246/2246 2245/2245
f 2182/2182 2183/2183 2247/2247
f 2182/2182 2247/2247 2246/2246
f 2183/2183 2184/2184 2248/2248
f 2183/2183 2248/2248 2247/2247
f 2184/2184 2185/2185 2249/2249
f 2184/2184 2249/2249 2248/2248
f 2185/2185 2186/2186 2250/2250
f 2185/2185 2250/2250 2249/2249
f 2186/2186 2187/2187 2251/2251
f 2186/2186 2251/2251 2250/2250
f 2187/2187 2188/2188 2252/2252
f 2187/2187 2252/2252 2251/2251
f 2188/2188 2189/2189 2253/2253
f 2188/2188 2253/2253 2252/2252
f 2189/2189 2190/2190 2254/2254
f 2189/2189 2254/2254 2253/2253
f 2190/2190 2191/2191 2255/2255
f 2190/2190 2255/2255 2254/2254
f 2191/2191 2192/2192 2256/2256
f 2191/2191 2256/2256 2255/2255
f 2192/2192 2193/2193 2257/2257
f 2192/2192 2257/2257 2256/2256
f 2193/2193 2194/2194 2258/2258
f 2193/2193 2258/2258 2257/2257
f 2194/2194 2195/2195 2259/2259
f 2194/2194 2259/2259 2258/2258
f 2195/2195 2196/2196 2260/2260
f 2195/2195 2260/2260 2259/2259
f 2196/2196 2197/2197 2261/2261
f 2196/2196 2261/2261 2260/2260
f 2197/2197 2198/2198 2262/2262
f 2197/2197 2262/2262 2261/2261
f 2198/2198 2199/2199 2263/2263
f 2198/2198 2263/2263 2262/2262
f 2199/2199 2200/2200 2264/2264
f 2199/2199 2264/2264 2263/2263
f 2200/2200 2201/2201 2265/2265
f 2200/2200 2265/2265 2264/2264
f 2201/2201 2202/2202 2266/2266
f 2201/2201 2266/2266 2265/2265
f 2202/2202 2203/2203 2267/2267
f 2202/2202 2267/2267 2266/2266
f 2203/2203 2204/2204 2268/2268
f 2203/2203 2268/2268 2267/2267
f 2204/2204 2205/2205 2269/2269
f 2204/2204 2269/2269 2268/2268
f 2205/2205 2206/2206 2270/2270
f 2205/2205 2270/2270 2269/2269
f 2206/2206 2207/2207 2271/2271
f 2206/2206 2271/2271 2270/2270
f 2207/2207 2208/2208 2272/2272
f 2207/2207 2272/2272 2271/2271
f 2208/2208 2209/2209 2273/2273
f 2208/2208 2273/2273 2272/2272
f 2209/2209 2210/2210 2274/2274
f 2209/2209 2274/2274 2273/2273
f 2210/2210 2211/2211 2275/2275
f 2210/2210 2275/2275 2274/2274
f 2211/2211 2212/2212 2276/2276
f 2211/2211 2276/2276 2275/2275
f 2212/2212 2213/2213 2277/2277
f 2212/2212 2277/2277 2276/2276
f 2213/2213 2214/2214 2278/2278
f 2213/2213 2278/2278 2277/2277
f 2214/2214 2215/2215 2279/2279
f 2214/2214 2279/2279 2278/2278
f 2215/2215 2216/2216 2280/2280
f 2215/2215 2280/2280 2279/2279
f 2216/2216 2217/2217 2281/2281
f 2216/2216 2281/2281 2280/2280
f 2217/2217 2218/2218 2282/2282
f 2217/2217 2282/2282 2281/2281
f 2218/2218 2219/2219 2283/2283
f 2218/2218 2283/2283 2282/2282
f 2219/2219 2220/2220 2284/2284
f 2219/2219 2284/2284 2283/2283
f 2220/2220 2221/2221 2285/2285
f 2220/2220 2285/2285 2284/2284
f 2221/2221 2222/2222 2286/2286
f 2221/2221 2286/2286 2285/2285
f 2222/2222 2223/2223 2287/2287
f 2222/2222 2287/2287 2286/2286
f 2223/2223 2224/2224 2288/2288
f 2223/2223 2288/2288 2287/2287
f 2224/2224 2225/2225 2289/2289
f 2224/2224 2289/2289 2288/2288
f 2225/2225 2226/2226 2290/2290
f 2225/2225 2290/2290 2289/2289
f 2226/2226 2227/2227 2291/2291
f 2226/2226 2291/2291 2290/2290
f 2227/2227 2228/2228 2292/2292
f 2227/2227 2292/2292 2291/2291
f 2228/2228 2229/2229 2293/2293
f 2228/2228 2293/2293 2292/2292
f 2229/2229 2230/2230 2294/2294
f 2229/2229 2294/2294 2293/2293
f 2230/2230 2231/2231 2295/2295
f 2230/2230 2295/2295 2294/2294
f 2231/2231 2232/2232 2296/2296
f 2231/2231 2296/2296 2295/2295
f 2232/2232 2233/2233 2297/2297
f 2232/2232 2297/2297 2296/2296
f 2233/2233 2234/2234 2298/2298
f 2233/2233 2298/2298 2297/2297
f 2234/2234 2235/2235 2299/2299
f 2234/2234 2299/2299 2298/2298
f 2235/2235 2236/2236 2300/2300
f 2235/2235 2300/2300 2299/2299
f 2236/2236 2237/2237 2301/2301
f 2236/2236 2301/2301 2300/2300
f 2237/2237 2238/2238 2302/2302
f 2237/2237 2302/2302 2301/2301
f 2238/2238 2239/2239 2303/2303
f 2238/2238 2303/2303 2302/2302
f 2239/2239 2240/2240 2304/2304
f 2239/2239 2304/2304 2303/2303
f 2241/2241 2242/2242 2306/2306
f 2241/2241 2306/2306 2305/2305
f 2242/2242 2243/2243 2307/2307
f 2242/2242 2307/2307 2306/2306
f 2243/2243 2244/2244 2308/2308
f 2243/2243 2308/2308 2307/2307
f 2244/2244 2245/2245 2309/2309
f 2244/2244 2309/2309 2308/2308
f 2245/2245 2246/2246 2310/2310
f 2245/2245 2310/2310 2309/2309
f 2246/2246 2247/2247 2311/2311
f 2246/2246 2311/2311 2310/2310
f 2247/2247 2248/2248 2312/2312
f 2247/2247 2312/2312 2311/2311
f 2248/2248 2249/2249 2313/2313
f 2248/2248 2313/2313 2312/2312
f 2249/2249 2250/2250 2314/2314
f 2249/2249 2314/2314 2313/2313
f 2250/2250 2251/2251 2315/2315
f 2250/2250 2315/2315 2314/2314
f 2251/2251 2252/2252 2316/2316
f 2251/2251 2316/2316 2315/2315
f 2252/2252 2253/2253 2317/2317
f 2252/2252 2317/2317 2316/2316
f 2253/2253 2254/2254 2318/2318
f 2253/2253 2318/2318 2317/2317
f 2254/2254 2255/2255 2319/2319
f 2254/2254 2319/2319 2318/2318
f 2255/2255 2256/2256 2320/2320
f 2255/2255 2320/2320 2319/2319
f 2256/2256 2257/2257 2321/2321
f 2256/2256 2321/2321 2320/2320
f 2257/2257 2258/2258 2322/2322
f 2257/2257 2322/2322 2321/2321
f 2258/2258 2259/2259 2323/2323
f 2258/2258 2323/2323 2322/2322
f 2259/2259 2260/2260 2324/2324
f 2259/2259 2324/2324 2323/2323
f 2260/2260 2261/2261 2325/2325
f 2260/2260 2325/2325 2324/2324
f 2261/2261 2262/2262 2326/2326
f 2261/2261 2326/2326 2325/2325
f 2262/2262 2263/2263 2327/2327
f 2262/2262 2327/2327 2326/2326
f 2263/2263 2264/2264 2328/2328
f 2263/2263 2328/2328 2327/2327
f 2264/2264 2265/2265 2329/2329
f 2264/2264 2329/2329 2328/2328
f 2265/2265 2266/2266 2330/2330
f 2265/2265 2330/2330 2329/2329
f 2266/2266 2267/2267 2331/2331
f 2266/2266 2331/2331 2330/2330
f 2267/2267 2268/2268 2332/2332
f 2267/2267 2332/2332 2331/2331
f 2268/2268 2269/2269 2333/2333
f 2268/2268 2333/2333 2332/2332
f 2269/2269 2270/2270 2334/2334
f 2269/2269 2334/2334 2333/2333
f 2270/2270 2271/2271 2335/2335
f 2270/2270 2335/2335 2334/2334
f 2271/2271 2272/2272 2336/2336
f 2271/2271 2336/2336 2335/2335
f 2272/2272 2273/2273 2337/2337
f 2272/2272 2337/2337 2336/2336
f 2273/2273 2274/2274 2338/2338
f 2273/2273 2338/2338 2337/2337
f 2274/2274 2275/2275 2339/2339
f 2274/2274 2339/2339 2338/2338
f 2275/2275 2276/2276 2340/2340
f 2275/2275 2340/2340 2339/2339
f 2276/2276 2277/2277 2341/2341
f 2276/2276 2341/2341 2340/2340
f 2277/2277 2278/2278 2342/2342
f 2277/2277 2342/2342 2341/2341
f 2278/2278 2279/2279 2343/2343
f 2278/2278 2343/2343 2342/2342
f 2279/2279 2280/2280 2344/2344
f 2279/2279 2344/2344 2343/2343
f 2280/2280 2281/2281 2345/2345
f 2280/2280 2345/2345 2344/2344
f 2281/2281 2282/2282 2346/2346
f 2281/2281 2346/2346 2345/2345
f 2282/2282 2283/2283 2347/2347
f 2282/2282 2347/2347 2346/2346
f 2283/2283 2284/2284 2348/2348
f 2283/2283 2348/2348 2347/2347
f 2284/2284 2285/2285 2349/2349
f 2284/2284 2349/2349 2348/2348
f 2285/2285 2286/2286 2350/2350
f 2285/2285 2350/2350 2349/2349
f 2286/2286 2287/2287 2351/2351
f 2286/2286 2351/2351 2350/2350
f 2287/2287 2288/2288 2352/2352
f 2287/2287 2352/2352 2351/2351
f 2288/2288 2289/2289 2353/2353
f 2288/2288 2353/2353 2352/2352
f 2289/2289 2290/2290 2354/2354
f 2289/2289 2354/2354 2353/2353
f 2290/2290 2291/2291 2355/2355
f 2290/2290 2355/2355 2354/2354
f 2291/2291 2292/2292 2356/2356
f 2291/2291 2356/2356 2355/2355
f 2292/2292 2293/2293 2357/2357
f 2292/2292 2357/2357 2356/2356
f 2293/2293 2294/2294 2358/2358
f 2293/2293 2358/2358 2357/2357
f 2294/2294 2295/2295 2359/2359
f 2294/2294 2359/2359 2358/2358
f 2295/2295 2296/2296 2360/2360
f 2295/2295 2360/2360 2359/2359
f 2296/2296 2297/2297 2361/2361
f 2296/2296 2361/2361 2360/2360
f 2297/2297 2298/2298 2362/2362
f 2297/2297 2362/2362 2361/2361
f 2298/2298 2299/2299 2363/2363
f 2298/2298 2363/2363 2362/2362
f 2299/2299 2300/2300 2364/2364
f 2299/2299 2364/2364 2363/2363
f 2300/2300 2301/2301 2365/2365
f 2300/2300 2365/2365 2364/2364
f 2301/2301 2302/2302 2366/2366
f 2301/2301 2366/2366 2365/2365
f 2302/2302 2303/2303 2367/2367
f 2302/2302 2367/2367 2366/2366
f 2303/2303 2304/2304 2368/2368
f 2303/2303 2368/2368 2367/2367
f 2305/2305 2306/2306 2370/2370
f 2305/2305 2370/2370 2369/2369
f 2306/2306 2307/2307 2371/2371
f 2306/2306 2371/2371 2370/2370
f 2307/2307 2308/2308 2372/2372
f 2307/2307 2372/2372 2371/2371
f 2308/2308 2309/2309 2373/2373
f 2308/2308 2373/2373 2372/2372
f 2309/2309 2310/2310 2374/2374
f 2309/2309 2374/2374 2373/2373
f 2310/2310 2311/2311 2375/2375
f 2310/2310 2375/2375 2374/2374
f 2311/2311 2312/2312 2376/2376
f 2311/2311 2376/2376 2375/2375
f 2312/2312 2313/2313 2377/2377
f 2312/2312 2377/2377 2376/2376
f 2313/2313 2314/2314 2378/2378
f 2313/2313 2378/2378 2377/2377
f 2314/2314 2315/2315 2379/2379
f 2314/2314 2379/2379 2378/2378
f 2315/2315 2316/2316 2380/2380
f 2315/2315 2380/2380 2379/2379
f 2316/2316 2317/2317 2381/2381
f 2316/2316 2381/2381 2380/2380
f 2317/2317 2318/2318 2382/2382
f 2317/2317 2382/2382 2381/2381
f 2318/2318 2319/2319 2383/2383
f 2318/2318 2383/2383 2382/2382
f 2319/2319 2320/2320 2384/2384
f 2319/2319 2384/2384 2383/2383
f 2320/2320 2321/2321 2385/2385
f 2320/2320 2385/2385 2384/2384
f 2321/2321 2322/2322 2386/2386
f 2321/2321 2386/2386 2385/2385
f 2322/2322 2323/2323 2387/2387
f 2322/2322 2387/2387 2386/2386
f 2323/2323 2324/2324 2388/2388
f 2323/2323 2388/2388 2387/2387
f 2324/2324 2325/2325 2389/2389
f 2324/2324 2389/2389 2388/2388
f 2325/2325 2326/2326 2390/2390
f 2325/2325 2390/2390 2389/2389
f 2326/2326 2327/2327 2391/2391
f 2326/2326 2391/2391 2390/2390
f 2327/2327 2328/2328 2392/2392
f 2327/2327 2392/2392 2391/2391
f 2328/2328 2329/2329 2393/2393
f 2328/2328 2393/2393 2392/2392
f 2329/2329 2330/2330 2394/2394
f 2329/2329 2394/2394 2393/2393
f 2330/2330 2331/2331 2395/2395
f 2330/2330 2395/2395 2394/2394
f 2331/2331 2332/2332 2396/2396
f 2331/2331 2396/2396 2395/2395
f 2332/2332 2333/2333 2397/2397
f 2332/2332 2397/2397 2396/2396
f 2333/2333 2334/2334 2398/2398
f 2333/2333 2398/2398 2397/2397
f 2334/2334 2335/2335 2399/2399
f 2334/2334 2399/2399 2398/2398
f 2335/2335 2336/2336 2400/2400
f 2335/2335 2400/2400 2399/2399
f 2336/2336 2337/2337 2401/2401
f 2336/2336 2401/2401 2400/2400
f 2337/2337 2338/2338 2402/2402
f 2337/2337 2402/2402 2401/2401
f 2338/2338 2339/2339 2403/2403
f 2338/2338 2403/2403 2402/2402
f 2339/2339 2340/2340 2404/2404
f 2339/2339 2404/2404 2403/2403
f 2340/2340 2341/2341 2405/2405
f 2340/2340 2405/2405 2404/2404
f 2341/2341 2342/2342 2406/2406
f 2341/2341 2406/2406 2405/2405
f 2342/2342 2343/2343 2407/2407
f 2342/2342 2407/2407 2406/2406
f 2343/2343 2344/2344 2408/2408
f 2343/2343 2408/2408 2407/2407
f 2344/2344 2345/2345 2409/2409
f 2344/2344 2409/2409 2408/2408
f 2345/2345 2346/2346 2410/2410
f 2345/2345 2410/2410 2409/2409
f 2346/2346 2347/2347 2411/2411
f 2346/2346 2411/2411 2410/2410
f 2347/2347 2348/2348 2412/2412
f 2347/2347 2412/2412 2411/2411
f 2348/2348 2349/2349 2413/2413
f 2348/2348 2413/2413 2412/2412
f 2349/2349 2350/2350 2414/2414
f 2349/2349 2414/2414 2413/2413
f 2350/2350 2351/2351 2415/2415
f 2350/2350 2415/2415 2414/2414
f 2351/2351 2352/2352 2416/2416
f 2351/2351 2416/2416 2415/2415
f 2352/2352 2353/2353 2417/2417
f 2352/2352 2417/2417 2416/2416
f 2353/2353 2354/2354 2418/2418
f 2353/2353 2418/2418 2417/2417
f 2354/2354 2355/2355 2419/2419
f 2354/2354 2419/2419 2418/2418
f 2355/2355 2356/2356 2420/2420
f 2355/2355 2420/2420 2419/2419
f 2356/2356 2357/2357 2421/2421
f 2356/2356 2421/2421 2420/2420
f 2357/2357 2358/2358 2422/2422
f 2357/2357 2422/2422 2421/2421
f 2358/2358 2359/2359 2423/2423
f 2358/2358 2423/2423 2422/2422
f 2359/2359 2360/2360 2424/2424
f 2359/2359 2424/2424 2423/2423
f 2360/2360 2361/2361 2425/2425
f 2360/2360 2425/2425 2424/2424
f 2361/2361 2362/2362 2426/2426
f 2361/2361 2426/2426 2425/2425
f 2362/2362 2363/2363 2427/2427
f 2362/2362 2427/2427 2426/2426
f 2363/2363 2364/2364 2428/2428
f 2363/2363 2428/2428 2427/2427
f 2364/2364 2365/2365 2429/2429
f 2364/2364 2429/2429 2428/2428
f 2365/2365 2366/2366 2430/2430
f 2365/2365 2430/2430 2429/2429
f 2366/2366 2367/2367 2431/2431
f 2366/2366 2431/2431 2430/2430
f 2367/2367 2368/2368 2432/2432
f 2367/2367 2432/2432 2431/2431
f 2369/2369 2370/2370 2434/2434
f 2369/2369 2434/2434 2433/2433
f 2370/2370 2371/2371 2435/2435
f 2370/2370 2435/2435 2434/2434
f 2371/2371 2372/2372 2436/2436
f 2371/2371 2436/2436 2435/2435
f 2372/2372 2373/2373 2437/2437
f 2372/2372 2437/2437 2436/2436
f 2373/2373 2374/2374 2438/2438
f 2373/2373 2438/2438 2437/2437
f 2374/2374 2375/2375 2439/2439
f 2374/2374 2439/2439 2438/2438
f 2375/2375 2376/2376 2440/2440
f 2375/2375 2440/2440 2439/2439
f 2376/2376 2377/2377 2441/2441
f 2376/2376 2441/2441 2440/2440
f 2377/2377 2378/2378 2442/2442
f 2377/2377 2442/2442 2441/2441
f 2378/2378 2379/2379 2443/2443
f 2378/2378 2443/2443 2442/2442
f 2379/2379 2380/2380 2444/2444
f 2379/2379 2444/2444 2443/2443
f 2380/2380 2381/2381 2445/2445
f 2380/2380 2445/2445 2444/2444
f 2381/2381 2382/2382 2446/2446
f 2381/2381 2446/2446 2445/2445
f 2382/2382 2383/2383 2447/2447
f 2382/2382 2447/2447 2446/2446
f 2383/2383 2384/2384 2448/2448
f 2383/2383 2448/2448 2447/2447
f 2384/2384 2385/2385 2449/2449
f 2384/2384 2449/2449 2448/2448
f 2385/2385 2386/2386 2450/2450
f 2385/2385 2450/2450 2449/2449
f 2386/2386 2387/2387 2451/2451
f 2386/2386 2451/2451 2450/2450
f 2387/2387 2388/2388 2452/2452
f 2387/2387 2452/2452 2451/2451
f 2388/2388 2389/2389 2453/2453
f 2388/2388 2453/2453 2452/2452
f 2389/2389 2390/2390 2454/2454
f 2389/2389 2454/2454 2453/2453
f 2390/2390 2391/2391 2455/2455
f 2390/2390 2455/2455 2454/2454
f 2391/2391 2392/2392 2456/2456
f 2391/2391 2456/2456 2455/2455
f 2392/2392 2393/2393 2457/2457
f 2392/2392 2457/2457 2456/2456
f 2393/2393 2394/2394 2458/2458
f 2393/2393 2458/2458 2457/2457
f 2394/2394 2395/2395 2459/2459
f 2394/2394 2459/2459 2458/2458
f 2395/2395 2396/2396 2460/2460
f 2395/2395 2460/2460 2459/2459
f 2396/2396 2397/2397 2461/2461
f 2396/2396 2461/2461 2460/2460
f 2397/2397 2398/2398 2462/2462
f 2397/2397 2462/2462 2461/2461
f 2398/2398 2399/2399 2463/2463
f 2398/2398 2463/2463 2462/2462
f 2399/2399 2400/2400 2464/2464
f 2399/2399 2464/2464 2463/2463
f 2400/2400 2401/2401 2465/2465
f 2400/2400 2465/2465 2464/2464
f 2401/2401 2402/2402 2466/2466
f 2401/2401 2466/2466 2465/2465
f 2402/2402 2403/2403 2467/2467
f 2402/2402 2467/2467 2466/2466
f 2403/2403 2404/2404 2468/2468
f 2403/2403 2468/2468 2467/2467
f 2404/2404 2405/2405 2469/2469
f 2404/2404 2469/2469 2468/2468
f 2405/2405 2406/2406 2470/2470
f 2405/2405 2470/2470 2469/2469
f 2406/2406 2407/2407 2471/2471
f 2406/2406 2471/2471 2470/2470
f 2407/2407 2408/2408 2472/2472
f 2407/2407 2472/2472 2471/2471
f 2408/2408 2409/2409 2473/2473
f 2408/2408 2473/2473 2472/2472
f 2409/2409 2410/2410 2474/2474
f 2409/2409 2474/2474 2473/2473
f 2410/2410 2411/2411 2475/2475
f 2410/2410 2475/2475 2474/2474
f 2411/2411 2412/2412 2476/2476
f 2411/2411 2476/2476 2475/2475
f 2412/2412 2413/2413 2477/2477
f 2412/2412 2477/2477 2476/2476
f 2413/2413 2414/2414 2478/2478
f 2413/2413 2478/2478 2477/2477
f 2414/2414 2415/2415 2479/2479
f 2414/2414 2479/2479 2478/2478
f 2415/2415 2416/2416 2480/2480
f 2415/2415 2480/2480 2479/2479
f 2416/2416 2417/2417 2481/2481
f 2416/2416 2481/2481 2480/2480
f 2417/2417 2418/2418 2482/2482
f 2417/2417 2482/2482 2481/2481
f 2418/2418 2419/2419 2483/2483
f 2418/2418 2483/2483 2482/2482
f 2419/2419 2420/2420 2484/2484
f 2419/2419 2484/2484 2483/2483
f 2420/2420 2421/2421 2485/2485
f 2420/2420 2485/2485 2484/2484
f 2421/2421 2422/2422 2486/2486
f 2421/2421 2486/2486 2485/2485
f 2422/2422 2423/2423 2487/2487
f 2422/2422 2487/2487 2486/2486
f 2423/2423 2424/2424 2488/2488
f 2423/2423 2488/2488 2487/2487
f 2424/2424 2425/2425 2489/2489
f 2424/2424 2489/2489 2488/2488
f 2425/2425 2426/2426 2490/2490
f 2425/2425 2490/2490 2489/2489
f 2426/2426 2427/2427 2491/2491
f 2426/2426 2491/2491 2490/2490
f 2427/2427 2428/2428 2492/2492
f 2427/2427 2492/2492 2491/2491
f 2428/2428 2429/2429 2493/2493
f 2428/2428 2493/2493 2492/2492
f 2429/2429 2430/2430 2494/2494
f 2429/2429 2494/2494 2493/2493
f 2430/2430 2431/2431 2495/2495
f 2430/2430 2495/2495 2494/2494
f 2431/2431 2432/2432 2496/2496
f 2431/2431 2496/2496 2495/2495
f 2433/2433 2434/2434 2498/2498
f 2433/2433 2498/2498 2497/2497
f 2434/2434 2435/2435 2499/2499
f 2434/2434 2499/2499 2498/2498
f 2435/2435 2436/2436 2500/2500
f 2435/2435 2500/2500 2499/2499
f 2436/2436 2437/2437 2501/2501
f 2436/2436 2501/2501 2500/2500
f 2437/2437 2438/2438 2502/2502
f 2437/2437 2502/2502 2501/2501
f 2438/2438 2439/2439 2503/2503
f 2438/2438 2503/2503 2502/2502
f 2439/2439 2440/2440 2504/2504
f 2439/2439 2504/2504 2503/2503
f 2440/2440 2441/2441 2505/2505
f 2440/2440 2505/2505 2504/2504
f 2441/2441 2442/2442 2506/2506
f 2441/2441 2506/2506 2505/2505
f 2442/2442 2443/2443 2507/2507
f 2442/2442 2507/2507 2506/2506
f 2443/2443 2444/2444 2508/2508
f 2443/2443 2508/2508 2507/2507
f 2444/2444 2445/2445 2509/2509
f 2444/2444 2509/2509 2508/2508
f 2445/2445 2446/2446 2510/2510
f 2445/2445 2510/2510 2509/2509
f 2446/2446 2447/2447 2511/2511
f 2446/2446 2511/2511 2510/2510
f 2447/2447 2448/2448 2512/2512
f 2447/2447 2512/2512 2511/2511
f 2448/2448 2449/2449 2513/2513
f 2448/2448 2513/2513 2512/2512
f 2449/2449 2450/2450 2514/2514
f 2449/2449 2514/2514 2513/2513
f 2450/2450 2451/2451 2515/2515
f 2450/2450 2515/2515 2514/2514
f 2451/2451 2452/2452 2516/2516
f 2451/2451 2516/2516 2515/2515
f 2452/2452 2453/2453 2517/2517
f 2452/2452 2517/2517 2516/2516
f 2453/2453 2454/2454 2518/2518
f 2453/2453 2518/2518 2517/2517
f 2454/2454 2455/2455 2519/2519
f 2454/2454 2519/2519 2518/2518
f 2455/2455 2456/2456 2520/2520
f 2455/2455 2520/2520 2519/2519
f 2456/2456 2457/2457 2521/2521
f 2456/2456 2521/2521 2520/2520
f 2457/2457 2458/2458 2522/2522
f 2457/2457 2522/2522 2521/2521
f 2458/2458 2459/2459 2523/2523
f 2458/2458 2523/2523 2522/2522
f 2459/2459 2460/2460 2524/2524
f 2459/2459 2524/2524 2523/2523
f 2460/2460 2461/2461 2525/2525
f 2460/2460 2525/2525 2524/2524
f 2461/2461 2462/2462 2526/2526
f 2461/2461 2526/2526 2525/2525
f 2462/2462 2463/2463 2527/2527
f 2462/2462 2527/2527 2526/2526
f 2463/2463 2464/2464 2528/2528
f 2463/2463 2528/2528 2527/2527
f 2464/2464 2465/2465 2529/2529
f 2464/2464 2529/2529 2528/2528
f 2465/2465 2466/2466 2530/2530
f 2465/2465 2530/2530 2529/2529
f 2466/2466 2467/2467 2531/2531
f 2466/2466 2531/2531 2530/2530
f 2467/2467 2468/2468 2532/2532
f 2467/2467 2532/2532 2531/2531
f 2468/2468 2469/2469 2533/2533
f 2468/2468 2533/2533 2532/2532
f 2469/2469 2470/2470 2534/2534
f 2469/2469 2534/2534 2533/2533
f 2470/2470 2471/2471 2535/2535
f 2470/2470 2535/2535 2534/2534
f 2471/2471 2472/2472 2536/2536
f 2471/2471 2536/2536 2535/2535
f 2472/2472 2473/2473 2537/2537
f 2472/2472 2537/2537 2536/2536
f 2473/2473 2474/2474 2538/2538
f 2473/2473 2538/2538 2537/2537
f 2474/2474 2475/2475 2539/2539
f 2474/2474 2539/2539 2538/2538
f 2475/2475 2476/2476 2540/2540
f 2475/2475 2540/2540 2539/2539
f 2476/2476 2477/2477 2541/2541
f 2476/2476 2541/2541 2540/2540
f 2477/2477 2478/2478 2542/2542
f 2477/2477 2542/2542 2541/2541
f 2478/2478 2479/2479 2543/2543
f 2478/2478 2543/2543 2542/2542
f 2479/2479 2480/2480 2544/2544
f 2479/2479 2544/2544 2543/2543
f 2480/2480 2481/2481 2545/2545
f 2480/2480 2545/2545 2544/2544
f 2481/2481 2482/2482 2546/2546
f 2481/2481 2546/2546 2545/2545
f 2482/2482 2483/2483 2547/2547
f 2482/2482 2547/2547 2546/2546
f 2483/2483 2484/2484 2548/2548
f 2483/2483 2548/2548 2547/2547
f 2484/2484 2485/2485 2549/2549
f 2484/2484 2549/2549 2548/2548
f 2485/2485 2486/2486 2550/2550
f 2485/2485 2550/2550 2549/2549
f 2486/2486 2487/2487 2551/2551
f 2486/2486 2551/2551 2550/2550
f 2487/2487 2488/2488 2552/2552
f 2487/2487 2552/2552 2551/2551
f 2488/2488 2489/2489 2553/2553
f 2488/2488 2553/2553 2552/2552
f 2489/2489 2490/2490 2554/2554
f 2489/2489 2554/2554 2553/2553
f 2490/2490 2491/2491 2555/2555
f 2490/2490 2555/2555 2554/2554
f 2491/2491 2492/2492 2556/2556
f 2491/2491 2556/2556 2555/2555
f 2492/2492 2493/2493 2557/2557
f 2492/2492 2557/2557 2556/2556
f 2493/2493 2494/2494 2558/2558
f 2493/2493 2558/2558 2557/2557
f 2494/2494 2495/2495 2559/2559
f 2494/2494 2559/2559 2558/2558
f 2495/2495 2496/2496 2560/2560
f 2495/2495 2560/2560 2559/2559
f 2497/2497 2498/2498 2562/2562
f 2497/2497 2562/2562 2561/2561
f 2498/2498 2499/2499 2563/2563
f 2498/2498 2563/2563 2562/2562
f 2499/2499 2500/2500 2564/2564
f 2499/2499 2564/2564 2563/2563
f 2500/2500 2501/2501 2565/2565
f 2500/2500 2565/2565 2564/2564
f 2501/2501 2502/2502 2566/2566
f 2501/2501 2566/2566 2565/2565
f 2502/2502 2503/2503 2567/2567
f 2502/2502 2567/2567 2566/2566
f 2503/2503 2504/2504 2568/2568
f 2503/2503 2568/2568 2567/2567
f 2504/2504 2505/2505 2569/2569
f 2504/2504 2569/2569 2568/2568
f 2505/2505 2506/2506 2570/2570
f 2505/2505 2570/2570 2569/2569
f 2506/2506 2507/2507 2571/2571
f 2506/2506 2571/2571 2570/2570
f 2507/2507 2508/2508 2572/2572
f 2507/2507 2572/2572 2571/2571
f 2508/2508 2509/2509 2573/2573
f 2508/2508 2573/2573 2572/2572
f 2509/2509 2510/2510 2574/2574
f 2509/2509 2574/2574 2573/2573
f 2510/2510 2511/2511 2575/2575
f 2510/2510 2575/2575 2574/2574
f 2511/2511 2512/2512 2576/2576
f 2511/2511 2576/2576 2575/2575
f 2512/2512 2513/2513 2577/2577
f 2512/2512 2577/2577 2576/2576
f 2513/2513 2514/2514 2578/2578
f 2513/2513 2578/2578 2577/2577
f 2514/2514 2515/2515 2579/2579
f 2514/2514 2579/2579 2578/2578
f 2515/2515 2516/2516 2580/2580
f 2515/2515 2580/2580 2579/2579
f 2516/2516 2517/2517 2581/2581
f 2516/2516 2581/2581 2580/2580
f 2517/2517 2518/2518 2582/2582
f 2517/2517 2582/2582 2581/2581
f 2518/2518 2519/2519 2583/2583
f 2518/2518 2583/2583 2582/2582
f 2519/2519 2520/2520 2584/2584
f 2519/2519 2584/2584 2583/2583
f 2520/2520 2521/2521 2585/2585
f 2520/2520 2585/2585 2584/2584
f 2521/2521 2522/2522 2586/2586
f 2521/2521 2586/2586 2585/2585
f 2522/2522 2523/2523 2587/2587
f 2522/2522 2587/2587 2586/2586
f 2523/2523 2524/2524 2588/2588
f 2523/2523 2588/2588 2587/2587
f 2524/2524 2525/2525 2589/2589
f 2524/2524 2589/2589 2588/2588
f 2525/2525 2526/2526 2590/2590
f 2525/2525 2590/2590 2589/2589
f 2526/2526 2527/2527 2591/2591
f 2526/2526 2591/2591 2590/2590
f 2527/2527 2528/2528 2592/2592
f 2527/2527 2592/2592 2591/2591
f 2528/2528 2529/2529 2593/2593
f 2528/2528 2593/2593 2592/2592
f 2529/2529 2530/2530 2594/2594
f 2529/2529 2594/2594 2593/2593
f 2530/2530 2531/2531 2595/2595
f 2530/2530 2595/2595 2594/2594
f 2531/2531 2532/2532 2596/2596
f 2531/2531 2596/2596 2595/2595
f 2532/2532 2533/2533 2597/2597
f 2532/2532 2597/2597 2596/2596
f 2533/2533 2534/2534 2598/2598
f 2533/2533 2598/2598 2597/2597
f 2534/2534 2535/2535 2599/2599
f 2534/2534 2599/2599 2598/2598
f 2535/2535 2536/2536 2600/2600
f 2535/2535 2600/2600 2599/2599
f 2536/2536 2537/2537 2601/2601
f 2536/2536 2601/2601 2600/2600
f 2537/2537 2538/2538 2602/2602
f 2537/2537 2602/2602 2601/2601
f 2538/2538 2539/2539 2603/2603
f 2538/2538 2603/2603 2602/2602
f 2539/2539 2540/2540 2604/2604
f 2539/2539 2604/2604 2603/2603
f 2540/2540 2541/2541 2605/2605
f 2540/2540 2605/2605 2604/2604
f 2541/2541 2542/2542 2606/2606
f 2541/2541 2606/2606 2605/2605
f 2542/2542 2543/2543 2607/2607
f 2542/2542 2607/2607 2606/2606
f 2543/2543 2544/2544 2608/2608
f 2543/2543 2608/2608 2607/2607
f 2544/2544 2545/2545 2609/2609
f 2544/2544 2609/2609 2608/2608
f 2545/2545 2546/2546 2610/2610
f 2545/2545 2610/2610 2609/2609
f 2546/2546 2547/2547 2611/2611
f 2546/2546 2611/2611 2610/2610
f 2547/2547 2548/2548 2612/2612
f 2547/2547 2612/2612 2611/2611
f 2548/2548 2549/2549 2613/2613
f 2548/2548 2613/2613 2612/2612
f 2549/2549 2550/2550 2614/2614
f 2549/2549 2614/2614 2613/2613
f 2550/2550 2551/2551 2615/2615
f 2550/2550 2615/2615 2614/2614
f 2551/2551 2552/2552 2616/2616
f 2551/2551 2616/2616 2615/2615
f 2552/2552 2553/2553 2617/2617
f 2552/2552 2617/2617 2616/2616
f 2553/2553 2554/2554 2618/2618
f 2553/2553 2618/2618 2617/2617
f 2554/2554 2555/2555 2619/2619
f 2554/2554 2619/2619 2618/2618
f 2555/2555 2556/2556 2620/2620
f 2555/2555 2620/2620 2619/2619
f 2556/2556 2557/2557 2621/2621
f 2556/2556 2621/2621 2620/2620
f 2557/2557 2558/2558 2622/2622
f 2557/2557 2622/2622 2621/2621
f 2558/2558 2559/2559 2623/2623
f 2558/2558 2623/2623 2622/2622
f 2559/2559 2560/2560 2624/2624
f 2559/2559 2624/2624 2623/2623
f 2561/2561 2562/2562 2626/2626
f 2561/2561 2626/2626 2625/2625
f 2562/2562 2563/2563 2627/2627
f 2562/2562 2627/2627 2626/2626
f 2563/2563 2564/2564 2628/2628
f 2563/2563 2628/2628 2627/2627
f 2564/2564 2565/2565 2629/2629
f 2564/2564 2629/2629 2628/2628
f 2565/2565 2566/2566 2630/2630
f 2565/2565 2630/2630 2629/2629
f 2566/2566 2567/2567 2631/2631
f 2566/2566 2631/2631 2630/2630
f 2567/2567 2568/2568 2632/2632
f 2567/2567 2632/2632 2631/2631
f 2568/2568 2569/2569 2633/2633
f 2568/2568 2633/2633 2632/2632
f 2569/2569 2570/2570 2634/2634
f 2569/2569 2634/2634 2633/2633
f 2570/2570 2571/2571 2635/2635
f 2570/2570 2635/2635 2634/2634
f 2571/2571 2572/2572 2636/2636
f 2571/2571 2636/2636 2635/2635
f 2572/2572 2573/2573 2637/2637
f 2572/2572 2637/2637 2636/2636
f 2573/2573 2574/2574 2638/2638
f 2573/2573 2638/2638 2637/2637
f 2574/2574 2575/2575 2639/2639
f 2574/2574 2639/2639 2638/2638
f 2575/2575 2576/2576 2640/2640
f 2575/2575 2640/2640 2639/2639
f 2576/2576 2577/2577 2641/2641
f 2576/2576 2641/2641 2640/2640
f 2577/2577 2578/2578 2642/2642
f 2577/2577 2642/2642 2641/2641
f 2578/2578 2579/2579 2643/2643
f 2578/2578 2643/2643 2642/2642
f 2579/2579 2580/2580 2644/2644
f 2579/2579 2644/2644 2643/2643
f 2580/2580 2581/2581 2645/2645
f 2580/2580 2645/2645 2644/2644
f 2581/2581 2582/2582 2646/2646
f 2581/2581 2646/2646 2645/2645
f 2582/2582 2583/2583 2647/2647
f 2582/2582 2647/2647 2646/2646
f 2583/2583 2584/2584 2648/2648
f 2583/2583 2648/2648 2647/2647
f 2584/2584 2585/2585 2649/2649
f 2584/2584 2649/2649 2648/2648
f 2585/2585 2586/2586 2650/2650
f 2585/2585 2650/2650 2649/2649
f 2586/2586 2587/2587 2651/2651
f 2586/2586 2651/2651 2650/2650
f 2587/2587 2588/2588 2652/2652
f 2587/2587 2652/2652 2651/2651
f 2588/2588 2589/2589 2653/2653
f 2588/2588 2653/2653 2652/2652
f 2589/2589 2590/2590 2654/2654
f 2589/2589 2654/2654 2653/2653
f 2590/2590 2591/2591 2655/2655
f 2590/2590 2655/2655 2654/2654
f 2591/2591 2592/2592 2656/2656
f 2591/2591 2656/2656 2655/2655
f 2592/2592 2593/2593 2657/2657
f 2592/2592 2657/2657 2656/2656
f 2593/2593 2594/2594 2658/2658
f 2593/2593 2658/2658 2657/2657
f 2594/2594 2595/2595 2659/2659
f 2594/2594 2659/2659 2658/2658
f 2595/2595 2596/2596 2660/2660
f 2595/2595 2660/2660 2659/2659
f 2596/2596 2597/2597 2661/2661
f 2596/2596 2661/2661 2660/2660
f 2597/2597 2598/2598 2662/2662
f 2597/2597 2662/2662 2661/2661
f 2598/2598 2599/2599 2663/2663
f 2598/2598 2663/2663 2662/2662
f 2599/2599 2600/2600 2664/2664
f 2599/2599 2664/2664 2663/2663
f 2600/2600 2601/2601 2665/2665
f 2600/2600 2665/2665 2664/2664
f 2601/2601 2602/2602 2666/2666
f 2601/2601 2666/2666 2665/2665
f 2602/2602 2603/2603 2667/2667
f 2602/2602 2667/2667 2666/2666
f 2603/2603 2604/2604 2668/2668
f 2603/2603 2668/2668 2667/2667
f 2604/2604 2605/2605 2669/2669
f 2604/2604 2669/2669 2668/2668
f 2605/2605 2606/2606 2670/2670
f 2605/2605 2670/2670 2669/2669
f 2606/2606 2607/2607 2671/2671
f 2606/2606 2671/2671 2670/2670
f 2607/2607 2608/2608 2672/2672
f 2607/2607 2672/2672 2671/2671
f 2608/2608 2609/2609 2673/2673
f 2608/2608 2673/2673 2672/2672
f 2609/2609 2610/2610 2674/2674
f 2609/2609 2674/2674 2673/2673
f 2610/2610 2611/2611 2675/2675
f 2610/2610 2675/2675 2674/2674
f 2611/2611 2612/2612 2676/2676
f 2611/2611 2676/2676 2675/2675
f 2612/2612 2613/2613 2677/2677
f 2612/2612 2677/2677 2676/2676
f 2613/2613 2614/2614 2678/2678
f 2613/2613 2678/2678 2677/2677
f 2614/2614 2615/2615 2679/2679
f 2614/2614 2679/2679 2678/2678
f 2615/2615 2616/2616 2680/2680
f 2615/2615 2680/2680 2679/2679
f 2616/2616 2617/2617 2681/2681
f 2616/2616 2681/2681 2680/2680
f 2617/2617 2618/2618 2682/2682
f 2617/2617 2682/2682 2681/2681
f 2618/2618 2619/2619 2683/2683
f 2618/2618 2683/2683 2682/2682
f 2619/2619 2620/2620 2684/2684
f 2619/2619 2684/2684 2683/2683
f 2620/2620 2621/2621 2685/2685
f 2620/2620 2685/2685 2684/2684
f 2621/2621 2622/2622 2686/2686
f 2621/2621 2686/2686 2685/2685
f 2622/2622 2623/2623 2687/2687
f 2622/2622 2687/2687 2686/2686
f 2623/2623 2624/2624 2688/2688
f 2623/2623 2688/2688 2687/2687
f 2625/2625 2626/2626 2690/2690
f 2625/2625 2690/2690 2689/2689
f 2626/2626 2627/2627 2691/2691
f 2626/2626 2691/2691 2690/2690
f 2627/2627 2628/2628 2692/2692
f 2627/2627 2692/2692 2691/2691
f 2628/2628 2629/2629 2693/2693
f 2628/2628 2693/2693 2692/2692
f 2629/2629 2630/2630 2694/2694
f 2629/2629 2694/2694 2693/2693
f 2630/2630 2631/2631 2695/2695
f 2630/2630 2695/2695 2694/2694
f 2631/2631 2632/2632 2696/2696
f 2631/2631 2696/2696 2695/2695
f 2632/2632 2633/2633 2697/2697
f 2632/2632 2697/2697 2696/2696
f 2633/2633 2634/2634 2698/2698
f 2633/2633 2698/2698 2697/2697
f 2634/2634 2635/2635 2699/2699
f 2634/2634 2699/2699 2698/2698
f 2635/2635 2636/2636 2700/2700
f 2635/2635 2700/2700 2699/2699
f 2636/2636 2637/2637 2701/2701
f 2636/2636 2701/2701 2700/2700
f 2637/2637 2638/2638 2702/2702
f 2637/2637 2702/2702 2701/2701
f 2638/2638 2639/2639 2703/2703
f 2638/2638 2703/2703 2702/2702
f 2639/2639 2640/2640 2704/2704
f 2639/2639 2704/2704 2703/2703
f 2640/2640 2641/2641 2705/2705
f 2640/2640 2705/2705 2704/2704
f 2641/2641 2642/2642 2706/2706
f 2641/2641 2706/2706 2705/2705
f 2642/2642 2643/2643 2707/2707
f 2642/2642 2707/2707 2706/2706
f 2643/2643 2644/2644 2708/2708
f 2643/2643 2708/2708 2707/2707
f 2644/2644 2645/2645 2709/2709
f 2644/2644 2709/2709 2708/2708
f 2645/2645 2646/2646 2710/2710
f 2645/2645 2710/2710 2709/2709
f 2646/2646 2647/2647 2711/2711
f 2646/2646 2711/2711 2710/2710
f 2647/2647 2648/2648 2712/2712
f 2647/2647 2712/2712 2711/2711
f 2648/2648 2649/2649 2713/2713
f 2648/2648 2713/2713 2712/2712
f 2649/2649 2650/2650 2714/2714
f 2649/2649 2714/2714 2713/2713
f 2650/2650 2651/2651 2715/2715
f 2650/2650 2715/2715 2714/2714
f 2651/2651 2652/2652 2716/2716
f 2651/2651 2716/2716 2715/2715
f 2652/2652 2653/2653 2717/2717
f 2652/2652 2717/2717 2716/2716
f 2653/2653 2654/2654 2718/2718
f 2653/2653 2718/2718 2717/2717
f 2654/2654 2655/2655 2719/2719
f 2654/2654 2719/2719 2718/2718
f 2655/2655 2656/2656 2720/2720
f 2655/2655 2720/2720 2719/2719
f 2656/2656 2657/2657 2721/2721
f 2656/2656 2721/2721 2720/2720
f 2657/2657 2658/2658 2722/2722
f 2657/2657 2722/2722 2721/2721
f 2658/2658 2659/2659 2723/2723
f 2658/2658 2723/2723 2722/2722
f 2659/2659 2660/2660 2724/2724
f 2659/2659 2724/2724 2723/2723
f 2660/2660 2661/2661 2725/2725
f 2660/2660 2725/2725 2724/2724
f 2661/2661 2662/2662 2726/2726
f 2661/2661 2726/2726 2725/2725
f 2662/2662 2663/2663 2727/2727
f 2662/2662 2727/2727 2726/2726
f 2663/2663 2664/2664 2728/2728
f 2663/2663 2728/2728 2727/2727
f 2664/2664 2665/2665 2729/2729
f 2664/2664 2729/2729 2728/2728
f 2665/2665 2666/2666 2730/2730
f 2665/2665 2730/2730 2729/2729
f 2666/2666 2667/2667 2731/2731
f 2666/2666 2731/2731 2730/2730
f 2667/2667 2668/2668 2732/2732
f 2667/2667 2732/2732 2731/2731
f 2668/2668 2669/2669 2733/2733
f 2668/2668 2733/2733 2732/2732
f 2669/2669 2670/2670 2734/2734
f 2669/2669 2734/2734 2733/2733
f 2670/2670 2671/2671 2735/2735
f 2670/2670 2735/2735 2734/2734
f 2671/2671 2672/2672 2736/2736
f 2671/2671 2736/2736 2735/2735
f 2672/2672 2673/2673 2737/2737
f 2672/2672 2737/2737 2736/2736
f 2673/2673 2674/2674 2738/2738
f 2673/2673 2738/2738 2737/2737
f 2674/2674 2675/2675 2739/2739
f 2674/2674 2739/2739 2738/2738
f 2675/2675 2676/2676 2740/2740
f 2675/2675 2740/2740 2739/2739
f 2676/2676 2677/2677 2741/2741
f 2676/2676 2741/2741 2740/2740
f 2677/2677 2678/2678 2742/2742
f 2677/2677 2742/2742 2741/2741
f 2678/2678 2679/2679 2743/2743
f 2678/2678 2743/2743 2742/2742
f 2679/2679 2680/2680 2744/2744
f 2679/2679 2744/2744 2743/2743
f 2680/2680 2681/2681 2745/2745
f 2680/2680 2745/2745 2744/2744
f 2681/2681 2682/2682 2746/2746
f 2681/2681 2746/2746 2745/2745
f 2682/2682 2683/2683 2747/2747
f 2682/2682 2747/2747 2746/2746
f 2683/2683 2684/2684 2748/2748
f 2683/2683 2748/2748 2747/2747
f 2684/2684 2685/2685 2749/2749
f 2684/2684 2749/2749 2748/2748
f 2685/2685 2686/2686 2750/2750
f 2685/2685 2750/2750 2749/2749
f 2686/2686 2687/2687 2751/2751
f 2686/2686 2751/2751 2750/2750
f 2687/2687 2688/2688 2752/2752
f 2687/2687 2752/2752 2751/2751
f 2689/2689 2690/2690 2754/2754
f 2689/2689 2754/2754 2753/2753
f 2690/2690 2691/2691 2755/2755
f 2690/2690 2755/2755 2754/2754
f 2691/2691 2692/2692 2756/2756
f 2691/2691 2756/2756 2755/2755
f 2692/2692 2693/2693 2757/2757
f 2692/2692 2757/2757 2756/2756
f 2693/2693 2694/2694 2758/2758
f 2693/2693 2758/2758 2757/2757
f 2694/2694 2695/2695 2759/2759
f 2694/2694 2759/2759 2758/2758
f 2695/2695 2696/2696 2760/2760
f 2695/2695 2760/2760 2759/2759
f 2696/2696 2697/2697 2761/2761
f 2696/2696 2761/2761 2760/2760
f 2697/2697 2698/2698 2762/2762
f 2697/2697 2762/2762 2761/2761
f 2698/2698 2699/2699 2763/2763
f 2698/2698 2763/2763 2762/2762
f 2699/2699 2700/2700 2764/2764
f 2699/2699 2764/2764 2763/2763
f 2700/2700 2701/2701 2765/2765
f 2700/2700 2765/2765 2764/2764
f 2701/2701 2702/2702 2766/2766
f 2701/2701 2766/2766 2765/2765
f 2702/2702 2703/2703 2767/2767
f 2702/2702 2767/2767 2766/2766
f 2703/2703 2704/2704 2768/2768
f 2703/2703 2768/2768 2767/2767
f 2704/2704 2705/2705 2769/2769
f 2704/2704 2769/2769 2768/2768
f 2705/2705 2706/2706 2770/2770
f 2705/2705 2770/2770 2769/2769
f 2706/2706 2707/2707 2771/2771
f 2706/2706 2771/2771 2770/2770
f 2707/2707 2708/2708 2772/2772
f 2707/2707 2772/2772 2771/2771
f 2708/2708 2709/2709 2773/2773
f 2708/2708 2773/2773 2772/2772
f 2709/2709 2710/2710 2774/2774
f 2709/2709 2774/2774 2773/2773
f 2710/2710 2711/2711 2775/2775
f 2710/2710 2775/2775 2774/2774
f 2711/2711 2712/2712 2776/2776
f 2711/2711 2776/2776 2775/2775
f 2712/2712 2713/2713 2777/2777
f 2712/2712 2777/2777 2776/2776
f 2713/2713 2714/2714 2778/2778
f 2713/2713 2778/2778 2777/2777
f 2714/2714 2715/2715 2779/2779
f 2714/2714 2779/2779 2778/2778
f 2715/2715 2716/2716 2780/2780
f 2715/2715 2780/2780 2779/2779
f 2716/2716 2717/2717 2781/2781
f 2716/2716 2781/2781 2780/2780
f 2717/2717 2718/2718 2782/2782
f 2717/2717 2782/2782 2781/2781
f 2718/2718 2719/2719 2783/2783
f 2718/2718 2783/2783 2782/2782
f 2719/2719 2720/2720 2784/2784
f 2719/2719 2784/2784 2783/2783
f 2720/2720 2721/2721 2785/2785
f 2720/2720 2785/2785 2784/2784
f 2721/2721 2722/2722 2786/2786
f 2721/2721 2786/2786 2785/2785
f 2722/2722 2723/2723 2787/2787
f 2722/2722 2787/2787 2786/2786
f 2723/2723 2724/2724 2788/2788
f 2723/2723 2788/2788 2787/2787
f 2724/2724 2725/2725 2789/2789
f 2724/2724 2789/2789 2788/2788
f 2725/2725 2726/2726 2790/2790
f 2725/2725 2790/2790 2789/2789
f 2726/2726 2727/2727 2791/2791
f 2726/2726 2791/2791 2790/2790
f 2727/2727 2728/2728 2792/2792
f 2727/2727 2792/2792 2791/2791
f 2728/2728 2729/2729 2793/2793
f 2728/2728 2793/2793 2792/2792
f 2729/2729 2730/2730 2794/2794
f 2729/2729 2794/2794 2793/2793
f 2730/2730 2731/2731 2795/2795
f 2730/2730 2795/2795 2794/2794
f 2731/2731 2732/2732 2796/2796
f 2731/2731 2796/2796 2795/2795
f 2732/2732 2733/2733 2797/2797
f 2732/2732 2797/2797 2796/2796
f 2733/2733 2734/2734 2798/2798
f 2733/2733 2798/2798 2797/2797
f 2734/2734 2735/2735 2799/2799
f 2734/2734 2799/2799 2798/2798
f 2735/2735 2736/2736 2800/2800
f 2735/2735 2800/2800 2799/2799
f 2736/2736 2737/2737 2801/2801
f 2736/2736 2801/2801 2800/2800
f 2737/2737 2738/2738 2802/2802
f 2737/2737 2802/2802 2801/2801
f 2738/2738 2739/2739 2803/2803
f 2738/2738 2803/2803 2802/2802
f 2739/2739 2740/2740 2804/2804
f 2739/2739 2804/2804 2803/2803
f 2740/2740 2741/2741 2805/2805
f 2740/2740 2805/2805 2804/2804
f 2741/2741 2742/2742 2806/2806
f 2741/2741 2806/2806 2805/2805
f 2742/2742 2743/2743 2807/2807
f 2742/2742 2807/2807 2806/2806
f 2743/2743 2744/2744 2808/2808
f 2743/2743 2808/2808 2807/2807
f 2744/2744 2745/2745 2809/2809
f 2744/2744 2809/2809 2808/2808
f 2745/2745 2746/2746 2810/2810
f 2745/2745 2810/2810 2809/2809
f 2746/2746 2747/2747 2811/2811
f 2746/2746 2811/2811 2810/2810
f 2747/2747 2748/2748 2812/2812
f 2747/2747 2812/2812 2811/2811
f 2748/2748 2749/2749 2813/2813
f 2748/2748 2813/2813 2812/2812
f 2749/2749 2750/2750 2814/2814
f 2749/2749 2814/2814 2813/2813
f 2750/2750 2751/2751 2815/2815
f 2750/2750 2815/2815 2814/2814
f 2751/2751 2752/2752 2816/2816
f 2751/2751 2816/2816 2815/2815
f 2753/2753 2754/2754 2818/2818
f 2753/2753 2818/2818 2817/2817
f 2754/2754 2755/2755 2819/2819
f 2754/2754 2819/2819 2818/2818
f 2755/2755 2756/2756 2820/2820
f 2755/2755 2820/2820 2819/2819
f 2756/2756 2757/2757 2821/2821
f 2756/2756 2821/2821 2820/2820
f 2757/2757 2758/2758 2822/2822
f 2757/2757 2822/2822 2821/2821
f 2758/2758 2759/2759 2823/2823
f 2758/2758 2823/2823 2822/2822
f 2759/2759 2760/2760 2824/2824
f 2759/2759 2824/2824 2823/2823
f 2760/2760 2761/2761 2825/2825
f 2760/2760 2825/2825 2824/2824
f 2761/2761 2762/2762 2826/2826
f 2761/2761 2826/2826 2825/2825
f 2762/2762 2763/2763 2827/2827
f 2762/2762 2827/2827 2826/2826
f 2763/2763 2764/2764 2828/2828
f 2763/2763 2828/2828 2827/2827
f 2764/2764 2765/2765 2829/2829
f 2764/2764 2829/2829 2828/2828
f 2765/2765 2766/2766 2830/2830
f 2765/2765 2830/2830 2829/2829
f 2766/2766 2767/2767 2831/2831
f 2766/2766 2831/2831 2830/2830
f 2767/2767 2768/2768 2832/2832
f 2767/2767 2832/2832 2831/2831
f 2768/2768 2769/2769 2833/2833
f 2768/2768 2833/2833 2832/2832
f 2769/2769 2770/2770 2834/2834
f 2769/2769 2834/2834 2833/2833
f 2770/2770 2771/2771 2835/2835
f 2770/2770 2835/2835 2834/2834
f 2771/2771 2772/2772 2836/2836
f 2771/2771 2836/2836 2835/2835
f 2772/2772 2773/2773 2837/2837
f 2772/2772 2837/2837 2836/2836
f 2773/2773 2774/2774 2838/2838
f 2773/2773 2838/2838 2837/2837
f 2774/2774 2775/2775 2839/2839
f 2774/2774 2839/2839 2838/2838
f 2775/2775 2776/2776 2840/2840
f 2775/2775 2840/2840 2839/2839
f 2776/2776 2777/2777 2841/2841
f 2776/2776 2841/2841 2840/2840
f 2777/2777 2778/2778 2842/2842
f 2777/2777 2842/2842 2841/2841
f 2778/2778 2779/2779 2843/2843
f 2778/2778 2843/2843 2842/2842
f 2779/2779 2780/2780 2844/2844
f 2779/2779 2844/2844 2843/2843
f 2780/2780 2781/2781 2845/2845
f 2780/2780 2845/2845 2844/2844
f 2781/2781 2782/2782 2846/2846
f 2781/2781 2846/2846 2845/2845
f 2782/2782 2783/2783 2847/2847
f 2782/2782 2847/2847 2846/2846
f 2783/2783 2784/2784 2848/2848
f 2783/2783 2848/2848 2847/2847
f 2784/2784 2785/2785 2849/2849
f 2784/2784 2849/2849 2848/2848
f 2785/2785 2786/2786 2850/2850
f 2785/2785 2850/2850 2849/2849
f 2786/2786 2787/2787 2851/2851
f 2786/2786 2851/2851 2850/2850
f 2787/2787 2788/2788 2852/2852
f 2787/2787 2852/2852 2851/2851
f 2788/2788 2789/2789 2853/2853
f 2788/2788 2853/2853 2852/2852
f 2789/2789 2790/2790 2854/2854
f 2789/2789 2854/2854 2853/2853
f 2790/2790 2791/2791 2855/2855
f 2790/2790 2855/2855 2854/2854
f 2791/2791 2792/2792 2856/2856
f 2791/2791 2856/2856 2855/2855
f 2792/2792 2793/2793 2857/2857
f 2792/2792 2857/2857 2856/2856
f 2793/2793 2794/2794 2858/2858
f 2793/2793 2858/2858 2857/2857
f 2794/2794 2795/2795 2859/2859
f 2794/2794 2859/2859 2858/2858
f 2795/2795 2796/2796 2860/2860
f 2795/2795 2860/2860 2859/2859
f 2796/2796 2797/2797 2861/2861
f 2796/2796 2861/2861 2860/2860
f 2797/2797 2798/2798 2862/2862
f 2797/2797 2862/2862 2861/2861
f 2798/2798 2799/2799 2863/2863
f 2798/2798 2863/2863 2862/2862
f 2799/2799 2800/2800 2864/2864
f 2799/2799 2864/2864 2863/2863
f 2800/2800 2801/2801 2865/2865
f 2800/2800 2865/2865 2864/2864
f 2801/2801 2802/2802 2866/2866
f 2801/2801 2866/2866 2865/2865
f 2802/2802 2803/2803 2867/2867
f 2802/2802 2867/2867 2866/2866
f 2803/2803 2804/2804 2868/2868
f 2803/2803 2868/2868 2867/2867
f 2804/2804 2805/2805 2869/2869
f 2804/2804 2869/2869 2868/2868
f 2805/2805 2806/2806 2870/2870
f 2805/2805 2870/2870 2869/2869
f 2806/2806 2807/2807 2871/2871
f 2806/2806 2871/2871 2870/2870
f 2807/2807 2808/2808 2872/2872
f 2807/2807 2872/2872 2871/2871
f 2808/2808 2809/2809 2873/2873
f 2808/2808 2873/2873 2872/2872
f 2809/2809 2810/2810 2874/2874
f 2809/2809 2874/2874 2873/2873
f 2810/2810 2811/2811 2875/2875
f 2810/2810 2875/2875 2874/2874
f 2811/2811 2812/2812 2876/2876
f 2811/2811 2876/2876 2875/2875
f 2812/2812 2813/2813 2877/2877
f 2812/2812 2877/2877 2876/2876
f 2813/2813 2814/2814 2878/2878
f 2813/2813 2878/2878 2877/2877
f 2814/2814 2815/2815 2879/2879
f 2814/2814 2879/2879 2878/2878
f 2815/2815 2816/2816 2880/2880
f 2815/2815 2880/2880 2879/2879
f 2817/2817 2818/2818 2882/2882
f 2817/2817 2882/2882 2881/2881
f 2818/2818 2819/2819 2883/2883
f 2818/2818 2883/2883 2882/2882
f 2819/2819 2820/2820 2884/2884
f 2819/2819 2884/2884 2883/2883
f 2820/2820 2821/2821 2885/2885
f 2820/2820 2885/2885 2884/2884
f 2821/2821 2822/2822 2886/2886
f 2821/2821 2886/2886 2885/2885
f 2822/2822 2823/2823 2887/2887
f 2822/2822 2887/2887 2886/2886
f 2823/2823 2824/2824 2888/2888
f 2823/2823 2888/2888 2887/2887
f 2824/2824 2825/2825 2889/2889
f 2824/2824 2889/2889 2888/2888
f 2825/2825 2826/2826 2890/2890
f 2825/2825 2890/2890 2889/2889
f 2826/2826 2827/2827 2891/2891
f 2826/2826 2891/2891 2890/2890
f 2827/2827 2828/2828 2892/2892
f 2827/2827 2892/2892 2891/2891
f 2828/2828 2829/2829 2893/2893
f 2828/2828 2893/2893 2892/2892
f 2829/2829 2830/2830 2894/2894
f 2829/2829 2894/2894 2893/2893
f 2830/2830 2831/2831 2895/2895
f 2830/2830 2895/2895 2894/2894
f 2831/2831 2832/2832 2896/2896
f 2831/2831 2896/2896 2895/2895
f 2832/2832 2833/2833 2897/2897
f 2832/2832 2897/2897 2896/2896
f 2833/2833 2834/2834 2898/2898
f 2833/2833 2898/2898 2897/2897
f 2834/2834 2835/2835 2899/2899
f 2834/2834 2899/2899 2898/2898
f 2835/2835 2836/2836 2900/2900
f 2835/2835 2900/2900 2899/2899
f 2836/2836 2837/2837 2901/2901
f 2836/2836 2901/2901 2900/2900
f 2837/2837 2838/2838 2902/2902
f 2837/2837 2902/2902 2901/2901
f 2838/2838 2839/2839 2903/2903
f 2838/2838 2903/2903 2902/2902
f 2839/2839 2840/2840 2904/2904
f 2839/2839 2904/2904 2903/2903
f 2840/2840 2841/2841 2905/2905
f 2840/2840 2905/2905 2904/2904
f 2841/2841 2842/2842 2906/2906
f 2841/2841 2906/2906 2905/2905
f 2842/2842 2843/2843 2907/2907
f 2842/2842 2907/2907 2906/2906
f 2843/2843 2844/2844 2908/2908
f 2843/2843 2908/2908 2907/2907
f 2844/2844 2845/2845 2909/2909
f 2844/2844 2909/2909 2908/2908
f 2845/2845 2846/2846 2910/2910
f 2845/2845 2910/2910 2909/2909
f 2846/2846 2847/2847 2911/2911
f 2846/2846 2911/2911 2910/2910
f 2847/2847 2848/2848 2912/2912
f 2847/2847 2912/2912 2911/2911
f 2848/2848 2849/2849 2913/2913
f 2848/2848 2913/2913 2912/2912
f 2849/2849 2850/2850 2914/2914
f 2849/2849 2914/2914 2913/2913
f 2850/2850 2851/2851 2915/2915
f 2850/2850 2915/2915 2914/2914
f 2851/2851 2852/2852 2916/2916
f 2851/2851 2916/2916 2915/2915
f 2852/2852 2853/2853 2917/2917
f 2852/2852 2917/2917 2916/2916
f 2853/2853 2854/2854 2918/2918
f 2853/2853 2918/2918 2917/2917
f 2854/2854 2855/2855 2919/2919
f 2854/2854 2919/2919 2918/2918
f 2855/2855 2856/2856 2920/2920
f 2855/2855 2920/2920 2919/2919
f 2856/2856 2857/2857 2921/2921
f 2856/2856 2921/2921 2920/2920
f 2857/2857 2858/2858 2922/2922
f 2857/2857 2922/2922 2921/2921
f 2858/2858 2859/2859 2923/2923
f 2858/2858 2923/2923 2922/2922
f 2859/2859 2860/2860 2924/2924
f 2859/2859 2924/2924 2923/2923
f 2860/2860 2861/2861 2925/2925
f 2860/2860 2925/2925 2924/2924
f 2861/2861 2862/2862 2926/2926
f 2861/2861 2926/2926 2925/2925
f 2862/2862 2863/2863 2927/2927
f 2862/2862 2927/2927 2926/2926
f 2863/2863 2864/2864 2928/2928
f 2863/2863 2928/2928 2927/2927
f 2864/2864 2865/2865 2929/2929
f 2864/2864 2929/2929 2928/2928
f 2865/2865 2866/2866 2930/2930
f 2865/2865 2930/2930 2929/2929
f 2866/2866 2867/2867 2931/2931
f 2866/2866 2931/2931 2930/2930
f 2867/2867 2868/2868 2932/2932
f 2867/2867 2932/2932 2931/2931
f 2868/2868 2869/2869 2933/2933
f 2868/2868 2933/2933 2932/2932
f 2869/2869 2870/2870 2934/2934
f 2869/2869 2934/2934 2933/2933
f 2870/2870 2871/2871 2935/2935
f 2870/2870 2935/2935 2934/2934
f 2871/2871 2872/2872 2936/2936
f 2871/2871 2936/2936 2935/2935
f 2872/2872 2873/2873 2937/2937
f 2872/2872 2937/2937 2936/2936
f 2873/2873 2874/2874 2938/2938
f 2873/2873 2938/2938 2937/2937
f 2874/2874 2875/2875 2939/2939
f 2874/2874 2939/2939 2938/2938
f 2875/2875 2876/2876 2940/2940
f 2875/2875 2940/2940 2939/2939
f 2876/2876 2877/2877 2941/2941
f 2876/2876 2941/2941 2940/2940
f 2877/2877 2878/2878 2942/2942
f 2877/2877 2942/2942 2941/2941
f 2878/2878 2879/2879 2943/2943
f 2878/2878 2943/2943 2942/2942
f 2879/2879 2880/2880 2944/2944
f 2879/2879 2944/2944 2943/2943
f 2881/2881 2882/2882 2946/2946
f 2881/2881 2946/2946 2945/2945
f 2882/2882 2883/2883 2947/2947
f 2882/2882 2947/2947 2946/2946
f 2883/2883 2884/2884 2948/2948
f 2883/2883 2948/2948 2947/2947
f 2884/2884 2885/2885 2949/2949
f 2884/2884 2949/2949 2948/2948
f 2885/2885 2886/2886 2950/2950
f 2885/2885 2950/2950 2949/2949
f 2886/2886 2887/2887 2951/2951
f 2886/2886 2951/2951 2950/2950
f 2887/2887 2888/2888 2952/2952
f 2887/2887 2952/2952 2951/2951
f 2888/2888 2889/2889 2953/2953
f 2888/2888 2953/2953 2952/2952
f 2889/2889 2890/2890 2954/2954
f 2889/2889 2954/2954 2953/2953
f 2890/2890 2891/2891 2955/2955
f 2890/2890 2955/2955 2954/2954
f 2891/2891 2892/2892 2956/2956
f 2891/2891 2956/2956 2955/2955
f 2892/2892 2893/2893 2957/2957
f 2892/2892 2957/2957 2956/2956
f 2893/2893 2894/2894 2958/2958
f 2893/2893 2958/2958 2957/2957
f 2894/2894 2895/2895 2959/2959
f 2894/2894 2959/2959 2958/2958
f 2895/2895 2896/2896 2960/2960
f 2895/2895 2960/2960 2959/2959
f 2896/2896 2897/2897 2961/2961
f 2896/2896 2961/2961 2960/2960
f 2897/2897 2898/2898 2962/2962
f 2897/2897 2962/2962 2961/2961
f 2898/2898 2899/2899 2963/2963
f 2898/2898 2963/2963 2962/2962
f 2899/2899 2900/2900 2964/2964
f 2899/2899 2964/2964 2963/2963
f 2900/2900 2901/2901 2965/2965
f 2900/2900 2965/2965 2964/2964
f 2901/2901 2902/2902 2966/2966
f 2901/2901 2966/2966 2965/2965
f 2902/2902 2903/2903 2967/2967
f 2902/2902 2967/2967 2966/2966
f 2903/2903 2904/2904 2968/2968
f 2903/2903 2968/2968 2967/2967
f 2904/2904 2905/2905 2969/2969
f 2904/2904 2969/2969 2968/2968
f 2905/2905 2906/2906 2970/2970
f 2905/2905 2970/2970 2969/2969
f 2906/2906 2907/2907 2971/2971
f 2906/2906 2971/2971 2970/2970
f 2907/2907 2908/2908 2972/2972
f 2907/2907 2972/2972 2971/2971
f 2908/2908 2909/2909 2973/2973
f 2908/2908 2973/2973 2972/2972
f 2909/2909 2910/2910 2974/2974
f 2909/2909 2974/2974 2973/2973
f 2910/2910 2911/2911 2975/2975
f 2910/2910 2975/2975 2974/2974
f 2911/2911 2912/2912 2976/2976
f 2911/2911 2976/2976 2975/2975
f 2912/2912 2913/2913 2977/2977
f 2912/2912 2977/2977 2976/2976
f 2913/2913 2914/2914 2978/2978
f 2913/2913 2978/2978 2977/2977
f 2914/2914 2915/2915 2979/2979
f 2914/2914 2979/2979 2978/2978
f 2915/2915 2916/2916 2980/2980
f 2915/2915 2980/2980 2979/2979
f 2916/2916 2917/2917 2981/2981
f 2916/2916 2981/2981 2980/2980
f 2917/2917 2918/2918 2982/2982
f 2917/2917 2982/2982 2981/2981
f 2918/2918 2919/2919 2983/2983
f 2918/2918 2983/2983 2982/2982
f 2919/2919 2920/2920 2984/2984
f 2919/2919 2984/2984 2983/2983
f 2920/2920 2921/2921 2985/2985
f 2920/2920 2985/2985 2984/2984
f 2921/2921 2922/2922 2986/2986
f 2921/2921 2986/2986 2985/2985
f 2922/2922 2923/2923 2987/2987
f 2922/2922 2987/2987 2986/2986
f 2923/2923 2924/2924 2988/2988
f 2923/2923 2988/2988 2987/2987
f 2924/2924 2925/2925 2989/2989
f 2924/2924 2989/2989 2988/2988
f 2925/2925 2926/2926 2990/2990
f 2925/2925 2990/2990 2989/2989
f 2926/2926 2927/2927 2991/2991
f 2926/2926 2991/2991 2990/2990
f 2927/2927 2928/2928 2992/2992
f 2927/2927 2992/2992 2991/2991
f 2928/2928 2929/2929 2993/2993
f 2928/2928 2993/2993 2992/2992
f 2929/2929 2930/2930 2994/2994
f 2929/2929 2994/2994 2993/2993
f 2930/2930 2931/2931 2995/2995
f 2930/2930 2995/2995 2994/2994
f 2931/2931 2932/2932 2996/2996
f 2931/2931 2996/2996 2995/2995
f 2932/2932 2933/2933 2997/2997
f 2932/2932 2997/2997 2996/2996
f 2933/2933 2934/2934 2998/2998
f 2933/2933 2998/2998 2997/2997
f 2934/2934 2935/2935 2999/2999
f 2934/2934 2999/2999 2998/2998
f 2935/2935 2936/2936 3000/3000
f 2935/2935 3000/3000 2999/2999
f 2936/2936 2937/2937 3001/3001
f 2936/2936 3001/3001 3000/3000
f 2937/2937 2938/2938 3002/3002
f 2937/2937 3002/3002 3001/3001
f 2938/2938 2939/2939 3003/3003
f 2938/2938 3003/3003 3002/3002
f 2939/2939 2940/2940 3004/3004
f 2939/2939 3004/3004 3003/3003
f 2940/2940 2941/2941 3005/3005
f 2940/2940 3005/3005 3004/3004
f 2941/2941 2942/2942 3006/3006
f 2941/2941 3006/3006 3005/3005
f 2942/2942 2943/2943 3007/3007
f 2942/2942 3007/3007 3006/3006
f 2943/2943 2944/2944 3008/3008
f 2943/2943 3008/3008 3007/3007
f 2945/2945 2946/2946 3010/3010
f 2945/2945 3010/3010 3009/3009
f 2946/2946 2947/2947 3011/3011
f 2946/2946 3011/3011 3010/3010
f 2947/2947 2948/2948 3012/3012
f 2947/2947 3012/3012 3011/3011
f 2948/2948 2949/2949 3013/3013
f 2948/2948 3013/3013 3012/3012
f 2949/2949 2950/2950 3014/3014
f 2949/2949 3014/3014 3013/3013
f 2950/2950 2951/2951 3015/3015
f 2950/2950 3015/3015 3014/3014
f 2951/2951 2952/2952 3016/3016
f 2951/2951 3016/3016 3015/3015
f 2952/2952 2953/2953 3017/3017
f 2952/2952 3017/3017 3016/3016
f 2953/2953 2954/2954 3018/3018
f 2953/2953 3018/3018 3017/3017
f 2954/2954 2955/2955 3019/3019
f 2954/2954 3019/3019 3018/3018
f 2955/2955 2956/2956 3020/3020
f 2955/2955 3020/3020 3019/3019
f 2956/2956 2957/2957 3021/3021
f 2956/2956 3021/3021 3020/3020
f 2957/2957 2958/2958 3022/3022
f 2957/2957 3022/3022 3021/3021
f 2958/2958 2959/2959 3023/3023
f 2958/2958 3023/3023 3022/3022
f 2959/2959 2960/2960 3024/3024
f 2959/2959 3024/3024 3023/3023
f 2960/2960 2961/2961 3025/3025
f 2960/2960 3025/3025 3024/3024
f 2961/2961 2962/2962 3026/3026
f 2961/2961 3026/3026 3025/3025
f 2962/2962 2963/2963 3027/3027
f 2962/2962 3027/3027 3026/3026
f 2963/2963 2964/2964 3028/3028
f 2963/2963 3028/3028 3027/3027
f 2964/2964 2965/2965 3029/3029
f 2964/2964 3029/3029 3028/3028
f 2965/2965 2966/2966 3030/3030
f 2965/2965 3030/3030 3029/3029
f 2966/2966 2967/2967 3031/3031
f 2966/2966 3031/3031 3030/3030
f 2967/2967 2968/2968 3032/3032
f 2967/2967 3032/3032 3031/3031
f 2968/2968 2969/2969 3033/3033
f 2968/2968 3033/3033 3032/3032
f 2969/2969 2970/2970 3034/3034
f 2969/2969 3034/3034 3033/3033
f 2970/2970 2971/2971 3035/3035
f 2970/2970 3035/3035 3034/3034
f 2971/2971 2972/2972 3036/3036
f 2971/2971 3036/3036 3035/3035
f 2972/2972 2973/2973 3037/3037
f 2972/2972 3037/3037 3036/3036
f 2973/2973 2974/2974 3038/3038
f 2973/2973 3038/3038 3037/3037
f 2974/2974 2975/2975 3039/3039
f 2974/2974 3039/3039 3038/3038
f 2975/2975 2976/2976 3040/3040
f 2975/2975 3040/3040 3039/3039
f 2976/2976 2977/2977 3041/3041
f 2976/2976 3041/3041 3040/3040
f 2977/2977 2978/2978 3042/3042
f 2977/2977 3042/3042 3041/3041
f 2978/2978 2979/2979 3043/3043
f 2978/2978 3043/3043 3042/3042
f 2979/2979 2980/2980 3044/3044
f 2979/2979 3044/3044 3043/3043
f 2980/2980 2981/2981 3045/3045
f 2980/2980 3045/3045 3044/3044
f 2981/2981 2982/2982 3046/3046
f 2981/2981 3046/3046 3045/3045
f 2982/2982 2983/2983 3047/3047
f 2982/2982 3047/3047 3046/3046
f 2983/2983 2984/2984 3048/3048
f 2983/2983 3048/3048 3047/3047
f 2984/2984 2985/2985 3049/3049
f 2984/2984 3049/3049 3048/3048
f 2985/2985 2986/2986 3050/3050
f 2985/2985 3050/3050 3049/3049
f 2986/2986 2987/2987 3051/3051
f 2986/2986 3051/3051 3050/3050
f 2987/2987 2988/2988 3052/3052
f 2987/2987 3052/3052 3051/3051
f 2988/2988 2989/2989 3053/3053
f 2988/2988 3053/3053 3052/3052
f 2989/2989 2990/2990 3054/3054
f 2989/2989 3054/3054 3053/3053
f 2990/2990 2991/2991 3055/3055
f 2990/2990 3055/3055 3054/3054
f 2991/2991 2992/2992 3056/3056
f 2991/2991 3056/3056 3055/3055
f 2992/2992 2993/2993 3057/3057
f 2992/2992 3057/3057 3056/3056
f 2993/2993 2994/2994 3058/3058
f 2993/2993 3058/3058 3057/3057
f 2994/2994 2995/2995 3059/3059
f 2994/2994 3059/3059 3058/3058
f 2995/2995 2996/2996 3060/3060
f 2995/2995 3060/3060 3059/3059
f 2996/2996 2997/2997 3061/3061
f 2996/2996 3061/3061 3060/3060
f 2997/2997 2998/2998 3062/3062
f 2997/2997 3062/3062 3061/3061
f 2998/2998 2999/2999 3063/3063
f 2998/2998 3063/3063 3062/3062
f 2999/2999 3000/3000 3064/3064
f 2999/2999 3064/3064 3063/3063
f 3000/3000 3001/3001 3065/3065
f 3000/3000 3065/3065 3064/3064
f 3001/3001 3002/3002 3066/3066
f 3001/3001 3066/3066 3065/3065
f 3002/3002 3003/3003 3067/3067
f 3002/3002 3067/3067 3066/3066
f 3003/3003 3004/3004 3068/3068
f 3003/3003 3068/3068 3067/3067
f 3004/3004 3005/3005 3069/3069
f 3004/3004 3069/3069 3068/3068
f 3005/3005 3006/3006 3070/3070
f 3005/3005 3070/3070 3069/3069
f 3006/3006 3007/3007 3071/3071
f 3006/3006 3071/3071 3070/3070
f 3007/3007 3008/3008 3072/3072
f 3007/3007 3072/3072 3071/3071
